编号,CoT
130101,"文章能够围绕中心来选择和组织材料(C04)，选取的内容也较为具体充分(C02)，尤其是在外形描写上，能够做到有主次有顺序地观察(E12)，段落内部的句子也能围绕段落中心句展开(S07)，使得全篇语句通顺且意思完整(E01)，并能使用一些恰当生动的词句(E02)。然而，文章在结构和深度上存在明显不足。首先，文章未能写出恰当的开头(S11)，段落之间也缺乏必要的过渡词句(S03)，导致前后内容交代不够清晰(S02)，段与段之间的关系不够紧密(S08)。其次，虽然能多角度思考主题(C06)，但对文章重点部分的详写处理不足(S09)，也未能略写过渡性材料(S10)，这使得文章在思想的独特性与原创性上表现较弱(C05)。最后，在语言表现上，对人物和事件细节的关注有待加强(E11)，综合运用多种修辞手法(E05)、表达方式(E06)和表现手法(E07)的能力也需要提升。"
130102,"文章选取了喂食、睡觉等具体的生活片段来表现“我的伙伴”——两只小猫，材料选取较为具体且充实(C02)，能够围绕“伙伴”这一中心进行选材和组织(C04)。虽然写宠物是常见题材，但能从外貌、习性等多角度思考并选用材料(C06)，体现了一定的独特性(C05)。在结构上，文章前后内容交代清楚(S02)，段落之间能使用基本的过渡词句进行粘合(S03)，各段落与主旨(S06)、各句子与段落中心(S07)联系较为紧密，段际关系处理得当(S08)。对于重点部分如小猫吃食的过程进行了详写(S09)，过渡性材料略写处理尚可(S10)。开头采用了外貌描写引入(S11)，结尾简洁利落但略显仓促(S12)。语言方面，全篇语句通顺，意思表达完整(E01)，但在词句的生动优美方面还有提升空间，例如将猫毛误写为“羽毛”(E02)。修辞手法运用较少(E05)，表达方式(E06)和表现手法(E07)较为单一。作者关注到了小猫“死死盯着”、“按着食物”等细节(E11)，观察体现了一定的主次顺序(E12)。"
130104,"本文在选材上表现突出，能够选取具体且充分的材料来描绘螳螂(C02)，这些材料基本能够围绕文章中心展开(C04)，使得各段落与主旨的联系较为紧密(S06)，段落间的推进关系也比较清晰(S08)。文章对螳螂外形和捕食过程的描写关注到了一定细节(E11)，但观察的顺序和主次安排还可以更有条理(E12)。内容上，文章能够结合书本知识与个人经历，尝试从不同角度展现主题(C06)，结尾也表达了反思，但思想的独创性与深刻性有待加强(C05)。开篇与结尾的写法较为常规，未能制造更多亮点(S11，S12)。同时，虽然文章有详有略的意识(S09，S10)，但段落内部的句子组织有时略显松散(S07)。文章在结构衔接和语言表达方面存在明显不足，段落之间缺少必要的过渡词句，使得内容转换略显生硬(S03)，前后内容的交代也不够清晰流畅(S02)。语言方面，部分语句不够通顺，存在表达不完整或搭配不当的问题，影响了文意表达的准确性(E01)。尽管运用了记叙和描写等表达方式(E06)，也出现了一些恰当的词语(E02)，但修辞手法单一(E05)，表现手法也缺乏变化(E07)，使得文章的文学色彩不浓。"
130106,"该生作文《小仓鼠》是一篇充满童趣的状物记叙文。在内容选材方面，文章选取了仓鼠的外貌特征、玩耍互动、进食习惯以及繁殖经历等丰富素材，材料具体且充实(C02)，并且这些材料都能较好地围绕“可爱的小仓鼠”这一中心进行组织(C04)。作者观察细致，能够有主次、有顺序地对仓鼠进行观察描写(E12)，特别是对仓鼠吃瓜子时“啃、留仁、吐壳”的一系列动作描写得颇为传神，关注到了生活细节(E11)，同时详写了玩耍和进食这两个重点部分(S09)，使得小动物的形象跃然纸上。不过，文章在立意上较为常规，缺乏独特的视角或深刻的情感体悟(C05)，多角度思考和选材的结合度还有提升空间(C06)，对过渡性材料的处理也略显生硬(S10)。在结构安排上，文章开头直接入题描写外貌，简洁恰当(S11)，结尾直抒胸臆表达喜爱之情，虽略显直白但算得上简洁利落(S12)。各段落内容基本能紧密围绕主旨展开(S06)，段落内部的句子与中心句关联度尚可(S07)，前后内容的交代也比较清楚(S02)。但在段落之间的衔接上，特别是从玩耍到繁殖、再到性情变化的转折，缺乏有效的过渡词句进行粘合(S03)，导致段与段之间的紧密度稍显不足(S08)。在语言表达上，全文语句通顺，意思完整(E01)，使用了如“透亮”、“钻来钻去”等恰当且生动的词句(E02)。虽然综合运用多种修辞手法(E05)、表达方式(E06)以及表现手法(E07)的能力表现一般，主要依赖直白的记叙和描写，但整体语言风格自然朴实，符合学生年龄特点。"
130107,"作文围绕“小兔子”这一中心展开，能够选取种类、习性、外貌及个人经历等具体材料进行写作(C02)(C04)，但在内容的独特性和思想深度上略显不足，缺乏新颖的见解(C05)。学生尝试从多个角度介绍兔子，如耳朵的动态、毛发的触感及眼睛颜色的成因(C06)，并且特别关注到了抚摸时兔子耳朵贴紧身子以及眼睛颜色成因等细节，观察较为细致(E11)。文章语句通顺流畅，意思表达完整(E01)，能够综合运用记叙和说明的表达方式(E06)，但在修辞手法和表现手法的运用上较为单一(E05)(E07)。从结构上看，各段落及句子均能紧扣主旨和段意(S06)(S07)，开头直接切入主题(S11)，结尾以科普知识收束，虽简洁但略显突然(S12)。文章的主要问题在于段落之间的逻辑联系不够紧密，缺乏必要的过渡词句来粘合相邻段落(S02)(S03)(S08)，导致前后内容衔接略显生硬，详略安排和主次顺序也有待进一步优化(S09)(S10)(E12)。词句表达较为朴实，生动优美程度尚可(E02)。"
130108,"文章选取了猫咪嘟嘟的外貌特征及其捉老鼠的趣事作为主要内容，材料具体且充分(C02)，这些材料均能紧密围绕“可爱的猫咪”这一中心进行组织与展开(C04)。在结构布局上，作者能够详写猫咪捉老鼠时的全神贯注与动作敏捷，突出了文章重点(S09)，对于过渡性的材料则处理得较为简洁(S10)。各段落内容与文章主旨联系紧密(S06)，段落之间的逻辑关系也较为紧凑(S08)，过渡词句的运用使得段落衔接自然(S03)。结尾处直抒胸臆，简洁利落(S12)。作者观察细致，捕捉到了猫咪像弹珠一样的眼睛等细节(E11)，且描写时有主次、有顺序(E12)。整篇文章语句通顺，意思表达完整(E01)。然而，文章在内容的独特性和思想深度上略显不足(C05)，思考角度相对单一，仅局限于常规的外貌与习性描写(C06)。开头较为平淡，吸引力不够(S11)，部分前后内容的交代稍显模糊(S02)，段落内部各句子与中心句的紧密度也有待提升(S07)。语言表达方面，虽然词句基本恰当(E02)，但修辞手法运用较少(E05)，表达方式(E06)和表现手法(E07)也略显单一，若能综合运用多种手法，文章将更具感染力。"
130109,"文章展现了较为细致的观察力，能够有主次有顺序地描摹小狗的外形特征与生活习性(E12)，并关注到了毛色分布、玩耍动态等具体细节(E11)。全文能够围绕“小狗团团”这一中心组织材料(C04)，各个段落也都能和文章主旨紧密关联(S06)，使得文章在内容选择和结构组织上具备了较好的基础，基础的语句表达也通顺完整(E01)。在此基础上，文章能够从外貌和习性等不同角度来表现主题(C06)，选取了较为具体充分的材料(C02)，并对小狗玩玩具的场景进行了详写(S09)，段落内部的句子之间(S07)以及段落与段落之间也具备了一定的关联性(S08)，并使用了一些过渡词句(S03)。然而，文章在内容的衔接交代上还不够清晰(S02)，且未能有效略写过渡性材料(S10)。更主要的问题在于表达的深化与提炼，文章的开头较为平淡，结尾则过于口语化和随意(S11，S12)，语言的锤炼不足，词句不够生动优美(E02)，修辞手法(E05)与表现手法(E07)的运用比较单一，导致文章整体的表达方式略显单调(E06)，未能展现出独特的思考，思想深刻性不足(C05)。"
130110,"文章选取了蜥蜴的外貌、习性及互动等具体材料，内容充实(C02)，紧紧围绕“我最喜欢的宠物”这一中心展开(C04)，并能从静态外貌、动态习性及心理活动等多角度表现主题(C06)，结尾提出的放生想法体现了一定的思想深度(C05)。开头直截了当引出描写对象，十分恰当(S11)，观察描写时遵循了从头到尾、由静到动的顺序，条理清晰(E12)。重点详写了蜥蜴的外貌特征和攀爬动作(S09)，各段落紧扣主旨(S06)，前后内容交代清楚(S02)，过渡词句使用较为得当(S03)。但结尾情感转折稍显突兀，过渡性材料的略写处理略显生硬(S10)，结尾虽然简洁但稍显仓促(S12)，段内句子的紧密度和段落间的紧密联系仍有提升空间(S07)(S08)。语言表达方面，语句通顺流畅(E01)，词汇运用生动优美，如“小巧玲珑”、“翩翩起舞”等(E02)。文中综合运用了比喻等修辞手法，将蜥蜴的花纹比作礼服和丝带，形象具体(E05)，并结合了描写与记叙等多种表达方式(E06)。在表现手法上，成功运用了动静结合的描写技巧(E07)，对蜥蜴的头部斑点、脚趾等细节关注到位(E11)。"
130111,"文章选取了泰迪狗的外貌特征、穿着打扮以及听从指令的互动行为作为素材，材料具体且较为充分，能够支撑起描写对象(C02)；对于重点部分如外貌细节和互动反应描写得比较详细(S09)。各段落内容基本围绕“可爱的泰迪”这一主旨展开，段落与主旨联系较为紧密(S06)；段落内部，各句子也能较好地围绕段落中心进行铺陈，逻辑关系尚可(S07)；整体段落间的关系也保持了一定的紧密度(S08)。叙述过程中，语句通顺，意思表达完整(E01)；观察描写时体现了一定的顺序，从五官到整体再到动态(E12)。但在选材的独特性上略显不足，思想深度一般，多为常见素材(C05)；思考角度也相对单一，未能挖掘更多层面的特点(C06)。文章开头直接入题(S11)，但结尾较为仓促，仅用一句简单的话结束，略显单薄(S12)。段落之间缺乏有效的过渡词句进行粘合，转换略显生硬(S03)。语言表达上，虽然使用了一些比喻修辞(E05)和叠词(E02)，但整体文采不够生动优美，表现手法和表达方式较为单一(E06)(E07)。"
130112,"文章选取了小狗名字的由来、具体的外貌特征以及“跳上腿”、“咬拖鞋”、“第一次叫”这三个生活片段作为素材，材料具体且较为充分(C02)。所有素材都紧紧围绕“可爱的小狗”这一中心进行组织，没有偏离主题(C04)。但在立意上比较常规，属于典型的状物类习作，思想深度和独特性表现一般(C05)。作者尝试从静态的外貌和动态的生活习性两个角度来表现小狗的可爱，选材较为合适(C06)。在结构上，文章先交代来历，再写外貌，最后写趣事，前后内容交代清楚(S02)。段落之间使用了“有一次”、“还有”等过渡词句，有效地粘合了相邻段落，使文章衔接自然(S03)。各段落的内容都指向“可爱”这一主旨，联系紧密(S06)。段落内部，尤其是外貌描写部分，各句话围绕中心句展开，逻辑通顺(S07)。段与段之间由静到动，层层递进，关系紧密(S08)。文章对小狗的外貌和趣事进行了详写，突出了重点(S09)，而对小狗的来历等背景信息则进行了略写，处理得当(S10)。开头直接点题，交代了小狗的来历和名字由来，非常恰当(S11)。结尾直抒胸臆，表达喜爱之情，简洁利落(S12)。语言方面，全文语句通顺，意思完整，读来朗朗上口(E01)。词句使用较为恰当，如“耷拉”、“泛着黄色”等词语具有一定的生动性(E02)。文中运用了比喻修辞（如“像南瓜一样圆圆的”），但修辞手法的丰富度还有提升空间(E05)。文章综合运用了记叙、描写和抒情等表达方式(E06)。在表现手法上较为单一，主要依靠直观描写(E07)。作者非常关注细节，抓住了小狗的眼睛、耳朵、尾巴以及动作神态进行刻画(E11)。观察细致，外貌描写从整体到局部，叙事也有条理，体现了有主次有顺序的观察习惯(E12)。"
130113,"文章围绕“我家养的热带小鱼”这一主题，选取了圣诞礼物波折、小鱼外观描述、喂食失败经历及感悟等具体材料，内容较为充实(C02)，且材料组织紧扣中心，条理清晰(C04)。作者能从情绪变化、观察描写、经验总结等多角度切入(C06)，但立意稍显常规，思想深度和独特性有待提升(C05)。在结构上，文章开头以未收到礼物的失落设置悬念，引人入胜(S11)，结尾简洁明了地总结了“责任”的感悟(S12)。段落之间使用了“但”、“但是”、“可惜”等过渡词句，衔接自然(S03)，段落关系较为紧密(S08)。然而，文章在详略安排上略显失衡，对于重点部分即“养鱼过程中的细节及教训”描写不够详细(S09)，而开头铺垫部分相对较多(S10)。此外，前后内容的逻辑交代需更严密(S02)，部分段落内容与主旨的紧密度(S06)及句段间的连贯性(S07)仍有优化空间。语言表达方面，全文语句通顺，意思完整清晰(E01)，使用了“五光十色”、“没精打采”等恰当的词语描绘事物(E02)，并运用了排比等修辞手法增强表现力(E05)。不过，文章表达方式较为单一，主要以记叙为主(E06)，表现手法不够丰富(E07)。在细节描写上，虽然关注了心情变化，但对鱼的动态及喂食过程的观察不够细致(E11)，观察的主次和顺序感也有待加强(E12)。"
130114,"文章能够围绕观察弓背蚁筑“新家”这一中心来选择和组织材料(C04)，选取了蚂蚁的外形特征、居住环境和分工合作的筑巢过程作为描写的核心，内容具体充分(C02)，同时能从蚂蚁的个体形态和群体协作等多个角度展开思考和选材(C06)，并将蚂蚁的团结精神与班级集体荣誉联系起来，使文章具备了思想上的独特性与原创性(C05)。结构方面，开篇以设问方式引入观察对象，非常恰当(S11)，结尾则简洁利落地总结并升华主旨，收束有力(S12)，主体段落也都能和文章主旨紧密相连(S06)。文章能够清晰交代观察过程的前后顺序(S02)，并对蚂蚁分工合作的关键部分进行了详写(S09)，对它们初到时的状态则进行了略写(S10)，详略处理得当。然而，文章在段落间的衔接上略有不足，过渡词句的使用不够自然(S03)，影响了段与段之间关系的紧密程度(S08)，更主要的问题在于段落内部，个别句子与段落的中心句联系不够紧密，显得有些松散(S07)。语言层面，全文语句基本通顺，意思表达完整(E01)，能使用如“探测仪”“黑大衣”等比喻，使词句显得较为生动恰当(E02)，体现了对修辞手法的初步运用(E05)。作者对蚂蚁挖泥、运泥、指挥等场景的描写，展现了对事件细节的关注(E11)，但观察的条理性还可以加强，主次和顺序的组织尚有提升空间(E12)。最后，文章在表达方式的综合运用(E06)以及表现手法的多样性(E07)方面表现较为单一。"
130116,"本文在选材与观察方面表现突出，能够围绕“小乌龟”这一中心选取具体充分的材料(C02)，并从外形、习性、互动等多个角度来展现(C06)，使得材料的组织服务于中心思想(C04)。对外形的描写体现出有主次有顺序的观察力(E12)，对乌龟壳颜色、进食动作等细节有一定关注(E11)，且文章开头简洁入题(S11)，全文语句基本通顺(E01)。但在文章的深度与结构衔接上存在不足，立意停留在表面观察，独创性与思想深刻性略显不够(C05)。段落之间以及段落内部的句子缺乏必要的过渡与粘合(S03)，导致前后内容的交代不够清晰(S02)，句间联系有时也不够紧密(S07)，但段落与主旨的关联度(S06)和段落间的逻辑关系尚可(S08)。虽然对重点的详写意识存在，但对“活泼”这一核心特征的刻画仍不够充分(S09)，结尾也显得较为仓促，未能有效升华主旨(S12)。语言表达上，词句的生动性和文采有待提升(E02)，修辞手法(E05)、表达方式(E06)及表现手法(E07)的运用也较为单一。"
130117,"文章开篇简洁，能直接点明描写对象(S11)，结尾也能总结全文并表达情感(S12)，全文围绕小狗“寒寒”这一中心组织材料(C04)，内容具体(C02)，从外貌、性格和品质等多个角度进行了构思(C06)。在结构上，叙事线索清晰，能够交代清楚前后内容(S02)，段落之间关系紧密(S08)，段落与主旨的联系也较好(S06)。观察上能注意主次顺序(E12)，并关注到了一定的细节(E11)。文章的主要问题在于重点不够突出，对于小狗受伤后“坚强”这一核心事件未能进行详细描写(S09)，导致思想的深刻性与原创性不足(C05)，同时对过渡性材料也缺乏略写意识(S10)。语言表达方面，语句基本通顺(E01)，但词句的运用不够生动优美(E02)，修辞手法(E05)、表达方式(E06)及表现手法(E07)的运用都显得较为单一。"
130118,"文章围绕“我喜欢的小兔子”这一中心，选取了兔子的外貌特征、生活习性以及作者与兔子之间的互动趣事作为素材，内容具体充实(C02)，紧扣文章主旨(C04)。作者能够从外形、习性、人兔互动等多个角度切入，展现了兔子的可爱之处(C06)，但在选材的独特性和思想深度上较为常规，缺乏新颖的视角(C05)。在结构安排上，文章开头直入主题，迅速引出描写对象，入题恰当(S11)。各段落之间逻辑清晰，从外貌描写过渡到习性介绍，再到具体互动，段落与主旨关联紧密(S06)，段落内部句子也能围绕中心意图展开(S07)，段落间关系较为紧密(S08)。但在交代前后内容时，部分插入性知识（如世界最大的兔子）略显突兀(S02)，不过整体过渡词句的使用尚可(S03)。文章详略安排基本得当，重点描写了兔子的外貌和互动细节(S09)，过渡性材料处理简洁(S10)。结尾虽然总结了全文，但略显平淡和重复(S12)。语言表达方面，全文语句通顺流畅，意思完整，具有较好的阅读体验(E01)。作者运用了比喻、拟人等修辞手法(E05)，如将眼睛比作红宝石，将门牙比作铲子，语言生动形象(E02)。在描写中，作者结合了记叙和描写等表达方式(E06)，特别关注了兔子的外貌细节和动作细节，如“嚼得飞快”、“把头伸过来”等(E11)，并且观察顺序井然有序(E12)。但在表现手法的多样性上还有提升空间(E07)。"
130119,"文章能够围绕“专家爸爸”这一中心来选择和组织材料(C04)，例如提及父亲因公出差和参加珠海航展上电视，体现了一定的多角度思考(C06)，开篇也较为恰当(S11)，并且全文语句基本通顺完整(E01)。但在内容和结构上存在明显不足。首先，文章选取的材料虽然具体，但阐述不够充分，未能通过细节深入展现父亲的“专家”形象，也未能深入挖掘个人情感，使文章的思想独特性打了折扣(C02，C05)，对人物事件细节的关注度有待提高(E11)。其次，文章的结构较为松散，从“坏的印象”到“上电视”的内容之间缺乏清晰的逻辑交代(S02)，段落间的关系不够紧密(S08)，只是通过简单的过渡词句进行粘合(S03)，各段落及各句话与主旨和中心句的关联度可以更强(S06，S07)。文章在详略处理上也有欠缺，对作为重点部分的父亲工作内容和对家庭的影响描写不足(S09)，而对一些过渡性材料则处理得过于简略(S10)，观察的顺序虽有主次但不够深入(E12)，并且文章在结尾处戛然而止，缺乏必要的收束(S12)。最后，在语言表达方面，词句的运用较为平实，不够生动优美(E02)，表达方式单一(E06)，基本没有综合运用修辞手法或表现手法来增强文章的感染力(E05，E07)。"
130120,"文章选取了猫咪的外貌、爱干净的习性、逗猫玩耍以及“会开门”的绝招等具体充分的材料(C02)，紧紧围绕“可爱的小猫”这一中心进行组织(C04)。作者能够多角度思考，从静态的外貌描写到动态的行为观察，全方位展示了猫咪的特点(C06)，尤其是捕捉到了“肉垫缩进”、“掩埋沙子”以及“异色瞳”等细节，体现了观察的独特性和原创性(C05)。在观察顺序上，作者对外貌的描写做到了有主次、有顺序(E12)，并且非常关注人物和事件的细节(E11)。从结构上看，文章开头简洁恰当，直接引出描写对象(S11)，结尾总结全文，表达喜爱之情，简洁利落(S12)。各段落内容与主旨紧密相连(S06)，段与段之间关系较为紧密(S08)。详略安排上，作者能够详写逗猫和开门的重点部分(S09)，略写去哥哥家等过渡性材料(S10)。不过，句段间的粘合还可以更紧密(S07)，前后内容的交代和段落间的过渡词句使用稍显生硬，有待加强(S02)(S03)。在语言表达方面，全文语句通顺，意思完整(E01)。作者综合使用了叙述和描写等表达方式(E06)，也能使用一定的表现手法来刻画猫咪形象(E07)。虽然运用了比喻等修辞手法(E05)，但在词句的生动优美程度上还有提升空间(E02)。"
130123,"文章在内容选择上表现突出，能够选取养鱼经历、鱼的外形、公母差异、繁殖习性以及与人的互动等具体充分的材料来支撑“观察小鱼”这一主题(C02)，并且这些材料基本能够围绕文章中心进行组织(C04)，各段落内容也与主旨联系较为紧密(S06)。作者展现了较好的观察能力，能够从多个角度思考和取材(C06)，对鱼的外形特征等重点部分进行了描写(S09)，段落内部的句子也能基本围绕中心句展开(S07)，同时关注到了鱼群在互动中的细节(E11)，观察过程体现出一定的主次和顺序(E12)。然而，文章的结构组织是主要失分点，段落与段落之间的关系不够紧密，跳跃感较强(S08)，导致前后内容的交代与衔接略显生硬(S02)，这与缺少必要的过渡词句有直接关系(S03)。同时，文章的开头未能有效统领全文(S11)，对于养鱼背景这类过渡性材料的处理也显得不够简练(S10)，结尾则相对简洁(S12)。在语言表达层面，文章语句基本通顺，意思表达完整(E01)，但词句的运用较为平实，不够恰当生动(E02)，修辞手法的运用较少(E05)，表达方式和表现手法也略显单一(E06)(E07)，这在一定程度上影响了文章的独创性与深刻性(C05)。"
130124,"文章在内容选择上表现尚可，能够围绕中心选取具体材料来描写金鱼的外形与习性(C02，C04)，并且观察体现出一定的主次和顺序(E12)，使得各段落与主旨的关联度较高(S06)。全篇语言表达基本通顺，句子完整流畅(E01)。然而，文章的结构是主要的失分点，段落之间的关系不够紧密(S08)，尤其是从记叙养鱼日常到升华主旨的第三段，前后内容交代不清，衔接显得突兀(S02)，这与缺少必要的过渡词句有直接关系(S03)。这种结构上的断裂导致结尾部分虽然意图升华，但与前文的具体描写脱节，显得生硬(S12)，思想的独创性与深刻性因而受到影响(C05)。同时，文章的开头也较为平直(S11)。在细节刻画方面，虽然关注到了金鱼的动态(E11)，但对重点部分的详写仍有提升空间(S09)，语言层面，词句的生动性和修辞手法的运用尚显不足(E02，E05)，整体表现手法较为单一(E07)。"
130127,"文章选取了孔雀鱼的外形特征以及母鱼生产小鱼的过程作为主要素材，内容具体充实，体现了作者细致的观察力(C02)。全文紧紧围绕“孔雀鱼的特点”这一中心进行组织，无论是静态的外貌描写还是动态的生产记录，都服务于文章主旨(C04)。作者对重点部分如孔雀鱼的各种部位特征及生产时的动作细节进行了详尽的描绘，画面感强(S09)，而对家中其他鱼类则一笔带过，做到了详略得当(S10)。在观察过程中，作者关注到了“像水滴一样的东西”等细微之处(E11)，并且遵循了一定的观察顺序，条理较为清晰(E12)。在结构上，各段落的内容都能紧密围绕主旨展开，没有偏离主题(S06)，段落内部的句子也能围绕段意紧密相连(S07)。不过，段落之间的过渡略显生硬，缺乏有效的过渡词句来粘合上下文(S03)。文章的开头较为直白，仅简单列举后引出主题(S11)，结尾虽表达了情感但显得有些仓促，收束力不够强(S12)。前后内容的交代尚算清楚(S02)，但在段与段的紧密联系上还有提升空间(S08)。语言表达方面，作者运用了恰当且生动的词句，如将尾巴比作“孔雀扇子”，将小鱼比作“水滴”，形象地展现了孔雀鱼的形态(E02)。文中综合使用了比喻、拟人等修辞手法，增强了文章的感染力(E05)。整体语句通顺，意思完整(E01)，但在个别句子的标点使用和语序上存在小瑕疵。虽然思想深度和独特性相对一般(C05)，且表现手法较为单一(E07)，多角度思考略显不足(C06)，但作为一篇观察日记，文章基本完成了记叙和描写的任务(E06)。"
130128,"文章选取了三角灯的外形特征、进食习性以及人鱼互动的趣事作为主要内容，材料充实具体，能够很好地支撑起文章的主体(C02)。整篇文章紧紧围绕“喜爱三角灯”这一中心进行选材和组织，无论是静态描写还是动态叙事，都服务于这一主题(C04)。作者观察细致，能够按照有主次、有顺序的方式对三角灯进行观察(E12)，特别是在描写进食过程时，捕捉到了“叼起”、“游回”等生动的动作细节(E11)。文章尝试从外形视觉、动态习性以及人鱼心理博弈等多个角度来思考和表现主题，丰富了文章的层次(C06)。在结构上，文章开头采用了谜语的形式，生动有趣，引人入胜(S11)；结尾则将对宠物的喜爱升华为对生命的尊重，简洁利落且立意深远(S12)。文章前后内容交代清楚，脉络清晰(S02)，各段落紧密围绕主旨展开，结构严谨(S06)。重点部分如进食场景和互动趣事描写得较为详细(S09)，而背景介绍则处理得相对简洁(S10)，详略得当。语言表达方面，全文语句通顺，意思表达完整(E01)。作者善于运用生动优美的词句，如“金灿灿”、“小巧玲珑”等，增强了画面的感染力(E02)。同时，文中综合运用了比喻、拟人、设问等多种修辞手法，使得描写更加形象生动(E05)。此外，文章结合了描写、叙述和议论等多种表达方式(E06)，使得文章表现力较强。虽然文章在思想的独特性和深刻性上还有提升空间(C05)，且段落间的紧密度和表现手法的多样性稍显常规(S08)(E07)，但整体而言，这是一篇观察细致、情感真挚的佳作。"
130129,"该生作文《我的小仓鼠》内容充实，观察细致。在内容选材上，文章选取了小仓鼠的居住环境、习性、外貌及一次特殊事件作为素材，内容具体充分(C02)。围绕“我的小仓鼠”这一中心，从生活设施、外貌特征到繁衍经历等多角度进行选材和组织(C04)(C06)，展现了小仓鼠的可爱与生存本能。不过，文章内容偏向于客观记录，缺乏独特的感悟或深刻的思想挖掘(C05)。在结构逻辑方面，文章采用了“环境-外貌-事件-结尾”的结构，段落之间关系较为紧密(S08)，各段落均能服务于主旨(S06)。但在交代前后内容时略显突兀(S02)，段落内部句子的衔接紧密度一般(S07)。虽然能用“记得有一次”等词句进行过渡(S03)，但过渡性材料的处理略显简单(S10)。重点部分如小仓鼠被吃掉的事件描写详尽(S09)。开头较为平实(S11)，结尾表达思念，简洁利落(S12)。在语言表达上，全文语句通顺，意思完整(E01)。作者善于观察，不仅关注了小仓鼠洗澡、外貌等细节(E11)，还按照有主次、有顺序的方式进行了描写(E12)。文中运用了比喻等修辞手法，词句较为生动(E02)(E05)，综合使用了记叙和描写等表达方式(E06)，但表现手法相对单一(E07)。"
130130,"文章选取了蝈蝈的来源、外形特征、生活习性等具体材料，内容较为充实(C02)，且这些材料都紧紧围绕“我家的新成员”这一中心进行组织，没有偏离主题(C04)。作者从外形、习性、互动等多个角度来描写蝈蝈，选材角度丰富(C06)，但文章主要停留在表面的观察和喜爱，缺乏深刻的思想内涵或独特的感悟，原创性一般(C05)。在结构上，重点描写了蝈蝈的外形和生活习性，详略安排得当(S09)，对于蝈蝈的来源等过渡性材料交代得比较简略(S10)。开头直接点题，交代来源(S11)，结尾总结全文并表达美好祝愿(S12)。然而，文章在交代前后内容上部分逻辑连接略显生硬(S02)，段落间的过渡词句使用不够自然(S03)。各段落虽围绕主旨(S06)，但段落之间的内在逻辑关系一般(S08)，句与句之间的联系有时显得松散(S07)。语言方面，整体语句通顺，意思完整(E01)，词句描写较为生动(E02)，使用了拟人等修辞手法(E05)，但表达方式主要以记叙和描写为主，较为单一(E06)，表现手法也比较常规(E07)。值得肯定的是，文章对外形观察非常细致，捕捉到了许多细节(E11)，且整体观察具有一定的主次和顺序意识(E12)。"
130131,"该生作文《白白的大鹅》选取了生日采摘这一生活片段中偶遇大鹅的具体经历作为材料，内容充实具体(C02)。文章基本能够围绕“大鹅”这一中心进行材料的组织与铺排(C04)，虽然立意较为浅显，缺乏深刻的思想独特性(C05)，但能尝试从观察和互动等角度切入主题(C06)。在结构上，文章按时间顺序记叙，前后因果交代较为清楚(S02)，段落间使用了“踏进”、“接着”、“采摘完”等词句进行过渡，粘合度尚可(S03)。各段落内容均能服务于描写大鹅这一主旨(S06)，段内句子与段落中心的联系较为紧密(S07)，段际关系逻辑连贯(S08)。详略安排得当，重点详写了与大鹅的初见及观察(S09)，略写了路途过程(S10)。开头交代起因背景，中规中矩(S11)，结尾简洁明快，并与前文呼应(S12)。语言表达方面，全文语句通顺流畅，意思表达完整(E01)。文中运用了“黑水晶”、“枫叶”、“大将军”等词汇描绘大鹅，较为生动(E02)，并综合运用了比喻、拟人等修辞手法(E05)。虽主要侧重记叙和描写，表达方式略显单一(E06)，但能结合动静描写等表现手法(E07)。特别是在描写大鹅外貌时，关注了眼睛、嘴、脚等细节(E11)，且观察顺序条理清晰，从整体到局部，有主有次(E12)。"
130132,"文章在内容选择与主题集中方面表现较好，能够围绕中心选择并组织材料，将坐骑“玲珑”的外形、习性、互动等具体充分的材料加以呈现(C04，C02)。开篇直接点题，较为恰当(S11)，材料的组织也体现出了一定的观察顺序(E12)。在文章的整体架构上，各段落能够与主旨紧密相连(S06)，段落之间也保持了主题上的紧密关系(S08)，详略安排基本得当(S09，S10)，且语句通顺，意思完整(E01)。然而，文章的不足之处也较为突出。首先，在思想内容层面，文章虽然涉及多个角度，但思考不够深入，缺乏独创性的见解(C06，C05)。其次，在结构衔接上，段落之间缺少有效的过渡词句(S03)，导致前后内容的交代不够清晰自然(S02)，段落内部的句子之间也存在联系不够紧密的问题(S07)，结尾的抒情也略显平淡，未能有效深化主旨(S12)。最后，在语言表达与写作技巧层面，文章对细节的关注和刻画有待加强(E11)，词句的选用也较为平实，缺乏生动优美的文学色彩(E02)，并且在修辞手法(E05)、表达方式(E06)及表现手法(E07)的综合运用上表现欠缺，这在很大程度上影响了文章的感染力。"
130135,"文章紧紧围绕“可爱的小龟”这一中心，选取了小龟的外貌特征和捕食、冬眠等生活习性作为素材，选材具体且充分(C02)，极好地服务了文章中心(C04)。虽然题材较为常见，独创性一般(C05)，但能从外貌和习性两个角度进行描写，体现了一定的思考维度(C06)。结构上，文章前后内容交代得非常清楚(S02)，使用了恰当的过渡词句使得段落衔接自然(S03)。各段落内容均能紧扣主旨(S06)，段落内部的句子也能紧密围绕段落中心展开(S07)，虽然段落间的逻辑紧密度尚可(S08)，但整体结构条理分明。作者能够详写小龟捕食这一重点环节(S09)，对过渡性材料的处理也基本到位(S10)。开头开门见山点题(S11)，结尾简洁明了地抒发情感(S12)，首尾呼应。语言方面，全文语句通顺，意思完整(E01)。虽然运用了比喻等修辞手法描写小龟的脖子(E05)，但在词句的生动优美程度上还有提升空间(E02)。表达方式以记叙和描写为主，较为单一(E06)，表现手法也相对常规(E07)。观察具有一定的顺序和条理(E12)，但在人物和事件的细节刻画上略显单薄(E11)。"
130136,"文章选取了小狗的外貌特征和生活习性作为素材，内容具体且充实(C02)，并且无论是外貌描写还是趣事叙述，都紧密围绕“可爱”这一中心展开，组织得当(C04)。作者观察细致入微，特别关注了诸如“薄薄的舌头”、“身上的小痦子”以及“上厕所蹲守”等生活细节，极具真实感(E11)，且观察具有明确的主次和顺序，从整体颜色到局部五官再到尾巴，条理清晰(E12)。各段落内容与文章主旨紧密相连(S06)，段落内部的每一句话也能紧紧围绕段落中心展开，聚合度很高(S07)。在表现手法上，文章能够从外貌和行为两个角度来思考并选用材料，立体地展现了小狗的形象(C06)。语言描写生动优美，使用了“珍珠”、“培根”、“爆炸头”等词汇(E02)，并综合运用了比喻等修辞手法，使小狗的形象跃然纸上(E05)。文章结尾简洁利落，表达了美好的愿望(S12)。前后内容交代清楚(S02)，段落之间关系较为紧密(S08)，表现手法较为丰富(E07)。不过，文章开头较为直接平淡，吸引力稍显不足(S11)。在段落衔接上，过渡词句的使用显得比较单薄，粘合度一般(S03)。虽然能够区分详略，但对重点部分（如玩球的具体过程）的描写还可以更加浓墨重彩(S09)，过渡性材料的处理也较为常规(S10)。文章题材较为常见，思想深度和独创性略显普通(C05)。整体语句通顺(E01)，表达方式运用尚可(E06)。"
130137,"文章选取了小白兔的外形特征和生活习性作为主要素材，材料较为具体充分(C02)，基本能围绕“可爱”这一中心进行组织(C04)。但在立意上较为常规，缺乏独特的视角或深刻的感悟(C05)，未能体现多角度的深入思考(C06)。结构方面，文章前后内容交代尚可(S02)，段落间使用了适当的过渡词句(S03)，各段落与主旨联系较为紧密(S06)。不过，段落内部句子间的逻辑紧密度有待加强(S07)，段与段之间的内在联系也显得不够紧凑(S08)。详略安排上，重点部分描写尚可(S09)，过渡性材料处理得当(S10)。开头直接入题(S11)，结尾简洁总结(S12)，均较为中规中矩。语言表达上，语句通顺完整(E01)，观察具有一定的顺序(E12)，但词句的生动优美程度一般(E02)，修辞手法运用较少(E05)，表达方式(E06)和表现手法(E07)也较为单一。虽涉及了一些动作细节(E11)，但描写不够细腻。"
130139,"文章能够围绕金鱼的可爱这一中心来组织观察所得的材料(C04)，选取的材料也比较具体，包含了金鱼的外形和吃食两个方面(C02)，观察时能做到有主次有顺序(E12)，并关注到了动作和样貌的细节(E11)。但在思想内容的深度上有所欠缺，主题较为常见，结尾的呼吁也显得比较突然，未能体现出独创性(C05)，思考和选材的角度也因此显得较为单一(C06)。结构方面，文章记叙的线索基本清晰，能够交代清楚前后内容(S02)，段落也与主旨大致关联(S06)，但段落之间的关系不够紧密(S08)，特别是从主体描述部分到结尾的升华，缺少必要的过渡(S03)，使得结尾显得突兀且说服力不足(S12)。同时，开头过于平实，未能有效吸引读者(S11)。段落内部的句子之间联系也不够紧密，有时会出现一句话与段落中心句关联不强的情况(S07)。此外，文章缺乏详略安排，重点不够突出(S09)，次要部分也没有进行略写处理(S10)。语言表达上，基本能够做到语句通顺(E01)，但词语的运用不够恰当生动，显得较为平淡(E02)。文章运用了比喻等修辞手法(E05)，但综合运用表达方式(E06)和表现手法(E07)的能力还有待提升。"
130140,"文章能够围绕“可爱的小兔子”这一中心，选取了兔子的外貌特征和一次抱兔子玩耍时的趣事作为写作材料，选材具体且方向明确(C02)(C04)。作者观察事物有一定顺序，先描写外貌后叙述事件，条理尚可(E12)，前后内容的交代也比较清楚(S02)。但在思想的独特性和多角度思考方面表现一般(C05)(C06)。在结构布局上，段落之间虽有过渡词句粘合，但紧密度一般(S03)(S08)，各段落、各句子与主旨中心的联系不够紧密，有时显得松散(S06)(S07)。开头较为直白平淡(S11)，结尾“得到教训”收束得过于仓促，未具体说明教训内容，显得不够完整有力(S12)。详略安排上欠缺火候，对于重点的趣事部分描写不够细致丰满，过渡性材料的处理也较为粗糙(S09)(S10)。语言表达方面，全文语句通顺，意思表达完整(E01)。虽然使用了比喻修辞来描写兔子的眼睛(E05)，但整体词句的生动性和优美度有待提升(E02)。表达方式和表现手法较为单一(E06)(E07)，对人物和事件的细节刻画（如神态、动作）还不够深入(E11)。"
130141,"文章围绕“我的小乌龟”这一中心，选取了外貌、生活习性及互动等具体材料进行描写，基本符合围绕中心选材的要求(C04)，材料选取具有一定的具体性(C02)，并尝试从外貌、捕食、互动等多个角度来表现主题(C06)。特别是在描写乌龟外貌时，关注了鼻子、眼睛、爪子等特征，叙述捕食和互动时也涉及具体动作，体现了对人物和事件细节的关注(E11)，且观察具有一定的主次和顺序(E12)。然而，文章开头较为直白，缺乏新意(S11)，结尾也过于简单仓促(S12)。在内容组织上，虽然重点部分有所侧重(S09)，但过渡性材料处理较为生硬(S10)，段落之间缺乏有效的过渡词句粘合(S03)，前后内容的交代及句子与段落中心的逻辑联系还有待加强(S02)(S07)(S08)。语言表达方面，语句基本通顺(E01)，使用了一些形容词进行描绘(E02)，但整体思想深度和原创性不足(C05)，修辞手法运用较少(E05)，表达方式较为单一(E06)，表现手法也较为常规(E07)。"
130142,"文章能够立足于细致的观察，选取了具体充分的材料来描绘小松鼠(C02)，特别是对于松鼠的外形特征和取食面包的互动过程，能够抓住细节进行重点详写(S09)，展现了有主次有顺序的观察能力(E12)和对事件细节的关注(E11)。文章的构思源于个人经历，具有一定的独特性(C05)，能够围绕中心选择材料(C04)，并清晰交代了观察与互动的前后内容(S02)，开头也比较恰当(S11)。然而，文章在结构组织上存在不足，段落之间的关系不够紧密(S08)，尤其缺少必要的过渡词句进行粘合(S03)，导致文气不够流畅；同时，部分段落与“可爱”这一主旨的联系需要进一步强化(S06)，个别语句与段落中心句的关联也稍显松散(S07)，结尾则显得过于简单仓促，未能有效深化主题(S12)。此外，文章对主题的思考角度还不够丰富(C06)。在语言表达上，虽然语句基本通顺(E01)，但词句的选择不够恰当生动(E02)，表达方式与表现手法的运用也较为单一(E06，E07)，未能综合运用多种修辞手法来提升文章的文学色彩(E05)。"
130143,"文章选取了八哥的外貌、名字由来、年龄、模仿说话以及生活习性等丰富素材，内容充实具体(C02)，并且能够较好地围绕“可爱又聪明”这一中心进行材料的组织(C04)。作者观察细致，捕捉到了八哥说话的内容和随地排泄等生动细节(E11)，观察具有一定的顺序性，从外貌特征延伸至生活习性(E12)。在结构处理上，过渡性材料略写得当(S10)，段落间的衔接较为自然(S03)，文章结尾简洁利落，点明了对八哥的喜爱之情(S12)。然而，文章在局部逻辑和语言表达上仍有提升空间。虽然段落大意尚可，但段落内部各句子之间的联系不够紧密，例如第二段从名字跨越到年龄再到排泄习惯，缺乏中心句的统领，显得有些零散(S07)。开头部分较为常规，缺乏新意(S11)。在语言方面，虽然整体语句通顺(E01)，但修辞手法的运用较少且略显生硬(E05)，词句的生动性和优美度一般(E02)。此外，文章整体构思较为传统，缺乏独特的视角或深刻的立意(C05)。"
130144,"文章在内容选择上展现了较为细致的观察力，能够选取仓鼠的外形特征与生活习性作为具体材料，如背上的三条白线、鼓鼓的嘴巴以及晚上爬栏杆等，使内容显得较为充分(C02)。材料的组织基本能围绕“黄黄”这一中心展开(C04)，并能从外貌和习性等不同角度来表现(C06)，观察时也体现出了一定的主次和顺序(E12)，对仓鼠的外形和动作细节均有不错的捕捉(E11)。结构方面，文章主体段落之间交代清晰(S02)，存在一定的逻辑关系(S08)，段落内部的句子也基本能围绕中心句展开(S07)，并使用了简单的过渡来连接不同内容(S03)。同时，文章对重点部分的描写有详写的意识(S09)，对非重点部分则能做到略写(S10)。然而，文章的开头过于平淡，未能有效吸引读者(S11)，结尾则显得仓促，引入了新信息“黑斑马”却未加处理便结束，影响了文章的完整性(S12)，也使得最后一段与主旨的关联性减弱(S06)。语言表达上，文章运用了“宝石”等比喻，使部分词句具有一定的生动性(E02)，但整体句式较为单一，部分语句的连贯性与流畅度有待提升(E01)，修辞手法(E05)、表达方式(E06)和表现手法(E07)的运用也比较单一，主要停留在直接描述的层面。最后，文章在思想内容上停留在对宠物的浅层观察记录，缺乏更深层次的感悟或独特的思考(C05)。"
130201,"这篇作文选取了初次下水、在家练习、受伤包扎以及逐步卸掉辅助装备等具体事例，材料相对充分(C02)，整体能够围绕“学游泳”这一中心进行选材和组织(C04)。虽然内容较为常规，缺乏独特的视角或深刻的思想感悟(C05)，但能够从练习过程、意外受伤、逐步进阶以及最终感受等多个角度来思考和表现主题(C06)。在结构上，文章的时间线和逻辑关系交代得不够清楚，前后内容的衔接略显突兀(S02)，段落之间缺乏明显的过渡词句，粘合度不够(S03)。各段落虽与主旨相关(S06)，但句子与段落中心句之间的紧密程度一般(S07)，段与段之间的逻辑关系也显得较为松散(S08)。在详略安排上，对于“学游泳”的具体动作、技巧掌握等重点部分描写不够详细(S09)，过渡性材料的处理尚可(S10)。开头较为平铺直叙(S11)，结尾总结了游泳的好处，相对简洁利落(S12)。语言方面，语句基本通顺，意思表达完整(E01)，但词句较为朴实，缺乏生动优美的描写(E02)。修辞手法(E05)、表达方式(E06)以及表现手法(E07)的运用都较为单一。虽然涉及了一些细节，但对人物心理和动作细节的刻画不够深入(E11)，观察顺序虽有体现，但在主次详略的安排上还有待加强(E12)。"
130202,"文章选取了妈妈教游泳和意外学会潜泳的具体事例，材料充实且生活气息浓郁(C02)，叙述内容紧紧围绕“妈妈教我游泳”这一中心展开，选材剪裁得当(C04)，但在思想深度和题材的独创性上表现一般，属于较为常规的习作(C05)。作者虽然尝试从学习过程和意外事件两个层面表现主题，但思考角度略显单一(C06)。在结构上，文章起承转合交代得比较清楚，特别是泳镜掉落引发学会潜泳的前因后果叙述完整(S02)，使用了“然后”、“就这样”等过渡词句，使得段落间衔接较为顺畅(S03)。开头直入主题，点明回忆对象，较为恰当(S11)，结尾虽有总结但略显仓促(S12)。文章能够详写妈妈教动作和捡泳镜的重点情节(S09)，但在过渡性材料的处理上略显平淡(S10)。部分段落与主旨的联系(S06)、句子与段落中心的紧密度(S07)以及段落间的内在逻辑紧密度(S08)尚可，但部分语句逻辑跳跃感稍强。语言表达方面，整体语句通顺，意思表达完整(E01)，能够按照时间顺序和动作逻辑有条理地进行叙述(E12)。虽然运用了一定的修辞手法增强语气(E05)和表现手法(E07)，但词句较为口语化，缺乏生动优美的描写(E02)，表达方式也较为单一(E06)。对于人物和事件细节的刻画不够细腻，画面感有待加强(E11)。"
130204,"文章选取了制作“超级鳄鱼机器人”的具体过程作为核心素材，列举了详尽的零件名称和编程步骤，材料选取非常具体且充分(C02)。全文紧扣“擅长制作单片机机器人”这一中心进行选材和组织，无论是学习经历的回顾还是具体制作案例的展示，都服务于文章主旨(C04)。不过，文章内容侧重于流程记录，在思想的独特性和深刻性方面挖掘不足，未展现出独特的个人感悟(C05)。思考角度也较为单一，主要局限于制作步骤的线性叙述，缺乏多维度的展现(C06)。在结构上，文章虽然分段表述，但部分情节转换略显突兀，例如从介绍兴趣直接跳跃到反思上课态度，前后内容的交代不够清晰连贯(S02)。段落之间的过渡词句运用较为普通，未能很好地起到粘合作用(S03)。值得肯定的是，各段落内容均能紧密围绕主旨展开(S06)，段落内部的句子也能较好地服务于段意(S07)，段落间的整体逻辑关系保持紧密(S08)。详略处理得当，作者花费大量笔墨详细描写了机器人的制作和编程细节，突出了重点(S09)，而对于学习初期的过渡性内容则进行了适当的略写(S10)。开头采用设问和排比列举本领，引出主题自然恰当(S11)，结尾简洁明了地总结全文并表达决心，虽略显简单但也算利落(S12)。语言表达方面，语句通顺流畅，意思表达完整(E01)。文中准确运用了“伺服马达”“CPU主板”等专业词汇，词句使用恰当(E02)。但在修辞手法的运用上较为匮乏，显得语言平实有余而生动不足(E05)。表达方式主要集中在记叙和说明，缺乏描写、抒情等方式的综合运用(E06)，表现手法也相对单一(E07)。在细节描写上，虽然罗列了步骤，但缺乏对制作时动作、神态等细节的生动刻画(E11)。观察视角方面，叙述虽有流程顺序，但在主次观察的层次感上稍显薄弱(E12)。"
130206,"文章围绕学习街舞这一中心选材，组织材料服务于主旨(C04)，能够选取学习“Breaking”和练习“Freese”等具体事件作为写作素材(C02)。叙事有主次和顺序(E12)，段落与主旨以及段落之间联系紧密(S06，S08)，并能使用过渡词句衔接内容(S03)。在语言表达上，全文语句通顺完整(E01)，部分词句运用恰当生动(E02)，尤其对练习“Freese”时“脸都是一块黑，一块白的”细节描写，展现了作者对事件细节的关注(E11)，并能详写这一重点部分(S09)。然而，文章在思想的独创性与深刻性方面表现一般(C05)，对主题的多角度思考稍显不足(C06)。从结构上看，开头和结尾的写法中规中矩(S11，S12)，部分前后内容的交代不够清晰(S02)，个别句子与段落中心句的关联度有待加强(S07)，对一些过渡性材料的处理则略显仓促(S10)。从表达技巧来看，文章综合运用的表达方式(E06)、表现手法(E07)以及修辞手法(E05)都比较单一，影响了文章的文采和表现力。"
130207,"文章在内容选择上体现了一定的多角度思考，能够从初学时的恐惧、具体的学习步骤、体能训练的辅助作用以及游泳带来的益处等多个方面来展现主题，使得选材较为丰富(C06)。对于学习游泳这一核心事件的叙述能够选取具体材料，尤其是在描写蹬腿、划手等动作学习过程时较为详细，做到了重点突出(S09)，这些具体的材料也基本充分(C02)。文章的段落之间存在较强的逻辑关联，例如从遇到困难到通过其他方式增强体能最终解决问题的叙述，显示了段落间的因果联系是紧密的(S08)。然而，文章在组织材料围绕中心方面存在不足，尤其是将乒乓球和跳绳作为独立段落内容详述，虽然解释了其对游泳的帮助，但削弱了文章的集中性，导致部分段落与主旨的联系不够紧密(S06)，这也影响了材料的整体组织效果(C04)。从思想内容上看，文章记录的是一次较为普遍的学习经历，缺乏更深层次的感悟或独特的见解，因此在原创性上表现平平(C05)。语言表达方面，语句基本通顺完整(E01)，但词语的运用较为平实，不够生动优美(E02)，且全文较少运用修辞手法来增强文章的感染力(E05)。结构上，前后内容的衔接基本清晰(S02)，但段落间的过渡略显生硬(S03)。"
130208,"文章详细记录了从规划路线到游览各个场馆的全过程，涵盖了犀牛、大象、熊猫等多个观察对象，材料选取具体且非常充分(C02)，叙述始终紧扣“当向导”这一中心，无论是前期的路线制定还是后期的带队游览，选材和组织都服务于文章主旨(C04)。不过，文章在立意上较为常规，主要停留在行程记录上，缺乏独特的视角或深刻的思想感悟(C05)，未能从更多元的角度去挖掘主题，思考维度略显单一(C06)。在结构布局方面，开头直接交代时间、人物和事件，切入恰当(S11)，结尾引用家人的评价点题，简洁利落(S12)。各段落内容紧密围绕主旨展开(S06)，句子与段落中心关联紧密(S07)，段落之间逻辑关系紧凑(S08)，前后情节交代清楚(S02)。行文中使用了“首先”、“然后”等过渡词句，有效粘合了相邻段落，使叙事连贯(S03)，同时能够区分详略，对规划过程和重点场馆进行了详写(S09)，对路途移动等过渡性材料进行了略写(S10)。语言表达上，全篇语句通顺流畅，意思表达完整(E01)，但在词句的生动性和优美度上还有提升空间(E02)，修辞手法运用较少(E05)，表达方式(E06)和表现手法(E07)较为单一，主要以平铺直叙为主。观察方面，作者展现了有主次、有顺序的观察路径，路线感强(E12)，并能捕捉到如大象鼻子动作灵活、熊猫馆具体环境等人物和事件的细节(E11)。"
130209,"文章能够围绕弹钢琴这一中心选取学琴、获邀、参演等具体事件作为材料，内容较为充分(C02)，且材料的组织也紧扣主题(C04)，使得各段落均能服务于主旨(S06)。叙事线索清晰，前后内容的交代明确(S02)，段落间的衔接也较为自然(S08)，并使用了一些过渡性词句(S03)。文章对人物和事件的细节有一定关注，例如对音乐会时紧张到投入的心理变化的描写，体现出有顺序的观察(E11)(E12)。然而，文章在思想深度上表现平平，未能提出较有独创性的见解(C05)，对主题的思考角度也略显单一(C06)。在结构详略方面，作为高潮的音乐会演奏过程本应是详写重点，但处理得较为概括(S09)，而学琴的长期过程作为铺垫却一笔带过，略写不够充分(S10)。文章的开头部分稍显平淡(S11)，但结尾直接抒情，比较简洁有力(S12)。语言表达方面，语句基本通顺(E01)，个别词句有一定生动性(E02)，但修辞手法(E05)、表达方式(E06)及表现手法(E07)的运用都比较单一，影响了文章的文采和表现力。"
130210,"文章选取了第一次做模型失败、被嘲笑像“绿毛龟”以及妈妈鼓励等具体事例，内容充实，能够有效支撑主题(C02)；所有材料紧紧围绕“制作模型”这一本领的习得过程及“坚持就会胜利”的中心思想展开，组织得当(C04)。虽然题材较为常见，但体现了成长的感悟，思想深度尚可(C05)，不过多角度思考略显不足，主要侧重单线叙述(C06)。在结构上，文章从“以前做得不好”到“现在做得好”，起因、经过、结果交代得比较清楚(S02)；段落内部句子紧密围绕中心展开(S07)，各段落也能扣住主旨(S06)，段落间逻辑顺序基本清晰(S08)，但段落间的过渡词句使用略显生硬，连接不够自然(S03)。文章详写了失败经历和心理变化，略写了长期的练习过程，详略安排基本合理(S09)(S10)。开头运用今昔对比直入主题，设置悬念，效果较好(S11)；结尾总结道理，简洁利落(S12)。语言方面，整体语句通顺完整(E01)，使用了“玩积木”、“绿毛龟”等生动比喻，语言富有童趣和感染力(E02)；综合运用了叙述、描写、议论等多种表达方式(E06)以及对比、欲扬先抑等表现手法(E07)，并适当运用了修辞(E05)。此外，文章关注了人物心理和动作细节，如“兴奋得忘了提示”等(E11)，叙事有条理，体现了有主次有顺序的观察(E12)。"
130211,"文章在内容选择上表现出色，能够选取练习写数字、画画和制作贺卡等具体且充分的材料来支撑文章中心(C02)，并且这些材料都围绕着因右手骨折而开发左手能力的主题展开，组织有序(C04)。作者能从“祸兮福所倚”的角度辩证看待挫折，展现了多角度思考的能力(C06)，尽管在思想的原创性与深刻度上还有待挖掘(C05)。结构方面，文章的开篇与结尾处理得当，开头直接点题(S11)，结尾引用名言升华主旨，简洁有力(S12)。主体部分的叙事线索清晰，能够交代清楚事件的前后发展(S02)，各段落也与主旨紧密相连(S06)，对练习左手这一重点部分做到了详写(S09)。然而，在段落内部，个别句子与段落中心句的联系不够紧密(S07)，段落之间的衔接也略显生硬(S08)。语言表达层面，文章语句基本通顺完整(E01)，但词句的选用较为平实，缺乏生动优美的色彩(E02)，也基本没有综合运用修辞手法、表达方式或表现手法来增强文章的文学性(E05，E06，E07)。此外，对事件和人物的细节刻画不足，可以更深入地描绘练习过程中的具体情状与感受(E11)。"
130212,"文章选取了学习拉丁舞的具体过程作为主要内容，特别是详细列举了立动步、移动步等专业动作及练习细节，材料选取具体且充分(C02)，并能从选拔、练习到比赛等多个角度来表现主题(C06)。在结构上，文章各段落与主旨联系紧密(S06)，段落之间逻辑关系严谨(S08)，句群围绕段意展开(S07)，前后内容交代清楚(S02)，过渡词句的使用也起到了良好的粘合作用(S03)。作者能够较好地把握详略，对学习动作的重点部分进行了详写(S09)，对过渡性材料处理得当(S10)，开头直入主题(S11)。但在语言表达方面，词句的生动性和优美度有待提升(E02)，修辞手法的运用较少(E05)，结尾虽简洁但略显常规(S12)。虽然文章围绕中心组织了材料(C04)，但在思想的独特性和深刻性上还有挖掘空间(C05)。此外，文章关注了人物动作细节(E11)并按顺序进行了观察(E12)，语句基本通顺(E01)，综合运用了基本的表达方式(E06)和表现手法(E07)。"
130213,"文章围绕“我爱弹古筝”这一中心，选取了从初学动机、遇到困难、坚持练习到最终享受音乐意境的完整过程作为材料，内容具体且较为充分(C02)，材料组织紧密围绕中心展开(C04)。作者能够从学习技能的难度、心理态度的转变以及艺术感受等多个角度来表现主题(C06)。观察过程有主次、有顺序，特别是对学习阶段变化的捕捉较为清晰(E12)。全篇语句通顺，意思完整流畅(E01)。在结构方面，文章交代了事情的前因后果(S02)，段落与主旨(S06)、句子与段落中心(S07)联系较为紧密，段落间关系也较为连贯(S08)。结尾简洁利落，升华了对古筝的喜爱(S12)，过渡词句的使用基本完成了段落粘合(S03)。但在部分细节处理上仍有提升空间。虽然涉及了心理变化，但重点部分如内心挣扎和具体如何“咬牙坚持”的过程描写不够详细(S09)，过渡性材料略显平淡(S10)，开头较为常规(S11)。立意上虽完整但独特性稍欠(C05)，细节描写不够深入(E11)。语言表达上，词句较为质朴，生动优美程度一般(E02)，修辞手法(E05)和表达方式(E06)的综合运用略显单薄，表现手法也较为单一(E07)。"
130216,"文章围绕“写毛笔字”这一中心，选取了自身练字经历和老师讲述的书法家故事作为素材，选材具体且较为充分(C02)，能够紧扣中心进行组织(C04)，并尝试从自身实践与前人榜样两个角度来表现主题(C06)。在结构安排上，文章详略得当，重点描写了练字过程和名人故事(S09)，对过渡性内容进行了略写(S10)，段落之间关系较为紧密(S08)，叙事逻辑清晰，能够有顺序地记录观察到的内容(E12)，并交代清楚了事情的前因后果(S02)。文章能够运用过渡词句连接段落(S03)，句段之间联系也较为紧密(S07)，结尾简洁有力，点明了主旨(S12)。不过，部分段落内容（如书法家故事的具体叙述）与主旨的紧密程度还有待加强(S06)，开头的引入较为平淡，吸引力稍显不足(S11)。在语言表达方面，全文语句通顺流畅(E01)，能够关注到练字动作和人物行为的细节(E11)，但在词句的生动性和优美度上略显欠缺(E02)，修辞手法运用极少(E05)，表达方式和表现手法也较为单一(E06)(E07)，思想深度虽有体现但仍有提升空间(C05)。"
130217,"文章选取了自己初学轮滑以及帮助朋友阿龙练习的具体事例，材料较为充实，能够支撑起文章的主题(C02)。在叙述过程中，作者能够关注到人物动作的细节，如“扶着墙”、“仰面朝天”等，画面感较强(E11)，并且观察过程有主次、有顺序，从老师示范到个人练习再到互助，层次分明(E12)。文章开头以童趣的误解切入，引出下文(S11)，结尾总结感悟，简洁有力(S12)。在结构安排上，作者能够详写自己反复摔倒练习的重点部分(S09)，略写过渡性材料(S10)，段落之间关系紧密(S08)，且能围绕中心组织材料(C04)。从多角度表现了学习的过程(C06)。语言方面，全文语句通顺，意思完整(E01)，词句运用较为恰当(E02)。各段落与主旨联系紧密(S06)，并能运用过渡词句粘合段落(S03)。同时也运用了心理描写和动作描写等表现手法(E07)。不过，文章在思想深度上略显常规，独创性有待加强(C05)。在修辞手法的运用上较为单一，仅有个别比喻，综合运用不够丰富(E05)。表达方式也主要侧重于记叙，略显单调(E06)。此外，部分前后内容的交代还可以更自然些(S02)，句子与段落中心的紧密度也有提升空间(S07)。总体而言，是一篇叙事完整、细节生动的习作。"
130218,"文章能够围绕学挤饺子这一中心事件选取具体材料(C02)，并能将这些材料有效地围绕主旨进行组织(C04)。开篇能够直接点明写作重点(S11)，全文语句表达通顺，意思完整(E01)。本文最大的亮点在于观察细致，对人物动作和事件过程的细节有很好的捕捉(E11)，并且能够按照主次和顺序清晰地呈现学习过程中的三次尝试(E12)。然而，在结构衔接上存在不足，内容的前后交代不够连贯(S02)，段落之间缺少有效的过渡词句进行粘合(S03)，导致叙事节奏略显跳跃。同时，段落内部的句子组织还可以更紧密地围绕段落中心展开(S07)。从思想深度上看，文章的独创性与深刻性有待挖掘(C05)，对主题的思考角度也较为单一(C06)。语言表达方面，词句的运用基本恰当(E02)，但综合运用修辞手法(E05)和表现手法(E07)的意识不强，使得文采稍显平实。结尾部分略显仓促，收束得不够有力(S12)。"
130219,"文章能够围绕“新疆”这一中心来组织材料，无论是写美食还是写游览经历，内容都与主旨紧密相连(C04)(S06)，并且能选取“大盘鸡”对比和“那拉提”自驾游等个人经历作为具体素材，使文章具备了一定的内容基础和个人独特性(C02)(C05)。文章的主要问题在于结构松散和详略不当，段落之间缺乏紧密的逻辑联系，例如从美食跳到姑姑家玩电脑，内容转换突兀，缺少必要的过渡衔接(S08)(S03)，同时段落内部的句子组织也略显散乱(S07)。文章对“那拉提”的风景和玩雪的经历等重点部分描写不足，只是简单提及，未能展开详写以突出熟悉感和个人感受(S09)，导致主次不够分明(S10)。在语言表达上，部分语句的流畅度有待提升(E01)，虽然使用了“风景优美，景色诱人”等词语，但整体词句的生动性和表现力不强(E02)，表达方式也比较单一(E06)。此外，开头和结尾的处理略显仓促，开头过于直白(S11)，结尾的感慨也显得有些草率，未能深化主题(S12)。"
130220,"文章在内容层面表现突出，能够围绕“最爱”这一中心，选取从产生兴趣到厌倦再到重拾热情的个人经历作为写作材料，内容具体且充分(C02)，并能将这些材料有效地组织起来服务于主旨(C04)。特别是将个人心路历程与奥地利音乐之旅相结合，从多角度思考并展现了主题的内涵，使文章具备了一定的独特性与思想深度（C05 C06）。同时，文章对维也纳金色大厅的见闻描写，体现出对人物事件细节的关注和有主次的观察能力（E11 E12）。文章的开篇能恰当引入话题(S11)，结尾简洁有力地总结了转变，收束全文(S12)。结构上，文章的基本叙事线索清晰，能够交代清楚前后内容(S02)，段落与主旨、句子与段落中心句的联系也基本紧密（S06 S07），并运用了一些过渡词句(S03)。对重点部分（奥地利见闻）与次要部分（学琴初期）的处理也体现出详略安排的意识（S09 S10）。然而，段落之间的逻辑衔接还可以更加紧密，有时转折略显生硬(S08)。语言表达方面，文章语句基本通顺完整(E01)，但在词语的选用上还可以更加恰当生动(E02)，目前综合运用的修辞手法(E05)、表达方式(E06)和表现手法(E07)都相对单一，主要以记叙为主，影响了文章的文学色彩。"
130223,"文章能够围绕“学吹小号”这一中心组织材料(C04)，选取了初见小号、第一节课、阿姨洗号等具体事件，内容较为充分(C02)，并能从获得乐器、练习过程、日常维护等多个角度来表现主题(C06)，对小号外观的描写也体现出了一定的观察顺序和细节关注(E11，E12)，整体语句通顺，意思表达完整(E01)。然而，文章在结构和深度上存在明显不足。首先，各段落之间缺乏有效的过渡，前后内容的衔接显得生硬跳跃，例如从描写小号外观直接跳到练习时长和级别，使得段落间的关系不够紧密(S08，S02，S03)。其次，开篇罗列个人技能，与主体关联不大，作为开头不够恰当(S11)，结尾则相对简洁(S12)。在内容详略处理上，作为重点的练习过程和吹响后的喜悦本应详写，但目前处理得较为简略(S09)，而开头的技能罗列等次要信息则未做到略写(S10)。文章虽然记录了事件，但缺少对内心感受和成长思考的深入挖掘，因此在思想深刻性与独创性上表现平平(C05)。语言表达方面，词句的运用尚欠生动优美(E02)，修辞手法(E05)、表达方式(E06)及表现手法(E07)的综合运用能力也有待提升。"
130224,"文章能够完整记述学习轮滑的经历，叙事线索清晰，体现出较好的谋篇布局能力。在材料选择上，能够围绕“学轮滑”这一中心事件展开，选取了从产生兴趣、报名学习到刻苦练习并最终学会的系列材料，内容具体，选材较为充分(C02)，材料的组织也基本服务于文章中心(C04)。文章的整体结构遵循时间顺序，段落之间衔接自然，逻辑关系明确(S08)，能够交代清楚事件的前后发展过程(S02)，并使用“后来”“现在”等词语进行过渡(S03)，使得主体段落与文章主旨的关联较为紧密(S06)。文章的优点在于句子表达基本通顺完整，没有明显的病句(E01)。然而，文章在思想深度和表达技巧上存在明显不足。首先，文章对主题的思考停留在表面，未能深入挖掘“勇敢”的内涵，导致立意较为平凡，缺乏独创性(C05)，思考角度也比较单一(C06)。其次，篇章结构方面，开头和结尾过于简单仓促(S11，S12)，尤其是结尾，未能深化主题。主体段落内部的句子组织略显松散，有时只是事件的简单罗列，未能紧密围绕段落中心句展开(S07)。在详略处理上，虽然对练习过程有一定展开(S09)，但对一些过渡性环节交代过于简略，显得跳跃(S10)。最后，语言表达和写作手法是主要失分点。全文语言平实，缺少生动优美的词句(E02)，对人物和事件的细节刻画不足(E11)，观察不够细致深入(E12)。同时，文章基本运用叙述这一种表达方式(E06)，未能综合运用多种修辞手法或表现手法来增强文章的感染力(E05，E07)。"
130227,"该生作文《会刻章》选取了“刻章”这一具体的生活实例作为写作素材，材料充实且贴近生活(C02)，并能紧紧围绕“学习刻章”的过程来组织全篇内容，中心明确(C04)。文章各段落均服务于这一主旨，段落与主题的联系十分紧密(S06)。但在立意方面，仅得出了“认真用心”的常规感悟，思想深度和独特性稍显不足(C05)，多角度思考和材料选用的灵活性也处于中等水平(C06)。从结构上看，文章能够交代清楚事情的起因、经过和结果(S02)，段落之间运用了基本的时间词和关联词进行过渡(S03)，段际关系较为紧密(S08)。特别是对刻章的具体步骤这一重点部分进行了较为详细的描写(S09)。然而，段落内部句子与中心句的粘连度不够紧密，逻辑略显松散(S07)，对于过渡性材料的略写处理也不够精炼(S10)。开头部分虽然点题但略显随意(S11)，结尾虽有总结但较为常规(S12)。在语言表达层面，语句通顺，意思完整(E01)，但词汇较为贫乏，缺乏生动优美的描写(E02)。修辞手法使用极少(E05)，表达方式主要局限于记叙，缺乏描写和抒情的结合(E06)，表现手法也较为单一(E07)。虽然按照事情发展顺序进行了观察(E12)，但在人物动作、神态等细节方面的捕捉不够细腻(E11)。整体而言，这是一篇叙事完整但文采稍逊的习作。"
130228,"该生作文《我会弹钢琴》紧紧围绕“学钢琴”这一中心选择和组织材料，主旨明确(C04)，且各段落内容均与主旨保持了紧密联系，没有偏离主题(S06)。文章按照时间发展的逻辑，有主次、有顺序地观察并记录了从幼儿园入门到小学考级的全过程(E12)，选取了识谱、考级等具体充分的材料来支撑内容(C02)。在结构上，开头直抒胸臆交代起因(S11)，结尾总结感悟简洁利落(S12)，前后内容交代清楚(S02)，并能运用时间词语对相邻段落进行过渡粘合(S03)。语言方面，全篇语句通顺，意思表达完整(E01)。然而，文章在深层构建上存在明显不足。首先是详略安排失当，中间段落虽涵盖多年经历，但未能详写重点部分，如练琴的艰辛或考级的具体情境(S09)，导致过渡性材料与核心事件均呈流水账式陈述(S10)。其次，段落内部句子之间的逻辑联系较为松散，缺乏围绕段落中心进行的层层递进(S07)，段与段之间的紧密度也稍显不足(S08)。在表达上，文章缺乏对人物和事件细节的深入关注(E11)，词句较为平实，不够生动优美(E02)，且未能综合使用多种修辞手法(E05)和表达方式(E06)来增强感染力。此外，文章立意较为常规，缺乏独特性和思想深度(C05)，未能从多角度思考主题(C06)或使用多种表现手法(E07)来丰富文章内涵。"
130229,"文章在材料的选取和组织上表现出色，能够围绕学游泳这一中心选择具体且充分的材料(C02)，并使材料服务于中心(C04)，各段落也均能与主旨紧密相连(S06)。叙事时做到了有主次有顺序地观察和记叙(E12)，能够详写克服恐惧、摘掉浮漂的关键部分(S09)，同时又能略写前期的基础学习过程(S10)。在篇章结构方面，段落之间因时间顺序而关系紧密(S08)，并能使用“第二天”“后来”等过渡词句进行粘合(S03)，但开头列举式的引入和结尾总结式的收束都略显平淡(S11，S12)，且前后内容的交代有时不够清晰(S02)。从语言表达和细节刻画来看，语句基本通顺完整(E01)，能够综合运用记叙与心理描写等表达方式(E06)，也关注到了“心里扑通扑通跳得很快”这样的人物细节(E11)。然而，段落内部的部分语句与段落中心句的联系不够紧密(S07)，词句的选用也较为平实，不够生动优美(E02)。文章主要的不足体现在思想深度与手法的多样性上，对于“学会本领”这一主题的思考未能展现出独特性与深刻性(C05)，也基本是单一时间维度的叙述，缺乏多角度的思考(C06)，修辞手法(E05)与表现手法(E07)的运用也比较单一。"
130230,"文章选取了滑雪这一具体事件作为核心素材，内容充实，能够充分支撑起“我和滑雪的故事”这一题目(C02)，且全篇紧紧围绕滑雪的过程展开，材料的选择与组织均服务于文章中心(C04)。作者在叙述中不仅记录了滑雪的动作流程，还融入了紧张、兴奋、害怕到自信的心理变化，体现了对主题的多角度思考(C06)，但文章立意主要停留在一次活动的记录与心情分享，思想深度与独创性略显不足(C05)。在结构上，文章重点刻画了滑雪的学习过程与心理体验，详写得当，突出了文章重点(S09)，开头以对比引出主题，较为恰当(S11)，结尾简洁总结收获，收束有力(S12)。叙事过程中使用了过渡词句连接情节(S03)，但在过渡性材料的处理上稍显生硬，部分流水账式的叙述未能很好地略写(S10)。此外，文章中间段落篇幅过长，涵盖了多个情节层次，导致段落内部逻辑不够紧凑，段落间的衔接与照应也有待加强(S02)(S06)(S07)(S08)。语言表达方面，全文语句通顺流畅，意思表达完整清晰(E01)，叙事条理分明，体现了有顺序的观察(E12)。作者善于捕捉人物动作与心理细节，如对摔倒和心情变化的描写较为细腻(E11)。然而，文采方面稍显平淡，词汇多为口语化表达，不够生动优美(E02)，且修辞手法(E05)、表达方式(E06)及表现手法(E07)的运用较为单一，缺乏变化与感染力。"
130231,"文章的优点在于整体框架清晰且语言表达流畅，各段落能够紧密围绕学习小提琴这一主旨展开(S06)，段落间的衔接也较为紧密，基本按照学琴的时间顺序和心路历程来组织(S08)，这使得文章的材料能够围绕中心进行组织(C04)，且语句通顺，意思表达完整(E01)。文章在内容选择和叙事推进上表现尚可，能够选取学琴过程中的具体材料(C02)，并从兴趣、困难、坚持等多个角度来呈现主题(C06)，前后内容的交代基本清楚(S02)，也使用了一些过渡词句(S03)，结尾部分对主旨进行了总结和升华(S12)，叙述时能够关注到手被扎破等细节(E11)，并按照一定的顺序展开(E12)，但词句的运用较为平实，不够生动优美(E02)，段落内部的句子之间联系还可以更紧密(S07)。文章的主要问题在于开篇方式略显平淡(S11)，对于“手被扎破后想放弃”这一核心冲突部分的详写不足，未能充分展现内心的挣扎与转变(S09)，而对于看电影等次要材料的略写处理也不够简练(S10)，这使得文章在思想的独特性与深刻性上表现平平(C05)，同时在表达方式的多样性(E06)、修辞手法(E05)及表现手法(E07)的综合运用上存在明显短板，影响了文章的感染力。"
130232,"文章能够围绕学做菜这一中心选取材料，内容组织有序(C04)，并能从制作过程、意外插曲和他人评价等多个角度来展现，材料选取较为充分(C06)。文章结构完整，开头能恰当引入主题(S11)，主体段落与主旨关联紧密(S06)，段落间的衔接也比较紧密(S08)，能够清晰交代前后内容(S02)。叙事详略得当，对做菜的核心环节进行了详写(S09)，对次要环节作了略写(S10)，观察过程有主有次(E12)，语句通顺完整(E01)。但在思想内容的原创性与深刻性上表现一般，对事件的感悟停留在表面(C05)。结构方面，段落间的过渡略显生硬(S03)，句间联系可以更紧密(S07)，结尾总结有力但略显仓促，回味不足(S12)。语言表达是主要失分点，词句虽能表情达意但不够生动优美(E02)，对人物事件的细节刻画不足，如烫到手、菜糊了等场景缺乏生动的感官描写(E11)，修辞手法(E05)、表达方式(E06)和表现手法(E07)的运用都较为单一，影响了文章的文学性和感染力。"
130235,"文章中心明确，能够紧密围绕“拼魔方”这一本领来组织材料(C04)，段落与主旨的联系非常紧密(S06)，全文叙事线索清晰，前后内容交代清楚(S02)，段落间的衔接也比较自然(S08)。在详略处理上，能够突出学习魔方的过程这一重点(S09)，对其他本领则能一笔带过(S10)，且基础的语言表达能力较好，语句基本通顺完整(E01)。然而，文章在选材的充分性上还有提升空间(C02)，对主题的思考角度较为单一(C06)，未能展现出更深刻或独特的个人感悟(C05)。语言表达方面，虽然词句使用基本恰当(E02)，但表现手法单一(E07)，叙述多于描写(E06)，也较少运用修辞手法来增强表达效果(E05)。尤其是在关键环节，如“独创的方法”和与父亲比赛的过程，缺少具体生动的细节刻画(E11)，导致段落内部的句子之间联系不够紧密，有时只是信息的简单罗列(S07)。此外，文章的开头和结尾部分显得较为平实，可以尝试设计得更具吸引力(S11，S12)。"
130236,"本文围绕学素描这一中心事件组织材料(C04)，段落与主旨、句子与段落中心句的联系都比较紧密(S06，S07)，且语句通顺完整(E01)，使得记叙线索清晰。文章选取了老师讲解技法和自己练习画直线这两个具体事例作为支撑(C02)，并从技巧和练习两个角度进行了叙述(C06)。然而，文章在深度和细节上存在不足。首先，对核心学习过程的描写不够详尽(S09)，对人物事件的细节刻画较为欠缺(E11)，导致文章缺乏独特的个人体验和深刻的感悟(C05)。其次，文章的结构衔接有待加强，开头过于平淡(S11)，段落之间缺少必要的过渡(S03，S08)，前后内容的交代不够清晰(S02)。在语言表达上，词语的运用较为平实，不够生动优美(E02)，表达方式也显得单一(E06)，未能综合运用修辞或表现手法来增强文章的感染力(E05，E07)。"
130237,"文章选取了学习不同泳姿和参加水立方比赛的具体经历作为素材，材料较为充实，能够支撑起“我学游泳”这一题目(C02)。叙述内容基本围绕“游泳”这一中心展开，无论是学习过程中的困难还是比赛中的趣事，都服务于文章主题(C04)。但在思想深度上略显不足，对“勇敢、不放弃”的感悟仅在结尾提及，未能在行文中体现出独特的思考或深刻的见解(C05)。虽然涉及了蛙泳、蝶泳、仰泳及比赛等多个侧面，但多角度挖掘不够深入，未能充分展现主题的丰富性(C06)。在结构安排上，文章按时间顺序交代了学游泳到比赛的过程，前后内容基本连贯(S02)。但在段落间的过渡上略显生硬，如使用“还有”、“之后就是”等连接词，粘合度有待提高(S03)。各段落虽围绕游泳展开，但与“有趣”或“成长”的主旨结合得不够紧密，有时显得较为松散(S06)。句与句之间的逻辑衔接有时不够顺畅，部分句子跳跃性较大，未能紧密围绕段落中心展开(S07)。段落间的内在联系不够紧密，特别是第三段末尾突然提到“爷爷带我游泳”，显得突兀(S08)。详略安排上欠缺火候，对“奋力游”及克服困难的重点过程描写不够细致(S09)，过渡性材料也未能有效略写，导致叙事节奏较为平淡(S10)。开头直抒胸臆，虽然切题但较为简单(S11)；结尾总结了收获并表达喜爱之情，简洁明了但稍显常规(S12)。语言表达方面，语句基本通顺，意思表达完整，但存在如“被其他人落后了好几次”等不够规范的表述(E01)。词汇较为贫乏，缺乏生动优美的描写，多为口语化表达(E02)。修辞手法运用较少，未能有效增强文章的感染力(E05)。表达方式单一，主要依靠平铺直叙，缺乏细致的描写和深情的抒发(E06)。表现手法较为常规，缺乏新意(E07)。不过，文中捕捉到了“仰泳撞墙”、“枪声一响被吓一跳”等具体细节，体现了一定的观察力(E11)。叙事虽有顺序，但在主次情节的安排上还需进一步优化，以突出重点(E12)。"
130239,"文章选取了“煎鸡蛋”这一具体的生活实例作为素材，内容充实，能够支撑起文章的叙述框架(C02)，且全篇叙述紧紧围绕“我学会了煎鸡蛋”这一中心展开，选材剪裁得当，主旨明确(C04)。在结构安排上，段落与段落之间的逻辑关系较为紧密，能够按照事情发展的顺序推进(S08)，对于煎鸡蛋过程中的打蛋、翻面等重点环节进行了较为详细的描写，体现了详写重点的意识(S09)。各段落的内容都能较好地服务于文章主旨，整体连贯性尚可(S06)。然而，文章在语言表达和细节处理上仍有提升空间。虽然叙事完整，但语句的通顺度和逻辑性一般，部分句子存在口语化倾向或句式杂糅，如“油会不会溅出来吗”(E01)。词句的生动性和优美程度平平，缺乏细腻的描写来增强感染力(E02)，且未能综合运用多种修辞手法来丰富语言表现力(E05)。在表达方式上，主要依赖平铺直叙，缺乏描写、抒情等多种方式的结合，使得文章略显单薄(E06)。此外，文章在前后内容的交代和段落间的过渡衔接上略显生硬，缺乏自然的过渡词句(S02)(S03)。结尾部分虽然简洁，但稍显仓促，未能很好地升华主题(S12)。思考角度较为单一，仅停留在动作叙述层面，缺乏对体验的深层感悟(C06)。"
130240,"文章能够围绕“我的书法课”这一中心选择和组织材料，叙述了初学时的趣事和进步过程(C04)，选取了写名字和练“河”字的具体材料，内容尚算充实(C02)。段与段之间的关系较为紧密，时间线索明确(S08)，各段落也能与主旨保持联系(S06)，句段内部逻辑基本连贯(S07)。然而，在结构上，开头关于文房四宝的罗列略显生硬，不够恰当(S11)，结尾的感悟虽然简洁但略显仓促(S12)，前后内容的交代有时不够清楚，如墨水情节的叙述(S02)，过渡词句的使用也较为普通(S03)。在详略安排上，虽试图详写重点部分(S09)和略写过渡材料(S10)，但区分度不够明显。语言表达方面，语句通顺度尚可(E01)，但存在句式杂糅等语病，词句缺乏生动性和优美感(E02)，修辞手法(E05)和表现手法(E07)使用较少，表达方式较为单一(E06)。虽然关注到了人物和事件的细节(E11)并尝试按顺序观察(E12)，但缺乏多角度的思考(C06)和深刻的原创性思想(C05)。"
130241,"文章选取了学骑自行车这一具体的生活经历作为素材，内容较为充实(C02)，基本能够围绕“坚持不懈”的中心思想来组织和安排情节(C04)。但在立意上，题材较为常规，缺乏独特的视角和深刻的原创性思考(C05)，未能从心理变化、侧面烘托等多角度来丰富主题表现(C06)。在结构安排上，文章按照学习过程的顺序进行叙述，条理清晰(E12)，前后内容交代较为完整(S02)，段落之间使用了过渡句，关系较为紧密(S03)(S08)。但在详略处理上存在不足，对学车过程中“费力”、“掉下来”等重点动作和心理细节描写不够详尽(S09)(E11)，而对于开头提及的其他爱好等过渡性材料未能做到简洁有力的略写(S10)。开头部分略显拖沓，未能迅速切入正题(S11)，结尾的感悟总结虽然点题但稍显生硬(S12)，导致部分段落和句子与主旨的紧密度有待提升(S06)(S07)。语言表达方面，全文语句通顺，意思完整，阅读流畅(E01)。虽然尝试使用了“记忆犹新”、“九牛二虎之力”等成语，但整体词句的生动性和优美度一般(E02)。在表达技巧上，修辞手法运用较少(E05)，表达方式以平铺直叙为主，缺乏描写与抒情的有机结合(E06)，表现手法也较为单一(E07)。"
130242,"文章紧扣“弹钢琴”这一主题，选取了初学时的艰辛练习、尝试作曲的乐趣以及参加比赛获奖等具体事例，材料丰富且紧紧围绕中心展开(C02)(C04)。特别值得肯定的是，文中融入了自己创作乐曲的独特经历，以及结尾处关于毅力与坚持的深刻感悟，体现了极佳的原创性和思想深度(C05)。作者善于从不同角度思考主题(C06)，并能敏锐捕捉人物和事件的细节，如父亲严厉要求时的焦急心理、比赛时“憋住气”“出冷汗”的紧张状态，描写得十分生动具体(E11)。结构上，文章按照时间顺序展开，条理清晰(E12)，前后内容交代得非常清楚(S02)，各段落与主旨联系紧密(S06)，段落之间衔接自然(S08)，过渡词句运用得当(S03)。段落内部句子紧密围绕中心句展开(S07)。在材料剪裁方面，作者展现了极强的把控能力，对识谱认音等过渡性内容进行了极佳的略写(S10)，对练琴的波折和比赛的过程进行了详写(S09)，做到了详略得当。开头直入主题(S11)，结尾简洁利落地总结了感悟(S12)。语言表达方面，全篇语句通顺，意思完整(E01)。但相比于充实的内容，语言显得较为质朴，词句的生动优美程度有待提升(E02)，修辞手法的运用较少(E05)。同时，表达方式和表现手法较为单一，主要以平实的记叙为主(E06)(E07)。建议在今后的写作中，多尝试运用比喻、拟人等修辞手法，并结合环境描写、侧面描写等多种方式，增强文章的文学色彩。"
130243,"文章选取了“抖空竹”这一具体生活素材，材料选择较为具体充分(C02)，整体上能围绕“我的本领”这一中心组织材料(C04)。叙事条理清晰，能够有主次、有顺序地对事件进行观察(E12)，并关注了人物动作和事件发展的细节(E11)。但在立意上较为常规，缺乏独特的思想深度(C05)，思考角度也较为单一(C06)。在结构布局方面，段落之间能够使用过渡词句进行粘合(S03)，句子与段落中心、段落与段落之间的关系较为紧密(S07，S08)。然而，文章对于学习过程中遇到的困难及克服过程这一重点部分描写不够详尽(S09)，过渡性材料的略写处理也较为一般(S10)。开头采用了较为传统的列举方式，不够新颖(S11)，结尾虽然简洁利落(S12)，但各段落与主旨的紧密联系程度尚需加强(S06)，前后内容的交代也可以更加清晰流畅(S02)。语言表达上，全篇语句通顺，意思完整(E01)，综合使用了记叙和议论的表达方式(E06)。不过，文笔略显平淡，词句不够生动优美(E02)，修辞手法(E05)和表现手法(E07)的运用较为匮乏，使得文章感染力稍显不足。"
130244,"文章选取了刻土豆印章的具体过程作为素材，材料选取较为充分(C02)，且能够根据文章重点详写刻制过程(S09)，略写准备工作等过渡性材料(S10)，详略安排合理。叙事结构完整，能够交代清楚事情的前因后果(S02)，并按照有主次、有顺序的方式进行观察和记录(E12)。文中较为熟练地运用了连接词，能够用过渡词句紧密粘合相邻段落(S03)，使得行文流畅。虽然文章能围绕中心组织材料(C04)并体现出一定的原创性(C05)，但各段落与主旨的紧密联系程度一般(S06)，开头(S11)和结尾(S12)虽简洁但稍显平淡。语言表达上，词句运用尚可(E02)，语句基本通顺(E01)，但在综合使用多种修辞手法(E05)和表达方式(E06)方面较为薄弱，对人物和事件细节的关注度也有待提高(E11)。"
130301,"文章主题明确，结构清晰，能够从生活，学习和情感等多个角度选取材料来表现中心，体现出较好的构思能力(C06)，所选用的如做糖醋排骨，陪练小号等材料也比较具体，能够围绕中心展开(C02)(C04)，开篇点题，结尾运用比喻总结，首尾呼应，完整性好(S11)(S12)，全文段落衔接和内容的前后衔接也比较自然流畅(S08)(S02)，语句通顺，用词基本恰当(E01)(E02)，但文章的主要问题在于细节刻画的缺失(E11)，例如妈妈如何“耐心”地教，遇到了什么“困难”以及妈妈如何伸出“援手”，这些关键情节都缺乏具体的描绘，导致文章停留在事件的罗列上，未能深入展现人物的情感与个性，这也使得文章的思想深度和独创性打了折扣(C05)，在表达方式上，全文以叙述为主，描写和抒情等方式运用不足(E06)，导致观察事物的层次感和主次感不强(E12)，修辞手法的运用也较为单一(E05)，这些因素共同影响了文章的感染力。"
130302,"文章在选材与主旨的契合度上表现较好，能够选取母亲送衣服和新闻中母亲捐献器官这两个具体事例来支撑观点，材料较为充分(C02)，并且能围绕父母之爱这一中心来组织这些材料(C04)，各段落及段内句子也能与主旨和段落中心句紧密相连(S06)(S07)。然而，文章的结构组织与内容深度是主要的失分点，段落之间的关系不够紧密(S08)，缺少必要的过渡词句进行粘合(S03)，导致前后内容的交代不够清晰(S02)，同时开头和结尾的处理也显得较为平淡(S11)(S12)。在思想内容上，文章的立意停留在较为普遍的认知层面，未能展现出独特的思考或深刻性(C05)，也未能从多个角度对主题进行挖掘(C06)。写作技巧方面，对于重点部分的详写不够突出(S09)，对过渡性材料的略写也不够简练(S10)，对人物和事件的细节关注不足(E11)，观察也缺乏主次和顺序(E12)。语言表达基本通顺，能表情达意(E01)，但词句的运用不够恰当生动(E02)，修辞手法的运用非常欠缺(E05)，综合表达方式与表现手法的运用也停留在基础水平(E06)(E07)。"
130304,"文章在选材上表现突出，能够选取海南受伤这一具体事例来表现母爱，材料较为充分(C02)，并且这些材料能够紧密围绕文章的中心展开(C04)。然而，文章在思想内容的深刻性上表现一般，未能展现出独特的思考(C05)，同时思考问题的角度也比较单一(C06)。在篇章结构方面，各段落与主旨的联系尚可(S06)，段落内部的句子之间也基本能够做到围绕中心句展开(S07)，段与段之间的关系较为紧密(S08)，结尾处理得简洁利落(S12)。但文章前后内容的衔接交代不够清晰，尤其是第一段和第二段之间的过渡显得突兀(S02)，且开头部分显得较为平淡直接(S11)。文章对重点部分进行了一定的详写，对次要材料也进行了略写，但详略处理的技巧仍有提升空间(S09)(S10)。语言表达方面，语句基本通顺完整(E01)，但词语的运用不够恰当生动(E02)，在修辞手法、表达方式和表现手法的综合运用上都显得比较欠缺(E05)(E06)(E07)。尽管文中关注到了一些事件细节，但观察的层次和主次顺序的安排还有待加强(E11)(E12)。"
130306,"文章选取了生病送药和纠正挑食两个具体事例，材料充实，能够有力支撑父爱这一主题(C02)；不仅描写了父亲温柔的一面，也展现了严厉的一面，体现了对主题多角度的思考与选材(C06)。全篇紧紧围绕“爸爸的爱”这一中心进行组织，叙事集中，未见偏题现象(C04)。但在思想深度上，所选素材较为常见，独特性和原创性略显不足(C05)。结构方面，开头通过欲扬先抑的手法设置悬念，引人入胜，写法恰当(S11)；结尾总结全文，简洁明了(S12)。文章能够详写生病时的感受及父亲的言行等重点部分(S09)，略写过渡性内容(S10)，详略得当。各段落与主旨联系紧密(S06)，段落间使用了过渡词句进行粘合(S03)，句段内部逻辑也较为连贯(S07)。不过，叙事中部分前后内容的交代还可以更加顺滑(S02)。语言表达上，全文语句通顺流畅，意思表达完整(E01)。运用了欲扬先抑等表现手法，增强了文章的感染力(E07)。作者关注人物和事件细节，如“像刀片在肚子里乱跳”、“轻轻摸着我的头”等描写生动具体(E11)；词句运用恰当，具有一定的画面感(E02)。观察事物有主次、有顺序(E12)，并综合运用了记叙与议论的表达方式(E06)。但在修辞手法的综合运用上相对单一，丰富度有待提高(E05)。"
130307,"文章选取了“生病就医”这一具体的生活事例来表现母爱，材料真实具体(C02)，能够围绕“父母的爱”这一中心进行叙述(C04)。但在选材上较为常见，缺乏独特的视角和深刻的思想内涵(C05)，未能从多个角度来展现主题(C06)。文章叙事条理清晰，起因、经过、结果交代得比较清楚(S02)，段落之间能够利用时间词进行过渡(S03)，各段落内容紧密围绕主旨展开(S06)，句子与段落中心联系紧密(S07)，段落间关系较为紧凑(S08)。开头简单交代背景(S11)，结尾直抒胸臆点明主题(S12)。在详略安排上，略写了起因(S10)，详写了就医过程，但重点部分的细节描写还不够丰满(S09)。全篇语句通顺，意思表达完整(E01)，能够按照事情发展的顺序进行观察和记录(E12)。但在语言表达上较为朴实，词句不够生动优美(E02)，修辞手法运用较少(E05)，虽然关注到了“脱大衣”等细节(E11)，但整体表现手法较为单一(E07)，表达方式以记叙为主(E06)。"
130308,"文章能够围绕“妈妈的爱”这一中心选择早起和早餐两件日常小事作为材料，内容选取较为具体充分(C02)，且材料的组织能紧扣文章中心(C04)。从结构上看，文章以时间为序，交代清楚了前后内容(S02)，段落之间关系紧密(S08)，衔接也较为自然(S03)，各段落及段内句子均能与主旨紧密相连(S06)(S07)，开头能直接点题(S11)，结尾也能呼应主旨(S12)，全文语句通顺完整(E01)。然而，文章在立意上未能跳出常规思路，独创性和思想深刻性不足(C05)，思考主题的角度也较为单一(C06)。在表达技巧方面，对重点部分的详写不够突出(S09)，对人物和事件的细节关注不足(E11)，导致观察的主次顺序不够分明(E12)，同时，文章缺少必要的略写过渡(S10)。全文以叙述为主，表达方式(E06)和表现手法(E07)都比较单一，词句的运用虽基本恰当但不够生动优美(E02)，修辞手法的综合运用较少(E05)，这些都限制了文章的表现力。"
130309,"这篇作文以《父母的爱》为题，选取了“爸爸从日本带回铅笔盒”这一具体事例以及引用《游子吟》作为支撑材料，内容充实，能够选取具体充分的材料(C02)。文章整体能够围绕“父母的爱”这一中心进行选材和组织，主旨明确(C04)。开头运用排比和比喻的手法，将父母的爱比作棉袄、夏风和线，入题迅速且形象，能写出恰当的开头(S11)。在结构安排上，文章段落划分清晰，段与段之间的关系较为紧密(S08)，各段落也能与主旨保持联系(S06)。在叙事过程中，小作者能够详写爸爸送礼物这一重点部分，突出了惊喜感(S09)，同时叙事有一定的时间顺序(E12)。语句方面，整体通顺，意思完整(E01)，部分词句运用较为恰当(E02)。然而，文章在思想深度上略显不足，对“父母的爱”的理解主要停留在物质层面（礼物），缺乏独特性和原创性(C05)。在引用古诗与叙述具体事例之间，过渡略显生硬，未能很好地用过渡词句粘合相邻段落(S03)，前后内容的交代也显得有些突兀(S02)。虽然尝试了多角度思考(C06)，但表现手法(E07)和表达方式(E06)较为单一。细节描写方面，虽然有对话和动作，但关注人物和事件细节不够深入(E11)。结尾虽然表达了报答之情，但略显仓促简单(S12)。句与句之间、段落中心句之间的逻辑联系也有待加强(S07)。修辞手法除了开头外，文中运用较少(E05)。略写过渡性材料的能力也表现一般(S10)。"
130310,"文章能够紧密围绕母爱这一中心来选择和组织材料(C04)，选取的为妈妈披衣和关注学习这两个事例也比较具体充分(C02)，同时各段落能够与主旨紧密相连(S06)，段落内部的句子也能围绕中心句展开(S07)。语言表达上，语句通顺完整(E01)，词句的运用也较为恰当生动(E02)，开头和结尾的处理简洁有效(S11)(S12)。在此基础上，文章在思想深度上还可以进一步挖掘，使观点更具独特性(C05)。结构方面，段落之间有基本的联系(S08)，也使用了一些过渡词句(S03)，但在材料的详略处理上，能够对过渡性材料进行略写(S10)，可对重点部分的详写还不够充分(S09)，例如妈妈给我穿大衣的细节描写可以更深入(E11)，观察的顺序性也需要加强(E12)。此外，文章对主题的思考角度可以更多元化，目前主要集中于生活与学习，角度略显单一(C06)，事件的前后内容交代有时不够清晰(S02)。在表现力上，文章虽然使用了一些修辞手法(E05)，但在综合运用多种表达方式(E06)和表现手法(E07)方面还有提升空间。"
130311,"文章选取了自己摔伤骨折后父母奔波求医、悉心照料的具体事例，材料真实且充实，很好地支撑了主题(C02)。全文紧紧围绕“父母的爱”这一中心来组织材料，叙事脉络清晰(C04)。不过，文章在立意上较为常规，缺乏独特的视角或深刻的见解(C05)，多角度表现主题的意识也有待加强(C06)。在结构上，文章前后内容交代基本清楚，叙事完整(S02)。段落之间能利用时间词进行过渡，粘合度尚可(S03)。各段落内容均紧扣主旨展开(S06)，句与句之间的联系也较为紧密(S07)，段落间的逻辑关系清晰(S08)。值得肯定的是，文章详略得当，对父母在医院照顾自己的重点情节进行了详写(S09)，而对转院过程等过渡性材料则进行了略写(S10)。开头引用歌词引入，中规中矩(S11)；结尾直抒胸臆，简洁明了(S12)。语言表达方面，整篇文章语句通顺，意思表达完整(E01)。但在词句的生动性和优美度上还有提升空间(E02)。修辞手法(E05)和表达方式(E06)运用得比较单一，表现手法也较为常规(E07)。虽然关注到了父母照顾自己的细节(E11)，且能按时间顺序有主次地进行叙述(E12)，但若能加强对人物神态、心理的刻画，感染力会更强。"
130312,"文章选取了生病时妈妈的照顾和学车时爸爸的保护两件具体事例，材料充实且贴合生活实际(C02)；这两件事紧密围绕“父母的爱”这一中心进行组织，主题集中(C04)；虽然选材较为常见，但能体现出作者的真情实感，具有一定的思想基础(C05)；作者分别从母爱和父爱两个角度切入，展现了多角度思考的能力(C06)。在结构上，文章前后内容交代清楚，逻辑连贯(S02)；使用了“还有一次”等过渡词句，使相邻段落衔接自然(S03)；各段落均紧扣主旨，无游离内容(S06)；段落内部句子之间联系紧密，围绕中心句展开(S07)；段与段之间关系紧密，构成了一个有机的整体(S08)。详略处理方面，重点情节的描写稍显平淡，不够详尽(S09)；过渡性材料处理得当，略写适度(S10)；开头直抒胸臆，引出下文(S11)；结尾总结全文，升华主题，简洁明了(S12)。语言表达方面，语句通顺流畅，意思表达完整(E01)；词句运用较为恰当，如“满头大汗”等词语增强了画面的生动性(E02)；修辞手法运用较少，语言风格较为朴实(E05)；主要运用了记叙和议论的表达方式(E06)；表现手法较为常规(E07)。在描写上，作者关注了人物动作和事件细节，如“一口一口的喂”、“紧紧的拉着”(E11)；叙事条理清晰，观察有序(E12)。"
130313,"文章选取了奥森公园游玩买冰棍的具体事例，材料充实具体(C02)，语句通顺流畅，意思表达完整(E01)。在结构上，能够详写发脾气及受教育的重点部分(S09)，并运用过渡词句较好地粘合了相邻段落(S03)，关注到了找冰棍过程中的人物和事件细节(E11)。但在围绕中心组织材料方面略显松散(C04)，中间段落关于游玩过程的叙述与“帮助长大”这一主旨的联系不够紧密(S06)，且表达方式较为单一，缺乏多样的描写手段(E06)。"
130316,"文章能够从父亲的远程关怀和母亲的即时保护两个不同方面来表现主题，体现了较好的多角度选材能力(C06)，并且开篇直接点题，结构清晰(S11)。叙事逻辑是本文的突出优点，尤其在地铁事件中，对事件经过的交代顺序清晰(E12)，前后内容衔接顺畅(S02)，段落内部的句子也能围绕核心事件展开(S07)，使得整个故事的表达非常通顺流畅(E01)。此外，文中不乏一些展现情感的细节，例如妈妈在寒冷时把衣服给“我”穿，能够有效支撑中心(E11)，所用词语也较为恰当(E02)。然而，文章在深度和表现力上还有提升空间。所选取的材料虽然具体，但挖掘不够深入，导致思想的独特性稍显不足(C05)，两个故事之间缺少必要的过渡，段落间的联系显得有些松散(S08，S03)，这在一定程度上影响了材料的组织效果(C04)，结尾的升华也略显仓促和口号化(S12)。同时，文章对重点部分的详写不够充分(S09)，对过渡性材料的略写意识不强(S10)，表达方式以叙述为主，较为单一(E06)，缺少多样的修辞手法和表现手法的综合运用(E05，E07)，使得文章的文学色彩和感染力打了折扣。"
130317,"文章能够围绕中心选择妈妈做鸡蛋饭这一具体事件作为材料(C04)，并通过与平时吃面包的对比来凸显主题，体现了一定的选材角度(C06)，所选材料较为充分具体(C02)。全文叙事展现了清晰的观察顺序，从回家听到声音到进门看见妈妈，再到等待和吃饭，过程井然有序(E12)。文章的段落之间按照时间顺序展开，关联性较好(S08)，结尾也能简洁地回应主旨(S12)，语句通顺完整，是本文的突出优点(E01)。然而，文章在表现力上存在不足，作为核心情节的炒饭和吃饭过程，没能进行详尽的描写，导致重点不突出(S09)，对人物和事件的细节刻画也略显不足(E11)。同时，文章主要依靠叙述来推进，表达方式较为单一(E06)，也较少运用修辞手法和表现手法来增强感染力(E05，E07)。在结构衔接方面，开头虽然能引出事件，但略显平淡(S11)，内容之间有时转换不够自然，例如从吃饭直接跳到上英语课的感受，逻辑上略有跳跃(S02)，段落间的粘合也缺少必要的过渡词句(S03)。"
130318,"文章选取了爸爸专门为“我”做饭以及父母带“我”重游公园两件具体的生活事例，材料选择具体且充分(C02)，能够紧紧围绕“父母的爱”这一中心来组织材料(C04)，各段落内容与主旨联系紧密(S06)。在叙述中，作者能够详写爸爸“放下筷子”赶紧做饭、游玩时“默默看着”等重点情节(S09)，略写了行程安排等过渡性内容(S10)，并且能够关注到人物和事件的细节(E11)。文章开头直入主题，交代了感受最深的事，起笔恰当(S11)；全文语句通顺，意思表达完整(E01)。不过，文章在段落之间缺乏有效的过渡词句，衔接不够自然(S03)，段与段之间的逻辑关系略显松散(S08)。结尾虽然表达了报答之情，但较为简短，显得不够有力(S12)。此外，文中使用修辞手法较少(E05)，词句表达较为口语化，生动性有待提升(E02)，若能多角度深入思考主题并选用更丰富的材料(C06)，文章会更具感染力。"
130319,"文章构思充满童趣，想象力丰富，选取了小狮子利用大象跷跷板飞向太空这一具体且富有创意的材料(C02)，并能从出发、寻找、定居、发现秘密等多个角度展开叙述(C06)。故事围绕“外星之旅”这一中心进行组织(C04)，展现了一定的原创思维(C05)。在结构上，文章按照时间顺序有条理地推进(E12)，开头交代起因(S11)，结尾简洁利落地交代归程(S12)，前后内容交代基本清楚(S02)。段落之间能够运用过渡词句进行连接(S03)，各段落与主旨保持了一定的关联(S06)，段际关系尚可(S08)，对过渡性材料也进行了适当的略写处理(S10)。然而，文章在重点内容的铺陈上略显单薄，对外星生活的奇遇描写不够详尽(S09)，部分句子之间的逻辑联系不够紧密，存在重复表述的情况(S07)。语言方面，全篇语句通顺流畅(E01)，但在词句的生动性和优美度上有所欠缺(E02)，较少使用修辞手法(E05)和多样的表达方式(E06)，表现手法较为单一(E07)，对人物和事件的细节刻画也略显粗糙，不够深入(E11)。"
130320,"文章在立意与构思上表现突出，能够紧密围绕文章中心来选择和组织材料(C04)，特别是通过引入《成吉思汗和鹰》的故事进行自我反思，使文章具备了思想上的独特性与原创性(C05)。文章从父母两个角度切入，体现了多角度思考的能力(C06)，同时做到了开头恰当(S11)与结尾简洁(S12)。结构方面，全文语句通顺完整(E01)，段落内部的句子能够围绕中心句展开(S07)，观察也体现出主次顺序(E12)。然而，文章的不足之处在于段落之间的关系不够紧密，尤其是父亲和母亲两部分之间的过渡略显生硬(S08)。对于核心事件的刻画不够深入，例如与母亲争执的具体情景，未能进行充分的详写(S09)。此外，语言表达较为平实，词句的生动优美程度不足(E02)，修辞手法(E05)、表达方式(E06)及表现手法(E07)的综合运用能力也有待提升。"
130323,"文章能够选取两次长针眼的具体经历作为写作材料，内容较为充分具体(C02)，并且各段落记叙的事件均能与“父母的爱”这一主旨紧密相连(S06)。对于父母照顾自己的核心情节，能够展开详写，突出了文章的重点部分(S09)，结尾也能直接点题，干净利落(S12)。全文语句通顺，意思表达完整(E01)，这是本文的突出优点。然而，文章在结构组织与思想开掘上存在提升空间。开头对“针眼”的医学解释与文章情感基调有所脱节，作为开篇略显生硬(S11)。段落间的衔接处理不够自然，如第二段单纯罗列时间，未能有效交代前后内容(S02)，也缺少必要的过渡词句来粘合段落(S03)，对过渡性材料的处理显得过于简略(S10)。此外，文章虽然从父母两个角度展开，具备一定的思考维度(C06)，但对主题的提炼停留在较为普遍的认知层面，未能展现出更深刻或独特的思想性(C05)。在语言表达层面，词句的运用虽基本恰当但略显平实，不够生动(E02)，记叙是主要的表达方式，综合表达方式运用不足(E06)，且未能有效运用多种修辞手法来增强语言的表现力(E05)。"
130324,"文章选取了买花、吃饭时让菜、喝酸奶以及吃钙片等日常生活中的具体事例，材料选取较为充实，能够支撑起“父母的爱”这一主题(C02)。全文始终围绕着父母与子女相处的温情时刻展开，材料组织紧扣中心思想(C04)。作者试图从节日庆祝、日常饮食、生活琐事等多个角度来表现父母无微不至的关怀，体现了一定的多角度思考能力(C06)。但在思想深度上，文章立意较为常规，缺乏独特的见解或原创性的思考(C05)。在结构方面，文章开头列出任务清单的方式略显生硬，未能很好地引出下文(S11)。段落之间缺乏有效的过渡词句进行粘合，导致叙事节奏略显跳跃(S03)。前后内容的交代不够连贯，部分情节转换突兀(S02)。各句话与段落中心句的联系不够紧密，段落内部逻辑略显松散(S07)。段与段之间的逻辑关系也显得不够紧密(S08)。不过，各段落的内容大体上都能服务于主旨，没有偏离主题(S06)。详略安排上中规中矩，虽然对吃饭时的细节有一定描写，但重点部分的渲染力度尚显不足(S09)，过渡性材料的处理也较为生硬(S10)。结尾处运用比喻对主题进行了升华，简洁利落，具有一定的感染力(S12)。语言表达上，语句通顺流畅，意思表达完整(E01)。但词汇较为平实，缺乏生动优美的描写(E02)。修辞手法运用较少，仅在结尾处有所体现(E05)。表达方式以记叙为主，略显单一(E06)。表现手法上也较为常规(E07)。虽然作者关注到了生活中的细节，如“让黄瓜”，但细节描写不够细腻(E11)。观察顺序基本清晰，但主次界限不够分明(E12)。"
130327,"文章围绕“父母的爱”这一主题，选取了日常做饭和生病求医两个具体事例，材料选取较为充实(C02)，且这些材料都能紧密围绕中心进行组织，体现了明确的写作意图(C04)。虽然在选材上能够尝试从生活照顾和生病护理等角度表现主题(C06)，但整体构思较为常规，缺乏独特的视角或深刻的思想感悟(C05)。在结构布局上，各段落内容均能紧扣主旨展开，方向明确(S06)。文章对生病看病的过程进行了较为详细的叙述，突出了重点(S09)，对日常做饭等过渡性内容做了一定程度的略写处理(S10)。然而，文章在起承转合上显得较为生硬，前后内容的交代不够清晰连贯(S02)，段落之间缺乏有效的过渡词句进行粘合(S03)，句与句、段与段之间的逻辑关系不够紧密(S07)(S08)。开头较为平铺直叙，吸引力不足(S11)，结尾虽然点题但收束略显仓促(S12)。在语言表达方面，语句基本通顺，意思表达完整(E01)。能够结合记叙和简单的议论表达情感(E06)，并尝试关注了一些细节，如打针时的感受等(E11)，观察具有一定的条理性(E12)。但在文采方面有待提升，词句表达较为平淡，缺乏生动性和优美感(E02)，修辞手法的使用较为匮乏(E05)，表现手法也显得单一(E07)。"
130328,"文章的核心优点在于选材与主旨的契合度较高，能够选取一次生病求医的具体事件作为材料，内容较为充分(C02)，并且整个叙事过程都紧密围绕“妈妈的爱”这一中心展开(C04)，使得文章的段落与主旨联系紧密(S06)。在结构安排上，对生病过程的详写处理得当(S09)，结尾部分也能简洁有力地升华情感(S12)，全文叙事线索清晰(S02)，语句基本通顺完整(E01)。然而，文章在思想深度与表达技巧上存在明显不足，所选材料和主题都较为常见，未能展现出独特的思考或新颖的立意(C05)。文章的开头平铺直叙，显得较为平淡(S11)。最大的问题体现在段落内部的句间关系上，第一段虽然是围绕生病这件事来写，但句子之间只是按照时间顺序简单串联，缺乏围绕段落中心句的有机组织，显得松散，有流水账之嫌(S07)。此外，文章在修辞(E05)、表达方式(E06)和表现手法(E07)的综合运用上都比较单一，限制了文章的感染力。"
130329,"本文中心明确，能够围绕父母的爱这一主旨来组织材料(C04)，特别是对母亲日常关爱行为的描写，选材具体且充分(C02)，通过放学接送、准备水果、陪伴写作业等一系列生活细节(E11)，按照清晰的时间顺序(E12)进行了重点详写(S09)，使得文章内容充实，段落与主旨的联系也因此非常紧密(S06)。全文叙事清晰(S02)，段落间的衔接较为紧密(S08)，语句通顺流畅(E01)，词语使用比较恰当(E02)。然而，文章在思想深度和广度上还有提升空间，目前对主题的思考角度较为单一，主要集中在母亲生活上的照顾，未能从更多角度展开(C06)，导致立意略显平凡，缺乏独特的个人感悟(C05)。在结构方面，开头和结尾的处理显得较为仓促和简单(S11，S12)，段落之间也缺少必要的过渡词句，使得文气不够连贯(S03)。语言表达上，虽然清晰，但修辞手法的运用不足(E05)，表现手法也比较单一(E07)，若能增加一些生动的描写或修辞，文章会更具感染力。"
130330,"文章选取了早晨做饭、送学，中午接送、午饭，下午接送、背书包，以及晚上陪读、准备晚餐等一天中的具体事例，材料选取具体且充分(C02)，并且所有的素材都能紧紧围绕“妈妈的爱”这一中心进行组织(C04)。虽然选材较为常规，多为日常生活照料，在独特性和思想深度上还有提升空间(C05)，但在多角度思考主题方面表现尚可(C06)。在结构上，文章各段落内容与主旨联系非常紧密(S06)，段落内部各句话也能紧密围绕段落中心展开(S07)。文章按照时间顺序安排段落，段与段之间关系较为紧密(S08)，能够清楚交代前后内容(S02)，并使用过渡词句连接(S03)。在详略安排上，作者能够详写接送、饮食等重点部分(S09)，略写过渡性材料(S10)。开头直接点题，引出下文(S11)，结尾简洁利落，总结全文并抒发情感(S12)。同时，作者能够有主次、有顺序地进行观察(E12)。语言表达方面，全文语句通顺，意思完整(E01)，词句运用较为恰当(E02)。作者关注到了人物和事件的细节，如妈妈帮忙背书包、准备热牛奶等(E11)。但在修辞手法的综合运用上略显不足，语言较为平实(E05)，表达方式也以记叙为主，相对单一(E06)，表现手法的多样性也有待加强(E07)。"
130331,"该生作文选取了“发烧看病”和“公园攀岩”两个具体且充分的事例，有效地支撑了文章主题(C02)；虽然选材较为传统，缺乏独特的原创性和深刻的思想挖掘(C05)，但能从生活照顾和精神鼓励两个角度切入，体现了对主题的多角度思考(C06)，且整体选材和组织都能紧紧围绕“父母的爱”这一中心展开(C04)。在结构安排上，文章叙事完整，能够清晰交代事件的前因后果(S02)；详略处理得当，对发烧时父母的焦急和攀岩过程中的心理变化进行了详写(S09)，过渡性材料处理简洁(S10)。各段落内容及段内语句均能紧密围绕主旨展开(S06)(S07)，开头开门见山，结尾直抒胸臆，虽显常规但较为恰当(S11)(S12)。不过，段落间的过渡主要依靠简单的连接词，粘合度一般(S03)，段与段之间的内在逻辑联系显得不够紧密(S08)。语言表达方面，全文语句通顺流畅，意思表达完整(E01)；叙事过程中关注到了人物神态和心理活动的细节(E11)，观察有主次、有顺序(E12)。然而，文章在修辞手法的运用上较为匮乏，鲜见生动的比喻或拟人等手法(E05)，词句表达较为平实，缺乏优美感(E02)，且表现手法和表达方式较为单一(E07)(E06)。"
130332,"文章在选材上表现不错，能够选取去医院看病这一具体事件来表现父爱，材料显得较为充分(C02)，开篇也能运用比喻恰当地引出中心(S11)，主体段落与文章主旨的关联是紧密的(S06)，并且对候诊这一重点部分进行了详写(S09)。然而，文章在整体构思与叙事逻辑上存在不足，虽然材料能围绕中心(C04)，但思考角度单一，未能从多方面展开(C06)，导致立意缺乏独创性与深刻性(C05)；叙事过程中对前后内容的交代存在含混之处，例如抽血后再次挂号的表述令人费解(S02)。结构方面，段落间的衔接显得生硬，特别是从记叙转入结尾议论时缺少必要的过渡(S03)，使得段落关系不够紧密(S08)，结尾部分对内容的拓展处理不当(S10)，收束显得仓促而宽泛(S12)。语言表达层面，句子基本通顺完整(E01)，段内句子也能围绕中心句展开(S07)，但词句的运用较为平淡，缺乏生动性(E02)，修辞手法(E05)、表达方式(E06)及表现手法(E07)的运用都非常有限。此外，文章对人物和事件的细节刻画不足(E11)，观察也未能做到有主有次，缺少对关键细节的捕捉与呈现(E12)。"
130335,"这篇作文《父母的爱》紧扣主题，选取了“生病就医”和“辅导作业”两个典型事例，材料具体充分(C02)，能够较好地围绕中心进行组织(C04)。学生尝试从生活照顾和学习辅导两个不同角度来表现父母的爱(C06)，体现了一定的思考深度(C05)。在结构上，文章前后内容交代清楚(S02)，各段落与主旨(S06)、各句子与段落中心(S07)联系较为紧密，段际关系也比较连贯(S08)。详略处理得当，对生病和解题过程进行了详写(S09)，对日常琐事进行了略写(S10)。语句通顺(E01)，词句运用基本恰当(E02)。但在部分环节仍有提升空间：开头引用古诗虽切题但略显生硬(S11)，结尾虽有情感升华但较为常规(S12)，段落间缺乏巧妙的过渡词句粘合(S03)。在表达技巧上，修辞手法(E05)和表达方式(E06)运用较少，表现手法相对单一(E07)。细节描写方面，虽然有动作描写，但对人物神态和心理的刻画不够深入(E11)，观察的主次和顺序感也有待加强(E12)。"
130336,"文章能够围绕中心选择生活中的具体事例作为材料(C04)，例如过生日、父亲的提醒和日常接送，这些材料具备一定的充分性(C02)，并体现出作者尝试从不同角度展现主题(C06)，但在思想的独创性上表现平平(C05)。结构方面，文章的开头较为平淡，未能有效吸引读者(S11)，结尾则相对简洁，能够总结主旨(S12)；内容上，几个事例之间只是简单罗列，缺乏有机的衔接，导致前后内容的交代不够清晰(S02)，过渡词句的使用也比较基础(S03)；段落内部的句子尚能围绕中心句展开(S07)，段落之间也存在一定的关联(S08)，但段落与全文主旨的联系不够紧密(S06)；在详略处理上，对重点部分有一定程度的详写(S09)，但对过渡性材料的略写意识不足(S10)。语言表达上，语句基本通顺完整(E01)，能够关注到人物和事件的细节并按一定顺序进行观察(E11)(E12)，但词句的运用较为平实，不够生动优美(E02)，表达方式单一(E06)，修辞手法(E05)和表现手法(E07)的运用都有待加强。"
130337,"文章围绕“妈妈教我学英语”这一中心，选取了幼儿园时期路上口语教学和小学时期利用多媒体教材学习的具体事例，材料选取基本达标(C02)，且能围绕中心进行组织(C04)。作者尝试从妈妈的耐心辅导与偶尔严厉两个角度来思考主题(C06)，但在思想的深刻性和独特性上表现平平(C05)。在结构上，文章按时间顺序推进，前后内容交代基本清楚(S02)，使用了过渡词句粘合段落(S03)，各段落紧扣主旨(S06)，段落间的逻辑关系也较为紧密(S08)。叙事中，过渡性材料处理得比较简洁(S10)，但对重点部分如学习过程的细节描写还不够详尽(S09)，句段间的联系基本紧密(S07)。开头部分较为直白，吸引力不足(S11)；结尾虽有升华，但略显仓促生硬(S12)。语言表达方面，语句通顺且意思完整(E01)，但词汇较为贫乏，缺乏生动优美的描写(E02)，修辞手法运用极少(E05)，表达方式(E06)和表现手法(E07)也较为单一。此外，文章虽然关注了人物和事件的一些细节(E11)，并体现了一定的观察顺序(E12)，但整体描写深度有待加强。"
130339,"文章选取了父母做早餐、送上学以及深夜带病就医的具体事例，材料较为充分(C02)，且这些材料都能紧紧围绕“无私的爱”这一中心进行组织(C04)。但在思想立意上较为常规，缺乏独特的个人见解或深刻的感悟(C05)，思考角度也相对单一，主要集中在生活照顾层面(C06)。结构上，各段落内容与主旨联系紧密(S06)，能够对生病就医这一重点情节进行详写(S09)，观察叙述有一定的条理顺序(E12)。不过，文章段落之间的逻辑联系不够紧密(S08)，缺乏有效的过渡词句来粘合相邻段落(S03)，略写部分的过渡性材料处理得不够自然(S10)。叙述前后内容交代尚可(S02)，句子与段落中心的联系一般(S07)，开头和结尾虽然完整但略显平淡(S11)(S12)。语言方面，语句通顺意思完整(E01)，使用了基本的叙述和抒情方式(E06)，但词句缺乏生动优美感(E02)，修辞手法(E05)和表现手法(E07)运用较少且不够新颖。虽然关注到了生病时的部分细节(E11)，但整体描写还不够细腻。[/Thinking]文章选取了做早餐、送上学和深夜看病等具体事例，材料较为充分(C02)，且都能紧紧围绕“无私的爱”这一中心进行组织(C04)。各段落内容与主旨联系紧密(S06)，能够对生病就医这一重点情节进行较为详细的描写(S09)，观察叙述有一定的条理顺序(E12)。但在思想立意上较为常规，缺乏独特的个人见解或深刻的感悟(C05)，思考角度也相对单一(C06)。结构上，文章段落之间的逻辑联系不够紧密(S08)，缺乏有效的过渡词句来粘合相邻段落(S03)，略写部分的过渡性材料处理得不够自然(S10)。叙述前后内容交代尚可(S02)，句子与段落中心的联系一般(S07)，开头和结尾虽然完整但略显平淡(S11)(S12)。语言方面，语句通顺意思完整(E01)，使用了基本的叙述和抒情方式(E06)，但词句缺乏生动优美感(E02)，修辞手法(E05)和表现手法(E07)运用较少且不够新颖。虽然关注到了生病时的部分细节(E11)，但整体描写还不够细腻。"
130340,"文章能够紧密围绕“爸爸的爱”这一中心选择爸爸做菜的事例进行写作，立意明确(C04)。但在材料选取上较为单一，未能从生活、学习等多角度进行思考和选材(C06)，且所选素材较为常见，缺乏独特性和原创性(C05)，材料的充实度也有待加强(C02)。文章叙事过程完整，能够交代清楚前后内容(S02)，各段落与主旨、句子与段落中心的联系较为紧密(S06)(S07)，也能运用过渡词句连接相邻段落(S03)。开头交代背景，结尾点题，结构基本完整(S11)(S12)。不足之处在于段与段之间的内在逻辑联系不够紧密(S08)，详略安排有待优化，重点部分描写不够详尽(S09)，过渡性材料的略写处理也较为生硬(S10)。全篇语句通顺，意思表达完整(E01)，观察事物具有一定的顺序(E12)。但在语言表现力上较为薄弱，词句缺乏生动优美感(E02)，未能综合使用多种修辞手法增强感染力(E05)，表达方式较为单一(E06)。在描写具体事件时，对人物动作、神态以及事件细节的关注度不够(E11)，表现手法较为常规(E07)。"
130341,"文章选取了“生日买自行车”这一具体事例来表现父母的爱，材料选择比较具体，能够支撑文章主题(C02)。文章整体能够围绕“父母的爱”这一中心进行选材和组织，叙事脉络基本清晰(C04)，但在立意上较为常规，缺乏独特的视角或深刻的思想内涵(C05)，思考角度也相对单一(C06)。在结构上，文章前后内容的交代存在一些跳跃，部分情节衔接不够自然(S02)，虽然使用了过渡词句粘合段落(S03)，但段落与主旨的紧密度(S06)以及段落间的逻辑联系(S08)还有待加强。句与句之间的联系基本紧密(S07)，能够区分详略，对买车过程进行了详写(S09)，对其他内容进行了略写(S10)。开头直接点题(S11)，结尾进行了总结升华，简洁有力(S12)。语言方面，语句基本通顺(E01)，但词汇较为贫乏，缺乏生动优美的表达(E02)，修辞手法(E05)和表现手法(E07)运用较少，表达方式以记叙为主(E06)。叙事中关注了人物的语言和心理细节(E11)，观察顺序基本合理(E12)。"
130342,"文章选取了“督促跳绳”和“雨中撑伞”两个事例来表现父爱，选材具体但较为常见，尚不够丰富充分(C02)。虽然选材略显普通，但作者能够紧紧围绕“严厉与慈爱”这一中心来组织材料，使得文章主旨鲜明(C04)。从思想深度看，文章能从日常小事中感悟父爱，情感真挚，具有一定的独特性(C05)。作者尝试从严格要求和生活关心两个不同角度切入主题，选材较为合适，体现了多角度思考的能力(C06)。在结构安排上，文章叙事条理清晰，事情的前因后果交代得比较明白(S02)。特别是第三段开头使用了“不仅……还……”的关联词进行过渡，有效地粘合了相邻段落，起到了承上启下的作用(S03)。各段落内容均紧扣“爸爸的爱”这一主旨(S06)，段落内部的句子也能紧密围绕段落中心展开，逻辑性较强(S07)。整体上，段与段之间关系紧密，层层递进(S08)。在详略处理上，作者对“雨中撑伞”这一重点情节进行了较详细的描写(S09)，而对于过渡性内容则处理得较为简洁(S10)，做到了详略得当。文章开头直抒胸臆，虽然略显平淡但还算恰当(S11)，结尾总结全文并升华情感，简洁利落(S12)。在语言表达方面，全篇语句通顺，意思表达完整(E01)。虽然词句总体较为朴实，生动优美程度一般(E02)，但作者能综合运用叙述、描写和抒情等多种表达方式(E06)，并巧妙运用对比（严厉与温情）等表现手法来增强文章感染力(E07)。此外，文中虽显性修辞不多，但对比手法的运用在一定程度上体现了修辞效果(E05)。在细节描写上，作者注意到了“爸爸后背湿了”等细节(E11)，观察具有一定的主次顺序(E12)，但细节的丰富度仍有待加强。"
130343,"文章能够选取母亲送回执这一具体事件作为材料，内容较为充分(C02)，且能围绕父母的爱这一中心来组织叙述(C04)，并从自己的马虎和母亲的付出等角度对事件进行思考(C06)，但就事件本身和感悟而言，其独创性与思想深刻性不足(C05)。结构上，文章基本交代清楚了事件的前后经过(S02)，也使用了一些过渡词句连接上下文(S03)，段落之间存在关联(S08)，开头也能点明主旨(S11)；不足之处在于，段落内部个别句子与段落中心句的联系不够紧密(S07)，进而影响了段落与主旨的紧密连接(S06)，对寻找回执的过程进行了详写(S09)，但对体现母爱的核心环节即母亲送回执的过程却处理为过渡性材料且一笔带过，详略不当(S10)，结尾也显得仓促，缺乏回味(S12)。语言表达方面，语句基本通顺完整(E01)，能关注到翻找书包等动作细节(E11)，并按一定顺序进行观察叙述(E12)，但词句的运用较为平淡，不够生动优美(E02)，修辞手法(E05)、表达方式(E06)和表现手法(E07)的综合运用能力均有待提升。"
130344,"文章的核心优势在于选材，能够选取一件具体且独特的个人经历作为支撑，材料较为充分(C02)，尤其是文末父亲那句“脸上有疤好养活”的表达，体现了深刻而含蓄的父爱，使文章具备了较强的独创性与思想性(C05)。全文基本能够围绕中心组织材料(C04)，并通过在医院和整形医院的不同场景来多角度展现父亲的关爱(C06)，事件的前后交代也比较清楚(S02)。然而，文章在结构和语言层面存在明显不足。首先，段落与主旨的关联度不够紧密(S06)，段落之间的逻辑关系也较为松散(S08)，这与过渡词句使用较为单一有关(S03)。同时，段落内部的句子围绕中心句展开的意识不强，导致叙述有些零散(S07)。文章在详略处理上也有失当之处，对事件的起因交代过多(S10)，而对最能体现父爱的关键部分刻画不足(S09)，观察虽有顺序但主次不够分明(E12)。文章的开头和结尾都显得过于平淡和仓促，未能有效引导和升华主题(S11)(S12)。语言表达是主要的失分点，句子虽然基本通顺(E01)，但词语运用不够恰当生动(E02)，修辞手法(E05)和表现手法(E07)运用较少，表达方式也较为单一(E06)，虽然注意到了部分事件细节，但缺乏深入刻画(E11)。"
130401,"本文在内容选择上，能够选取手电筒、《阿衰》漫画书等具体材料(C02)，并能围绕义卖这一中心事件来组织这些材料(C04)，记叙过程也做到了有主次有顺序地观察(E12)。但在思想深度上存在不足，文章侧重于记录个人购物的收获，未能深入挖掘标题中的“爱”，显得思想不够深刻(C05)，思考角度也较为单一，仅从“我”的视角展开，未能多角度取材(C06)。同时，对人物事件的细节刻画不足，使得情感表达流于表面(E11)。结构方面，文章的开头过于平淡(S11)，结尾虽点题但与正文内容衔接生硬(S12)。段落之间依靠简单的过渡词句进行连接(S03)，但前后内容的内在逻辑交代不清(S02)，段落之间关系松散(S08)，各段落与“爱”的主旨联系不够紧密(S06)，段落内部的句子也未能围绕中心句展开(S07)。文章对体现主旨的关键部分未能进行详写(S09)，对次要材料也未见略写处理(S10)。语言表达上，基本做到了语句通顺，意思完整(E01)，但词句的运用较为平实，不够生动优美(E02)，且文章主要运用记叙这一种表达方式(E06)，综合运用修辞手法(E05)和表现手法(E07)的能力有待提高。"
130402,"这篇作文《20周年庆典》围绕乐团庆典演出这一中心事件展开，选取了早起期待、出发集合、现场演出等具体环节作为素材，材料较为具体充分(C02)，整体上能够围绕中心进行组织(C04)。作者尝试从心理期待、节日氛围、现场互动等多角度表现主题(C06)，但在思想深度和独创性上表现一般，属于常规的记叙文(C05)。在结构上，文章各段落紧扣主旨(S06)，段落内部句子联系紧密(S07)，段与段之间关系也较为紧凑(S08)，并使用了过渡词句连接相邻段落(S03)。不过，部分情节的前后交代略显跳跃，如从排队到到达终点的过程稍显突兀(S02)。详略安排方面有待优化，重点的演出过程描写不够详尽(S09)，而过渡性的准备过程略显拖沓，未能做到精简略写(S10)。开头直接切入但略显平淡(S11)，结尾简洁利落地表达了喜悦与难忘之情(S12)。语言表达方面，语句通顺且意思完整(E01)，能够综合运用记叙和抒情等表达方式(E06)，并尝试使用了心理描写等表现手法(E07)。但在词句的生动优美程度(E02)及修辞手法的丰富性(E05)上还有提升空间。值得肯定的是，小作者关注到了掌声、动作等细节(E11)，并能按时间顺序有条理地进行观察和记录(E12)。"
130404,"文章的优点在于能够紧扣“义卖”这一中心事件展开叙述，各段落内容均与主旨紧密相连(S06)，材料的选择与组织也基本能为中心服务(C04)。文章选取了购买《以色列寻宝记》、乐高小车等具体材料，使得记叙内容较为充实(C02)，对个人购物过程的记述也体现出对事件细节的关注(E11)，结尾部分对活动进行总结并点题，做到了简洁有力(S12)。然而，文章在思想深度和结构技巧上存在明显不足。首先，全文仅仅停留在对事件过程的简单复述，缺乏独特的感悟与深刻的思考(C05)，也未能从多角度挖掘“爱心义卖”的意义(C06)。结构方面，开头方式略显套路化(S11)，段落之间主要依靠时间顺序衔接，缺少必要的过渡词句(S03)，导致段落间的逻辑关系不够紧密(S08)，内容的前后交代有时显得跳跃(S02)。同时，文章的主次不够分明，对于“义卖”这一核心环节描写不足(S09)，而对购物、看魔术等次要环节没有进行略写(S10)，观察和记录事件时也欠缺主次之分(E12)。段落内部的句子之间也存在松散感，未能紧密围绕一个中心点展开(S07)。语言表达是另一个主要的薄弱环节，尽管语句基本通顺(E01)，但词汇运用平淡，缺少生动优美的词句(E02)。文章主要使用记叙这一种表达方式(E06)，修辞手法(E05)和表现手法(E07)的运用也相当有限，影响了文章的感染力。"
130406,"该生作文《爱心义卖》记录了一次六一儿童节的义卖经历。在选材方面，文章选取了搬运物资、作为顾客被推销以及最后捐款意图等具体情节，材料较为充实(C02)，整体能够围绕“爱心义卖”这一中心进行组织(C04)，但在思想立意上较为常规，缺乏独特的原创性思考(C05)，虽然尝试从搬运者、顾客等角度切入，但深度有限(C06)。在结构上，文章按时间顺序展开，开头点题中规中矩(S11)，结尾总结意义简洁利落(S12)，各段落与主旨联系紧密(S06)。但在叙述过程中，前后内容的衔接略显生硬(S02)，段落间的过渡词句使用稍显重复，如多次使用“就在这时”(S03)，段与段、句与段落中心的逻辑紧密度尚可(S07，S08)。对于买扑克这一重点情节进行了详写(S09)，其他过渡性材料处理得当(S10)。语言表达方面，全文语句通顺，意思表达完整(E01)，但词句较为朴实，缺乏生动优美的描写(E02)。修辞手法和表达方式运用较为单一(E05，E06)，虽然尝试了对话描写等表现手法(E07)，但在人物和事件的细节刻画上略显粗糙(E11)。观察顺序清晰，符合活动流程(E12)。"
130407,"文章选取了“野斑马”演出作为核心素材，具体涉及了排练、选拔考试等环节，材料相对具体，能够支撑“难忘”这一主题(C02)。在叙事过程中，能够详写为了争取演出机会而拼命练习以及考试通过的心理活动，重点较为突出(S09)。各段落内容均指向“演出”这一事件，与主旨联系较为紧密(S06)，且全文语句基本通顺，意思表达清晰(E01)。在细节方面，对得知只能演一场时的复杂心情以及演出时独特的观察视角（看不见舞台只能看见观众）有一定关注，体现了真实感(E11)。然而，文章在段落间的衔接上显得较为生硬，缺乏有效的过渡词句来粘合相邻段落(S03)。语言表达较为平铺直叙，几乎没有使用修辞手法(E05)，词句略显朴实，不够生动优美(E02)。开头仅采用了传统的开门见山方式(S11)，结尾虽简洁但略显套路化(S12)。此外，虽然围绕中心选材，但对演出本身的现场描写较少，组织上略显偏颇(C04)。"
130408,"文章选取了入场式、虫虫向前冲、车轮滚滚、接力跑等具体环节作为素材，内容充实，符合题意(C02)。材料基本围绕“难忘”和“运动会”这一中心展开，组织得当(C04)。文章在思想深度和独特性上略显普通，属于常规的记叙文，缺乏深刻的感悟或独特的视角(C05)。虽然涉及了入场和三个比赛项目，体现了一定的多角度思考，但材料的挖掘还可以更深入(C06)。开头交代了时间、心情，属于比较中规中矩的开篇(S11)。结尾简洁点题，呼应题目(S12)。段落之间关系较为紧密，按时间顺序推进(S08)，各段落也能围绕主旨展开(S06)。在具体的过渡上，比如从入场到比赛开始，以及比赛项目之间的转换，过渡词句的使用略显生硬，不够自然流畅(S03)。句与句、段与段的衔接虽然交代清楚了(S02)，但部分句子之间的逻辑联系还可以更紧密(S07)。详略安排上，对入场式和具体的比赛过程描写较详细(S09)，但对于一些过渡性的环节处理得相对一般，略写部分不够精炼(S10)。语句整体通顺，意思完整，没有明显的病句(E01)。词句运用上，如“狼吞虎咽”、“整齐的步伐”、“拼命向前跑”等比较恰当，但生动性和优美度还有提升空间(E02)。修辞手法使用较少，仅在描写入场式时用了比喻，整体比较朴实(E05)。表达方式以记叙为主，描写为辅，议论抒情较少(E06)。表现手法上也比较单一(E07)。在描写“虫虫向前冲”时提到了自己滑倒、磕破膝盖仍坚持的细节，以及接力跑时的心理活动，体现了一定的细节关注(E11)。观察顺序清晰，从早晨到入场再到比赛，有主有次(E12)。"
130409,"文章选取了两个校区合办运动会这一具体素材，涵盖了赛前心理、入场式着装与口号、趣味项目及接力赛等内容，材料选取较为充实(C02)。全文紧扣运动会这一中心展开，无明显偏题现象(C04)，但在立意上较为常规，缺乏独特的思考或深刻的见解(C05)。叙述角度主要集中在“我”的直观感受上，多角度思考及材料运用的灵活性尚显一般(C06)。结构方面，开头采用了较为套路的排比句式引入，略显拖沓(S11)，结尾则简洁利落，收束全文(S12)。文章按照时间顺序推进，前后内容交代基本清楚(S02)，段落间使用了如“到了那里”、“过了一会儿”等过渡词句，衔接较为自然(S03)。各段落内容均围绕运动会主旨展开(S06)，段与段之间逻辑关系较为紧密(S08)，但在具体段落内部，部分句子的紧密度一般(S07)。详略安排上，对入场式描写较多，而对“虫虫向前冲”等比赛过程描写相对简略，重点部分的铺陈略显不足(S09)，部分过渡性材料如等待过程未能有效精简(S10)。语言表达上，语句通顺流畅，意思表达完整(E01)，使用了“精神抖擞”、“不甘示弱”等恰当词汇(E02)。文中运用了记叙和描写相结合的表达方式(E06)，并关注了服装颜色、比赛动作等细节(E11)，观察顺序基本合理(E12)，但表现手法较为单一(E07)，修辞手法运用较少且简单，仅见“像一支箭”等基础比喻(E05)。在选材与立意方面，你能够选取两个校区合办运动会这一具体且充分的材料，涵盖了从赛前心理到入场式再到具体比赛的全过程(C02)。整篇文章能够紧紧围绕“运动会”这一中心来组织材料，主旨明确(C04)。不过，文章的立意相对常规，主要停留在记录事件流程上，在思想的独特性和深刻性上还有提升空间(C05)。叙述角度较为单一，若能多角度思考主题并选用更丰富的材料来表现，文章会更具张力(C06)。在结构与条理方面，文章开头虽然略显套路，但基本能够引出下文(S11)；结尾部分简洁利落，清楚地结束了全文(S12)。你能够交代清楚前后的内容，使叙事链条完整(S02)，并熟练地运用了过渡词句来粘合相邻段落，使文章脉络清晰(S03)。各段落与主旨的联系十分紧密(S06)，段与段之间的逻辑关系也处理得比较紧凑(S08)。但在句段内部的逻辑上，部分句子与段落中心的联系还可以更加紧密(S07)。详略安排上，对于“迎面接力”等重点部分的描写虽有涉及但不够泼墨如画(S09)，而对于部分过渡性的材料，略写得还不够彻底，稍显拖沓(S10)。在语言与表达方面，全篇语句通顺，意思表达完整，阅读感流畅(E01)。词句运用恰当，诸如“精神抖擞”、“不甘示弱”等成语的使用为文章增色不少(E02)。你综合使用了记叙和描写等多种表达方式，使文章不显单调(E06)。在描写中，你关注到了人物的着装和事件的细节，画面感较强(E11)，并且能够有主次、有顺序地进行观察和描写(E12)。但在表现手法的多样性上还有待加强(E07)，修辞手法的运用也较为单一，仅出现了简单的比喻，缺乏综合使用多种修辞手法的意识(E05)。"
130410,"文章选材方面表现出色，能够选取义卖活动中的布置卖场、推销商品、设计抽奖环节以及自己购物等具体充分的材料来构建文章(C02)，并且在叙述过程中能够从卖东西和买东西两个角度进行思考和选材(C06)，但在围绕“爱心”这一中心组织材料方面略显松散，更多停留在活动的记录上(C04)，题材的独特性和思想深度也有待提升(C05)。在结构布局上，文章详略处理得当，能够详写义卖现场热闹的景象这一重点部分(S09)，但在过渡性材料的略写处理上稍显不足(S10)，段落与段落之间关系紧密(S08)，各段落也能紧密围绕主旨展开(S06)，结尾简洁利落，点明了义卖成果和感悟(S12)，开头也能交代清楚时间与事件(S11)，不过在段落间的过渡词句运用上还可以更加自然(S03)，句段之间的紧密程度尚可(S07)，前后内容的交代也比较清楚(S02)。语言表达方面，全篇语句通顺，意思表达完整(E01)，但词句的生动性和优美度一般(E02)，修辞手法(E05)、表达方式(E06)以及表现手法(E07)的综合运用较为欠缺，使得文章略显平铺直叙。细节描写方面，虽然叙述了事件流程，但对人物和事件的具体细节关注不够深入(E11)，观察的主次和顺序安排也显得较为普通(E12)。"
130411,"文章在内容选择上展现了较好的能力，能够选取老师的关心、同学想交换等具体事例作为材料，内容较为充分(C02)，并能将这些材料围绕“小猪”所代表的师爱这一中心进行组织(C04)，体现出一定的多角度选材意识(C06)，对事件细节的捕捉也比较到位(E11)。结构方面，文章叙事线索基本清晰，能够交代清楚事件的来龙去脉(S02)，做到了重点突出(S09)，结尾也较为简洁有力(S12)；但在整体布局的连贯性上有所不足，例如开头过于直白(S11)，段落间的衔接缺少有效的过渡(S03，S08)，导致各段落与主旨的关联以及各句话和段落中心句的关联紧密度一般(S06，S07)。语言和思想层面是主要的失分点，文章语句虽然基本通顺(E01)，但整体表达较为平实，缺少生动优美的词句(E02)，修辞手法、表达方式和表现手法的运用都比较单一(E05，E06，E07)，这使得文章在思想的深刻性与独创性上表现平平(C05)。"
130412,"文章选取了迎接新疆小伙伴、居家玩耍、一起看电影以及最终分别等具体生活片段，材料选择充实具体(C02)。全文紧扣“难忘”这一中心，按时间顺序组织了相聚期间的活动，选材与中心保持一致(C04)。虽然题材选取了接待新疆小伙伴这一具有一定独特性的事件，但内容主要停留在活动流程的记录，未深入挖掘情感或文化层面的独特性(C05)。叙述角度主要集中在事件经过，未能从心理变化或多方视角进行多角度思考(C06)。文章起因、经过、结果交代清楚，前后内容衔接自然(S02)。文中使用了“回到家里”、“晚上”、“周二早上”等时间词作为过渡，有效粘合了相邻段落(S03)。各段落内容均围绕“与小伙伴的相处”展开，与主旨联系较为紧密(S06)。但在段落内部，部分语句逻辑略显松散，如第二段关于帐篷和灯的描写，句子与段落中心的紧密度有待提升(S07)。段落间主要依靠时间线索推进，关系尚属紧密(S08)。详略安排上，重点情节如两人互动的具体细节描写不够充分，略显流水账(S09)，而对于学校活动等次要内容则进行了适当的略写(S10)。开头直接点明六一节迎接小伙伴的背景，切题且恰当(S11)。结尾感叹时光短暂，虽然扣题但较为简单仓促，余味不足(S12)。语言方面，整体语句通顺流畅，意思表达完整清晰(E01)。词句运用基本得体，但缺乏生动优美的描写性语言(E02)。文中修辞手法运用极少，语言表现力略显平淡(E05)。表达方式以平实的记叙为主，缺乏描写、抒情等方式的综合运用(E06)。表现手法较为单一，主要为顺叙，缺乏对比、衬托等手法的运用(E07)。在细节描写方面，虽然提及了乐高、帐篷等物品，但对人物的神态、动作及心理细节关注不够(E11)。观察和叙述主要遵循时间顺序，主次分明(E12)。"
130413,"文章能够围绕中心选择并组织材料(C04)，选取了课间与朋友发生矛盾并最终选择原谅这一具体事件，材料是具体的(C02)。文章的开头和结尾都比较得当(S11，S12)，观察有主次顺序(E12)，保证了叙事的清晰和语句的基本通顺(E01)。从主题上看，文章能够从朋友和自己的角度进行思考，体现了一定的思辨性(C06)，但就宽容这一主题而言，整体思想的独创性与深刻性略显不足(C05)。在结构层面，段落间的关系比较紧密(S08)，也使用了一些过渡词句(S03)，但前后内容的交代有时不够清晰(S02)，且部分段落内部的句子以及段落本身与主旨的关联度有待加强(S07，S06)。本文最大的问题在于表现力，文章重点部分，如心理转变过程，描写不够充分(S09)，而对非重点部分的交代也稍显拖沓(S10)，导致详略不均。此外，对人物和事件细节的关注度可以再提升(E11)，语言虽恰当但不够生动优美(E02)，修辞手法(E05)和表现手法(E07)运用较少，特别是表达方式单一，以叙述为主，缺少描写与抒情的融合(E06)，使得文章感染力打了折扣。"
130416,"文章选取了“小组合作做海报”这一具体事件，能够紧紧围绕文章中心选择和组织材料(C04)，且各段落与主旨联系紧密(S06)。叙事逻辑清晰，能够有主次、有顺序地观察并记录事件全貌(E12)，特别是在描写小组成员分工时，条理分明，交代清楚了前后内容(S02)。文章开头直接点题(S11)，结尾简洁利落并提炼出“合作”的感悟(S12)，段落间也能运用过渡词句进行粘合(S03)。在语言方面，语句通顺流畅，意思表达完整(E01)。但在内容充实度上略显单薄，虽然罗列了分工，但对制作过程中的动作、神态等细节描写不够详尽(S09)，未能充分选取具体材料来丰满文章(C02)。此外，语言表达较为平实，词句的生动优美程度(E02)及修辞手法(E05)、表现手法(E07)的综合运用还有待加强。"
130417,"文章能够选取入场仪式、班级口号、接力赛跑等具体且充分的材料来构建内容(C02)，并且能够按照时间发展的顺序，有主次地观察和记录运动会的全过程(E12)。在叙述节奏上，作者能够对重点部分如激烈的接力跑进行详细描写(S09)，同时对过渡性的环节进行恰当的略写，做到了详略得当(S10)。对于人物动作和事件细节的捕捉较为敏锐，如对起跑姿态和冲刺心理的描写增强了画面的真实感(E11)。从结构上看，文章前后内容交代清楚，叙事链条完整(S02)，各段落内容均与运动会这一主旨紧密相连，没有偏题现象(S06)。语言方面，整篇文章语句通顺，意思表达完整清晰，展现了扎实的文字功底(E01)。虽然文章围绕中心组织了材料(C04)，但在修辞手法的综合运用上略显单薄，仅有少量的比喻(E05)，且表达方式较为单一，主要以记叙为主，缺乏更丰富的描写或抒情手段(E06)。开头和结尾虽然能够完成任务(S11)(S12)，但形式较为常规，若能增加一些独特性会更好。"
130418,"小作者选取了科学课上制作指南针的具体过程作为素材，材料具体且充分(C02)，能够支撑“难忘”这一主题。文章始终围绕“制作指南针”这一中心事件展开，选材和组织较为紧凑(C04)。虽然主题是常见的“坚持成功”类，但结合了科学实验的发现，即磁极方向与摩擦磁极的关系，体现了一定的独特性和思考(C05)。作者不仅记录了制作过程，还思考了不同磁极摩擦产生的不同效果，体现了多角度思考(C06)。在结构安排上，文章按时间顺序叙述，前后内容交代清楚(S02)。段落之间有过渡，使用了过渡词句粘合相邻段落(S03)。各段落紧扣“难忘的一件事”这一主旨(S06)。句与句之间联系较紧密，但部分长句逻辑略显松散(S07)。段落之间的逻辑关系基本清晰(S08)。文章重点描写了制作过程中的失败与尝试，详写得当(S09)，对于非重点内容进行了略写(S10)。开头简洁明了，直接点题(S11)，结尾总结感悟，简洁利落(S12)。在语言表达上，整体语句通顺，意思完整(E01)。词句表达基本准确，但生动优美程度一般(E02)。修辞手法使用较少(E05)。文章主要运用了记叙的表达方式，结尾有议论，综合运用尚可(E06)。表现手法较为单一(E07)。在细节描写方面，虽然记录了实验步骤，但对人物心理、神态等细节关注不够(E11)。观察顺序清晰，有主次之分(E12)。"
130419,"文章选取了白鲸、中华鲟、变色龙及海豚表演等具体材料，内容较为充实(C02)，并能紧紧围绕“海洋馆之旅”这一中心进行组织(C04)。文中提到了对中华鲟保护等级的认知更新以及同学作为幸运嘉宾的独特经历，体现了一定的独特性和原创性(C05)，且能从外观观察、听闻解说、观看表演等多个角度来表现主题(C06)。在结构上，段落之间按照游览顺序排列，关系较为紧密(S08)，能够详写海豚表演这一重点部分(S09)，并略写路途等过渡性材料(S10)。文章前后内容交代基本清楚(S02)，使用了“然后”、“接着”等过渡词句粘合段落(S03)，各段落与主旨有一定联系(S06)，但部分句子与段落中心的紧密度稍弱(S07)。开头较为直白(S11)，结尾总结过于简单(S12)。语言方面，语句通顺且意思完整(E01)。观察具有一定的主次和顺序(E12)，关注到了动物颜色、形态等细节(E11)。但在词句的生动优美程度上还有提升空间(E02)，修辞手法(E05)、表达方式(E06)以及表现手法(E07)运用较少，语言略显平淡。"
130420,"文章能够围绕“竞选班委”这一中心事件选取材料，内容具体充实(C02)，并且材料的组织也能服务于文章的中心(C04)，从个人内心挣扎到寻求家人支持的角度切入，体现了一定的思考(C06)，但主题的原创性与深刻性还可以进一步挖掘(C05)。结构上，文章开头入题迅速(S11)，结尾总结感悟简洁有力(S12)，段落与主旨、段落之间的关系都非常紧密(S06，S08)，使得叙事脉络清晰，前后内容衔接顺畅(S02)。文章详略安排得当，能够对竞选演讲的重点部分进行细致描写(S09)，对准备过程等次要部分则进行了略写(S10)，段内句子的组织也较为集中(S07)，整体过渡自然(S03)。语言表达流畅，语句通顺完整(E01)，能够运用一些恰当的词句(E02)，并关注到了事件中的人物细节(E11)，观察也具备主次和顺序(E12)。不足之处在于，文中修辞手法的运用还不够丰富(E05)，表达方式和表现手法也略显单一(E06，E07)，影响了文章的文采和表现力。"
130423,"文章以时间为序，完整记述了运动会当天的全过程，使得文章结构清晰，段落之间因遵循时间线而关系紧密(S08)，各段内容也都能紧扣运动会这一主题(S06)，语句基本通顺完整(E01)。文章在内容选取上具备一定广度，能够从入场安保、班级口号、场地对比、比赛项目等多个角度取材(C06)，并能列举出具体充分的材料(C02)，使文章内容显得较为充实。然而，本文的核心问题在于未能有效处理材料的主次关系以突出中心。首先，文章虽然材料丰富，但未能围绕“难忘”这一中心思想进行有效的组织与提炼(C04)，导致文章更像是一份事件清单，而非有情感和思想深度的回忆(C05)。这一问题具体体现在详略安排上：作为核心事件的比赛过程描写过于简略，缺乏对关键情节的细致刻画(S09)，而对于一些过渡性的准备环节则交代过多(S10)，未能做到有主有次地观察和记录(E12)。同时，事件细节的缺失使得人物的行为与心理活动未能得到展现(E11)，个别段落内的句子围绕段落中心不够紧密(S07)。在语言表达层面，词句的运用较为平实，缺乏生动优美的词语(E02)，也基本没有运用修辞手法来增强文章的感染力(E05)。全文以记叙为主要表达方式，手法略显单一(E06，E07)。最后，文章的开头能够直接点题(S11)，但结尾对“难忘”的感悟流于形式化，未能与文内具体事件形成呼应，显得较为仓促(S12)，前后内容的衔接交代有时也略显突兀(S02)，段落间的过渡不够自然(S03)。"
130424,"文章紧扣“义卖”这一中心事件，选取了大量具体的购买物品作为素材，内容充实(C02)(C04)。作者试图从自身和好友两个视角展现义卖场景，体现了多角度思考的意识(C06)，并对购买过程这一重点环节进行了详尽叙述(S09)。全篇叙事条理基本清晰，能够交代清楚事情的前因后果(S02)，且行文流畅，语句通顺，表达了完整的意思(E01)。但在写作技巧上存在明显的流水账倾向。虽然关注了物品名称等细节，但缺乏对义卖现场氛围及人物神态动作的生动描绘(E11)，导致词句显得平淡，不够优美(E02)，修辞手法和表现手法的运用也较为匮乏(E05)(E07)。结构方面，句与句之间多以“然后、接着”简单堆砌，联系不够紧密(S07)，段落间的过渡缺乏自然的粘合(S03)(S08)。此外，开头虽能引出下文(S11)，但结尾的升华略显生硬，不够简洁利落(S12)，文章整体的思想独特性也有待挖掘(C05)。"
130427,"文章能够围绕义卖活动这一中心事件展开叙述(C04)，并选取了从买家转变为卖家的独特经历作为核心材料，内容具体且较为充分(C02)，这一视角的转换为文章提供了一定的多角度思考(C06)。在叙事上，重点部分如推销商品的过程有较为详细的描写(S09)，观察也基本能做到有主有次(E12)。然而，文章在结构衔接与逻辑推进方面存在明显不足，例如“小姐姐”无故赠送全部商品这一关键情节交代不清，导致前后内容连贯性较差(S02)，段落间的过渡也显得生硬，缺少必要的词句连接(S03，S08)。结尾部分对主题的提炼稍显仓促，流于口号式的道理总结，不够简洁有力(S12)。语言表达方面，语句基本通顺(E01)，但词语运用较为平淡，不够生动准确(E02)，且全文以记叙为主，表达方式单一(E06)，未能有效运用修辞手法来增强文章的感染力(E05)。"
130428,"文章在内容选择上表现出色，能够围绕运动会这一中心事件选取班服投票、队列队形、虫虫向前冲、车轮滚滚和接力跑等多个具体环节作为材料，内容比较充分(C02)，这些材料的组织也基本服务于表现“难忘”与最终感悟的主题(C04)，且结尾部分对主旨进行了提炼和呼应，简洁有力(S12)。文章叙事遵循时间顺序，观察有一定条理(E12)，各段落与文章主旨的关联度较高(S06)，语句也基本通顺完整(E01)。然而，文章在结构与表达的精细度上存在明显不足，开篇方式较为平淡套路化(S11)，段落内部的凝聚力不强，有时更像事件的罗列，句子与段落中心句的联系不够紧密(S07)，导致段落间的衔接也略显松散(S08)。尽管文章能够区分详略(S09，S10)，但对关键场景的刻画缺乏生动的细节(E11)，语言表达较为平实，词语运用不够恰当生动(E02)，也未能综合运用修辞手法或多样的表达方式来增强感染力(E05，E06)，这使得文章的思想深度和独创性受限，未能从多角度展开思考(C05，C06)。此外，上下文内容的交代与段落间的过渡有时依赖于简单的连接词，不够自然流畅(S02，S03)。"
130429,"文章围绕“难忘”的中心来选择和组织材料，脉络清晰(C04)，能够按照事件发展的先后顺序进行有主次的观察和叙述(E12)，使得文章前后内容交代清楚(S02)，段落与主旨及段落之间都能紧密相连(S06，S08)。在详略处理上，文章能够详写活动的主要过程，略写路途上的过渡性材料(S09，S10)。整体来看，文章内容选取了看木偶剧过程中的多个片段，具备一定的材料(C02)，也能从不同侧面展现活动过程(C06)，但思考的深刻性与独创性不足(C05)。结构方面，开头和结尾显得较为普通(S11，S12)，主体段落内部的句子之间虽然都与活动相关，但衔接的紧密性有待提升(S07)，段落间的过渡也主要依靠简单的词句(S03)。语言表达上，句子基本通顺完整(E01)，并能综合运用记叙和抒情等表达方式(E06)，但词句的生动性和优美性不足(E02)，对于人物和事件的细节刻画较为笼统(E11)，修辞手法和表现手法的运用也比较欠缺(E05，E07)。"
130430,"文章能够围绕中心选取具体材料展开叙述(C04)，涵盖了排练、化妆、登台等多个环节，内容较为充分(C02)，并且能够按照时间先后顺序进行观察和记录(E12)。全篇语句通顺，意思表达完整清晰(E01)，结尾亦能做到简洁(S12)。然而，文章在结构和表达的深度上存在不足。段落之间主要依靠时间顺序连接，缺乏紧密的逻辑关系(S08)和必要的过渡词句(S03)，导致前后内容的交代不够连贯(S02)。文章未能详写作为重点的舞台表演部分(S09)，同时对次要材料的处理也不够简略(S10)。在语言层面，词句的运用较为平实，不够生动(E02)，几乎没有使用修辞手法(E05)，表达方式也显得单一(E06)。更重要的是，文章对人物和事件的细节关注不足(E11)，思考停留在事件表面，未能展现出深刻或独特的思想感悟(C05)。"
130431,"文章选取了“六一”义卖活动作为素材，内容具体且充分(C02)，能够紧紧围绕“难忘的义卖活动”这一中心来选择和组织材料(C04)，体现了一定的原创性(C05)，但在多角度思考主题并选用材料表现深层意义方面略显不足(C06)。在结构安排上，开头点题恰当(S11)，结尾简洁利落(S12)，各段落与主旨紧密相连(S06)，段落内的句子也能紧扣段落中心(S07)。文章能够详写义卖现场的热闹景象这一重点部分(S09)，但对于前一晚准备等过渡性材料的略写处理不够精炼(S10)。虽然能够交代清楚前后内容(S02)并使用过渡词句(S03)，但段与段之间的逻辑紧密度仍有提升空间(S08)。在语言表达上，全篇语句通顺，意思完整(E01)，能够有主次、有顺序地观察场面(E12)。不过，词句的生动优美程度一般(E02)，修辞手法运用较少(E05)，综合使用多种表达方式(E06)和表现手法(E07)的能力尚待加强，对人物和事件的具体细节描写也不够丰富(E11)。"
130432,"文章选取了体育节这一具体且充分的材料，通过描写“车轮滚滚”比赛中的经历来表现主题(C02)。叙述过程中，能够围绕“难忘”和“团结”的中心来选择和组织材料，脉络基本清晰(C04)。作者尝试从环境氛围、心理活动等多个角度思考并选用材料，体现了对主题的立体感知(C06)，但在立意上较为常规，独特性和思想深度表现一般(C05)。在结构方面，文章开头直入主题，结尾点明主旨，首尾具备一定的完整性(S11)(S12)。叙事过程有主次、有顺序地进行了观察描写，从整体场面到具体比赛，层次感较好(E12)。各段落内容与主旨联系较为紧密(S06)，但在详略安排上，虽然对受伤坚持的重点部分进行了描写(S09)，过渡性材料的处理略显拖沓(S10)，导致重点不够突出。此外，段落间的过渡词句运用尚可(S03)，前后内容的交代和句段间的逻辑紧密度处于中等水平(S02)(S07)(S08)。语言表达上，全文语句通顺，意思完整(E01)。作者关注到了人物心理和疼痛感的细节(E11)，词句表达基本恰当，但生动优美程度有待提升(E02)。在修辞手法(E05)、表达方式(E06)以及表现手法(E07)的综合运用上较为单一，缺乏变化，使得文章感染力略显不足。"
130435,"文章能够紧紧围绕“魔尺挑战赛”这一中心选择和组织材料，主旨非常明确(C04)，各段落内容都能紧密围绕主旨展开(S06)，段落之间运用了过渡词句，使得段际关系较为紧密(S03)(S08)。语言表达方面，语句通顺流畅，意思完整(E01)，词句运用基本恰当(E02)。但在内容充实度上存在欠缺，选取的材料叙述较为单薄，不够具体充分(C02)，详略安排不够得当，对重点部分如练习过程和比赛细节描写不够详细(S09)，过渡性材料的处理也较为粗糙(S10)。前后内容的交代虽然基本清楚(S02)，但句与句之间、句子与段落中心句的联系紧密度有待加强(S07)。开头和结尾采用了较为常规的写法，简洁但缺乏新意和吸引力(S11)(S12)。在写作手法上，修辞手法、表达方式及表现手法的运用较为单一(E05)(E06)(E07)，缺乏对人物和事件细节的深入刻画(E11)，观察角度较为平面，缺乏主次和顺序感(E12)。此外，文章的思想深度和选材的独特性较为普通(C05)，未能从多角度对主题进行思考和表现(C06)。"
130436,"文章能够围绕爱心义卖这一中心事件，选取了活动准备、义卖过程等具体材料，内容较为充分(C02)，材料的组织基本服务于中心主旨(C04)，并能从活动前后的不同阶段展开叙述(C06)。全文叙事线索清晰，能够交代清楚活动从筹备到结束的经过(S02)，各段落与主旨的关联性较好(S06)，段落间的关系也比较紧密(S08)。文章在详略处理上比较得当，对活动准备过程进行了相对详细的描写(S09)，对其他环节则作了简要交代(S10)，开头能够直接点明活动背景与意义(S11)，观察也具备基本的先后顺序(E12)，语句整体通顺完整(E01)。然而，文章在思想的独特性上表现平平，停留在对事件的简单记述，未能深入挖掘活动的深层意义(C05)。结构方面，段落间的衔接显得生硬，缺少必要的过渡词句(S03)，段落内部的句子之间也缺乏紧密的逻辑联系(S07)，结尾总结略显仓促和套路化(S12)。在语言表达和写作手法上问题较为突出，词语运用较为平淡，缺乏生动性和美感(E02)，对人物和事件的细节刻画不足，如义卖现场的热闹景象仅用成语概括而缺少具体描绘(E11)。同时，文章综合运用修辞手法(E05)、表达方式(E06)及表现手法(E07)的能力均有待提升。"
130437,"这篇作文叙述了因粗心大意导致错过足球队选拔的经历，选取的材料具体，能够支撑起文章的基本框架(C02)。文章整体能够围绕“难忘的教训”这一中心来组织报名、丢通知、错过选拔等情节(C04)，体现了作者从事件发展角度对主题的思考(C06)，但在思想深度的挖掘上较为基础，仅停留在改正马虎的层面，原创性与深刻性一般(C05)。在结构上，文章基本交代清楚了事情的前因后果(S02)，各段落内容与主旨联系较为紧密(S06)，段落内部句子也能围绕段意展开(S07)，段与段之间的逻辑关系尚属连贯(S08)。然而，段落间缺乏有效的过渡词句进行粘合，导致转折略显生硬(S03)。详略安排方面，对于重点情节如“如何急中生智”、“得知错过后的具体心理”描写不够细致(S09)，过渡性材料的处理也较为平淡(S10)。开头直接叙事，中规中矩(S11)；结尾虽然总结了教训，但语言较为拖沓，不够简洁利落(S12)。语言表达方面，全文语句通顺，意思表达完整(E01)，叙事条理清晰，体现了有主次有顺序的观察(E12)。但在文采上有所欠缺，词句较为口语化，不够生动优美(E02)，修辞手法(E05)和表现手法(E07)的使用较为单一，未能综合运用多种表达方式来增强感染力(E06)。此外，文章对人物心理变化和事件细节的刻画不够深入，缺乏细腻的细节描写(E11)。"
130439,"文章能够围绕“难忘的运动会”这一中心来选择和组织材料(C04)，并从集体项目、个人参与等多个角度来展现主题(C06)，选取了开幕式和接力赛等具体事件(C02)，但对事件的挖掘不够深入，导致思想的独创性不足(C05)。结构上，文章按照时间顺序记叙，前后内容交代清晰(S02)，也运用了一些过渡词句来连接段落(S03)，使得各段落与主旨的关联较为紧密(S06)，段落内部的句子也能围绕中心展开(S07)。文章能有意识地详写接力赛这一重点部分(S09)，并略写了其他游戏项目(S10)，但段落间的逻辑衔接有时不够紧密(S08)，特别是开头过于直白(S11)，结尾也只是对标题的简单重复，显得仓促(S12)。语言表达方面，个别语句的流畅度有待提升(E01)，所用词汇较为基础，不够生动优美(E02)，也基本没有综合运用修辞手法(E05)或多样的表达方式与表现手法(E06，E07)。在细节刻画上，文章对人物和事件的细节关注不足(E11)，观察也缺少主次之分和深入的描摹(E12)。"
130440,"文章记叙了一次演出经历，事件的先后顺序交代清晰(S02)，语句也基本通顺完整(E01)。文章的主要问题在于内容与结构两个方面。首先在内容上，文章选取的材料不够具体充分，仅用老师的两句指导和最后的感想来表现“最难忘”，支撑力不足(C02)，虽然材料能围绕演出这一中心事件展开，但组织较为松散(C04)，文章结尾的感悟也停留在普遍认知层面，未能体现出思想的独特性与深刻性(C05)，同时对主题的思考角度也比较单一(C06)。其次在结构上，文章的开头过于直白(S11)，结尾则显得仓促，只是一个简单的道理总结，缺乏回味(S12)，文章没有对演出的重点部分进行详细描写(S09)，也未能体现出详略安排的意识(S10)，这导致段落与“最难忘”这一主旨的关联不够紧密(S06)，段落内部的句子之间也欠缺有机关联(S07)，段落之间的关系仅仅是时间上的推进，逻辑不够紧密(S08)。最后在语言表达上，词语的运用较为平实，不够生动优美(E02)，对细节的关注和描摹有待加强(E11)，观察也缺少主次之分(E12)，修辞手法(E05)、表达方式(E06)和表现手法(E07)的综合运用能力需要进一步提升。"
130441,"文章能够围绕“爱心义卖”这一中心选择材料(C04)，段落与主旨联系较为紧密(S06)，段落之间关系尚可(S08)，能够按时间顺序有条理地进行观察和叙述(E12)。但在材料的具体充实度上有所欠缺(C02)，文章主要罗列了购买物品的清单，未能选取具有独特性或思想深刻的素材(C05)，导致重点部分描写不详细(S09)。开头引入较为平淡(S11)，结尾总结简单(S12)，前后内容的交代有时不够连贯(S02)。语言方面，语句基本通顺(E01)，但词句不够生动优美(E02)，修辞手法运用单一(E05)，缺乏对人物和事件细节的深入刻画(E11)。"
130442,"文章选取了选拔、排练、集训及正式演出等一系列具体材料，内容充实(C02)，且所有素材均紧紧围绕“难忘的演出”这一中心进行组织(C04)。作者从自身经历出发，得出了“努力就有收获”的感悟，具有一定的个人思想色彩(C05)，但在多角度选材表现主题方面略显常规(C06)。文章叙事条理清晰，起因、经过、结果交代明确(S02)，段落间主要依靠时间顺序衔接，过渡词句的使用尚可(S03)。各段落与主旨联系紧密(S06)，句段内部逻辑连贯(S07)，段际关系紧凑(S08)。详略安排得当，重点突出了集训选拔和演出当天的经历(S09)，对过渡性内容做了简略处理(S10)。开头直入主题(S11)，结尾简洁有力地总结了收获(S12)。语言方面，语句通顺(E01)，但词汇较为朴实，生动性有待加强(E02)，修辞手法运用较少(E05)。文章综合运用了记叙和议论的表达方式(E06)，表现手法较为平实(E07)。虽然有一定细节描写，如“最后一个吃饭”，但在人物和事件的细节刻画上还不够深入(E11)，观察视角主次分明，顺序清晰(E12)。"
130443,"文章围绕体育考试时掉牙这一核心事件展开叙述，选材于生活，具有一定的独特性和个人体验(C05)，能够围绕中心来组织叙事线索(C04)，并选取了考试前的紧张等待、牙齿的晃动感等具体材料来支撑内容(C02)。文章结构基本完整，开头能引出事件(S11)，结尾交代了结果(S12)，段落之间按照时间顺序衔接，逻辑关系明确(S08)。叙事时也关注到了心理活动和牙齿状态等细节(E11)，并能按事件发展顺序进行观察和描述(E12)。但在具体表现上存在不足，首先，文章对核心情节“跑步中掉牙”的过程交代得过于仓促，缺乏细节连接，显得不够清晰(S02)，对于这一重点部分的描写不够充分详尽(S09)，而对排队等候等次要环节的笔墨分配可以更精简(S10)。其次，文章的思考角度比较单一，未能从更多方面挖掘事件的意义(C06)。在语言层面，语句基本通顺(E01)，但词语的运用较为平实，不够生动优美(E02)，修辞手法和表现手法的运用都非常有限，影响了文章的感染力(E05，E07)。最后，段落内部的句子之间联系可以更紧密，部分句子对段落中心句的支撑作用不强(S07)。"
130444,"文章选取了冰球比赛这一具体材料，内容充实且生活气息浓厚(C02)，叙述过程能够紧紧围绕文章中心展开(C04)，展现了学生真实的心理活动，具有一定的原创性(C05)。在结构上，段落之间关系较为紧密(S08)，各段落与主旨联系紧密(S06)，过渡性材料处理得较为简洁(S10)，语句通顺流畅，意思表达完整(E01)。但在情节构建上，前后内容的逻辑交代略显生硬，如观众干扰比赛的情节缺乏必要的背景说明(S02)，开头较为平淡(S11)，结尾简洁但余味不足(S12)。在表达技巧方面，对比赛重点部分的描写不够详细(S09)，缺乏对人物动作、神态等细节的深入刻画(E11)，词句略显平实(E02)，未能综合运用多种修辞手法(E05)和表达方式(E06)来增强文章的感染力，多角度思考主题的深度也有待挖掘(C06)。"
130501,"文章能够围绕中心选择材料，结构基本完整，但在内容的深刻性和表达的丰富性上存在不足。从内容层面看，文章选取了朋友乐于分享这一特质，并通过公园分享吊床和食物的具体事例来支撑，这使得材料具备了基本的具体性(C02)，也能围绕中心进行组织(C04)。然而，文章对主题的思考角度单一(C06)，未能展现出更深刻或独特的见解(C05)。在结构安排上，文章前后内容的交代是清晰的(S02)，段落之间存在逻辑联系(S08)，各段落也与主旨紧密相连(S06)，段落内部的句子也能围绕中心句展开(S07)，段落间的衔接尚可(S03)。主要问题在于详略不当，作为核心事件的分享过程描写过于简略，缺乏必要的细节支撑(S09)，而过渡性材料也处理得不够简练(S10)。此外，开头平淡(S11)，结尾虽然简洁但略显仓促(S12)。从语言表达来看，文章的语句是通顺且意思完整的(E01)，但词语的运用不够生动优美(E02)，修辞手法使用较少(E05)。同时，表达方式(E06)和表现手法(E07)都比较单一，主要停留在记叙层面，对人物和事件的细节关注度不足(E11)，观察也缺乏主次之分(E12)。"
130503,"文章选取了朋友的外貌特征以及在公园游玩时帮忙处理伤口的事例，内容充实，符合选取具体充分材料的要求(C02)。全文紧紧围绕朋友“乐于助人”这一中心进行选材和组织，主旨明确(C04)。作者能从外貌形象和内在品质两个角度切入思考，材料选用得当(C06)。但在立意方面，题材较为常规，缺乏独特的视角或深刻的思想内涵(C05)。在结构上，文章段落之间关系紧密，层层递进(S08)，各段落均紧密围绕主旨展开(S06)，段落内部句意连贯，围绕中心句铺陈(S07)。叙事过程中，前后内容交代清楚(S02)，且能利用过渡词句粘合相邻段落，使行文流畅(S03)。作者有意识地详写了“受伤获助”这一重点部分，突出了人物品质(S09)，但在过渡性材料的略写处理上稍显生硬，节奏把控有待加强(S10)。开头直接入题，中规中矩(S11)；结尾简洁利落，能收束全文(S12)。语言表达方面，整体语句通顺，意思表达完整(E01)。观察有主次、有顺序，外貌描写条理清晰(E12)。文中运用了比喻等修辞手法描写外貌，但修辞种类的丰富度一般(E05)，词句虽恰当但缺乏生动优美的文采(E02)。在表达方式上，以记叙和描写为主，综合运用能力稍弱(E06)。虽然关注了人物外貌细节，但对事件中人物动作、神态的细节刻画不够深入(E11)，表现手法也较为单一(E07)。"
130510,"文章围绕“我的妈妈”这一主题，选取了“分糖果”化解尴尬和“辅导作业”两件具体事例，材料选择较为具体且充分(C02)，并且这两件事例紧密围绕妈妈“善良”和“关心学习”的中心品质展开，选材组织能力较强(C04)。作者试图从外貌、待人接物、对待学习等多个角度来表现妈妈的形象，体现了多角度思考的能力(C06)，但选取的素材较为常见，缺乏独特的原创性视角和深刻的思想内涵(C05)。在结构上，文章段落与主旨联系紧密(S06)，段与段之间关系紧凑(S08)，能够使用过渡词句较好地粘合相邻段落，如“虽然……但是……”的转折运用(S03)。叙事过程中，前后内容交代清楚(S02)，且各句话基本能围绕段落中心展开(S07)。文章对重点部分如“分糖果”的过程进行了详写(S09)，略写部分处理尚可(S10)。开头采用了常规的外貌描写引入，略显平淡(S11)，结尾则直抒胸臆，简洁利落(S12)。语言表达方面，全文语句通顺，意思完整(E01)，词句运用恰当，能准确传达文意(E02)。作者关注到了人物和事件的细节，如严严情绪的变化和妈妈的语言(E11)，观察有主次、有顺序(E12)。但在修辞手法的运用上较为匮乏，语言表现力有待增强(E05)，表达方式(E06)和表现手法(E07)也相对单一，主要依赖平铺直叙。"
130517,"该生作文《我的妈妈》篇幅极短，仅从外貌和性格两个基础维度进行了简笔勾勒。在选材上，作者能够围绕“我的妈妈”这一中心人物，选取了身高、发型、眼睛以及性格脾气等基础材料，虽不丰富但尚算具体(C02)(C04)。文章试图表现人物特点，但内容较为单薄，缺乏深刻的思想或独特的视角，原创性表现一般(C05)，多角度思考的深度也有待挖掘(C06)。从结构上看，文章开头直接切入外貌描写，略显突兀(S11)，结尾使用“这就是我的妈妈”进行总结，虽简洁利落(S12)，但整体行文缺乏明显的段落层次，导致段落与主旨、段与段之间的紧密联系体现不足(S06)(S08)。叙述过程中，前后内容的交代较为平铺直叙(S02)，虽然使用了“但”字进行简单的转折过渡(S03)，但缺乏对重点部分的详细铺陈(S09)以及对过渡材料的合理略写(S10)，句子与段落中心的凝聚力也稍显松散(S07)。在语言表达方面，文章语句通顺，意思表达完整(E01)。作者能够有顺序地观察人物(E12)，并关注到“头发短短”、“眼睛像星星”等人物细节(E11)，词句运用较为恰当，尤其是将眼睛比作星星，增添了语言的生动性(E02)。文章综合使用了描写与叙述的表达方式(E06)，并尝试运用修辞手法来丰富语言(E05)，但表现手法的多样性仍有提升空间(E07)。"
130520,"文章围绕“子香姐姐”带“我”拉琴的经历，选取了姐姐疲惫却坚持认真授课的具体事例，材料尚算具体(C02)，能够紧密围绕赞扬姐姐品质这一中心进行组织(C04)，体现了一定的独特性(C05)，并尝试从姐姐的学业忙碌与教学认真两个角度来表现主题(C06)。在结构上，文章前后内容交代清楚(S02)，段落之间过渡自然(S03)，各段落与主旨联系较为紧密(S06)，句段逻辑清晰(S07)，段际关系紧凑(S08)。值得肯定的是，作者能够对姐姐带病坚持上课这一重点情节进行详写(S09)，对背景介绍等过渡性材料进行了略写(S10)，详略得当。开头介绍了人物身份，较为恰当(S11)，结尾总结感悟，简洁利落(S12)。语言方面，全文语句通顺，意思完整(E01)，词句运用基本恰当(E02)，虽然在修辞手法(E05)、表达方式(E06)及表现手法(E07)的综合运用上略显单薄，但能够关注到人物的细节(E11)，并按照一定的主次顺序进行观察和描写(E12)。"
130531,"该作文在内容与表达上展现出较为清晰的优点与不足。文章最大的亮点在于能够选取具体生动的材料来表现中心，尤其是在第一篇《可爱的小乌龟》中，对乌龟外形、翻身、捕食等场景的描述材料很充分(C02)，并且能够围绕乌龟“可爱又聪明”的中心来组织这些材料(C04)。文章对重点部分的刻画比较成功，例如乌龟捕虾的过程写得详略得当，很有画面感(S09)。同时，小作者具备了细致且有序的观察力，无论是对乌龟壳的纹理还是其捕食前的“陷阱”，都体现了对细节的关注(E11)，并且能按照从外形到习性的顺序进行观察和叙述(E12)。文章的结尾简洁，能够表达情感，收束全文(S12)。然而，文章在结构上存在明显断裂，两篇独立短文的拼合导致前后内容无法有效交代清楚(S02)，也使得过渡性材料的运用显得不足(S10)。虽然单个段落内部的句子连接(S07)以及段落与段落之间的关系(S08)在各自篇目内尚可，但整体来看，文章的原创性与思想深刻性还有待提升(C05)。在语言层面，文章语句通顺，意思完整，基础扎实(E01)，但词语的选择与运用可以更加生动优美(E02)，修辞手法(E05)、表达方式(E06)及表现手法(E07)的运用都非常单一，这是未来需要着重加强的部分。"
130536,"文章能够围绕中心选择一个具体的教学实例来展开叙述(C02)，并且能从讲解课文内容和分析生字两个不同方面来表现老师的教学特点，体现出一定的多角度观察能力(C06)。从结构上看，文章的叙事线索清晰，前后内容交代明确(S02)，结尾部分也能简洁地总结全文(S12)，并且能够通过“有一次”这样的词语实现段落间的过渡(S03)，主旨与段落的联系也较为紧密(S06)。文章在详略处理上基本得当，对教学事例进行了相对详细的描述(S09)，而开头部分则较为简略(S10)，观察事物时也体现了主次和顺序(E12)。然而，文章在立意上较为普通，缺乏独特的思考与深刻性(C05)，材料的选择与组织方式也相对单一(C04)。在结构衔接的紧密性方面存在不足，开头显得比较套路化(S11)，段落之间以及段落内部的句子之间联系不够紧密，有时会显得松散(S07，S08)。语言表达方面，基本能够做到语句通顺且意思完整(E01)，但词语的运用较为平实，缺乏生动优美的色彩(E02)，也未能综合运用修辞手法来增强表达效果(E05)。同时，表达方式和表现手法都比较单一(E06，E07)，对人物和事件的细节刻画还有待加强(E11)。"
130539,"文章在选材上表现突出，能够选取具体且充分的事例来塑造人物形象，如外貌特征、画恐龙的爱好以及分享玩具的具体行为都增强了人物的真实感(C02)。这些材料基本能够围绕文章中心展开，但组织上还可以更为集中(C04)。文章在思想的独特性和深刻性上有所欠缺，对人物的刻画停留在表面现象的列举，未能深入挖掘其性格内涵(C05)，从多角度思考和选材的能力也有待提升(C06)。结构方面，内容之间的衔接交代不够清晰(S02)，尤其缺乏必要的过渡词句，使得不同信息点的转换显得生硬(S03)。这导致全文各部分与主旨的联系(S06)、句子与段落中心的关系(S07)以及段落内部的逻辑关系(S08)都比较松散，呈现出一种简单的信息罗列状态。文章的开头介绍较为平实(S11)，结尾则略显仓促，收束力量不足(S12)。文章对重点部分进行了一定的详写(S09)，对次要信息处理得当(S10)，体现了一定的详略意识。语言表达上，语句基本通顺完整(E01)，但词语的运用不够恰当生动，文学色彩较弱(E02)。修辞手法(E05)、表达方式(E06)和表现手法(E07)的综合运用不足，影响了文章的感染力。值得肯定的是，文章关注到了人物和事件的细节(E11)，并能有主次地进行观察描述(E12)。"
130601,"文章选取了水母的外形、组成成分及游动姿态作为具体材料，内容充实(C02)，且所有描写都紧密围绕“可爱的水母”这一中心展开，重点突出(C04)。虽然观察较为细致，但内容多为客观描述，缺乏独特的个人感悟或深刻的思想内涵(C05)，不过能从静态外形和动态游动等不同角度进行观察表现(C06)。在结构上，文章开头交代了观察背景，入题自然(S11)，前后内容交代较为清楚(S02)。段落与主旨联系紧密(S06)，段落内部各句也能围绕中心句展开描述(S07)，段际关系基本连贯(S08)。但在段落之间缺乏明显的过渡词句进行粘合(S03)。文章能够详写水母的特征这一重点部分(S09)，略写观察背景等过渡性材料(S10)，详略得当。不过，结尾仅用一句话收束，稍显仓促，不够简洁有力(S12)。语言表达方面，全文语句通顺流畅，意思完整(E01)。作者善于运用生动的词句，如“像飘落水中的桃花”、“像天上的流星”等，读来富有画面感(E02)。文中运用了比喻、拟人等修辞手法，增强了表现力(E05)，但在表达方式(E06)和表现手法(E07)的多样性上略显不足。值得肯定的是，作者观察细致，捕捉到了水母头部、触角等细节(E11)，并且能够按照从整体到局部、由静到动的顺序进行观察描写，条理清晰(E12)。"
130603,"文章能够围绕“温顺的鲨鱼”这一中心来选择和组织材料(C04)，尤其是通过选取对一只具体鲨鱼的观察作为核心素材，使得内容具体且较为充分(C02)。在结构上，文章从普遍认知过渡到个人观察，前后内容的衔接比较清楚(S02)，段落之间关系较为紧密(S08)，各段落也基本能与主旨相连(S06)，并且能够对观察鲨鱼的重点部分进行详写(S09)。全文语句通顺，意思完整(E01)，部分词句运用也较为恰当(E02)。然而，文章在思想深度上有所欠缺，虽然提出了反常规的观点，但未能深入挖掘，独创性不强(C05)，思考角度也略显单一(C06)。结构方面，开头较为平淡(S11)，结尾呼吁保护海洋的升华则显得有些突然，与前文的观察内容衔接不够自然(S12)，部分过渡性材料的处理也因此显得不够成熟(S10)。此外，尽管有观察，但对细节的捕捉不够深入(E11)，观察的顺序感和主次感也有待加强(E12)。语言表达上，修辞手法(E05)、表达方式(E06)及表现手法(E07)的运用都比较单一，限制了文章的表现力。"
130610,"文章在选材与观察方面表现尚可，能够选取锦鲤、白鲸、海豚表演等多个具体事例(C02)，并按照参观顺序进行有主次的观察(E12)，对白鲸的额隆、海豚顶球的高度等细节也有所关注(E11)，这说明你具备了基本的观察和材料搜集能力。从多角度选取了植物、鱼类、哺乳动物和动物表演等材料，体现了一定的思考(C06)。全篇语句基本通顺，意思表达完整(E01)，所用词语也较为恰当(E02)。然而，文章在结构组织与思想深度上存在明显不足。首先，开头过于平淡，未能有效吸引读者(S11)，结尾也只是简单的总结(S12)。其次，文章主体部分只是对所见事物的简单罗列，内容之间缺乏有效的过渡与粘合(S03)，段落之间关系不够紧密(S08)，导致材料虽然选取了，但未能很好地围绕中心进行组织(C04)，段落与主旨、句子与段落中心句的联系均显松散(S06)(S07)。文章未能详写海豚表演这样的重点部分(S09)，也未能略写好过渡性材料(S10)，整体停留在对现象的简单记录，缺乏独特的感悟或深刻的思考(C05)。此外，在语言表达上，表达方式和表现手法较为单一(E06)(E07)，修辞手法的运用非常有限(E05)。"
130617,"文章能够有主次、有顺序地观察水母的特征(E12)，选取了颜色、形状、动态及习性等具体材料(C02)，并关注到了水母发光、吐毒丝等细节(E11)，内容紧密围绕观察水母这一中心(C04)。开头交代了观察背景(S11)，结尾简洁利落(S12)，重点描写了水母的外形特征(S09)，各句内容与段落中心联系紧密(S07)。语言表达上，语句通顺意思完整(E01)，运用了比喻使词句较为生动(E02)，但修辞手法(E05)和表现手法(E07)较为单一。文章虽然交代了前后内容(S02)，但在多角度思考主题(C06)和思想深度(C05)方面略显不足，句段间的过渡粘合(S03)也较为简单。"
130620,"文章选取了鹦鹉鱼的外形特点、游动姿态以及争抢食物的具体场景作为素材，材料充实且具有生活气息(C02)。全文紧扣“可爱的热带鱼”这一中心进行选材和组织，主题明确(C04)。小作者不仅观察了静态的外形，还捕捉到了动态的“水中芭蕾”和抢食过程，体现了多角度的思考与选材能力(C06)，且观察视角具有一定的独特性和原创性(C05)。开头直接描写鱼的外形和数量，入题迅速且恰当(S11)。结尾点出鱼的名字，简洁利落，收束全文(S12)。各段落内容均能服务于文章主旨(S06)，段落内部的句子也能围绕中心句展开(S07)。不过，在前后内容的交代上略显突兀(S02)，段落之间缺乏明显的过渡词句进行粘合(S03)，导致段与段之间的逻辑联系不够紧密(S08)。在详略安排上，虽然对吃食过程进行了描写，但重点部分的细节刻画还可以更加深入细腻(S09)，过渡性材料的处理则相对得当(S10)。语言方面，语句通顺，意思表达完整(E01)。文中运用了“圆溜溜”、“争先恐后”等恰当的词语描绘画面(E02)，并综合使用了比喻、拟人等修辞手法，使文章更具生动性(E05)。虽然主要依靠记叙和描写(E06)，但也体现了动静结合等表现手法的运用(E07)。此外，作者关注到了鱼的眼睛、动作等细节(E11)，并展现出了一定的观察顺序(E12)。"
130631,"文章在选材和组织材料方面展现出较为扎实的基本功，能够选取具体且充分的生活素材来刻画人物形象和记叙游览过程(C02)，并且能将这些材料围绕文章的中心进行有效的组织(C04)，使得各段落内容与主旨的联系较为紧密(S06)。文章的叙事线索清晰，能够交代清楚事件的前后发展(S02)，尤其在重点部分的描写上，如卖鱼交易的场景，能够进行较为细致的刻画(S09)。在观察和呈现细节方面，文章也表现出了一定的能力，能够关注到人物的外貌特征与事件的关键环节(E11)，并按照一定的顺序进行观察和描述(E12)。然而，文章在思想深度和语言表达的艺术性上存在明显不足。文章的立意较为浅显，缺乏独创性的思考和深刻的见解(C05)，同时对主题的探讨也未能展现出多角度的思维(C06)。在结构层面，段落之间的逻辑关系虽然存在，但衔接不够紧密(S08)，过渡词句的使用也较为基础(S03)，对于次要材料的处理不够简练，存在信息罗列的问题(S10)，使得文章的开篇与结尾显得较为平淡(S11，S12)。语言表达上，虽然基本做到了语句通顺且意思完整(E01)，但词句的运用不够生动优美(E02)，修辞手法(E05)、表达方式(E06)以及表现手法(E07)的运用都比较单一，限制了文章的感染力。"
130636,"文章能够围绕海洋馆之行选取丰富具体的材料，不仅罗列了多种海洋生物，也记录了动物表演的精彩瞬间，体现出多角度观察的能力(C02，C06)。全文以游览顺序展开，叙事线索清晰，能够让读者了解行程的前后经过(S02)，并且对海豚表演等重点部分进行了相对详细的描写，体现出主次意识(S09)。然而，文章在结构与表达的深化上存在不足。首先，材料的组织较为平铺直叙，主要依靠时间顺序串联，段落间的逻辑关系不够紧密(S08)，段落内部的句子也时有松散感(S07)，这使得文章虽然与主旨相关但不够聚拢(S06)。特别是部分过渡性材料处理得过于简略，几乎沦为清单式的罗列(S10)，同时段落间的衔接也略显生硬(S03)。其次，文章的思想深度有限，停留在对事件的客观记述，未能展现出独特的感悟(C05)，这在套路化的开头与结尾部分表现得尤为明显，未能有效吸引读者或升华主旨(S11，S12)。在语言层面，语句基本通顺完整(E01)，但词语的运用较为平实，不够生动优美(E02)，对事物细节的捕捉与刻画能力有待加强(E11)。同时，修辞手法、表达方式和表现手法的运用都比较单一，限制了文章的感染力(E05，E06，E07)。整体来看，文章内容充实，但谋篇布局与语言表达的技巧尚需提升(C04，E12)。"
130639,"该作文记录了观看海豚表演并上台互动的经历，选取了选观众、摸海豚、喂食及观看顶球等具体充分的材料(C02)，且这些材料均能紧密围绕“可爱的小海豚”这一中心进行组织(C04)。虽然题材较为常见，独创性一般(C05)，但作者能从不同角度对主题进行思考和表现(C06)。在结构上，文章能够交代清楚事件的前后内容(S02)，叙事条理分明，观察有主次、有顺序，从远观到近触再到观看表演，层次感较好(E12)。重点部分如与海豚的互动描写得较为详细(S09)，过渡性材料处理得当(S10)，句与段中心的联系也较为紧密(S07)。不过，文章分段不够合理，主体段落过长，段落间的过渡词句运用不够娴熟(S03)，导致段落与段落之间的紧密程度一般(S08)，段落与主旨的粘合度也有待提升(S06)。开头较为平实，吸引力不足(S11)；结尾简洁但略显仓促，缺乏新意(S12)。语言表达方面，全文语句通顺，意思完整(E01)，能够关注到海豚触感、动作等细节(E11)。但在词句的生动优美程度上还有欠缺(E02)，修辞手法使用较为单一(E05)，表现手法不够丰富(E07)，表达方式也略显单调(E06)。"
130701,"文章选取了花草树木、小动物、石桥湖水等丰富素材，材料具体且充分(C02)，所有描写均能紧密围绕“奥森跑道两边的美景”这一中心展开(C04)。作者尝试从植物、动物、静物等多角度表现主题(C06)，但在内容的独特性和思想深度上较为常规(C05)。在结构安排上，文章前后内容交代尚算清楚(S02)，利用“在跑道两公里处”等过渡词句对段落进行了粘合(S03)，各段落内容均与主旨紧密相连(S06)。句与句、段与段之间的逻辑关系基本连贯(S07)(S08)。开头部分能够切入主题(S11)，但结尾较为单薄，简洁利落程度有待加强(S12)。在详略处理上，重点景物的描写细腻度还可以进一步提升(S09)，过渡性材料处理得当中规中矩(S10)。语言表达方面，全篇语句通顺，意思完整(E01)，使用了“五彩斑斓”、“金灿灿”等生动优美的词语描绘景色(E02)。文中综合运用了比喻、拟人等修辞手法(E05)以及描写为主的表达方式(E06)，表现手法基本得当(E07)。作者能够关注到松鼠抱松果、小鸟歌唱等生动细节(E11)，但在观察的主次区分和顺序安排上还不够鲜明(E12)。"
130703,"文章选取了夏天碧绿的江水、冬天的雾凇与雪趣等具体充分的材料(C02)，紧紧围绕“美丽的松花江”这一中心进行组织(C04)，并能从夏冬两个季节的不同角度表现主题(C06)，虽然在思想深刻性和独特性上略显常规(C05)，但观察有主次有顺序(E12)，前后内容交代清楚(S02)。结构上，使用了“当然，最美的还是冬天了”作为过渡句有效粘合段落(S03)，段落之间关系紧密(S08)，各段落与主旨(S06)、各句子与段落中心(S07)联系紧密，且能做到详写冬日雪景这一重点(S09)，略写过渡性材料(S10)，开头点题恰当(S11)，结尾直抒胸臆简洁利落(S12)。语言方面，全篇语句通顺意思完整(E01)，词句生动优美，如叠词的使用(E02)，综合运用了比喻、夸张、设问等多种修辞手法(E05)，结合了描写与抒情等多种表达方式(E06)及表现手法(E07)，特别是在描写雪的质感与声音时，关注到了人物和事件的细节(E11)。"
130710,"本文在内容组织与材料选择上表现出较好的基础，能够围绕“荷塘之美”这一中心来组织材料(C04)，并成功地从四季变换的多维视角进行构思(C06)，使得段落间的递进关系紧密有序(S08)，前后内容的交代也十分清晰(S02)。在具体描写中，能够选取春天花鸟、冬天滑冰等较为充分的材料(C02)，并关注到一定的细节(E11)，观察有序(E12)。语言层面，全文语句通顺完整(E01)，词句选用基本恰当(E02)，各段落与主旨紧密相连(S06)，段内句子与段落中心句的联系也比较紧密(S07)。然而，文章在写作深度与技巧上存在不足，思想立意较为平实，缺乏独创性与深刻性(C05)，开篇与结尾的处理也显得功能化有余而文采不足(S11，S12)。在详略处理上，对重点部分的描绘不够充分，如夏天仅一笔带过(S09)，未能有效地区分并处理主次材料(S10)。表达手法的运用是主要短板，文章几乎完全依赖单一的记叙描写(E06)，修辞手法(E05)与表现手法(E07)的运用种类较少，限制了文章的感染力。"
130717,"文章选取了楼房、操场、植物及四季变化等具体材料，内容充实(C02)，紧紧围绕“美丽的小区”这一中心展开(C04)。作者观察细致，捕捉到了小草高度、柿子结果等细节(E11)，并按照空间和时间的顺序进行了有序观察(E12)。开头开门见山地介绍了小区概况，入题恰当(S11)。行文逻辑清晰，采用“春天到了”“夏天到了”等句式，巧妙地粘合了相邻段落(S03)，使得段落与主旨(S06)、句子与段落中心(S07)联系紧密，前后内容交代清楚(S02)。在描写上，能够详写四季景色的重点(S09)，语言通顺流畅(E01)，使用了“嫩绿”“争先恐后”等生动优美的词句(E02)，并结合拟人等修辞手法(E05)，增强了感染力。虽然结尾较为简洁(S12)，且多角度思考略显不足(C06)，但整体上是一篇结构完整、描写生动的佳作。"
130720,"文章能够以四季为线索，从多个角度来展现香山的迷人之处(C06)，并为每个季节选取了具体的景物作为描写的材料(C02)。全文按照时间顺序展开，观察有序，主次分明(E12)，尤其对秋景的描写较为详尽，体现出详写重点部分的能力(S09)。文章开篇与结尾均能点题，结构完整(S11，S12)，段落之间也因四季的更迭而形成了基本的关联(S08)，各段内容基本能够围绕主旨展开(S06)。然而，文章在结构衔接和语言表达上存在不足。首先，段落之间的转换主要依靠季节名称，缺少必要的过渡词句，使得衔接略显生硬(S03)，前后内容的交代不够流畅(S02)。同时，冬天的部分过于简略，详略处理不够均衡(S10)，段落内部的句子组织也稍显松散，部分语句未能紧密围绕段落中心句展开(S07)。在语言层面，文章语句基本通顺(E01)，也运用了一些描写和拟人手法(E06，E07)，但词语的选择不够精准生动(E02)，修辞手法的运用也较为单一，不够丰富(E05)。尽管注意到了景物的细节，但刻画的深度还有待加强(E11)。整体来看，文章思路清晰，但材料的组织与语言的锤炼尚有提升空间，独创性与思想深刻性方面表现一般(C05)，材料的选择与组织与中心的贴合度也需要进一步加强(C04)。"
130731,"文章围绕“东一时区”这一熟悉的地方，选取了春天百花盛开和秋天落叶满地、玩拔根游戏的具体材料，内容充实(C02)；所有素材均紧扣“环境美”及“怀念”的中心进行组织，主旨明确(C04)；但立意较为常规，主要停留在景物描写和简单回忆上，思想深度和独创性略显不足(C05)；思考角度主要局限于视觉观察和季节变化，显得相对单一(C06)。在结构上，文章按照时间顺序安排段落，能够交代清楚前后内容(S02)；巧妙使用了“春天的时候”“秋天的时候”等时间词作为过渡，有效粘合了相邻段落(S03)；各段落内容均与主旨紧密相连(S06)，段落内部的句子也能紧扣“环境可美了”等中心句展开(S07)，段与段之间逻辑关系紧密(S08)；对于重点的景物描写较为详尽(S09)，过渡性材料处理得当(S10)；开头直接点题(S11)，结尾简洁总结(S12)，但首尾略显平淡。语言方面，全文语句通顺，意思表达完整(E01)；运用了“吹起了小喇叭”“笑开了脸”等生动优美的词句(E02)；综合使用了拟人、比喻等修辞手法，增强了画面的生动感(E05)；表达方式以描写为主，较为清晰(E06)，但在表现手法的多样性上还有提升空间(E07)；作者关注到了花的形态颜色及儿童游戏等生活细节(E11)，并能按照季节顺序有条理地进行观察和描写(E12)。"
130736,"本文围绕“中关村二小”的四季景色展开，选取了柳树、小草、同学活动、落叶、雪景等具体材料，内容较为充实(C02)。这些材料均紧扣“学校景色诱人”这一中心进行组织(C04)，并尝试从植物、动物及人物活动等多角度表现主题(C06)，但文章立意主要停留在写景层面，思想深度和独创性尚显常规(C05)。结构上采用总分总模式，各段落与主旨联系紧密(S06)，结尾简洁有力地点明了喜爱之情(S12)，但开头略显平淡(S11)。文章按时间顺序展开，条理清晰，前后内容交代基本清楚(S02)，但段落间仅用季节词转换，过渡略显生硬(S03)，段际逻辑紧密度一般(S08)，且段内语句与中心句的关联还可以更紧密(S07)。详略处理上，四季篇幅平均，未突显重点部分(S09)，过渡性材料的处理也较弱(S10)。语言方面，使用了“万物复苏”“骄阳似火”等成语，词句生动优美(E02)，语句通顺流畅(E01)。虽有观察顺序(E12)和一定细节描写(E11)，但修辞手法运用较少(E05)，表达方式(E06)和表现手法(E07)也相对单一。"
130739,"文章在叙事线索上较为清晰，能够交代清楚游览红海滩的前后过程(S02)，段落间的衔接也基本做到了自然流畅(S08)，并能围绕红海滩这一中心来选择记叙的内容(C04)。然而，文章在材料的选取和处理上存在明显不足，虽然选取了具体材料(C02)，但对核心景观的描写不够详细深入(S09)，而对背景资料等次要信息的交代则显得简略(S10)，这导致文章的思想深刻性和独创性不足(C05)，也未能从多个角度对主题进行挖掘(C06)。从结构上看，尽管各段落和主旨的联系尚可(S06)，但段落内部句子的组织较为松散，未能紧密围绕段落中心句展开(S07)。语言表达方面，语句基本通顺完整(E01)，也注意到了对人物和事件细节的观察(E11)并能按一定顺序记叙(E12)，但问题在于词语运用较为平淡，缺乏生动优美的词句(E02)，也未能综合运用多种修辞手法(E05)、表达方式(E06)及表现手法(E07)来增强文章的表现力。最后，文章的开头较为平淡(S11)，结尾则显得仓促，未能起到深化主旨的作用(S12)。"
130801,"文章围绕“小狗摘苹果”这一事件，选取了小兔蹦跳、小猫爬树等情节作为支撑，选材具体且能够紧密围绕中心展开(C02，C04)。作者巧妙利用不同动物的特性来推动情节发展，体现了多角度思考主题的能力(C06)。开篇交代时间、地点及起因，入题自然恰当(S11)。各段落紧扣主旨，叙事条理清晰，展现了有顺序的观察视角(S06，E12)。在语言表达上，语句通顺流畅，意思完整(E01)，并能运用“秋高气爽”、“又大又红”、“嗖地一下”等生动词汇增强画面感(E02)，同时也尝试运用了拟人等修辞手法(E05)。段落间使用了过渡词句进行粘合，使得情节推进相对连贯(S03)。然而，文章在细节打磨和结构紧密度上仍有提升空间。虽然交代了前后内容，但部分情节转换略显平淡(S02)，且段落内部句子间的逻辑紧密度不足(S07)。段落之间的衔接虽有过渡，但紧密度一般(S08)。在详略安排上，重点部分如寻找帮助的过程描写不够细腻(S09)，过渡性材料的处理也较为普通(S10)，导致人物和事件的细节呈现不够丰满(E11)。结尾处仅用一句“开心”收束，显得过于仓促，缺乏余味(S12)。此外，文章在思想深度和表现手法的多样性上较为常规，缺乏独特的原创性思考(C05，E07)，表达方式也主要局限于记叙(E06)。"
130803,"文章构思具有一定的独特性，将猫鼠友谊的建立与测谎仪这一现代科技元素结合(C05)。围绕这一中心，选取了“测谎仪验明正身”和“智斗大狗”两个具体情节作为支撑材料，做到了材料充分(C02)且能服务于中心思想(C04)。从结构上看，文章开头直接切入情节(S11)，结尾对友谊的结果进行总结(S12)，显得简洁利落。叙事顺序清晰，能够有主次有顺序地展开情节(E12)，并通过“一天”、“从今往后”等词句实现了段落间的过渡(S03)，保障了段落间的关系是紧密的(S08)。段落内部的句子组织也基本能围绕段落中心展开(S07)。然而，文章在内容的深度和表现力上存在不足。首先，对主题的思考角度略显单一，未能从更多角度深入挖掘友谊的内涵(C06)。其次，情节之间的交代不够清晰，从交朋友到路上遇到大狗的转折显得有些突然，前后内容的连接感不强(S02)，导致个别段落与主旨的关联显得松散(S06)。这个问题也体现在详略处理上，作为关键情节的“老鼠救猫”部分描写过于简略，未能详写(S09)，而一些过渡性材料同样处理得过于简单(S10)，这主要源于对人物和事件的细节关注不够(E11)。在语言表达层面，文章最大的优点是语句通顺，意思完整清晰(E01)。但语言的生动性和表现手法较为单一，词句的运用基本恰当但不够生动优美(E02)。表达方式上以叙述和对话为主，缺少必要的描写和抒情(E06)，修辞手法的运用(E05)与表现手法的综合使用(E07)也比较有限，影响了文章的感染力。"
130810,"该生作文对经典寓言进行了大胆改编，能够选取具体且充分的材料来构建新的故事情节(C02)，并紧密围绕从“争斗”到“合作”这一中心来组织和安排材料(C04)。这种反转传统结局的构思体现了学生具备一定的独特性和原创性思维(C05)，能够多角度思考角色关系并选用合适的材料加以表现(C06)。在结构安排上，文章能够交代清楚故事的前后内容，起因、经过、结果脉络清晰(S02)，叙事有主次、有顺序，符合时间逻辑(E12)。各段落内容与文章主旨联系紧密(S06)，特别是对老鹤与大蚌争斗的重点部分进行了详写，突出了冲突(S09)，结尾简洁利落，给出了圆满的结局(S12)。不过，在段落之间的过渡衔接上略显生硬，缺乏有效的过渡词句粘合(S03)，导致段与段之间的逻辑关系不够紧密(S08)，部分句子与段落中心的联系也需加强(S07)。此外，开头较为常规(S11)，对于过渡性材料的略写处理还不够精当(S10)。语言表达方面，全文语句通顺，意思表达完整(E01)，能够使用恰当生动的词句描绘动物的动作和神态，如“大摇大摆”、“乱拍翅膀”等(E02)。但是，文章在修辞手法的运用上较为单一(E05)，表现手法不够丰富(E07)，综合运用多种表达方式的能力也有待提高(E06)。虽然有动作描写，但在人物心理变化和事件细节的刻画上还不够深入(E11)。"
130817,"学生选取了森林狂欢会、动物表演以及小猫忘带节目等具体材料，内容充实(C02)，且所有情节均紧紧围绕“狂欢会”这一中心展开，主题明确(C04)。故事中融入了对友情的思考，具有一定的独特性(C05)，并能从环境描写和动物活动多角度表现主题(C06)。叙事过程中，作者关注了动物的动作与神态细节(E11)，且叙述顺序清晰，有主次地进行了观察与描写(E12)。在结构上，文章前后内容交代得非常清楚(S02)，段落间也能运用过渡词句进行衔接(S03)，段际关系较为紧密(S08)。结尾简洁利落，有效升华了主题(S12)。开头虽然交代了背景，但略显平淡(S11)。主要问题在于第二段承载了过多的内容，包括景色、入场、表演和插曲，导致段落主旨不够集中紧密(S06)，句子与段落中心的联系也因此略显松散(S07)。此外，详略安排有待优化，对狂欢会表演这一重点部分的描写不够详细(S09)，而对环境等过渡性材料的略写处理也不够到位(S10)。语言方面，全篇语句通顺，意思完整(E01)。虽然运用了一些成语，但词句的生动优美程度一般(E02)，修辞手法(E05)、表达方式(E06)及表现手法(E07)较为单一，缺乏更丰富的文学色彩。"
130820,"文章通过讲述“今今”和“明明”两只企鹅的不同故事，鲜明地对比了勤奋与懒惰两种态度，从而引出珍惜时间的主题。选材具体且能够充分支撑故事发展(C02)，材料的组织紧紧围绕文章中心，主旨明确(C04)，通过正反对比的角度有效表现了主题(C06)，体现了一定的思想性(C05)。在结构上，各段落与主旨的联系非常紧密(S06)，每一句话都能紧扣段落中心展开，逻辑连贯性强(S07)。段与段之间关系紧凑(S08)，能够运用过渡词句自然地粘合上下文(S03)，前后情节交代清楚(S02)。叙事详略得当，对于过渡性的背景材料能够进行略写(S10)，重点情节也有所展开(S09)。语言表达方面，全篇语句通顺流畅，意思表达完整，这是文章的一大亮点(E01)。叙事过程有主次、有顺序(E12)，也能关注到企鹅学习技能等细节(E11)，词句运用基本恰当(E02)。但在文采方面略显不足，开头较为常规(S11)，结尾虽总结了道理但形式略显单一(S12)。此外，修辞手法(E05)、表达方式(E06)以及表现手法(E07)的运用较为简单，使得文章在生动性和感染力上还有提升空间。"
130831,"文章在内容选择与篇章结构方面表现出色，能够围绕“努力比投机取巧更重要”的中心来选择和组织材料(C04)，选取的材料具体且充分，足以支撑文章主旨(C02)，并且能够从不同侧面选用材料来表现主题(C06)。文章整体结构清晰，段落与主旨联系紧密(S06)，段落之间的关系也较为紧密(S08)，前后内容的交代基本清楚(S02)，并能使用“第二天”“第三天”等词句来粘合段落(S03)。叙事有主有次，观察有序(E12)，能够详写小鸭借笔并发现真相的核心情节(S09)，结尾点明主旨，简洁有力(S12)。同时，全文语句通顺，意思完整(E01)。然而，文章在思想深度和语言表达的细节上还有提升空间。文章的主题较为常见，在思想的独创性与深刻性上表现平平(C05)。开头部分对人物背景的介绍略显仓促(S11)，部分段落内部的句子之间联系不够紧密，未能句句紧扣段落中心(S07)，一些过渡性的心理活动或情节交代得过于简略(S10)。在语言层面，词句的运用较为平实，在生动优美方面有所欠缺(E02)，修辞手法(E05)和表现手法(E07)的运用较少。虽然能够综合运用记叙和议论等表达方式(E06)，但在人物和事件的细节刻画上还可以更加丰富(E11)。"
130836,"文章在主题与结构上表现出明显优势，但在叙述的丰满度和语言的文学性上存在不足。首先，文章能够围绕中心思想选择多个学本领的事例，材料选取较为充分具体(C02)，并能将这些材料有效地组织起来服务于“做事要有恒心”的主题(C04)，体现出从不同角度选择材料的能力(C06)。结构层面，各段落均能紧扣主旨(S06)，段落之间通过“又去找”等词语形成了有效的衔接和过渡(S03)，并列式的段落关系也十分清晰(S08)，使得文章整体流畅通顺(E01)，结尾亦能简洁地总结全文主旨(S12)。然而，文章的不足之处在于叙述过于概括，未能详写小猴学习过程中的具体情景和困难，导致重点部分描写不足(S09)，也未能对次要部分进行有效略写(S10)，使得叙事显得单薄，缺乏细节(E11)。这直接影响了思想的深刻性，使主题停留在一个较为浅显和普遍的层面(C05)。语言表达上，词语运用较为平淡，缺乏生动优美的词句(E02)，同时，修辞手法、表达方式和表现手法的运用都非常有限(E05，E06，E07)，削弱了文章的感染力。此外，文章的开头较为平庸(S11)，内容的前后交代(S02)以及段落内部句子间的紧密度(S07)也还有提升空间。"
130839,"这篇作文以“小老鼠家的选美大赛”为题，构建了一个富有童趣的童话故事。在材料选择上，你选取了三位选手分别展示外貌、才艺和内心美，材料具体且充分，能够支撑起文章的骨架(C02)。整篇文章紧紧围绕“选美”这一中心展开，尤其是通过3号老鼠的发言，突出了“内在美”的主题，选材和组织都服务于这一中心(C04)。值得肯定的是，你在3号选手的发言中融入了对社会现象（乞讨者与富人）的思考，体现了超越一般童话的独特思想深度，具有较强的原创性(C05)。同时，你能够从外表、才艺、品德等多个角度来诠释“美”的含义，展现了多维度的思考能力(C06)。在结构安排上，文章按事情发展的顺序叙述，能够基本交代清楚选美大赛的起因、经过和结果(S02)。段落之间使用了如“只听”、“这时”等过渡词句，使文章衔接较为自然(S03)。段落之间的逻辑关系紧密，层层递进推动情节发展(S08)，各段落也能紧扣选美这一主旨(S06)。但在句与句的衔接上，部分内容（如3号老鼠从背书跳跃到施舍）逻辑略显跳跃，紧密度有待加强(S07)。详略处理方面，你将笔墨重点放在了选手的展示环节，做到了详写重点(S09)，而对过渡性情节进行了略写(S10)。开头通过描写热闹场面引入主题，较为恰当(S11)，但结尾略显仓促，仅交代结果和祝贺，显得不够有力(S12)。在语言表达方面，全文语句通顺，意思表达完整(E01)。虽然运用了“张灯结彩”等词语，但整体词句的生动性和优美度还有提升空间(E02)。修辞手法运用较少，缺乏对比、比喻等手法的综合运用(E05)，表达方式和表现手法也相对单一，主要依靠语言描写推进(E06)(E07)。细节描写方面，虽然记录了人物语言，但对老鼠的神态、动作描写不够细致(E11)，观察的主次和顺序感也稍显薄弱(E12)。"
140101,"文章选取了路途中的牦牛、羊群，山脚的油菜花海，以及山顶的景色和传说故事等作为素材，材料具体且充分(C02)，这些内容都能很好地围绕“美丽的卓尔山”这一中心进行组织(C04)。作者能够从动物、植物、自然景观及人文传说等多角度思考并选用材料来表现主题(C06)，但在立意的独特性和思想的深刻性方面还有提升空间，感悟略显浅显(C05)。在结构上，各段落与主旨紧密相连(S06)，段落内部各句话也能紧扣中心句展开(S07)，段与段之间关系较为紧密，游踪清晰(S08)。不过，前后内容的交代虽无大碍但略显平铺直叙(S02)，段落间使用的过渡词句较为常规，粘合度一般(S03)。开头采用了传统的时间起笔法，较为中规中矩(S11)，结尾总结略显仓促，虽简洁但收束感稍弱(S12)。详略安排上，对重点景物和传说的描写尚算详细(S09)，但对路途等过渡性材料的略写处理还不够精炼，稍显流水账(S10)。语言表达方面，全文语句通顺，意思完整(E01)，能够综合运用比喻、排比等多种修辞手法，如描写羊群和油菜花海，增强了文章的生动性(E05)。词句运用基本恰当(E02)，能够关注到人物和事件的细节，如羊群的动态和花海的金光(E11)，并能按照游览顺序有条理地进行观察(E12)。但在表达方式上主要以记叙和描写为主，抒情和议论运用较少(E06)，表现手法的多样性也有待加强(E07)。"
140102,"文章能够紧密围绕游玩的中心来组织材料，显示出较好的整体构思能力(C04)，且基本做到了语句通顺，意思表达完整(E01)。在内容选择上，文章选取了迪士尼和冒险乐园两个具体事例作为支撑，材料是充分的(C02)，并能通过记叙不同天的游玩经历，尝试从多个角度展开叙述(C06)。结构方面，文章的开篇与结尾均能完成其基本功能(S11，S12)，段落之间以时间顺序衔接，逻辑关系尚可(S08)，各段落也与主旨紧密相连(S06)。然而，文章在思想深度和独创性上表现平平(C05)。虽然选取了过山车和跳楼机作为重点部分进行描写，但展开不够充分，细节刻画稍显不足(S09)，导致重点不突出，对次要材料的过渡处理也较为简单(S10)。尤其需要注意的是，段落内部的句子之间联系不够紧密，未能有效地共同服务于段落的中心句(S07)。在语言表达上，虽然运用了一些象声词，但整体词语运用仍显单调，不够生动优美(E02)，对人物和事件细节的关注也停留在比较初步的层面(E11)。"
140103,"文章能够围绕游览天涯海角这一中心选取具体且充分的材料(C02)，并能关注到景物的细节(E11)，对重点部分进行了详写(S09)，语言表达也较为生动恰当(E02)，语句通顺完整(E01)。从结构上看，段落内部的句子能够围绕中心句展开(S07)，段落之间也基本能按照游览顺序紧密衔接(S08)。然而，文章在材料的组织上还可以更好地服务于中心(C04)，部分段落与主旨的关联不够紧密(S06)，段落间的粘合主要依靠简单的顺序词，缺少有效的过渡词句(S03)，导致前后内容的交代有时不够清晰(S02)。同时，文章对过渡性材料的处理不够简略(S10)，开头过于口语化(S11)，结尾则显得仓促(S12)。在表达层面，尽管运用了一些修辞手法(E05)，但表现手法较为单一(E07)，以记叙和描写为主，综合表达方式运用不足(E06)。文章的观察有主次顺序(E12)，但思考角度不够多元(C06)，未能展现出独特深刻的见解(C05)。"
140106,"文章能够紧密围绕游览笔架山的核心事件组织材料，主线清晰(C04)，段落间的衔接紧凑自然，特别是从去时悠闲到返程紧张的节奏变化处理得当，逻辑关系紧密(S08)。作者选取了“天桥”涨潮这一核心经历作为叙述重点，材料选择较为具体充分(C02)，使得文章各段落及段内语句都能与主旨紧密相连(S06)(S07)。全文叙事交代清楚(S02)，语句通顺，意思表达完整(E01)。在叙事节奏上，作者对返程时与潮水赛跑的紧张过程进行了重点描写(S09)，观察也基本能做到主次有序(E12)，结尾对潮汐现象的解释也较为简洁(S12)。然而，文章在思想深度和独创性上表现不足，停留在对事件的简单记录层面(C05)。开头部分仅为简单告知，未能有效吸引读者(S11)，而对于吃烧烤这类过渡性材料的处理则过于简略，与上下文的关联性不强(S10)。此外，文章在语言表达的生动性和美感上有所欠缺(E02)，对人物事件的细节刻画不足(E11)，也较少综合运用修辞、表达方式及表现手法来增强文章的感染力(E05)(E06)(E07)。尽管文章记录了个人经历，但在多角度思考和选材上仍有提升空间(C06)，段落间的过渡也主要依靠事件的自然顺序而非精巧的词句(S03)。"
140107,"文章选取了兵马俑的数量、颜色、坑的大小以及人俑马俑的神态动作等具体材料，内容较为充实(C02)，这些材料都能很好地围绕“有趣”和“壮观”这一中心进行组织(C04)。作者观察到了“颜色掉光”、“只有公马”等细节，体现了一定的独特性和原创性思考(C05)，但在挖掘主题的多样性角度上还有提升空间(C06)。从结构上看，开头直入主题(S11)，结尾简洁利落(S12)，各段落内容均紧密围绕主旨展开(S06)，段落之间关系较为紧密(S08)，能够清楚交代前后内容(S02)。叙述时遵循了有主次、有顺序的观察路径，从整体到局部，从人到马(E12)。不过，段落内部句子之间的逻辑联系略显松散，紧密度有待加强(S07)，过渡词句的使用较为基础(S03)。在详略安排上，虽然描写了重点部分，但笔墨分布的差异化还不够明显(S09)，过渡性材料的略写处理也较为一般(S10)。语言方面，整篇文章语句通顺，意思完整(E01)，尝试使用了排比、比喻等修辞手法(E05)以及对人物细节的关注(E11)，但在词句的生动优美程度(E02)、表达方式的综合运用(E06)以及表现手法的多样性(E07)上仍显平淡。"
140108,"文章的优点在于内容充实且结构清晰，能够围绕游览故宫这一中心来选择和组织材料(C04)，选取了午门、三大殿、后三宫等一系列具体而充分的材料来支撑全文(C02)，并且能够按照游览顺序有主次地进行观察和叙述(E12)。全文的段落都与主旨紧密相连(S06)，段落之间的关系也因游览路线的推进而显得紧密(S08)，并能使用“首先”“最后”等词语进行过渡(S03)，对核心的宫殿建筑群也做到了详写(S09)。然而，文章最大的问题在于缺乏独特的个人感悟与思考，整体上更像一份说明文式的游览记录，而非一篇有深刻思想的游记(C05)。这体现在表达方式上，全文以说明和记叙为主，缺少个人化的描写与抒情，表达方式较为单一(E06)，也未能综合运用多种修辞手法(E05)和表现手法(E07)来增强文章的感染力，只是使用了恰当的词句保证了文从字顺(E02，E01)。在细节层面，文章对建筑功能的介绍多于对个人所见所感的细节描绘(E11)，同时在段落内部，有时只是信息的罗列，导致个别语句与段落中心句的联系不够紧密(S07)。此外，文章的开头和结尾都略显平淡，未能做到引人入胜或余味悠长(S11，S12)，对前后内容的交代(S02)和过渡性材料的略写(S10)也还有提升空间。"
140109,"文章选取了进门处的花朵、沿途的大树与荷花、大水法遗址等具体景物作为写作素材，内容较为充实(C02)。作者能从自然景观和人文遗迹等多个角度进行观察和描写(C06)。但在围绕中心组织材料方面略显松散，前半部分对自然美景的流连与后半部分对历史的沉重感衔接不够自然(C04)，立意较为常见，独特性一般(C05)。文章段落之间按照游览顺序排列，关系紧密(S08)，各段落与主旨联系较为紧密(S06)，句段之间也能紧密相连(S07)。作者对荷花进行了详写(S09)，对买票、坐船等过程进行了略写(S10)，详略得当。不过，过渡词句多用“过了一会儿”、“然后”，略显生硬(S03)，前后内容的交代虽然清楚但部分转换稍显突兀(S02)。开头直入主题但较为平淡(S11)，结尾虽有升华但略显套路化(S12)。语言表达方面，语句非常通顺，意思完整(E01)。文中运用了“光彩夺目”、“洁白如玉”等恰当的词语(E02)，综合使用了拟人、比喻、排比等修辞手法(E05)以及叙述、描写、抒情等表达方式(E06)，表现手法尚可(E07)。作者在描写中关注了荷花姿态等细节(E11)，并能有主次、有顺序地进行观察(E12)。"
140110,"文章在内容选择与结构组织上表现突出，能够围绕游览清华荷塘这一中心选取具体且充分的材料(C02)，并从空间方位等多个角度来组织材料(C06)，使得文章内容与中心主题高度契合(C04)。全文结构清晰，所有段落均能紧密围绕主旨展开(S06)，段落之间的关系因采用方位顺序而显得紧密(S08)，内容的前后衔接也比较清楚(S02)。在段落内部，每句话也能与段落的中心意思保持关联(S07)。作者能够有主次有顺序地进行观察(E12)，并对景物细节有所关注(E11)，对文章的重点部分做到了详写(S09)。语言表达方面，全文语句通顺，意思完整(E01)，并使用了一些较为恰当生动的词句(E02)。然而，文章在思想深度与表达技巧上存在不足。首先，文章的思想内容停留在对景物的客观描摹，未能展现出独特的感悟或深刻的思考，因此原创性不强(C05)。其次，结构虽清晰，但段落间的过渡方式略显单一，主要依靠方位词进行连接，不够灵活(S03)，对过渡材料的处理也较为简单(S10)。开头和结尾的处理略显平淡和仓促，开篇直白(S11)，结尾的感慨则与前文的写景联系不够紧密(S12)。最后，在表达方式和写作手法上，全文以记叙和描写为主，未能综合运用抒情、议论等多种表达方式(E06)，表现手法较为单一(E07)，修辞手法的运用也不够丰富(E05)。"
140111,"文章选材具体且丰富，涵盖了荷花池、黑天鹅湖、全景模型馆及遗址景区等多个具体景点，材料充实度很高(C02)。虽然材料丰富，但整体构思主要依据游览路线展开，多角度思考和围绕中心选材的表现尚可，属于标准的游记结构(C04)(C06)，在思想深刻性和独特性方面略显常规(C05)。结构方面，文章最大的亮点在于过渡词句的使用和段落与主线的连接，使用了“从东南门进入”、“走过荷花池”、“再往前走”等清晰的方位词串联全文，游踪明确，段落与游览主旨结合紧密(S03)(S06)。文章前后内容交代清楚，段落之间及句子之间的逻辑关系较为紧密(S02)(S07)(S08)。详略安排上，作者能够对荷花池和遗址景区进行详写，重点突出(S09)，过渡性材料处理得当(S10)。开头部分仅交代时间人物地点，略显单薄(S11)，结尾通过引用历史背景升华主题，简洁利落(S12)。语言表达上，全文语句通顺，意思完整(E01)。作者能够运用比喻等修辞手法，如将玉莲比作大力士、黑天鹅比作舞蹈姑娘，使得词句较为生动恰当(E02)(E05)。文章综合运用了记叙、描写和议论等表达方式(E06)，但在表现手法的多样性上还有提升空间(E07)。观察视角明确，遵循了移步换景的顺序(E12)，并关注到了景物的具体细节(E11)。"
140112,"作文记录了作者在云南游历松赞林寺、丽江古城和茶马古道的见闻，材料选取具体且较为充分，特别是对松赞林寺的建筑和内部景象有较多描述(C02)。文章能够围绕“历史文化”这一中心进行选材和组织，各部分内容基本服务于主题(C04)，并尝试从建筑外观、历史背景及亲身体验等多个角度来表现游览的收获(C06)，但在思想深度和独特性上表现尚可，对“商业化”等现象的思考未深入展开(C05)。在结构上，文章开篇点明时间地点和写作意图，切入恰当(S11)，结尾虽简洁但略显仓促(S12)。行文按照游览顺序推进，前后内容交代清晰(S02)，段落之间以及段落与主旨的联系较为紧密(S06)(S08)。文中使用了“先去了”、“然后又去了”等过渡词句连接段落，虽起到了粘合作用但略显重复单调(S03)。段落内部句子的衔接基本连贯(S07)。文章详略处理得当，详写了松赞林寺和茶马古道的体验，突出了重点(S09)，对过渡性材料进行了有效的略写(S10)。语言表达方面，全篇语句通顺，意思完整(E01)。作者能够有顺序地观察景物，如从外部建筑到内部陈设(E12)，但在细节描写上略显不足，尤其是丽江古城部分较为笼统(E11)。词句运用基本恰当，但生动性和优美程度一般(E02)。文中运用了比喻等修辞手法(E05)，综合运用了记叙和说明等表达方式(E06)，表现手法相对常规(E07)。"
140113,"文章在选材与立意上展现了较好的基础，能够围绕中心选择和组织材料(C04)，所选取的瀑布、猴群、日出等游览内容具体且充分(C02)，并且在观察时能做到有主次有顺序(E12)，也关注到了猴子摘取眼镜这类事件细节(E11)，体现出作者能从多个角度思考并选择材料来表现主题(C06)，但文章在思想的原创性与深刻性上还有提升空间(C05)。从篇章结构来看，文章的开头与结尾均处理得较为恰当(S11，S12)，段落之间的关系也比较紧密(S08)，但其主要问题在于各段落和主旨的联系不够紧密(S06)，例如对猴群的描写如何体现“秀”的主题，关联稍显不足；同时，文章在交代前后内容的连贯性上略有欠缺(S02)，过渡词句的粘合作用有待加强(S03)，段落内部句子与中心句的联系也可以更紧密(S07)；在详略处理上，对日出等重点部分的描写不够突出(S09)，而对过渡性材料的交代则可以更简洁(S10)。在语言表达层面，全文语句通顺，意思完整(E01)，但词句的恰当生动性表现平平(E02)，对修辞手法和表现手法的综合运用较为单一(E05，E07)，可以尝试综合运用多种表达方式来增强文章的文学色彩(E06)。"
140114,"文章的整体叙事清晰，语句通顺完整，能够让读者无障碍地理解游览过程(E01)。在材料选择上，本文表现突出，能够选取具体且充分的材料来记叙，尤其是对公园义诊这一意外事件的记录，展现了较好的观察力与选材能力(C02)，并能关注到量血压、号脉等人物和事件的细节(E11)。从篇章结构来看，文章能够围绕游览紫竹院这一中心来选择和组织义诊、赏荷、租船等材料(C04)，也能从多个角度来展现这次游览的所见所感(C06)，各段落与主旨、各句话与段落中心句的联系都比较紧密，段落间的衔接也较为合理(S06)(S07)(S08)，对于未能租船这类次要情节也能做到简要处理(S10)。然而，文章在详略处理上存在明显不足，虽然选取了义诊和赏荷两个不错的重点，但对这两个部分的描写都未能深入展开，导致文章缺乏一个被充分详写的核心部分(S09)。其次，文章的结构衔接处理得较为生硬，主要依靠“看完了‘病’我们继续前行”这类功能性的句子来串联内容，使得上下文的交代不够自然(S02)，段落间的过渡也缺少更精巧的词句黏合(S03)。在开头和结尾的处理上，开篇直白交代背景，但略显平淡，未能有效吸引读者(S11)，结尾对游览活动进行了总结，并尝试引用名句升华，具备了一定的独创性思考(C05)，但整体收束略显仓促(S12)。语言表达方面，虽有“娇艳欲滴”等恰当的词句(E02)，但修辞手法、表达方式和表现手法的综合运用还比较单一，例如赏荷部分主要依赖于引用诗句，自身的描绘不够丰富(E05)(E06)(E07)。最后，在观察的层次性上，文章罗列了所见场景，但在主次顺序的安排上还可以进一步优化，以更好地突出游览的重点(E12)。"
140115,"该作文是一篇内容充实、描写生动的游记。在内容选材方面，学生能选取威尼斯的水路、贡多拉、圣马可大教堂及叹息桥等典型且具体的材料(C02)，所有素材均紧密围绕“威尼斯之行”这一中心进行组织(C04)。学生展现了不错的观察视角，能从远望全景、近观建筑、亲身体验等多个角度思考主题并选用材料(C06)。虽然文中提出了关于地基的疑问，体现了一定思考，但在思想的深刻性与独创性上表现中规中矩(C05)。在结构布局方面，文章拥有一个非常恰当的开头，既点出兴奋之情又抛出悬念，入题迅速(S11)；结尾则直抒胸臆，简洁利落(S12)。全文按照游览的时间顺序展开，观察有主次、有条理(E12)。段落之间能够运用“然后”、“最后”等过渡词句进行粘合(S03)，使得各段落与主旨紧密相连(S06)，段与段之间的关系也较为紧密(S08)。叙事中，能对贡多拉和教堂等重点部分进行详写(S09)，对路途等过渡性材料进行略写(S10)，前后内容交代基本清楚(S02)。不过，部分段落内部各句话与中心句的联系不够紧密，逻辑跳跃稍显明显(S07)。在语言表达方面，整篇文章语句通顺，意思表达完整(E01)。特别是词句运用恰当、生动优美(E02)，如对教堂光影“像映出一幅彩色的图画”的描写令人印象深刻。学生善于捕捉人物和事件的细节，如建筑上的水渍和贝壳(E11)，并综合使用了多种表达方式(E06)和表现手法(E07)。但在修辞手法的综合使用上略显单薄(E05)，主要依赖比喻和白描。"
140117,"文章在结构组织上展现出较好的规划性，能够围绕旅行这一中心从自然风光与人文景观两个角度选择材料(C06)，并按照游览顺序进行组织(C04)，使得前后内容的交代清晰明确(S02)，同时也能运用“首先”“然后”等过渡词来衔接段落(S03)，观察有主次有顺序(E12)。内容方面，文章选取了贝加尔湖和修道院作为描写的重点，能够为主题提供具体材料(C02)，并对这部分内容进行了详写(S09)，其中也包含对修女衣着等细节的关注(E11)。然而，文章的主要问题在于思想深度的匮乏，对景物的描写停留在百科介绍式的罗列和简单的外观描述上，未能发掘出独特的个人感悟与思考(C05)。这一问题也导致了结构上的深层不足，虽然有过渡词，但段落之间缺乏内在的逻辑关联，只是单纯的场景切换(S08)，段落内部的句子也未能紧密围绕一个中心意思展开，呈现出信息的简单堆砌(S07)。语言表达是另一个明显的短板，全文语句基本通顺(E01)，但词句的选择平淡，缺乏生动优美的色彩(E02)，也未能综合运用多种修辞手法或表现手法来增强感染力(E05，E07)，表达方式以说明为主，显得非常单一(E06)。最后，文章的开头较为恰当(S11)，但结尾的感慨过于仓促和简单化(S12)。"
140118,"文章整体框架清晰，展现了较好的篇章组织能力，各段落能够紧密围绕游览石林这一主旨展开(S06)，并且全文按照游览顺序进行观察和记叙，条理分明(E12)，开头交代石林的地理位置与成因，简洁得当(S11)，结尾发出邀请，收束有力(S12)，全文语句通顺完整，表达流畅(E01)，内容上能够围绕中心选择游览所见的景物作为材料(C04)，并能从自然景观和人文传说等多个角度组织材料(C06)，体现出一定的观察细节能力(E11)，形成了个人的游览见闻(C05)，前后内容的衔接也比较清楚(S02)，但文章的主要问题在于描写的深度不足，虽然选取了具体材料(C02)，但对重点部分的刻画不够充分(S09)，多处景物仅是罗列名称而缺少生动描绘，导致略写部分与详写部分区分不明显(S10)，段落之间的逻辑关系也略显松散，衔接不够紧密(S08)，这进而影响了语言表达的生动性，词句的运用虽恰当但不够优美(E02)，同时文章在表达方式的综合运用上较为单一(E06)，几乎没有使用修辞手法来增强感染力(E05)，表现手法的运用也比较有限(E07)。"
140120,"文章选取了牛津剑桥、巨石阵、大英博物馆、莎士比亚故居、驾驶飞机以及哈利波特影城等丰富且具体的素材，充分展示了英国之行的见闻(C02)。全文紧紧围绕“快乐的英国之旅”这一中心进行材料的组织与安排，无论是参观名胜还是亲身体验，都服务于这一主题(C04)。其中“驾驶飞机”这一段落的描写具有较强的独特性和原创性，区别于一般的景点打卡式游记，体现了独特的体验感(C05)。作者能从历史文化、文学艺术、亲身探险等多个角度思考主题，选材视角开阔(C06)。叙事过程中，能够清楚地交代行程的前后经过，特别是在驾驶飞机部分，流程清晰(S02)。段落之间使用了“在所有行程中”、“还有一个”等过渡词句，起到了较好的粘合作用(S03)。各段落内容均指向“快乐”的主旨(S06)，段落内的句子也能围绕该段中心展开(S07)，段落间的逻辑关系较为紧密(S08)。文章详略得当，重点详写了驾驶飞机的过程与感受(S09)，而对于开头提及的众多景点则采用了列举的方式进行略写(S10)。开头直入主题，列举著名景点，引人入胜(S11)，结尾简洁利落，总结了旅行的收获与心情(S12)。语言表达上，语句通顺，意思表达完整(E01)，使用了“波光粼粼”、“美不胜收”等恰当且生动的词汇(E02)。文中运用了比喻修辞，如将自己比作“快乐的小鸟”，将田野比作“棋盘”，增加了文章的生动性(E05)。综合运用了叙述和描写等表达方式(E06)，但在表现手法的多样性上还有提升空间(E07)。作者关注了驾驶飞机的操作细节以及哈利波特影城的场景细节(E11)，并且在描写空中俯瞰景色时，按照由近及远、由上到下的顺序进行了有条理的观察(E12)。"
140123,"文章的优点在于能够围绕揭秘电影特效这一中心来选择和组织材料(C04)，所选取的环球影城见闻具体且充分(C02)，使得每个介绍具体项目的段落都和文章主旨紧密相连(S06)，段落内部的句子也能服务于段落的中心句(S07)。文章在结构安排上能够清晰交代前后内容(S02)，并对重点部分进行了详写，对旅途等次要信息进行了略写，处理得当(S09，S10)。然而，文章的不足之处在于段落之间的关系不够紧密，各部分内容多为并列式罗列，缺少必要的过渡词句和逻辑勾连，使结构显得有些松散(S08，S03)。从思想内容上看，文章的思考角度较为单一(C06)，主要停留在对原理的解释层面，未能展现出更具独特性和深刻性的思考(C05)。在语言表达层面，尽管语句基本通顺完整(E01)，但词句的运用较为平实，不够生动优美(E02)，同时表达方式以说明为主，手法单一(E06)，也欠缺对修辞手法和表现手法的综合运用，影响了文章的文学色彩和感染力(E05，E07)。"
140124,"作文选材丰富，涵盖了天池、石塘林、杜鹃湖、地池、乌龟岩等多个景点，内容具体且充实(C02)，能够围绕阿尔山风景优美这一中心进行材料的组织(C04)，并尝试从视觉、触觉等多角度表现主题(C06)，但在思想深度和独特性上略显平淡(C05)。结构方面，文章段落间关系尚可，能按游览顺序展开(S08)，各段落与主旨联系也较为紧密(S06)。但在具体衔接上，前后内容的交代稍显突兀(S02)，缺乏有效的过渡词句来粘合段落(S03)，句与句之间的逻辑联系也不够紧密(S07)。详略安排上，虽有重点描写(S09)和过渡略写(S10)，但区分度不够明显，容易流于流水账。开头较为直接生硬(S11)，结尾略显仓促，缺乏力量感(S12)。语言表达上，整体语句通顺，意思表达完整(E01)，能够运用“清澈见底”“风景如画”等恰当的词语描绘景色(E02)。但在修辞手法的运用上较为匮乏(E05)，表现手法也比较单一(E07)，综合运用表达方式的能力有待提高(E06)。虽然关注到了部分细节(E11)并有一定观察顺序(E12)，但描写不够细腻深入。"
140127,"文章选取了坐卡车观景、骑骆驼体验、观看婚礼表演以及日落归途等具体素材，内容较为充实(C02)。材料整体围绕游览鄂尔多斯大草原这一中心展开，组织尚可(C04)，且能从视觉观察（如死火山、日落）和身体体验（如路途颠簸、骑骆驼）等多角度表现草原特色(C06)。但在思想深度上略显不足，多为见闻罗列，缺乏独特的感悟(C05)。结构上，文章按游览顺序叙述，前后内容交代基本清楚(S02)，段落间主要依靠时间线推进，关系尚算紧密(S08)，但段落间的过渡词句运用较为生硬，粘合度不够(S03)。各段落虽围绕主旨(S06)，但部分段落内部句子与中心句的联系不够紧密(S07)。详略处理上，骑骆驼的细节描写相对具体(S09)，但部分过渡性情节（如买票）稍显拖沓，略写不够精炼(S10)。开头直入主题(S11)，结尾简单总结，略显仓促(S12)。语言方面，语句基本通顺完整(E01)，部分描写如“草被微风吹过就像是一片大海洋”生动优美(E02)。修辞手法使用较少(E05)，表达方式以记叙为主，略显单一(E06)，表现手法常规(E07)。作者关注到了骑骆驼时的体感等细节(E11)，观察过程有一定的主次和顺序(E12)。"
140128,"文章在材料选取上表现出色，能够选取喀纳斯漂流这一核心事件进行具体充分的展现(C02)，并能围绕旅行见闻这一中心来组织材料(C04)，同时也能从景色、美食、活动等多个角度选择材料来表现主题(C06)。对漂流这一重点部分的详写处理得当(S09)，观察有顺序且能关注到人物与事件的细节(E12，E11)，结尾简洁利落，较好地收束了全文(S12)。文章的主要问题在于结构衔接与逻辑层次。开头对新疆的介绍过于概括，与后文的个人经历联系不够紧密(S11)。从罗列多个景点到聚焦喀纳斯漂流的转换显得突兀，未能清晰交代前后内容的逻辑关系(S02)，对于乌鲁木齐、赛里木湖等过渡性材料的处理也过于简略(S10)。这使得段落之间的关系不够紧密(S08)，段落内部的句子之间也缺乏有机关联(S07)，尽管各段落和主旨的联系尚可(S06)，但缺少必要的过渡词句来粘合段落(S03)。在思想内容方面，文章记录了个人经历，具有一定的独特性，但对漂流中感悟到的“团结”这一主题挖掘不够，思想深刻性有待提升(C05)。语言表达层面，语句基本通顺完整(E01)，但词句的生动优美程度不足(E02)，修辞手法(E05)、表达方式(E06)及表现手法(E07)的综合运用也较为单一。"
140129,"这篇游记内容充实，能够选取东门、池塘、大水法、十二生肖铜兽及黄花阵迷宫等具体且充分的材料(C02)，并紧紧围绕“游圆明园遗址”这一中心进行组织(C04)。文章观察顺序条理清晰，能够按照游览路线有主次、有顺序地展开描写(E12)，各段落内容均与游览主旨紧密相连(S06)，语句通顺流畅，意思完整(E01)。在结构处理上，能够做到略写路途等过渡性材料(S10)，开头交代缘起，结尾总结感悟，首尾基本恰当(S11)(S12)。不过，文章在思想深度上略显不足，立意较为常规，缺乏独特的原创性思考或对历史的深刻感悟(C05)，多角度选材和思考的表现也较为一般(C06)。在结构衔接方面，虽然能够交代前后内容(S02)，且句子与段落中心关联尚可(S07)，但段落之间关系的紧密度有待加强(S08)，过渡词句的使用较为单一，粘合力不够强(S03)。在重点内容的呈现上，虽有详写意识(S09)，但对人物和事件的细节关注度还可以提高(E11)。语言表达方面，词句虽通顺但缺乏生动优美的修饰(E02)，修辞手法(E05)、表达方式(E06)以及表现手法(E07)的运用都较为单一，显得文采稍欠。"
140130,"文章紧扣“济州岛——火山岛”这一主题，选取了汉拿山、城山日出峰、山君不离三个典型景点作为素材，材料具体且充分(C02)，并能很好地围绕文章中心进行组织(C04)。各段落内容均与主旨紧密相连(S06)，叙述时能够有主次、有顺序地进行观察，特别是对山君不离的方位描写清晰(E12)，整体语句通顺，意思表达完整(E01)。在结构安排上，虽然能够交代清楚前后内容(S02)，且能略写行程等过渡性材料(S10)，但段落之间缺乏有效的过渡词句粘合(S03)，导致段与段之间的逻辑关系不够紧密(S08)。各句话与段落中心句的联系尚可(S07)，开头较为常规(S11)，结尾虽简洁利落(S12)但略显套路。对于重点部分的描写(S09)以及人物事件的细节关注(E11)还有提升空间。在语言表达方面，词句较为朴实，不够生动优美(E02)，修辞手法使用较少(E05)，表达方式单一(E06)，表现手法也较为常规(E07)。文章虽有多角度思考的尝试(C06)，但在思想深刻性和独特性上略显不足(C05)。建议加强段落间的衔接过渡，丰富语言描写。"
140131,"文章选取了白庙的建筑特色、内部陈设以及黑庙的独特材质等具体材料，内容充实且紧扣游记主题(C02)(C04)。作者能够从建筑外观、象征意义及内部陈设等多个角度来表现景点特色(C06)，但文章主要停留在客观记录上，思想深度和独创性相对一般(C05)。结构上，文章严格按照游览的时间和空间顺序展开，前后内容交代清楚(S02)，段落之间利用过渡词句衔接自然(S03)，段与段之间的逻辑关系非常紧密(S08)。各段落内容紧密围绕主旨(S06)，段内句子也能很好地服务于段落中心(S07)，观察景物有主次、有顺序(E12)。在详略安排上，作者能够详写白庙的重点景观(S09)，对过渡性材料进行了一定的略写处理(S10)。开头直接点题(S11)，结尾简洁利落并总结心情(S12)。语言方面，全文语句通顺流畅(E01)，词句使用较为恰当(E02)，但在修辞手法(E05)、表达方式(E06)以及表现手法(E07)的综合运用上较为欠缺，导致语言表现力略显平淡。此外，文章虽然记录了行程，但在人物和事件的微观细节描写上还有待加强(E11)。"
140136,"文章在内容选取上表现突出，能够围绕“雾灵山之旅”这一中心，选择雾灵溪谷、雾灵湖和雾灵山三个具体场景展开叙述，材料选取具体且充分(C02)，并且能够将这些材料紧密围绕主题进行组织(C04)。作者能够从游玩、见闻等多个角度来展现旅行的体验，尤其是对老人讲述的獾偷玉米的故事的记录，为文章增添了独特性(C06)(C05)。这种对具体事件细节的关注是本文的一大亮点，例如对鸭子吃饭动作、盘山路形状的记录，说明观察较为细致有序(E11)(E12)。然而，在文章的结构与详略处理上存在不足。段落之间主要依靠内容的转换来衔接，缺少必要的过渡词句，使得段落间的关系虽然存在但不够紧密(S03)(S08)。各段落及段内句子与中心意思的关联是明确的(S06)(S07)，但前后内容的交代有时不够清晰(S02)。文章最大的问题在于详略不当，对于本可以重点描写的玩水、观湖等情节处理得过于简略，未能充分展开，缺乏对重点部分的详写和对次要部分的略写意识(S09)(S10)。此外，文章的开头和结尾都显得较为平淡，只是完成了交代和总结的功能，缺乏设计感(S11)(S12)。在语言表达层面，文章语句基本通顺，意思完整(E01)，但词语的运用较为平实，虽然使用了一些成语，但整体语言的生动性和优美性不足(E02)。表达方式以记叙为主，描写等其他方式运用较少(E06)，同时，文章基本没有运用修辞手法和表现手法来增强语言的表现力(E05)(E07)。"
140137,"文章能够按照游览顺序清晰交代前后内容(S02)，并使用了一些过渡词语连接段落(S03)，使得各段落能够围绕响沙湾之行这一主旨展开(S06)。文章在记述骑骆驼的经历时，能够关注到上下骆驼时的心理变化，体现出对事件细节的一定捕捉能力(E11)，语句也基本通顺完整(E01)。然而，文章在材料处理上存在明显不足，选取的材料虽然具体但不够充分，只是罗列了活动项目(C02)，未能围绕一个明确的中心来组织和筛选这些材料(C04)，导致文章缺乏独特的思考和深刻的立意(C05)，也未能从多个角度来展现旅行的收获(C06)。结构方面，段落之间只是简单的顺序衔接，缺乏紧密的逻辑关系(S08)，第四段将大量活动简单罗列，使得段落内部句子之间联系松散(S07)，这反映出文章详略不当的问题，未能详写重点部分(S09)，也未能对次要材料进行有效略写(S10)。此外，文章的开头较为平淡(S11)，结尾则过于仓促简短(S12)。语言表达上，词语运用比较平实，不够生动优美(E02)，修辞手法(E05)、表达方式(E06)和表现手法(E07)的运用都非常有限，观察事物也缺少主次和顺序(E12)。"
140139,"作文《我的秦皇岛之旅》记录了暑假期间的行程，选取了探望表弟、海边戏水、品尝美食等具体材料，内容尚算充实(C02)。文章基本能够围绕“秦皇岛之旅”这一中心进行组织，但表弟的外貌描写稍显游离于“游记”主题之外(C04)。整体立意较为常规，缺乏独特的感悟或新颖的视角，思想深度有待挖掘(C05)，且思考角度较为单一，主要按时间线平铺直叙(C06)。在结构上，文章交代了从到达、游玩到离开的过程，前后内容基本连贯(S02)，使用了“第二天”、“就这样”等过渡词句，起到了一定的粘合作用(S03)。各段落虽然都关联行程，但部分段落间的逻辑紧密度一般(S06)，句与句之间的衔接也略显松散(S07)，段落间的整体关系尚可(S08)。重点部分如海边玩耍写得相对详细，但描写力度还可以加强(S09)，结尾对于后续行程的略写处理得当(S10)。开头直入主题，交代地点与感受(S11)，结尾总结全貌，简洁利落(S12)。语言表达方面，语句通顺，意思表达完整(E01)，但词汇较为口语化，生动优美程度一般(E02)。修辞手法运用较少，仅见简单的比喻(E05)，表达方式以记叙为主，略显单一(E06)，表现手法也较为常规(E07)。作者关注到了表弟的外貌和海边的活动细节(E11)，并能按照一定的时间顺序和主次关系进行观察与描写(E12)。"
140201,"文章能够围绕“磕破头”这一核心事件选择和组织材料(C04)，事件的叙述顺序清晰有条理(E12)，使得全文内容前后衔接较为清楚(S02)，且语句基本通顺完整(E01)。从选材上看，文章包含了玩耍、受伤、就医等多个环节，能够从不同角度表现主题，材料选取较为具体(C06，C02)，各段落也能与主旨保持关联(S06)。然而，文章在核心环节的处理上存在明显不足，对于“如何磕破头”这一关键情节完全缺失，导致事件的重点部分没有得到详写(S09)，也未能对人物和事件的细节进行有效关注(E11)，从玩耍直接跳到发现受伤，过程的略写显得过于突兀(S10)。在结构方面，段落之间主要依靠时间顺序推进，缺少必要的过渡词句进行粘合(S03)，使得段与段之间的关系不够紧密(S08)，同时在段落内部，个别语句之间围绕段落中心句的联系不够紧密，呈现为简单的行为罗列(S07)。语言表现方面，词句的运用较为平实，但不够生动优美(E02)，文中较少综合使用修辞手法(E05)、表达方式(E06)及表现手法(E07)来增强感染力。最后，文章的开头较为常规(S11)，结尾的教训虽然简洁利落(S12)，但思想提炼较为浅显，缺乏独创性和深刻性(C05)。"
140202,"文章记录了生日聚会的经过，语言表达较为流畅，语句通顺意思完整，这是本文的一大亮点(E01)，同时结尾能够简洁利落地收束全文，点明愉悦的心情(S12)，部分词句运用较为生动，如对灯光的描写(E02)。但在内容选材上，虽然选取了挂彩灯、做冰块游戏等具体材料(C02)，但整体不够丰富，且独特性和原创性略显不足，未能写出深刻的思想(C05)，围绕中心组织材料的能力也有待加强(C04)，多角度思考和选材表现一般(C06)。在结构安排方面，文章虽然交代了前后内容(S02)，但段落间的过渡词句运用不够自然(S03)，段落与段落之间的逻辑关系不够紧密(S08)，各段落及句子与主旨的联系还需加强(S06，S07)。此外，文章在详略处理上，虽然试图详写重点部分(S09)，但对过渡性材料的略写处理不够得当(S10)，开头的写作也较为常规(S11)。在表达技巧上，虽然使用了比喻等修辞(E05)和一定的表现手法(E07)，但综合运用多种表达方式的能力较弱(E06)，对人物和事件细节的关注不够深入(E11)，观察的主次和顺序也有待调整(E12)。"
140203,"文章能够紧扣“学骑自行车”这一中心来选择和组织材料(C04)，选取了从得到新车、父亲指导、遭遇挫折到最终坚持下来的具体事件，内容充分(C02)。叙事过程清晰，前后内容的交代很清楚(S02)，各段落均能紧密服务于文章主旨(S06)。文章的亮点在于能够从技术、意外和心理等多个角度来思考和表现主题(C06)，尤其对遭遇飞盘撞击后的内心矛盾进行了详写，使情节有了起伏(S09)。在语言层面，文章语句通顺，意思表达完整(E01)，部分词句运用得比较恰当生动(E02)。文章的开头能够恰当地引出事件(S11)，结尾也能对全文进行总结(S12)。然而，文章在思想的独特性和深刻性上表现一般，最后提炼出的道理较为普遍(C05)。同时，在表现技巧方面，修辞手法的综合运用尚显不足(E05)，表达方式的运用也略显单一(E06)。在详略处理上，对过渡性材料的略写还可以再精炼一些(S10)。"
140206,"文章选取了去狗市买狗的具体经历作为写作素材，内容充实(C02)，且全篇能够紧紧围绕“开心的事”这一中心来组织和安排材料(C04)，各段落内容均与主旨紧密相连(S06)，段落之间的逻辑关系也较为紧凑(S08)，各句与段落中心句的联系也较好(S07)。但在详略安排上略显不足，虽然能够交代清楚事情的前后经过(S02)，但对于挑选小狗这一重点情节的描写不够细致(S09)，过渡性材料的处理也较为一般(S10)，段落间的过渡词句运用尚可(S03)。开头直接入题(S11)，结尾简洁利落(S12)。在语言表达上，语句基本通顺(E01)，有一定的细节关注(E11)和观察顺序(E12)，但词句较为平实(E02)，修辞手法(E05)、表达方式(E06)及表现手法(E07)的运用较为单一，缺乏多角度的思考(C06)，且文章的思想深度和独特性有待提升(C05)。"
140207,"文章围绕围棋比赛这一中心事件选取了赛前老师的预测、赛中具体的胜负盘数以及赛后父亲买棋子等材料，内容具体充分(C02)，且能服务于文章的中心(C04)，开篇直接点明事件与结果，较为恰当(S11)。全文按照赛前、赛中、赛后的时间顺序展开叙述，脉络清晰(E12)，能够交代清楚前后内容(S02)，段落间的衔接也比较自然紧密(S08)，并使用了一些过渡词句(S03)。在详略处理上，对比赛过程中的心理变化与战况进行了相对详细的描写(S09)，体现了文章的重点。然而，文章在思想深度上有所欠缺，对比赛失利的反思停留在“平时练得太少”的表层，未能展现出更具独创性的思考(C05)。尽管文中涉及了老师、自己和父亲等多个视角，但对这些角度的挖掘不够，未能有效表现主题的多面性(C06)。结尾部分对于父亲的举动仅停留在猜测，略显仓促，可以做更深入的挖掘与升华(S12)。部分段落如赛场环境描写与主旨的关联度不够紧密(S06)，一些过渡性材料的处理也还可以更简洁(S10)。语言表达上，语句基本通顺(E01)，使用了“人山人海”等词语，较为恰当生动(E02)，也注意到了事件的细节(E11)。但修辞手法的运用单一(E05)，叙述、描写、抒情等表达方式的综合运用不够丰富(E06)，文学表现手法的多样性也有待加强(E07)。"
140208,"文章在内容选择与结构组织上表现出明显优势，能够围绕观看发射这一中心事件选取具体且充分的材料(C02)，并有效地组织起来(C04)，同时各段落均能紧扣主旨(S06)，段落内部的句子衔接也较为紧密(S07)。叙事层面，文章能够清晰交代事件的前后经过(S02)，并借助时间词等手段实现段落间的自然过渡(S03)，观察细致且有序，关注到了发射过程中的关键细节(E11)，并按时间顺序进行了呈现(E12)。语言表达方面，文章基本做到了语句通顺(E01)，词语使用较为恰当(E02)，并能综合运用记叙、描写等表达方式(E06)，还尝试运用了修辞手法来增强生动性(E05)。结尾部分也比较简洁，表达了个人情感(S12)。然而，文章在思想深度与技巧的丰富性上尚有提升空间，例如对主题的思考角度略显单一(C06)，未能展现更具独创性的见解(C05)。结构上，段落之间的逻辑关系可以更加紧密(S08)，开头部分的设计较为平实(S11)，对重点部分的详写(S09)与次要部分的略写(S10)在处理上还可以更加分明。此外，文章在表现手法的综合运用上也略显不足(E07)。"
140209,"本文能够选取一次同学间的吵架作为核心事件，材料具体充分(C02)，并能围绕友谊与和解的中心来组织材料，使得各段落和主旨紧密相连，段落间的关系也因清晰的时间线而显得紧密(C04，S06，S08)。文章从作者本人、朋友和妈妈三个视角展开，体现出一定的多角度思考能力(C06)。然而，文章的思想深度略有不足，结尾提炼的道理较为浅显(C05)。在结构方面，文章的开头对人物的介绍与后续情节的关联铺垫不足(S11)，结尾则比较简洁利落(S12)；叙事中对于朋友态度转变的关键原因交代不清，导致前后内容衔接存在疑点(S02)，这与过渡性材料处理得不够好有关(S10)；同时，作为文章重点的矛盾冲突与和解过程，其细节刻画与心理描写不够深入(S09，E11)。语言层面，语句基本通顺完整(E01)，但词句的运用较为平实，不够生动优美(E02)；对修辞手法、表达方式和表现手法的综合运用都比较欠缺(E05，E06，E07)。全文能按时间顺序记叙事件(E12)，但段落内部的句子之间(S07)以及段落之间依靠简单的过渡词连接，显得不够自然(S03)。"
140210,"这篇习作选取了“放生螳螂”这一具体且充满生活情趣的材料，内容充实，能够很好地支撑文章主题(C02)。文章紧紧围绕“令我高兴的事”这一中心进行选材和组织，从螳螂的不乐到放生后的释然，条理清晰(C04)。虽然放生题材较为常见，但小作者赋予螳螂名字并赋予其情感，体现了一定的独特性和原创思考(C05)。作者不仅关注了放生这一行为，还思考了让生命回归自然的意义，体现了多角度的思考与选材能力(C06)。在结构上，文章清楚地交代了事情的起因、经过和结果，前后内容连贯(S02)。不过，段落之间过渡词句的使用略显生硬，衔接不够自然流畅(S03)。各段落内容紧密围绕主旨展开，层层递进(S06)。段落内部的句子与中心句联系紧密，逻辑通顺(S07)。段与段之间关系较为紧密，推动了情节发展(S08)。文章详写了螳螂的外貌和放生的过程，重点突出(S09)；但在略写过渡性材料方面，如“用各种方法逗它高兴”部分，稍显简略，可以更精炼地概括(S10)。开头采用排比句式引出回忆，入题迅速且恰当(S11)；结尾直抒胸臆，点明中心，简洁有力(S12)。语言表达方面，全文语句通顺流畅，意思表达完整(E01)。词句运用生动优美，如“轻如薄纱”、“纤细”、“翩翩起舞”等词语的使用增强了文章的画面感(E02)。文中综合运用了排比、拟人、比喻等多种修辞手法，使描写更加形象生动(E05)。表达方式上以记叙和描写为主，议论和抒情相对较少，综合运用能力尚可(E06)。表现手法上虽有对比（大家开心与螳螂不乐），但整体较为常规，丰富度一般(E07)。作者非常关注细节，对螳螂外貌的刻画细致入微，对放生环境的描写也充满生机(E11)。观察细致有序，能够抓住主要特征进行描绘，体现了良好的观察能力(E12)。"
140211,"文章选取了“第一次做饭”这一具体事例，详细描写了洗切西红柿、打鸡蛋、炒菜等全过程，材料选取具体且内容充实(C02)。选材紧紧围绕“难忘的一件事”这一中心展开，所有细节均服务于做饭这一核心事件，中心明确(C04)。但题材属于常见的“做饭”类，缺乏独特新颖的视角，思想深度有待挖掘(C05)。文章主要按时间顺序单线叙述，未能从心理变化、侧面烘托等多角度深入挖掘主题(C06)。在结构上，起因、经过、结果交代得十分清楚，逻辑连贯(S02)。文中恰当地使用了“首先”、“接着”、“然后”、“最后”等序数词和过渡语，使得句段衔接自然(S03)。各段落均紧扣做饭这一主旨，无偏题现象(S06)，段落内部句子之间联系紧密，主要按动作顺序排列(S07)。文章段落层次分明，起承转合结构清晰，段与段之间逻辑关系紧密(S08)。重点详写了做饭的具体操作过程，突出了核心内容(S09)，而对起因和结尾的过渡性材料进行了略写处理，详略布局得当(S10)。开头采用开门见山的方式直接切题，虽略显常规但简洁明了(S11)；结尾总结了妈妈的评价和自己的心情，呼应了开头，收束利落(S12)。语言方面，整体叙述较为流畅，意思表达完整，但在个别句子的搭配上存在语病，如“脖子往里一看”等(E01)。文中使用了“金黄”、“红艳艳”等词语描绘菜色，有一定的画面感(E02)。修辞手法运用较少，仅有个别比喻，丰富性稍显不足(E05)。表达方式以记叙为主，缺乏描写、议论等方式的综合运用(E06)，表现手法也较为单一，主要是顺叙(E07)。不过，小作者关注到了做饭时的动作细节，如油溅、皮皱等(E11)，并能按照做饭工序的有主次、有顺序地进行观察和描写，条理清晰(E12)。"
140212,"文章选取了岩羊、金丝猴及小猴上课等具体材料，内容充实丰富(C02)，且所有素材均能紧密围绕“野生动物园之行”这一中心进行组织(C04)。作者尝试从动物的生活习性、逸闻趣事及现场表演等多角度表现主题(C06)，但在立意和构思上较为常规，独特性和原创性尚有提升空间(C05)。在结构布局上，文章详略处理得当，能够对小猴上课等重点内容进行详细铺陈(S09)，同时对过渡性材料进行简要略写(S10)。叙事逻辑清晰，能够交代清楚游览的前后经过(S02)，但段落间的过渡词句略显单一(S03)，各段落与主旨(S06)及段落间(S08)的紧密程度一般，句群与段落中心的结合也中规中矩(S07)。开头交代了环境与心情，结尾简洁利落，但均较为套路化(S11)(S12)。语言方面，全文语句通顺，意思表达完整(E01)，综合使用了记叙、描写等表达方式(E06)，尤其在描写小猴上课时，能够关注人物和事件的细节，生动有趣(E11)，体现了有主次、有顺序的观察方法(E12)。不过，表现手法相对单一(E07)，修辞手法的运用不够丰富(E05)，词句的生动优美程度亦可进一步打磨(E02)。"
140213,"文章选取了学做凉拌黄瓜和尝试开火炒菜的具体事例，材料较为充实，能够支撑起写作意图(C02)。叙述过程中，既描写了切菜、放调料等动作，也展现了从想放弃到紧张的心理变化，体现了多角度思考的能力(C06)，整体上能够围绕“学做饭”这一中心进行材料的组织(C04)，并能体现出一定的独特性思考(C05)。在结构安排上，文章开头直抒胸臆，迅速切入主题(S11)，结尾结合经历总结出关于耐心与信心的感悟，简洁利落(S12)。叙事条理清晰，能够交代清楚事情的前因后果(S02)，各段落内容均与主旨紧密相连(S06)。详略处理得当，详写了第一次拌黄瓜的波折，突出了文章重点(S09)，对过渡性材料进行了适当的略写(S10)。不过，段落间的过渡词句略显生硬(S03)，部分句子与段落中心的联系不够紧密(S07)，段与段之间的逻辑粘合度也表现一般(S08)。语言表达方面，全文语句通顺，意思表达完整(E01)，词句运用较为恰当生动(E02)，并尝试使用了夸张等修辞手法增强感染力(E05)。叙述时有主次、有顺序地进行了观察(E12)，关注了切菜形状不一、糖盐混淆等具体细节(E11)。但在综合运用多种表达方式(E06)以及使用多种表现手法(E07)方面略显单薄，使得文章的表现力受到一定限制。"
140214,"文章能够围绕夏令营这一中心事件展开叙述，做到了有主次有顺序地观察和记录(E12)，并且选取了障碍接力赛这一具体活动作为核心材料，内容较为充分(C02)。作者能够从初到时的害怕、结识新朋友、参与集体活动等多个角度来展现夏令营生活，体现了多角度思考的能力(C06)。在详略处理上，能够对重点部分接力赛进行详细描写，对入住等过渡性材料则进行略写，主次分明(S09)(S10)。语句基本通顺，意思表达完整(E01)。然而，文章在结构和表达上还有提升空间。首先，开头部分略显平淡，未能有效吸引读者(S11)，结尾也显得仓促，深化不足(S12)。段落之间虽然在逻辑上衔接，但过渡不够自然流畅，粘合度有待加强(S02)(S03)(S08)，导致各段落与主旨的关联以及各句话与段落中心句的关联显得不够紧密(S06)(S07)。其次，文章材料与中心的组织可以更紧密些(C04)，对夏令营“难忘”在何处的挖掘不够深入，思想的独特性和原创性稍显不足(C05)。在语言表达层面，虽然有“把心提到嗓子眼”等生动词句，但整体词句的恰当性和优美性仍有提升空间(E02)，修辞手法和表达方式的运用也比较单一(E05)(E06)，在人物和事件的细节刻画上可以更加用心(E11)，从而增强文章的表现力(E07)。"
140215,"文章能够围绕“沙雕大世界”这一中心来选择和组织游玩经历(C04)，并通过水上滑梯、水上乐园和滑草等不同项目，展现了多角度的选材构思(C06)，开篇直接点明目的地和重点，处理得比较得当(S11)。在具体内容的呈现上，文章能够有主次、有顺序地记叙游玩过程(E12)，并对水上滑梯排队与滑行感受等重点部分进行了详写(S09)，对事件间的过渡则处理得较为简略(S10)。从段落层面看，各段落内容与文章主旨的关联是紧密的(S06)，段落内部的句子也能围绕中心意思展开(S07)，但段落与段落之间的关系主要依靠简单的“之后”来连接(S08)，这使得过渡略显生硬(S03)，影响了前后内容的交代与衔接的清晰度(S02)。在语言表达和细节刻画方面，全文语句基本通顺完整(E01)，也使用了一些如“落汤鸡”“忐忑”等较为生动恰当的词语(E02)，选取了排队、被水浇、滑草等具体材料(C02)，并写出了滑梯不好玩的独特感受，具备一定的原创性(C05)。然而，对于人物和事件的细节描绘还可以加强(E11)，同时修辞手法(E05)、表达方式(E06)及表现手法(E07)的综合运用尚显不足，结尾也略显仓促(S12)。"
140217,"本文能够围绕开学礼这一中心事件选择和组织材料(C04)，选取了排练和正式表演这两个具体环节，内容较为充分(C02)，并且能从排练的困难与坚持中提炼出自信心增长的收获，体现了一定的思想独特性(C05)，也能从集体与个人等不同角度来表现主题(C06)。结构上，文章详写了排练过程(S09)，各段落能够紧扣主旨(S06)，段落间的衔接也较为紧密(S08)，结尾简洁有力地深化了主题(S12)；但开篇略显套路化(S11)，部分内容的前后交代不够清晰(S02)，尤其在段落内部缺少必要的过渡词句(S03)，导致个别句子与段落中心句的联系不够紧密(S07)，对于次要的过渡性材料处理也不够简练(S10)。语言表达方面，文章语句通顺，意思完整(E01)，能够有顺序地进行观察和叙述(E12)，并关注到了“精疲力尽”与“精神抖擞”等细节(E11)，部分词语使用也较为恰当(E02)；不足之处在于，文章主要以记叙为主，表达方式略显单一(E06)，修辞手法(E05)和表现手法(E07)的运用尚有提升空间。"
140218,"文章的优点在于立意与选材。开篇能直接点明爬山的目的，起笔不错(S11)。全文围绕“爬山看蛇”这一中心来选择和组织材料，思路清晰(C04)，并且能够选取具体的事例来支撑，例如对蛇的花纹的描述以及险些踩到蛇的经历，这些都体现了对事件细节的关注(E11)和有序的观察(E12)，使得文章内容较为充实(C02)。从叙事上看，文章能够交代清楚前后内容，事件的发生发展过程基本明晰(S02)，语句也通顺完整(E01)。但在结构与表达上存在一些问题。首先，全文主体部分几乎未分段，导致段落间的关系显得松散(S08)，各部分与主旨的联系也不够紧密(S06)。其次，详略处理有待提升，对于核心事件如发现第一条蛇的过程描写不够突出(S09)，未能成为文章的亮点，尽管一些过渡性材料处理得较为简洁(S10)。最后，在语言层面，词句的运用还比较平实，不够生动优美(E02)，也较少运用修辞手法(E05)和多样的表现手法(E07)来增强文章的感染力，结尾部分对主旨的揭示略显直白和简单(S12)。"
140220,"文章选取了校园“英语总动员”活动作为写作素材，具体叙述了三个游戏环节，材料选取充实且紧紧围绕“有意义”这一中心进行组织(C02，C04)。作者能够从活动的规则挑战、团队合作过程以及心理变化等多角度思考主题，并选用合适的材料来表现活动的趣味与挑战(C06)，虽然思想深度属于常规感悟，但具备一定的独特性(C05)。在结构布局上，开头简洁明了地交代了时间、人物和事件背景(S11)，结尾总结收获并呼应题目，简洁利落(S12)。各段落与文章主旨联系紧密(S06)，段落内部句子围绕中心句展开(S07)，段与段之间通过自然的过渡词句紧密粘合(S03，S08)。叙事详略处理得当，重点详写了富有波折的“body show”环节(S09)，略写了前两个游戏作为过渡(S10)，前后内容交代清楚(S02)。语言表达上，全篇语句通顺流畅，意思完整(E01)，使用了“目瞪口呆”、“小马达”等生动恰当的词句(E02)，并运用了比喻等修辞手法(E05)。文章关注了人物的动作和心理细节(E11)，观察叙述有主次、有顺序(E12)，综合使用了多种表达方式和表现手法，使叙事生动具体(E06，E07)。"
140223,"文章围绕“去踢足球”这一核心事件展开，各个段落能够紧密服务于来之不易的主旨(S06)。叙事具备清晰的时间顺序(E12)，能够将事件的前后经过交代清楚(S02)，开篇也能较好地引出事件(S11)。内容上选取了回家取鞋、路上换衣、找错场地等曲折的细节，使记叙具体化(E11)。文章的主要问题在于详略失当。对于途中的波折等过渡性材料描写过多，未能进行有效略写(S10)，而对关键的“踢球”过程却一笔带过，未能详写文章的重点部分(S09)。这使得文章虽然材料组织尚可(C04)，但材料本身不够充分具体(C02)，思考角度也较为单一(C06)。语言层面，语句基本通顺完整(E01)，但词句表达较为平实，不够生动(E02)，也欠缺修辞手法的运用(E05)，表达方式比较单一(E06)。同时，段落之间的连接可以更自然(S03)，结尾也显得比较仓促和简单(S12)。"
140224,"文章能够围绕“开学总动员”这一中心事件展开叙述，整体语句通顺，意思表达完整(E01)。作者选取了校庆工坊、分享专区、校园剧场、少年奥运村和儒雅讲堂等多个活动场景作为材料，内容具体且充分(C02)，并能基本按照活动顺序进行组织，使材料服务于文章中心(C04)。文中对做平板支撑时联想到女排精神的描写，体现出对事件细节的关注(E11)，观察也基本做到了有主次有顺序(E12)。同时，文章开头能恰当引出活动(S11)，各段落与主旨的关联度较好(S06)，段落间的关系也比较紧密(S08)。然而，文章在结构衔接和详略安排上存在不足，前后内容的交代不够清晰(S02)，段落间缺少有效的过渡词句进行粘合(S03)。对于“女排精神”这一可以深入挖掘的重点部分，未能展开详写(S09)，而对各项活动的流水账式记录使得过渡性材料也未能做到简略处理(S10)，结尾的感悟也略显仓促简单(S12)。更深层次的问题在于，文章的思想深度和语言表现力有待提升，对活动的思考停留在表面，未能展现出独创性的见解(C05)，也缺乏从多角度对主题进行思考(C06)。在段落内部，句子之间的联系松散，呈现出罗列现象(S07)。从语言层面看，词句的运用较为平实，不够生动优美(E02)，叙述是主要的表达方式，未能综合运用多种表达方式(E06)，也基本没有使用修辞手法(E05)或表现手法(E07)来增强文章的感染力。"
140227,"文章选取了房车生活中的具体片段，围绕“发现蜘蛛”这一核心事件展开，选材具体且充分支撑了冒险的主题(C02)。全文紧紧围绕“害怕蜘蛛”这一中心进行组织，情节推进符合逻辑，没有偏离主旨(C04)。作者善于捕捉细节，对蜘蛛的外貌特征如“黑黄条纹”以及“我”从犹豫、紧张到惊吓的心理变化描写得十分细腻(E11)，并且展现了有主次、有顺序的观察过程，从发现蛛丝到看清蜘蛛全貌，条理清晰(E12)。在结构上，文章开篇直接交代背景并设置悬念，开头恰当引人入胜(S11)。各段落与主旨联系紧密，共同服务于叙事目的(S06)，段落之间的时间推进关系也较为紧密(S08)。叙事中综合运用了记叙和描写等多种表达方式，增强了文章的可读性(E06)。对于重点情节如厕所遇险的过程进行了较为详细的描写(S09)，结尾联想到文学形象“夏洛”，虽略显简洁但也不失为一个利落的收尾(S12)。不足之处在于，文章在前后内容的交代上存在逻辑跳跃，如时间词的使用不够精准，导致部分情节衔接略显生硬(S02)。段落间的过渡词句使用较为基础，粘合度不够自然(S03)，句与句之间的紧密程度也有待提升(S07)。语言表达方面，虽然语句基本通顺，但存在明显的口语化倾向和笔误，影响了阅读流畅度(E01)；词句缺乏生动优美的修饰(E02)，修辞手法运用较少(E05)，表现手法也相对单一(E07)。此外，文章立意较为单纯，多角度思考和思想深度方面还有提升空间(C05)(C06)，对于过渡性材料的处理也可以更加精细(S10)。"
140228,"这篇作文以《快乐时光》为题，选取了中秋节吃月饼、走亲戚以及与朋友写剧本、玩耍等具体且充分的材料(C02)，内容紧紧围绕“快乐”这一中心进行组织(C04)。虽然题材较为常见，思想深度和独特性有待加强(C05)，但作者能够从家庭聚会和朋友相聚等多个角度来表现主题(C06)。在结构上，文章按照时间顺序能够清楚地交代前后内容(S02)，但在段落间的过渡衔接上略显生硬，粘合度一般(S03)。各段落与主旨的联系尚可(S06)，段落内部句子与中心的联系较为紧密(S07)，但段与段之间的逻辑紧密度还有提升空间(S08)。作者有意识地详写了下午写剧本和游戏的过程(S09)，但在处理过渡性材料时略显拖沓，详略安排不够极致(S10)。开头部分较为常规，仅点明了时间和背景(S11)，结尾处描写独特的告别方式，简洁且富有生活气息(S12)。语言表达方面，全文语句通顺，意思表达完整(E01)，词句运用较为恰当生动，如“头脑风暴”、“一溜烟”等词语的使用(E02)。但在修辞手法的综合运用上较为欠缺(E05)，表达方式以记叙为主，略显单一(E06)，表现手法也相对简单(E07)。值得肯定的是，作者关注到了写剧本的情节构思和下楼游戏的规则等细节(E11)，叙事条理清晰，观察有序(E12)。"
140229,"文章在材料选取上做得很好，能够围绕学游泳这一中心事件，选取从岸上练习到最终下水比赛等一系列具体且充分的材料来展开叙述(C02)，并且这些材料的组织都紧密围绕着文章的中心(C04)。同时，文章对学游泳过程的观察有序且细致(E12)，能够关注到教练的指导、浮漂数量的变化等事件细节(E11)，语言表达通顺流畅(E01)，词句的运用较为恰当生动(E02)，修辞手法的综合运用也比较熟练(E05)。文章的结构方面，段落之间能够使用过渡词句进行粘合(S03)，各段落与主旨的关联也比较紧密(S06)，结尾部分简洁有力地总结了全文(S12)。然而，文章在思想深度和结构层次上还有提升空间。首先，文章对主题的思考角度比较单一，未能进行多角度的挖掘(C06)，导致立意显得较为普通，缺乏独创性和深刻性(C05)。其次，在结构组织上，虽然有时间线索，但内容的前后交代(S02)以及段落之间的内在逻辑关系(S08)还可以更紧密一些，段落内部的句子也需要更紧密地围绕段落中心句来组织(S07)。文章的开头略显平淡，可以设计得更引人入胜(S11)。在详略处理上，对于克服憋气困难、战胜下水恐惧等重点部分的详写不足(S09)，而一些过渡性材料的略写还可以处理得更简练(S10)。最后，文章在表达方式(E06)和表现手法(E07)的运用上较为单一，主要以记叙为主，若能综合运用描写、抒情等方式，文章会更具感染力。"
140230,"文章能够紧密围绕“足球之旅”这一中心来选择和组织材料，从获赠球鞋到遇见名帅再到赛场进球，事件的选取较为充分具体(C02)，且各段落主旨明确，均服务于文章的中心思想(S06)，结尾也能对全文进行总结并表达感谢，显得简洁有力(S12)。语言表达是本文的亮点，语句基本通顺完整(E01)，并能运用如“帅气”、“飞快地”等词语增添生动性(E02)，其中“仿佛变成了一只美丽的蜻蜓”的比喻也体现了一定的修辞运用能力(E05)。同时，文章叙事有条理，能按时间顺序有主次地记述事件(E12)，并关注到了如具体教练姓名等细节(E11)。然而，文章在思想深度上稍显不足，感悟停留在团结、自信等常见层面，缺乏独创性的思考(C05)。结构方面，尽管整体框架清晰，但段落与段落之间、句子与句子之间的衔接有时显得简单跳跃，缺少必要的过渡词句来使行文更连贯(S02，S03，S08)，这导致文章对重点部分的详写不够突出(S09)，对过渡性材料的略写处理也较为粗略(S10)。此外，全文以记叙为主要表达方式，在描写、抒情等多种表达方式的综合运用上有所欠缺(E06)，影响了文章的感染力。"
140231,"该生作文选取了“儒雅讲堂”听讲座和“少年奥运村”运动体验的具体材料，内容充实(C02)。文章紧紧围绕“有趣的开学总动员”这一中心组织材料，主旨明确(C04)。虽记录了真实生活，但在思想深度和独特性上表现平实，属于常规记叙(C05)。能从活动体验和讲座收获两个角度切入，体现了一定的多角度思考(C06)。文章按时间顺序记叙，前后内容交代清楚(S02)。使用了“八点整”、“随后”等过渡词句粘合段落(S03)。各段落均紧扣主旨，无论是运动还是听讲，都突出了“有趣”的主题(S06)。句段内部逻辑尚可，部分句子与段落中心的紧密度有待加强(S07)。段与段之间关系紧密，情节推进自然(S08)。对换鞋、做运动的过程描写较为详细(S09)，对等待过程有所略写，但过渡性材料的处理还不够精炼(S10)。开头直接点题，交代背景恰当(S11)。结尾总结感受，简洁利落(S12)。全文语句通顺，意思完整(E01)。词句运用基本恰当，生动性一般(E02)。修辞手法使用较少，缺乏丰富性(E05)。表达方式以记叙为主，较为单一(E06)。表现手法较为常规(E07)。关注了人物对话和运动时间等细节(E11)。观察顺序清晰，但在主次观察的层次感上仍有提升空间(E12)。"
140236,"文章能够围绕一次班级打扫卫生的事件展开叙述，选取了搬东西、擦玻璃、摆桌椅等具体事例，材料是较为充分的(C02)。同时，文章也能从劳动的辛苦、过程的趣味和完成后的喜悦等不同方面来表现主题，体现了一定的多角度思考(C06)。然而，文章在材料的组织上还存在不足，三个“好玩的事”以罗列的方式呈现，削弱了材料与中心“难忘”之间的有机联系(C04)，这也使得文章的思想深度和独特性稍显不够(C05)。文章的整体叙事顺序清晰，能够交代清楚事件的前后经过(S02)，段落之间也使用了“接下来”等词语进行连接(S03)，保证了段落间的关系比较紧密(S08)，结尾部分简洁地点明了感受(S12)。但是在篇章结构上，开头过于平淡，只是对事件背景的简单交代(S11)。文章的主体段落虽然都与主旨相关(S06)，但内部逻辑不够严谨，多句话围绕一个中心意思展开的聚合力不强，显得松散(S07)。此外，文章对于事件的重点部分描写不够突出(S09)，对于次要材料也未能做到有效的略写(S10)。从语言表达上看，文章语句基本通顺，意思表达完整(E01)。但在细节和技巧上有所欠缺，文章注意到了一些事件细节，比如双层玻璃和老师的东西多(E11)，但观察还不够深入，未能分清主次进行描述(E12)。语言的生动性和美感不足，词句运用较为平实(E02)，基本没有运用修辞手法(E05)和多样的表现手法(E07)，表达方式也以叙述为主，显得比较单一(E06)。"
140237,"文章围绕“第一次综合实践课”这一中心，选取了布置教室、制作联盟卡、听指令做动作、猜运动等多个具体环节作为素材，材料较为充实且紧扣文章主旨(C02，C04，S06)。叙述条理清晰，能够按照课程活动开展的先后顺序进行有条不紊的观察和记录(E12)。但在立意方面，内容主要停留在对活动流程的流水账式记录，缺乏独特的感悟或新颖的视角，多角度思考不足(C05，C06)。在结构安排上，虽然前后内容交代基本清楚(S02)，但段落之间主要依靠“第一个”、“第二个”等序数词硬性连接，缺乏自然的过渡词句粘合，导致段落间关系显得较为松散(S03，S08)。文章未能有效区分详略，对所有活动平均用力，重点部分如“猜运动”环节描写不够细致深入，过渡性材料也未体现出明显的略写处理(S09，S10)。开头仅简单交代时间事件，结尾匆匆收束，首尾均较为平淡，缺乏吸引力和回味(S11，S12)。在语言表达方面，语句基本通顺完整(E01)，但词汇量较为贫乏，缺乏生动优美的词句点缀，语言感染力较弱(E02)。文中几乎未运用修辞手法来增强表现力(E05)，表达方式和表现手法也较为单一(E06，E07)。此外，对人物动作、神态以及活动氛围等细节的关注度不够，导致画面感不强(E11)。段落内部句子与中心句的紧密度也有待加强(S07)。"
140239,"文章选取了暑假学游泳的具体经历，从报名、初次下水怕冷到最终摘掉“漂儿”学会蛙泳，素材充实且具体(C02)。详略处理得当，对第一节课的感受和第五节课“升级”的关键节点进行了详细描写(S09)，而对中间过程则进行了有效的略写(S10)。文章紧紧围绕“学游泳”这一中心组织材料(C04)，开头自然引出主题(S11)，叙事中关注了人物对话及心理活动的细节(E11)，并遵循了时间顺序进行观察和记录(E12)，段落内部句意连贯(S07)。但在语言表达上，词句略显平淡，缺乏生动优美的描写(E02)，表现手法较为单一(E07)，多角度思考不够深入(C06)。段落间的过渡衔接虽交代清楚(S02)(S03)，但紧密度尚可(S06)(S08)。结尾简洁但略显常规(S12)，思想深度和原创性一般(C05)。整体语句通顺(E01)，综合运用了基本的修辞(E05)和表达方式(E06)。"
140301,"文章构思了一个完整的奇幻故事，能够围绕克服洪灾这一中心事件来选择和组织材料，展现了清晰的情节线索(C04)。具体选取了洪水来袭、大人牺牲、孩子求助巨人、巨人施救等情节，材料较为充分(C02)。叙事基本遵循时间顺序，体现出有主次有顺序的观察(E12)，使得段落之间的关系较为紧密(S08)，且基础语句通顺，意思表达完整(E01)。文章的主要问题在于情节的展开与衔接过于突兀，例如从大人被冲走到孩子提议求助巨人，其间的心理活动与事态发展交代不清(S02)，全文也缺少必要的过渡词句来粘合前后内容(S03)。同时，文章对人物和事件的细节刻画严重不足，孩子如何想到并说服巨人、巨人如何复活众人等关键情节都过于简单，缺乏具体描绘(E11)。这导致文章虽然有一定想象力，但思想的独创性和深刻性不足(C05)，思考角度也较为单一(C06)。在表达上，文章主要依靠单一的叙述方式(E06)，缺乏多样的表现手法(E07)和必要的修辞手法来增强语言的表现力(E05)，词句的运用也略显平淡，不够生动优美(E02)。文章的开头与结尾虽能完成基本功能，但设计感不强(S11，S12)，重点部分也未能进行详写以突出主题(S09)，过渡性材料则处理得较为简略(S10)。此外，段落与主旨(S06)、句群与段落中心句的联系也因细节缺失而显得不够紧密(S07)。"
140302,"文章构建了一个充满奇幻色彩的童话故事，选取了朵拉森林探险、偶遇兔爷爷、智斗女巫等具体情节，材料较为充实(C02)。叙事过程中，能够尝试从不同角色的视角展开情节，体现了一定的多角度思考能力(C06)。整体叙事顺序清晰，有条不紊(E12)，并且能够清楚地交代故事的前因后果，使情节保持连贯(S02)。在详略安排上做得不错，重点描写了兔爷爷的身世背景以及朵拉消灭女巫的关键环节(S09)，对于过渡性的情节则进行了适当的略写(S10)。然而，文章在围绕中心组织材料方面还有提升空间，部分情节显得略微松散(C04)。开头采用了较为常规的引入方式(S11)，结尾虽简洁但略显平淡(S12)。段落之间的过渡词句运用不够自然(S03)，导致段落间的紧密程度一般(S08)，各段落与主旨的联系也可以更加紧密(S06)。句子与段落中心句的衔接有时不够顺畅(S07)。在语言表达上，语句整体通顺，意思表达完整(E01)，部分词句运用得较为恰当生动，如对兔爷爷家摆设的描写(E02)。但在修辞手法(E05)、表达方式(E06)及表现手法(E07)的综合运用上较为单一。虽有涉及人物和事件的细节，但刻画不够细腻(E11)。此外，故事构思在独特性和思想深度上稍显不足，属于较为常见的童话套路(C05)。"
140303,"这篇文章讲述了一个温馨的童话故事。在选材与立意方面，作者能选取具体充分的材料来构建女巫世界(C02)，并能紧紧围绕“好女巫吃噩梦”这一中心选择和组织材料(C04)，尝试多角度思考主题，将女巫的觅食与助人相结合(C06)。但在思想内容的独特性和深刻性上，故事稍显常规(C05)。在篇章结构上，文章详略得当，重点详写了梦梦和丽丽互动及消除噩梦的过程(S09)，能够恰当略写过渡性材料(S10)。开头介绍背景，切入恰当(S11)，结尾定格于美好的画面，简洁利落(S12)。文中能够交代清楚前后内容(S02)，各段落与主旨紧密相连(S06)，各句话和段落中心句联系紧密(S07)，段落之间关系紧密(S08)，并能有效利用过渡词句粘合相邻段落(S03)，叙事有主次、有顺序(E12)。在语言表达上，全文语句通顺，意思完整(E01)，词句运用恰当且较为生动(E02)。不过，在写作技巧的丰富度上还有提升空间，修辞手法运用较少(E05)，表达方式相对单一(E06)，表现手法的多样性也有所欠缺(E07)。此外，虽然叙事流畅，但对人物和事件的细节关注度还可以进一步加强(E11)。"
140306,"文章以五官之争立意，构思具有一定的独创性(C05)，能够围绕“眼睛和鼻子哪个更重要”这一中心来选择和组织对话材料(C04)，内容选取具体，支撑起了基本情节(C02)。结构上，开篇能恰当引出矛盾(S11)，结尾简洁点明主旨(S12)，段落与主旨的关联性较好(S06)，段内句子也能围绕核心意思展开(S07)，段落间的衔接关系也较为紧密(S08)，尤其对核心的争吵对话部分进行了详写(S09)。然而，文章在多角度思考上略显不足，仅停留在功能对比的层面，未能深入挖掘合作、统一等主题(C06)。同时，文章的叙事衔接不够自然，前后内容的交代有时显得突兀(S02)，缺少必要的过渡词句(S03)，对非重点材料的略写处理也不够成熟(S10)。语言表达方面，语句基本通顺但略显口语化，不够精炼(E01)，词语的运用较为平实，不够生动优美(E02)。文章主要依靠对话推进，表达方式(E06)和表现手法(E07)较为单一，修辞手法的运用明显不足(E05)，对人物和事件的细节刻画也比较欠缺(E11)，但观察时能分清主次，重点突出(E12)。"
140307,"文章选取了小动物、猎人与森林灾难等具体材料构建故事框架(C02)，紧密围绕保护环境、人与自然共存的中心思想组织情节(C04)。作者能从动物保卫家园和猎人自食恶果两个角度表现主题，体现了一定的思考广度(C06)，但在故事情节的独创性和思想深度上表现中规中矩(C05)。叙事过程中有主次、有顺序(E12)，虽然尝试通过对话关注人物细节，但对灾难场景等关键细节的刻画还不够深入(E11)。结构方面，各段落与主旨联系紧密(S06)，段落之间形成了较为清晰的因果逻辑链条(S08)。文章开头交代背景恰当(S11)，结尾简洁有力地点明教训(S12)。不过，段落间的过渡较为生硬，缺乏有效的过渡词句进行粘合(S03)，导致部分前后内容的衔接略显突兀(S02)。段落内部句子间的逻辑紧密度一般(S07)，在详略安排上，重点情节的描写不够丰满(S09)，过渡性材料的处理有时过于简略(S10)。语言上，全文语句通顺，意思表达完整(E01)。词句运用基本恰当，但在生动优美方面尚有欠缺(E02)。表达方式主要依赖记叙，较为单一(E06)。修辞手法使用较少，除了基础的拟人外，缺乏其他修辞的点缀(E05)，表现手法也较为平直，缺乏多样性(E07)。"
140308,"这篇作文《难忘的交通事故》通过拟人化的寓言故事，讲述了小狗酒后驾车导致车祸的经过，旨在警示交通安全。在选材与立意方面，你选取了小狗醉酒驾车、误操作导致连环相撞的具体故事情节，材料充实且具有警示意义(C02)。整个故事从聚餐喝酒到发生事故再到接受惩罚，始终紧紧围绕“拒绝酒驾”这一中心来组织材料，主旨明确(C04)。虽然寓言形式常见，但你试图通过动物形象来演绎社会规则，体现了一定的思考，若能挖掘出更深层的社会意义会更好(C05)。你能从行为动机、事故过程及后果等多角度思考主题，选用的材料能够较好地支撑文章寓意(C06)。在结构布局方面，文章清晰地交代了故事的起因、经过和结果，叙事脉络完整(S02)。文中使用了“于是”、“这时”、“不一会儿”等词语来衔接上下文，虽然起到了粘合作用，但还可以更加自然流畅(S03)。各段落内容都紧密围绕“难忘的交通事故”这一主旨展开，没有偏题现象(S06)。段落内部的句子排列基本有序，能够围绕段意叙述，但句间的逻辑紧密度仍有提升空间(S07)。段落之间按照事情发展的顺序推进，关系较为紧密(S08)。对于事故发生的关键瞬间（误踩油门、撞车）有一定的描写，但相较于整个故事篇幅，重点部分的渲染力度还可以加强(S09)。对于警察处理现场等过渡性情节处理得较为简洁，略写得当(S10)。开头简单交代背景，引入故事，较为恰当(S11)。结尾总结教训，点明中心，做到了简洁利落(S12)。在语言表达方面，全文语句通顺，意思表达完整，阅读流畅(E01)。词句使用基本恰当，如“兴致勃勃”等词符合语境，但整体语言风格较为朴实，生动优美程度一般(E02)。文中运用了拟人手法让动物具备人类行为，以及象声词增强现场感，体现了修辞手法的综合运用(E05)。文章主要以记叙为主，结合了少量的议论，表达方式较为稳妥(E06)。在表现手法上，主要依赖情节直叙，若能增加对比或心理描写等手法，文章会更具感染力(E07)。在观察与细节方面，你关注到了小狗“快睡着”、“一抬头”、“误踩油门”等动作细节，但在刻画事故现场的画面感上还可以更细致(E11)。文章叙事条理清晰，体现了你有主次、有顺序的构思与观察能力(E12)。"
140309,"文章以鲜花和绿叶的寓言故事为材料，内容具体，选取了鲜花骄傲的言行和绿叶默默的承受作为核心事件，材料较为充分(C02)。作者能够从鲜花和绿叶两个角色的不同视角展开叙述，并借助季节变化来推动情节，体现出了一定的多角度构思能力(C06)，叙事也遵循了清晰的时间顺序，主次分明(E12)，段落之间的承接关系也比较紧密(S08)。然而，文章在思想深度上略显不足，骄傲与谦逊的主题较为常见，情节设计未能展现出更多独创性(C05)。同时，文章情节的内在逻辑交代不够清晰，例如绿叶为何不怕冷以及泪水如何使鲜花复活等关键环节缺乏合理解释(S02)，导致个别语句与段落中心句的联系不够紧密(S07)。在详略处理方面，对冬天的到来等过渡性材料的描写过于简略，显得有些仓促(S10)。语言表达上，语句基本通顺(E01)，但表现手法较为单一，全文主要运用了拟人这一修辞手法(E05)，叙述和对话是主要的表达方式，描写等其他方式运用不足(E06)。"
140310,"文章在立意构思上展现了较好的水平，能够围绕“选国王”这一中心事件组织材料，通过猫、袋鼠和猴子三个角色的对比，从不同角度探讨了“什么样的领导者才是好领导”这一主题，体现出一定的思想性和独创性(C04)(C05)(C06)。然而，在材料的选取与呈现上存在不足，文章虽然选取了三个动物作为竞选者，但对它们具体行为的描述较为简单，使得材料不够充分具体(C02)。结构上，文章的叙事顺序清晰，能够按照时间推进来观察和记叙事件(E12)，但段落之间的衔接显得生硬(S08)，缺少必要的过渡词句(S03)，导致前后内容的交代不够清晰(S02)。同时，段落与主旨的关联以及句间联系尚可，但紧密度有待加强(S06)(S07)。在详略处理方面，文章对小猫、袋鼠和猴子当国王的情节未能进行重点详写，对动物们的反应等细节刻画不足(S09)(E11)，而对于时间转换等过渡性材料则处理得过于简略，造成情节跳跃(S10)。文章的开头和结尾都显得比较仓促，未能有效吸引读者或深化主旨(S11)(S12)。语言表达方面，基本语句是通顺完整的(E01)，但词语运用较为平淡，不够生动(E02)，且全文基本使用单一的记叙表达方式，缺少修辞手法和表现手法的综合运用，影响了文章的感染力(E06)(E05)(E07)。"
140311,"该生作文《蝴蝶效应》实为一篇童话故事，讲述了蝴蝶初英寻找真朋友并途中结识伙伴去询问葫芦金刚的故事。从内容上看，学生选取了具体的童话角色和情节作为素材，内容较为充实，能够支撑起一个完整的故事框架，这一点表现较好。且故事构思具有一定的原创性，试图通过童话形式探讨友谊和解答生理特征的困惑，体现了学生能从多角度思考并选用材料。但在围绕中心组织材料方面存在偏差，题目“蝴蝶效应”与内容无关，且后半部分偏向科普问答，导致文章主旨（寻找真朋友）与各段落、各句子的紧密度受到影响。结构上，文章能够清楚交代起因经过结果，段落间使用了过渡词句，段落关系紧密。详略处理上，重点描写了问答环节，详写得当，但过渡性材料的略写还可以更精炼。开头结尾中规中矩。语言方面，语句通顺流畅，意思完整是最大亮点，但在词句的生动性、修辞手法和表现手法的综合运用上较为薄弱，描写较为平铺直叙，缺乏文学色彩。观察有一定顺序，细节关注度尚可。这是一篇充满童趣的童话习作。文章选取了蝴蝶初英寻找真朋友以及途中偶遇小白兔、小花猫并一同前往葫芦城堡解惑的具体情节作为素材，内容充实(C02)。这种通过构建童话世界来探讨友谊真谛及科普知识的构思具有一定的独创性(C05)，体现了你能从不同角色的视角出发，选用合适的材料来表现各自的困惑(C06)。但在围绕文章中心组织材料方面略显松散，题目“蝴蝶效应”通常指微小变化引起巨大连锁反应，与文中内容不符，且后半部分侧重科普问答，稍微偏离了寻找“真朋友”的主线(C04)。在结构安排上，叙事条理清晰，能够清楚交代故事发展的起因、经过和结果(S02)。段落之间运用了“飞啊飞”、“于是”等过渡词句，较好地粘合了相邻段落(S03)，使得段与段之间的逻辑关系比较紧密(S08)。对于重点部分即葫芦金刚解答疑惑的过程描写得较为详细(S09)，不过对于路途中的过渡性材料还可以更加简练(S10)。开头直接引入主角和动机，较为恰当(S11)，结尾简洁利落，但略显仓促(S12)。由于主旨焦点的游移，各段落、各句子与中心句的紧密程度还有提升空间(S06)(S07)。语言表达上，全篇语句通顺流畅，意思表达完整，阅读感良好(E01)。但在词句的生动优美程度上有待提升(E02)。虽然关注了人物对话和事件流程(E11)，并按照游历顺序进行了观察描写(E12)，但综合运用的表达方式较为单一(E06)，修辞手法(E05)和表现手法(E07)的使用也相对匮乏，使得文章的文学色彩和感染力稍显不足。"
140312,"文章选取了“空中楼阁”的寓言故事作为具体材料，内容充实(C02)，且能够紧紧围绕“万丈高楼平地起”的中心思想来组织和安排情节(C04)。作者试图通过改写经典寓言来阐述哲理，展现了一定的思想深度和独特性(C05)，并能从富人只求结果忽视过程的角度切入思考，选材较为恰当(C06)。在结构安排上，故事的前因后果交代得比较清楚(S02)，文中使用了“于是”、“所以”、“然后”等过渡词句，使情节推进具有一定的连贯性(S03)。不过，段落内容与主旨的紧密程度(S06)、句子与段落中心的关联性(S07)以及段落之间的逻辑紧密度(S08)尚显一般，导致叙事略显松散。在详略处理上，盖地基和低层楼房的过程作为过渡性材料略写得当(S10)，但对于富人与工匠对话这一重点部分的详写不够充分，未能淋漓尽致地刻画出人物的愚蠢(S09)。开头采用了传统的叙事方式(S11)，结尾直接点明寓意，虽然简洁(S12)，但略显生硬。语言表达方面，整体语句通顺，意思完整(E01)，但在词句的生动优美程度(E02)、修辞手法的综合运用(E05)以及表达方式的多样性(E06)上较为欠缺，表现手法也较为单一(E07)。叙事过程中虽然能按照时间顺序有条理地进行观察(E12)，但对人物语言、神态等细节的关注和刻画还不够细腻(E11)。"
140313,"文章选取了“胡萝卜玫瑰花失窃案”这一具体材料，情节完整(C02)，且所有情节发展都紧紧围绕“神探比菲”破案这一中心展开，主旨鲜明(C04)。作为一篇童话，构思具有一定的原创性，塑造了聪明善良的老鼠形象(C05)，并能从比菲被误解到自证清白的视角进行叙述，材料选用得当(C06)。文章起因、经过、结果交代清楚(S02)，特别是各段落内容与主旨的联系非常紧密，没有枝蔓(S06)。在详略安排上，对比菲观察脚印、推理分析的破案过程进行了详写(S09)，对次要情节进行了略写(S10)，体现了良好的剪裁能力。段落之间的逻辑关系较为紧密(S08)，开头简明扼要地介绍了人物背景(S11)。但在细节上，段落间的过渡词句运用略显生硬，粘合度有待提高(S03)；句子与段落中心的紧密度一般，部分长句逻辑需梳理(S07)；结尾总结较为仓促，简洁度尚可但余味不足(S12)。全文最大的亮点是语句高度通顺，意思表达非常完整，阅读感流畅(E01)。能够关注到脚印深浅、距离等细节并进行描写(E11)，观察顺序逻辑清晰(E12)，词语运用较为恰当，如“蛛丝马迹”、“恍然大悟”等(E02)。不足之处在于修辞手法的运用较为贫乏(E05)，表达方式以平铺直叙为主，缺乏变化(E06)，表现手法也较为单一(E07)。"
140314,"这篇文章通过一只爱偷懒的小羊最终遭遇危险并改过自新的故事，选取了较为具体的材料来构建情节(C02)，整体上能够围绕“勤奋与生存”的中心进行材料的组织(C04)。文章立意符合寓言故事的特点，具有一定的教育意义(C05)，也能从正面引导和反面教训两个角度来思考主题(C06)。在结构上，文章按照事情发展的顺序进行叙述，条理比较清晰(E12)，段落之间运用了过渡词句，衔接较为自然(S03)，段落间的逻辑关系也比较紧密(S08)，句群基本围绕段意展开(S07)。文章结尾能够总结全文，点明小羊的变化，简洁利落(S12)。然而，文章在情节逻辑和细节描写上仍有提升空间。虽然整体框架完整，但在叙述小羊被同伴救助及再次被抓、最终获救的过程中，部分情节交代得不够清楚，存在指代不明的情况，影响了阅读的流畅性(S02)，这也使得部分段落与主旨的紧密度有所欠缺(S06)。在详略安排上，对于故事的高潮部分——即惊险的营救过程，描写得过于简略，未能充分展开(S09)，而开头部分列举动物名单则略显冗长，不够精炼(S10)，开头的吸引力也因此稍显不足(S11)。在语言表达方面，虽然语句通顺，意思表达完整(E01)，但整体语言较为平淡，缺乏生动优美的词句点缀(E02)。文章在修辞手法(E05)、表达方式(E06)以及表现手法(E07)的运用上较为单一，主要依赖平铺直叙。此外，对于人物的心理活动和事件的具体细节关注不够，缺乏细腻的刻画(E11)。"
140315,"文章在构思上展现了一定的独创性，巨人从破坏者到建设者的转变这一核心设定体现了较深刻的思考(C05)，并且能够围绕这一中心主题选择和组织材料(C04)。作者也能从巨人威胁与守护的双重角度来构思情节(C06)。文章的开篇与结尾处理得当，开头具有故事性(S11)，结尾简洁明了(S12)，各段落主旨也基本能与文章中心相连(S06)。此外，文章对事件的观察有一定的主次顺序(E12)，并初步体现出详略安排的意识(S09，S10)。然而，文章在具体内容的呈现上存在不足。首先，支撑情节的材料不够具体充分，例如巨人的破坏和帮助过程都描写得较为笼统(C02)，对人物和事件的细节刻画不足，使得故事缺乏生动性(E11)。其次，文章的连贯性有待加强，情节之间的交代不够清晰，如巨人变牛的过程显得突兀(S02)，段落间的关系不够紧密(S08)，缺少必要的过渡词句(S03)，段落内部的句子组织也略显松散(S07)。最后，语言表达是明显的短板，部分语句不够通顺流畅(E01)，词语运用较为平淡，缺乏生动性(E02)，修辞手法(E05)、表达方式(E06)及表现手法(E07)的运用都非常有限，影响了文章的文学色彩和感染力。"
140317,"这篇习作围绕“森林里的大树”这一中心，选取了伐木、动物栽树等具体情节，材料较为充实(C02)(C04)。文章开头直接交代背景，切入自然(S11)；行文中能够利用时间词语进行过渡，使得前后内容交代清楚，各段落与主旨联系较为紧密，句段粘合度尚可(S02)(S03)(S06)(S07)。在叙述过程中，小作者能够注意详略得当，对栽树过程进行了详写，而对过渡性内容进行了略写(S09)(S10)。同时也尝试从不同角度来思考主题(C06)。不过，文章在逻辑构思上还需斟酌，将伐倒的木头直接栽回去不仅缺乏科学常识，也削弱了思想深度(C05)，导致段落间的逻辑关系不够严密(S08)。结尾虽然简洁但略显仓促(S12)。在语言表达上，语句基本通顺(E01)，但词汇较为平淡，缺乏生动优美的描写(E02)，修辞手法和表达方式运用较少(E05)(E06)，表现手法也较为单一(E07)。此外，对于人物动作、神态的细节关注不够(E11)，观察顺序也有待进一步理顺(E12)。"
140318,"文章最大的亮点在于构思，能以童话寓言的形式探讨环境保护这一主题，通过拟人化的动物角色和“凶杀案”情节来展开叙事，体现了较好的独创性(C05)。文章选取了牛蛙和巴西龟两个外来物种作为核心材料，内容具体且较为充分(C02)，并且这两个事例都能紧密围绕“随意放生有害”的中心思想来组织(C04)。文章开头直接切入小狗放生牛蛙的情节，简洁明了地开启了全文(S11)，结尾处理也比较利落(S12)。从篇章结构来看，段落之间的衔接较为紧密，例如小狗从自身经历中吸取教训再去劝告小猪，形成了有效的逻辑递进关系(S08)。然而，文章在思考的广度上稍显不足，两个事例都指向同一层面，未能展现出更多角度的思考(C06)。在结构细节上，虽然段落和主旨、句子和段落中心句的联系基本成立(S06，S07)，但前后内容的交代与段落间的过渡有时依赖简单的“有一天”、“第二天”等词语，粘合度有待提升(S02，S03)。文章对重点部分的详写与次要部分的略写处理基本得当，但核心情节的刻画可以更深入(S09，S10)。语言表达方面，语句基本通顺完整(E01)，能够有主次有顺序地进行观察和叙述(E12)。但在词语的运用上还不够生动优美(E02)，对人物和事件细节的关注度可以加强(E11)。同时，文章在修辞手法、表达方式和表现手法的综合运用上略显单一，主要以基础的叙述和拟人为主(E05，E06，E07)。"
140320,"文章是一篇情节完整的童话故事，展现了较好的构思和叙事能力。在内容层面，文章能围绕“彼得救姐姐”这一中心任务来组织和选择材料，无论是遇到神仙获得飞马，还是说服北风指引方向，所有情节都服务于主线推进，使故事目标明确(C04)。为支撑这个营救故事，作者设计了多个角色和关卡，提供了具体且足够的情节材料(C02)，并通过设置不同的挑战来体现思考的多个角度(C06)。文章的思想内涵也有一定亮点，例如北风和国王被亲情打动的心理转变，为简单的童话故事增添了些许深刻性(C05)。在结构安排上，故事前后内容的因果关系交代清晰(S02)，段落间的衔接也比较自然(S08)，并能使用一些过渡词句(S03)。段内句子的组织基本能围绕段落中心展开(S07)，同时也能注意到对重点情节的详写和次要情节的略写(S09，S10)。结尾部分完整地解决了矛盾，使故事圆满结束(S12)，但开头稍显套路化(S11)，且个别段落与主旨的关联性可以更紧密一些(S06)。语言表达方面，全文语句通顺完整(E01)，词语运用基本恰当且具有一定的生动性(E02)。作者能够综合运用叙述、描写等多种表达方式(E06)，并借助拟人等修辞手法和表现手法来丰富文章(E05，E07)。尤其值得注意的是，文章对人物和事件的细节有较好的关注(E11)，并能按照主次和时间顺序进行观察和叙述，使得故事脉络清晰(E12)。"
140323,"文章以拟人手法展开，能够围绕“笔的一天”这一中心选择和组织材料，展现了上学、听课、抄课程表等具体事件，叙事材料较为充分(C02)，且基本能围绕文章中心展开(C04)，观察也能按照时间先后顺序进行(E12)。但在立意上，文章的思想还停留在较为浅显的层面，独创性不足(C05)，未能从多个角度对主题进行思考和挖掘(C06)。结构方面，文章段落与主旨的关联较为紧密(S06)，段落间的衔接也基本顺畅(S08)，尤其能够对“抄课程表”这一重点情节进行详写(S09)。然而，文章的开头和结尾处理得比较平淡(S11)(S12)，内容的前后交代有时不够清晰(S02)，段落间的过渡也略显生硬(S03)。同时，部分段落内部的句子之间联系松散，未能紧密围绕段落中心句展开(S07)，而一些过渡性材料如“第二节课是数学课”则交代得过于简略(S10)。语言表达上，文章最大的优点是语句通顺，意思完整(E01)。但词句的运用还不够恰当生动(E02)，对人物和事件的细节刻画较为有限(E11)，也缺乏对修辞手法的综合运用(E05)。全文主要依赖叙述和对话，表达方式比较单一(E06)，虽然运用了拟人的表现手法，但整体运用尚不深入(E07)。"
140324,"文章选取了文具家族作为切入点，通过橡皮寻找自我价值的故事来表达主题，材料选取较为具体，但在内容的丰富度和情节的展开上还有提升空间(C02)。故事整体能够围绕“寻找特点和位置”这一中心进行组织，但在中间情节的铺排上对中心的支撑力度略显不足(C04)。作者采用了拟人化的寓言形式，具有一定的独特性和思想性，立意尚可(C05)，不过叙述视角较为单一，主要局限于橡皮的单线经历，缺乏多角度的挖掘(C06)。在结构方面，文章起因、经过、结果交代得相对清楚(S02)，使用了“他又去了”、“这回”等过渡词句，使段落间的转换基本自然(S03)。段落与主旨的联系尚可，但中间流浪过程与最终感悟之间的逻辑粘合度还可以更紧密(S06)，部分句子与段落中心的关联略显松散(S07)。值得肯定的是，段与段之间的逻辑关系紧密，故事推进线索清晰(S08)。在详略安排上，对于橡皮心理变化和重点情节的刻画不够浓墨重彩(S09)，过渡性材料的处理也略显生硬(S10)。开头直接引入角色和矛盾，中规中矩(S11)，而结尾能够卒章显志，简洁利落地总结出人生哲理，起到了画龙点睛的作用(S12)。语言表达上，全文语句通顺流畅，意思表达完整，这是文章的一大亮点(E01)。词句运用基本恰当，但个别字词（如“she4影师”）需规范，生动性有待加强(E02)。虽然通篇运用了拟人手法，但其他修辞手法的运用较少(E05)，表达方式主要以平铺直叙为主，略显单一(E06)，表现手法的多样性也有待丰富(E07)。不过，作者在叙述中能够关注到人物互动的细节(E11)，并且能够按照事情发展的顺序有条理地进行观察和描写(E12)。"
140327,"文章构建了一个小鹿与老虎互动的寓言故事，构思具有一定的独特性和原创性，能够引发读者兴趣(C05)。选取的材料具体，能够支撑起一个完整的故事框架(C02)，但在围绕中心组织材料方面略显松散，部分情节与主旨的关联度有待加强(C04)。多角度思考与选材的表现尚有提升空间，目前主要侧重于单向叙事(C06)。从结构上看，段与段之间的关系较为紧密，故事发展脉络清晰(S08)。结尾能够总结全文，点明寓意，做到简洁利落(S12)。开头交代背景，切入自然恰当(S11)。文章前后内容交代基本清楚(S02)，并能运用过渡词句粘合相邻段落，使叙事较为连贯(S03)。重点部分如小鹿与老虎的互动描写较为详细(S09)，但过渡性材料的处理略显生硬，略写技巧需进一步打磨(S10)。部分段落与主旨的紧密程度一般(S06)，句与句、句与段落中心的逻辑联系也需更加严密(S07)。在语言表达方面，关注了人物动作和心理细节，描写较为生动(E11)。词句运用恰当，部分词汇如“凝视”、“目瞪口呆”增添了文章色彩(E02)。叙事有主次、有顺序，观察较为细致(E12)。语句基本通顺，意思表达完整，但仍有语病存在(E01)。综合运用修辞手法的意识不强，文采略显平淡(E05)。表达方式以记叙为主，略显单一(E06)，表现手法的多样性也有待丰富(E07)。"
140328,"文章能够紧密围绕精灵姑娘找回自信这一中心来组织情节(C04)，并为之选取了“项链失窃”这一具体事件作为支撑，材料较为充分(C02)。在叙事上，对发现和捉拿坏人等重点部分进行了详写，主次分明(S09)，段落之间也因果相承，关系紧密(S08)，这使得文章能从个人成长和外部冒险两个角度来表现主题(C06)，且各段落基本都能服务于主旨(S06)。然而，文章在情节的衔接上存在一些不足，例如坏人睡着后精灵姑娘如何迅速召集众人，这一关键环节的前后内容交代不够清晰(S02)，同时从坏人对话到他们决定睡觉的转折处缺少必要的过渡词句(S03)。部分段落内部的句子组织也可以更紧凑(S07)，并且对于召集精灵这一过程处理得过于简略(S10)。在思想内容上，故事虽然完整，但“坏人伪装”的情节设定略显常规，独创性有待提升(C05)。语言表达方面，语句基本通顺(E01)，用词也较为恰当(E02)，但整体上叙述和描写方式较为单一(E06)，修辞手法和表现手法的运用不足(E05，E07)，削弱了文本的生动性。最后，尽管观察具备主次顺序(E12)，但对人物和事件的细节刻画不足，例如坏人的样貌、宫殿的“糖果”特色等，未能给读者留下深刻印象(E11)，同时文章的开头和结尾也尚欠新意(S11，S12)。"
140329,"文章能够围绕“探险”这一中心选择和组织材料，选取了发现山洞、夜间探险、发现瀑布等具体情节，材料选择较为充分(C02)，各段落主旨也与探险紧密相连(S06)，使得文章的整体框架是清晰的(C04)。叙事过程中，从发现山洞到进入探险再到最终发现瀑布，展现了有主次有顺序的观察过程(E12)。同时，文章也能从好奇、紧张、兴奋等不同心理层面来表现主题(C06)，语句基本通顺完整(E01)。然而，文章在内容的原创性和思想深度上表现不足，情节较为平淡，缺乏独特的构思(C05)。结构方面，文章开头营救小羊的情节与后文探险主线的衔接不够自然，前后内容的交代存在一定的脱节(S02)，段落之间的关联性不强(S08)，主要依靠事件的自然顺序推进，缺少必要的过渡词句来增强段落间的粘合度(S03)。在详略处理上，探险过程中的紧张氛围等重点部分描写不够突出(S09)，而一些过渡性材料也未能做到简略处理(S10)，导致节奏平缓。开头和结尾的设计较为常规，未能有效吸引读者或升华主旨(S11)(S12)。语言表达方面，词句的运用较为平实，不够生动优美(E02)，对人物和事件的细节刻画不足，多为概括性叙述(E11)，并且综合运用修辞手法(E05)、表达方式(E06)和表现手法(E07)的能力均有待提升。"
140330,"文章的优点在于能够围绕中心选择和组织材料(C04)，通过小狗皮特一路寻访多个对象，选取了具体且充分的材料来展现对“快乐”这一主题的多角度思考(C02，C06)，并且每个段落都能和主旨紧密相连(S06)，叙事过程也体现出有顺序的观察(E12)，保证了全文语句的通顺与意思的完整(E01)。然而，文章在结构衔接上存在不足，段落之间的关系处理较为松散(S08)，未能有效运用过渡词句进行粘合(S03)，导致前后内容的交代不够清晰连贯(S02)。在内容深度方面，尽管材料多样，但对重点部分的详写不够突出(S09)，对过渡性材料的略写处理也较为随意(S10)，使得文章的思想深刻性与原创性受到一定限制(C05)，同时开头与结尾的设计也略显平淡(S11，S12)。语言表达层面，词句的运用基本恰当但不够生动优美(E02)，对人物和事件的细节关注尚有提升空间(E11)，在综合运用修辞手法、表达方式和表现手法方面能力较弱(E05，E06，E07)，影响了文章的整体表现力。"
140331,"文章选取了方便面、炸酱面和西红柿鸡蛋面这三种具体的面条作为主要角色展开故事，材料选取具体充分(C02)，并能从方便程度、受欢迎程度以及健康营养等多个角度来刻画不同面条的特点，思考维度丰富(C06)。在材料安排上，作者能够围绕“争功”这一中心进行组织(C04)，重点详写了面条们激烈的争吵对话，突出了文章核心(S09)，同时对开头入梦和结尾妈妈出现等过渡性情节进行了恰当的略写(S10)。从结构上看，文章开头交代背景(S11)，结尾提炼寓意简洁利落(S12)，前后内容交代得十分清楚(S02)，段落与段落之间关系紧密(S08)，且各段落内容均与主旨保持了紧密的联系(S06)。在叙述推进中，使用了“突然”、“这时”等过渡词句粘合情节(S03)，使得行文较为自然。在语言表达方面，全文语句通顺，意思完整(E01)，能够关注到“冷笑一声”、“吓哭”等人物和事件的细节(E11)，并按照一定的顺序进行观察和描写(E12)。词句运用基本恰当(E02)，但修辞手法的使用较为单一(E05)，主要依赖拟人手法，表现手法(E07)和表达方式(E06)的多样性还有提升空间。此外，虽然段落整体结构较好，但部分句子之间的逻辑衔接还不够紧密(S07)。不过，文章整体构思具有一定的独特性(C05)。"
140336,"这篇作文选取了小白兔起夜误将妈妈当成怪物的具体材料，情节完整且充实(C02)，紧紧围绕“战胜恐惧”这一中心进行组织(C04)，构思虽常见但能体现出“自己吓自己”的深刻道理(C05)，且能从心理、动作等多角度表现主题(C06)。文章前后内容交代清楚(S02)，使用了“可是”、“谁知”等过渡词句粘合段落(S03)，各段落均紧扣主旨(S06)，尤其是第二段描写恐惧心理时，句句紧扣段落中心(S07)，段际关系紧密(S08)。作者对小白兔起夜时的心理和动作进行了详写(S09)，对背景介绍进行了略写(S10)，详略得当。开头较为常规(S11)，结尾简洁有力地点明了主题(S12)。语言方面，语句通顺流畅(E01)，虽然使用了成语但词句的生动优美程度尚可(E02)，运用了比喻等修辞手法(E05)以及叙述、描写等多种表达方式(E06)，通过悬念和误会等表现手法增强了趣味性(E07)。此外，作者关注了人物动作神态的细节(E11)，并按照事情发展的顺序进行了有条理的叙述(E12)。"
140337,"文章讲述了毛毛虫小亮从依靠武力到运用知识战胜大公鸡救出同伴的故事，选取了毛毛虫、大公鸡、古书、硫磺等具体材料构建情节，但“硫磺致公鸡窒息”这一关键情节缺乏生活常识支撑，材料选择的合理性有待加强(C02)。虽然故事试图围绕“知识的力量”这一中心组织材料，但前文铺垫的“功夫厉害”与后文“读书救人”的转折较为生硬，材料对中心的支撑不够紧密(C04)。构思上尝试结合武侠与童话元素，具备一定的原创性，但思想深度停留在较为浅显的层面(C05)。叙事角度单一，未能从多角度深入挖掘主题，如对于角色心理变化的刻画显得单薄(C06)。在结构上，文章基本交代清楚了故事的起因、经过和结果，前后内容连贯性尚可(S02)。但在段落转换时，过渡词句运用较为生硬，如“这件事情过后”显得突兀，粘合度不足(S03)。各段落虽然围绕故事主线展开，但部分段落（如开头强调功夫）与最终主旨（知识力量）的联系不够紧密(S06)。句段内部的逻辑联系一般，部分对话和动作的衔接略显松散(S07)。段落间的情节推进节奏较快，导致段落关系不够紧密(S08)。对于重点情节“如何努力读书”和“智斗大公鸡”描写过于简略，未能突出文章重点(S09)。过渡性材料处理得过于草率，导致情节跳跃感较强(S10)。开头直接入题介绍角色，显得平淡，缺乏吸引力(S11)。结尾虽然总结了主旨并点出化蝶的结局，但较为仓促，简洁有余而余味不足(S12)。语言表达方面，语句基本通顺，意思表达完整，但存在标点使用错误(E01)。词汇较为贫乏，多为口语化表达，缺乏生动优美的词句(E02)。修辞手法运用极少，仅限于基本的拟人，未能有效增强文章的感染力(E05)。表达方式以平铺直叙为主，缺乏描写、抒情等方式的综合运用(E06)。表现手法单一，未能运用对比、烘托等手法丰富文章内涵(E07)。对于人物动作、神态及事件过程的细节描写严重缺失，使得故事显得干瘪(E11)。观察和叙述主要依照时间顺序，缺乏主次分明的观察层次(E12)。"
140339,"该生作文《小陶瓷娃连》讲述了一个关于友谊与性格转变的童话故事。在材料选择方面，文章选取了小陶瓷娃娃和小布熊两个主要角色，情节围绕小陶瓷娃娃从自私孤僻到融入集体的过程展开，材料选取较为具体(C02)，并能围绕友谊这一中心组织情节(C04)。立意上，故事传达了真心待人能获得快乐的主题，虽较为传统，但符合童话体裁，独特性和深刻性表现一般(C05)。在思考角度上，主要从正面线性叙述，角度较为单一(C06)。在结构安排上，文章前因后果交代得比较清楚，情节发展逻辑顺畅(S02)。各段落内容基本能紧扣主旨展开(S06)，段落内部句意连贯(S07)。但在段落过渡上，部分衔接词句的使用略显平淡(S03)，段落间的紧密程度尚可(S08)。详略处理是本文的弱项，对于小陶瓷娃娃心理转变这一重点部分描写不够细腻，铺垫不足(S09)，过渡性材料的处理也缺乏技巧(S10)，导致叙事节奏略显平均。开头采用传统的童话叙述方式，切入自然但略显普通(S11)；结尾直接点明道理，虽然总结了全文，但说教味稍浓(S12)。在语言表达方面，全篇语句通顺，意思表达完整(E01)。词句运用较为朴实，缺乏生动优美的修饰(E02)。修辞手法上主要运用了拟人，较为单一(E05)。表达方式以平铺直叙为主，缺乏描写与议论的灵活结合(E06)，表现手法也较为常规(E07)。在细节描写上，对人物心理变化和事件细节的刻画不够深入(E11)，观察顺序基本遵循时间线索(E12)。总体而言，这是一篇叙事完整但需在描写细腻度和详略安排上进一步打磨的习作。"
140401,"文章选取了菊花的根、茎、叶、花瓣等具体部位作为观察对象，材料选取具体且充实(C02)，并且能够紧紧围绕“观察菊花”及其精神品质这一中心进行组织(C04)。作者观察细致，捕捉到了叶缘像齿轮、花瓣像烟花等人物和事件的细节(E11)，并且遵循了从根茎叶到花朵、由下到上的观察顺序，做到有主次、有顺序地观察(E12)。同时，文章能多角度思考，从外形特征描写延伸至精神品质的赞美(C06)。在描写方面，作者能够详写菊花的外形特征这一重点部分(S09)，并适当略写了泥土等过渡性材料(S10)。文中综合使用了比喻、拟人等多种修辞手法，如将花瓣比作烟花，将花蕊比作害羞的小姑娘，形象生动(E05)，词句运用恰当优美(E02)，语句通顺且意思完整(E01)。结构上，各段落内容均与观察菊花的主旨紧密相连(S06)，并能利用过渡词句粘合相邻段落，如“终于开花了”推动了时间线(S03)。句与句之间围绕段落中心展开，联系较紧密(S07)。结尾部分提供了简洁利落的总结与升华(S12)。不过，文章开头较为常规(S11)，前后内容的交代还可以更加自然(S02)，段与段之间的逻辑紧密度仍有提升空间(S08)。此外，表达方式主要集中在描写，抒情和议论结合得还不够丰富(E06)，虽然使用了对比等表现手法(E07)，但立意和思想的独特性、深刻性还可以进一步挖掘(C05)。"
140402,"文章在内容选择与结构安排上展现出清晰的条理。全文能紧密围绕“我家的多肉”这一中心来组织材料(C04)，选取了从获得多肉到播种、观察其成长的具体过程作为记叙内容，材料选取较为充分(C02)。文章的叙事逻辑很清晰，能够清楚交代多肉生长的先后过程(S02)，并善于运用时间词语引导段落间的转换，使得衔接较为流畅(S03)。同时，每个段落都与文章主旨紧密相连(S06)，体现出良好的整体布局能力。在观察方面，作者能够有顺序地捕捉多肉生长的过程(E12)，并关注到了叶片颜色变化等具体细节(E11)，这是本文的亮点。然而，文章在思想深度和语言表达上还有提升空间。全文主要停留在对事件的客观记录，未能发掘出更深层次的感悟或独特的思考，使得文章的原创性与深刻性稍显不足(C05)。对于文章的重点部分，例如多肉成型后的样貌描写，处理得较为简略，缺乏更详尽的刻画(S09)。语言层面，个别语句的表达不够流畅，存在语病(E01)，词语的运用也略显平实，不够生动优美(E02)。此外，文章在修辞手法的综合运用上表现得比较单一，未能充分发挥其增强表达效果的作用(E05)。"
140403,"文章在材料选取上表现突出，能够围绕豆芽生长这一中心选择具体且充分的材料(C02)，并对这些材料进行了有效的组织(C04)。全文结构清晰，段落与主旨的关联性很强(S06)，段内句子的衔接也十分紧密(S07)，通过时间顺序的推进保证了段落间的紧密联系(S08)。语言表达方面，综合运用了比喻、拟人等多种修辞手法(E05)，使得词句表达较为恰当生动(E02)，并且能够关注到豆芽生长过程中的细节(E11)，体现出有顺序的观察能力(E12)。开篇能够恰当引入主题(S11)，结尾也能对全文进行收束(S12)。同时，文章能够交代清楚前后内容(S02)，并利用过渡词句实现段落间的粘合(S03)，整体语句通顺完整(E01)。然而，文章在思想深刻性上还有提升空间，虽然能从不同角度思考主题(C06)，但最后的感悟略显普遍，原创性不足(C05)。在详略处理上，对重点部分的描写可以更加深入细致(S09)，对过渡性材料的省略还可以更精炼(S10)。此外，文章综合运用的表达方式较为常规(E06)，在表现手法的多样性上稍显欠缺(E07)。"
140406,"这篇作文以“绿豆养殖记”为题，围绕绿豆的种植过程展开，从播种、发芽到最后枯萎，材料选取具体且紧扣中心，体现了较好的选材和组织能力(C02)(C04)。文章能够从时间推移和情感变化等多角度表现主题(C06)，但题材较为常见，思想深度和独创性稍显不足(C05)。在结构上，段落与主旨联系紧密，段际关系处理得当，整体逻辑清晰(S06)(S08)。叙事过程中前后交代清楚(S02)，句段联系较为紧密(S07)，但段落间的过渡词句略显生硬，还可以更加自然(S03)。详略安排是本文的弱项，重点的生长过程描写不够细腻，与次要内容的区分度不高(S09)(S10)。开头较为平淡(S11)，但结尾简洁利落，情感真挚，起到很好的收束作用(S12)。语言方面，语句通顺(E01)，词句运用基本恰当(E02)，虽然修辞、表达方式及表现手法的运用相对单一(E05)(E06)(E07)，但能按照时间顺序清晰地进行观察叙述(E12)，只是在具体细节的捕捉上还需加强(E11)。"
140407,"文章在内容选择上展现了较好的观察力，能够选取多肉颜色变化、叶片白粉、叶插繁殖等具体充分的材料(C02)，并且能从外观、习性、人与植物互动等多个角度来表现主题(C06)，对叶子重生等重点部分也能展开详写(S09)。这些材料基本能够围绕文章中心进行组织(C04)，对事物细节有一定关注(E11)。但在结构方面，文章的主要问题在于段落之间缺少必要的过渡词句(S03)，导致内容的前后交代不够清晰(S02)，段落间的关系显得不够紧密(S08)。语言表达层面，尽管语句通顺完整(E01)，但词句的选用尚欠生动优美(E02)，修辞手法的运用也较为单一(E05)，这使得文章在思想的独特性与原创性上未能实现突破(C05)。"
140408,"文章在选材与观察层面表现突出，能够选取具体且充分的材料来描绘窗前大树的形象(C02)，并且这些材料都紧密围绕文章的中心展开(C04)，体现了从整体到局部、从静态到动态的多角度观察能力(C06)。在细节刻画上，文章能够关注到树皮剥落等具体细节(E11)，并按照由远及近、由主到次的顺序进行观察和描写(E12)，使得景物描写层次分明。语言表达方面，文章词句运用较为生动(E02)，并能综合运用比喻、拟人等修辞手法(E05)，语句也基本通顺完整(E01)。结构方面，文章段落与主旨的联系较为紧密(S06)，段落间的关系也比较清晰(S08)，能够对树干和树叶等重点部分进行详写(S09)。然而，文章在结构衔接和思想深度上存在提升空间，开头部分显得较为平淡和重复(S11)，结尾也略显仓促(S12)，段落间的过渡可以更自然流畅(S03)，段落内部句子间的逻辑关联性也需加强(S07)。此外，尽管描写细致，但文章在思想的独特性与深刻性上稍显不足，对大树的感悟停留在表面喜好，未能深入挖掘其象征意义或与个人情感的深层联系(C05)，表现手法的运用也相对单一(E07)。"
140409,"你的作文在选材上能够选取具体且充分的生活材料，无论是绿豆的生长过程还是体育节的比赛场景，内容都显得充实(C02)，并且这些材料都能紧紧围绕文章的中心进行组织，主旨明确(C04)。在结构安排上，特别是观察日记，能够严格按照时间顺序有条理地进行观察和记录(E12)，前后的内容交代得非常清楚，叙事逻辑通顺(S02)。各段落的内容都能紧密围绕主旨展开，没有偏离主题(S06)，句子与段落中心句之间的联系也较为紧密(S07)。在表现手法上，你能运用对比、心理描写等多种手段来增强文章感染力，如通过对比同学平时的倔强与赛场上的坚持来突出团结的主题(E07)。文章关注了人物的神态动作以及植物的生长细节(E11)，并尝试使用了比喻等修辞手法，使得词句较为恰当生动(E02)(E05)。开头采用了设问或开门见山的方式，结尾简洁利落，结构完整(S11)(S12)。不过，在综合运用记叙、议论、抒情等多种表达方式上略显单一(E06)，文章的思想独特性和多角度思考层面表现中规中矩(C05)(C06)。段落之间的过渡衔接以及详略的安排上虽有体现，但仍有细致化的空间(S03)(S09)(S10)。语句整体通顺，意思表达完整(E01)，段与段之间的逻辑关系也基本保持紧密(S08)。"
140410,"文章选取了家门前的竹子作为具体的观察对象，材料充实且生活化(C02)，全篇紧紧围绕观察竹子的生长过程这一中心来组织材料(C04)。作者能够遵循时间顺序，有主次地观察竹子从笋芽到长成的变化(E12)，并敏锐地捕捉到叶子大小对比、帽子高度变化等具体细节(E11)。开头引用“岁寒三友”引入话题，切题恰当(S11)，结尾总结全文并直抒胸臆，简洁利落(S12)。在结构安排上，文章清楚地交代了从“一周前”到“现在”的时间跨度和内容变化(S02)，段落之间逻辑紧密(S08)，各段落内容均与主旨紧密相连(S06)，句段间的联系也较为紧凑(S07)。作者运用过渡词句粘合了相邻段落，使叙述流畅(S03)，并着重详写了竹子几天内快速拔节生长的重点部分(S09)，但在过渡性材料的略写处理上稍显生硬，剪裁不够精炼(S10)。语言方面，语句通顺且意思完整(E01)，使用了“螳螂的床”、“巨人”等生动优美的词句(E02)，尝试了比喻等修辞手法(E05)，体现了一定的独特性和童趣(C05)，也能从外形、速度等多角度思考(C06)，但在综合运用多种表达方式(E06)及表现手法(E07)方面显得较为单一。"
140411,"文章选取了发绿豆芽这一具体且充分的生活材料(C02)，能够紧密围绕观察植物生长这一中心来组织内容(C04)，虽然题材较为常见，思想深度的独特性尚有提升空间(C05)，但作者能从视觉观察和心理感受等多个角度表现主题(C06)。在结构布局上，开头交代起因，切入恰当(S11)，按照时间推移交代清楚了前后内容(S02)，各段落内容均与观察绿豆芽的主旨紧密相连(S06)，段与段之间关系紧密(S08)，句子与段落中心意图也能保持一致(S07)。文章详略处理得当，对绿豆发芽、长高、脱皮的过程进行了详写(S09)，对日常浇水等过渡性材料进行了略写(S10)，但在粘合相邻段落的过渡词句运用上略显生硬(S03)，结尾虽然简洁但稍显仓促(S12)。在语言表达方面，行文流畅，语句通顺意思完整(E01)，词句使用基本恰当(E02)，能够有主次、有顺序地进行观察记录(E12)，并关注到了绿豆颜色、形态变化的细节(E11)。不过，文章在综合使用多种修辞手法(E05)、表达方式(E06)以及表现手法(E07)方面较为薄弱，叙述风格较为平实。"
140412,"文章作为一篇观察日记，成功记录了绿豆发芽的全过程，在内容选择与组织上展现了较好的基础。文章能够选取具体且充分的材料来支撑观察主题，按天记录了绿豆从浸泡到长出叶子的完整变化(C02)，所有材料都能紧密围绕“观察绿豆发芽”这一中心进行组织和呈现(C04)。作者不仅记录了客观变化，还能在结尾表达出自己的思考与惊奇，体现了基于个人真实体验的独特性与原创性(C05)，并且能够从豆子的大小、颜色、形态等多个角度进行观察与取材(C06)。在细节观察方面，文章注意到了“小白眼旁边钻出来”和“沿着中间的那条线裂开”等具体特征(E11)，并按照时间顺序进行了有主次的记录(E12)。文章的开篇直接明了，结尾总结感悟，首尾处理均较为恰当(S11，S12)。语言表达整体通顺完整(E01)，并能运用“像小肥猪的尾巴”“像一把绿色的小伞”等比喻修辞手法增强生动性(E05)。然而，文章在结构衔接和语言锤炼上尚有提升空间。虽然内容前后能够交代清楚(S02)，但段落间的联系主要依靠简单的日期推进，逻辑关系较为单一(S08)，缺乏更丰富的过渡词句来使衔接更为自然紧密(S03)。各段落与主旨的关联停留在内容层面，未能形成更紧密的逻辑链条(S06)。在语言方面，部分词句表达较为口语化，不够生动优美(E02)，文章主要运用了记叙和议论两种表达方式，综合运用能力有待加强(E06)。"
140413,"文章取材具体充分，能够基于有序的观察(E12)捕捉凤仙花从发芽到开花的生长细节(E11)，并延伸至染指甲的独特用途，体现了多角度选材的构思能力(C06)，结尾的感悟也具有一定的原创性(C05)。结构上，文章段落之间关系较为紧密(S08)，对观察过程的详写与过渡性材料的略写处理得当(S09)(S10)，结尾简洁有力，实现了主旨的升华(S12)。然而，文章的整体组织与连贯性尚有提升空间，开头略显平淡(S11)，材料的组织未能完全紧密围绕中心展开(C04)，导致前后内容的勾连不够清晰(S02)，段落间的粘合也缺少必要的过渡词句(S03)。特别是主体段落内部，部分语句与段落中心句的联系不够紧密，显得有些松散(S07)，影响了段落与主旨的紧密连接(S06)。语言表达方面，语句基本通顺完整(E01)，能够综合运用记叙和描写等多种表达方式(E06)，但词语的运用尚欠生动优美(E02)，修辞手法(E05)与表现手法(E07)的运用也较为单一。"
140414,"这篇文章详实记录了从取种到幼苗成长的全过程，选取的材料具体且充分，能够很好地支撑起观察日记这一体裁(C02)。全文始终围绕“火龙果的生长”这一中心来组织和安排材料，没有偏离主题(C04)。作者能从高度、颜色、形态、触感等多个角度对植物进行观察，捕捉到了火龙果幼苗像“慢羊羊”和“仙人掌”的有趣特征(C06)，虽然题材较为常见，但能写出一定的生活趣味(C05)。在结构上，文章的时间线索非常清晰，利用“有一次”、“第八天”、“过了7、8天”等时间词，交代清楚了前后内容的变化(S02)，并有效地粘合了相邻段落，使文章脉络连贯(S03)。各段落内容紧扣火龙果生长这一主旨(S06)，段落之间联系紧密(S08)。作者在处理材料时做到了详略得当，详写了发芽后的形态变化及日常养护细节(S09)，略写了等待的过程(S10)。开头采用设问引入，较为恰当(S11)，结尾简洁利落，但略显平淡(S12)。句段之间的逻辑紧密度尚可(S07)。语言表达方面，全文语句通顺，意思完整(E01)。作者善于运用生动的词句，如“欣欣向荣”以及“像黑芝麻”、“像慢羊羊”等比喻，使描写显得生动优美(E02)。文章体现了有主次、有顺序的观察方法(E12)，并关注到了“叶尖上的小黑壳”、“白色的刺”等具体细节(E11)。不过，文章在修辞手法的综合运用上较为单一，主要依赖比喻(E05)，表达方式也以记叙描写为主，缺乏变化(E06)，表现手法相对朴实(E07)。"
140415,"这篇《豆芽观察日记》通过三天的时间记录，完整呈现了豆子发芽的过程，选材具体且紧扣观察主题(C02，C04)。文章采用日记体的形式，按时间顺序推进，观察条理清晰(E12)，特别是在细节捕捉上表现较好，如对豆芽长度、宽度的量化描述以及形状变化的记录(E11)。各段落内容均紧密围绕观察主旨展开(S06)，开头直接切入观察对象(S11)，结尾对豆芽形态进行了总结(S12)。但在结构衔接上，主要依赖时间标记，段落间的文字过渡略显生硬(S03)，且最后一段关于“卖菜豆芽”的补叙与前文衔接不够流畅(S02)。在详略安排上，三天记录的笔墨较为平均，未能突出某一关键生长阶段的重点(S09，S10)。语言表达方面，语句通顺流畅(E01)，但词汇较为口语化，缺乏生动优美的描写(E02)，修辞手法和多种表达方式的运用也较为匮乏(E05，E06，E07)，使得文章略显平淡。总体而言，这是一篇观察细致但文采有待提升的习作。"
140417,"这篇作文《薄荷》作为一篇状物类散文，整体结构完整，观察细致。在选材方面，作者能选取薄荷的茎、叶、绒毛及其生长习性、药用价值等具体材料(C02)，并始终围绕“喜欢薄荷”这一中心进行组织(C04)。文章试图从外形特征、生活习性、实用价值等多个角度来表现主题(C06)，虽立意较为常规，但体现了一定的观察力(C05)。在结构上，文章采用了经典的“总-分-总”结构，前后内容交代清楚(S02)，段落间使用了如“薄荷的叶子很独特”等过渡句，起到了一定的粘合作用(S03)。各段落紧紧围绕主旨展开(S06)，段落间关系紧密(S08)。详略安排得当，对外形特征进行了详写(S09)，过渡性材料处理简洁(S10)。开头运用对比手法引出描写对象(S11)，结尾简洁有力地总结了全文(S12)。不过，部分段落内部句子间的逻辑紧密程度稍显不足，如第二段从外形描写转入习性介绍时略显突兀(S07)。语言表达方面，全文语句通顺(E01)，使用了“矮个子”、“弯腰驼背”等拟人化词语，语言较为生动(E02)。虽然运用了比喻和拟人手法，但修辞手法的丰富度一般(E05)，表达方式主要集中在描写和说明，略显单一(E06)。表现手法上，结合了对比和多感官描写(E07)。值得称赞的是，作者观察非常细致，捕捉到了“细细的小绒毛”等细节(E11)，且观察顺序条理清晰，主次分明(E12)。"
140418,"文章选取了夜来香的外形特征及其驱蚊特性作为主要素材，材料具体且较为充分(C02)，能够从视觉观察外形、嗅觉感知香味以及功能性体验等多个角度来表现喜爱夜来香这一主题(C06)。对于夜来香“先扎根后生长”的发现以及对其名副其实的感悟，体现了作者具备一定的独特思考能力(C05)，整体上能够围绕文章中心来选择和组织材料(C04)。在结构安排上，文章能够交代清楚从种植到开花的前后内容(S02)，各段落紧紧围绕夜来香这一主旨展开(S06)，段与段之间关系较为紧密(S08)。详略处理得当，对外形和驱蚊特性的重点部分进行了详写(S09)，对喂兔子等过渡性背景材料进行了略写(S10)。开头直入主题(S11)，结尾简洁利落并照应题目(S12)。不过，段落间的过渡词句使用稍显生硬(S03)，段落内个别句子的紧密度还有提升空间(S07)。在语言表达方面，全文语句通顺，意思表达完整(E01)，能够有顺序地观察夜来香的茎、叶、花(E12)，并关注到了叶色变化等细节(E11)。虽然词句运用恰当(E02)，也综合运用了描写和记叙等表达方式(E06)及表现手法(E07)，但修辞手法的运用相对较少，仅见比喻一种(E05)，使得语言的生动性和感染力略显不足。"
140420,"文章以个人独特的感受切入，将文竹作为让自己静心的对象，体现了较好的构思原创性(C05)，开头通过对比不同花卉引出自己喜爱的文竹，写法恰当(S11)，对文竹新芽生长的过程描写细致入微，展现了出色的细节观察与刻画能力(E11)，全文叙事线索清晰，内容的前后衔接交代得很清楚(S02)，段落之间的关联也比较紧密(S08)，在表现手法上，能够综合运用叙述和描写等多种表达方式(E06)，并能从文竹的整体形态与局部生长等多个角度选取材料来表现主题(C06)，对重点部分如新芽的生长过程进行了详写，主次分明(S09)，整体语句通顺，意思表达完整(E01)，结尾也对主旨进行了呼应(S12)，然而，文章在材料的组织上尚有提升空间，所有材料都围绕中心思想展开的紧密度略有不足(C04)，例如第二段介绍文竹习性的内容与“让我静心”的主旨关联稍弱，这也体现出部分句子与段落中心句的联系不够紧密(S07)，同时，对过渡性材料的处理不够简练，导致部分信息显得有些平均用力(S10)，在观察顺序的安排上还可以更有条理(E12)，此外，语言的生动性和词句的恰当优美程度有待加强(E02)，修辞手法的运用也较为单一(E05)。"
140423,"本文详细记录了水培绿豆从播种到成苗的全过程，选取了包括准备容器、控制水量、观察发芽、长茎、生根、长叶直至最后食用的完整材料(C02)。文章严格按照时间顺序组织材料，紧紧围绕“种绿豆”这一中心展开(C04)，但在立意上较为常规，主要停留在客观记录层面，缺乏更深层的感悟或独特的思想见解(C05)。不过，小作者能从绿豆的外形变化、生长部位（茎、根、叶）、颜色更替以及实用价值等多个角度进行观察(C06)，体现了较好的观察力。在结构上，文章各段落内容紧扣主旨(S06)，段落内部句子围绕中心句展开(S07)，逻辑较为清晰。使用了“先……然后……”、“泡完第一天”、“泡了三天之后”等明确的时间词作为过渡，有效地粘合了相邻段落(S03)，段落间关系较为紧密(S08)。对于绿豆生长关键期的变化描写较为详细(S09)，而准备工作等过渡性材料则处理得相对简洁(S10)。虽然整体流程交代清楚，但部分细节（如从茎到根的辨析）的衔接略显生硬(S02)。开头过于直白，缺乏修饰和吸引力(S11)；结尾虽然交代了结果，但稍显仓促(S12)。在语言表达方面，全文语句通顺，意思表达完整(E01)。作者运用了拟人（如“脱下了绿色的衣服”）和设问等修辞手法(E05)，使得词句较为生动(E02)。文章主要采用记叙和说明的表达方式(E06)，表现手法相对单一(E07)。在观察方面，作者能够有顺序地进行观察(E12)，并关注到了绿豆生长过程中的一些细节(E11)，如颜色的变化和根茎的区别。"
140424,"文章能够选取蘑菇生长过程中的具体变化作为素材，内容充实且具体(C02)，并且始终围绕“观察蘑菇”这一中心展开，选材和组织较为得当(C04)。在详略安排上，作者能够对蘑菇生长的重点部分进行详细描写，突出了观察的核心(S09)，同时对过渡性材料进行了适当的略写(S10)。全篇语句通顺，意思完整，阅读流畅(E01)，各段落也能紧密围绕主旨展开(S06)。作者展现了一定的观察能力，能够有顺序地进行观察(E12)，并关注到了具体的数据和“小小”蘑菇的生长细节(E11)。在表现形式上，运用了拟人等修辞手法增添趣味(E05)，并尝试从不同角度思考蘑菇生长的问题(C06)。文章结尾简洁利落，总结了观察感悟(S12)。然而，段落内部的句子排列逻辑性稍弱，各句与段落中心句的联系不够紧密，使得叙述显得有些散乱(S07)。在叙述过程中，前后内容的交代有时不够清晰，部分情节跳跃(S02)，且段落与段落之间缺乏必要的过渡词句，衔接不够自然(S03)，段际关系略显松散(S08)。词句表达较为口语化，生动性和优美程度一般(E02)。开头较为平淡(S11)，文章整体的思想独特性和深刻性还有提升空间(C05)。综合运用多种表达方式的能力也表现平平(E06)。"
140427,"文章以日记形式展开，能够围绕牵牛花这一中心进行持续观察，选取的材料具体且充分(C02)，并且所有观察记录都紧密服务于展现牵牛花生长变化这一主旨(C04)，使得各段落内容与文章核心主题紧密相连(S06)。作者能够从牵牛花的外形、生长过程、花开花败、结种等多个角度进行思考和取材(C06)，观察细致有序，遵循了时间顺序(E12)。在写作中，对牵牛花花瓣收缩、种子形态等重点部分的描写做到了详实生动(S09)，体现了对事物细节的有效关注(E11)，同时对日记间的过渡性内容处理得较为简略(S10)。语言表达方面，文章运用了比喻等修辞手法(E05)，使得部分词句显得恰当而生动(E02)。然而，文章在结构和思想深度上存在提升空间。首先，虽然内容前后有所交代(S02)，但段落与段落之间的逻辑关系不够紧密，更像是并列的观察片段集合，缺乏有机关联(S08)。文章的开头部分较为平实(S11)，而结尾部分对主旨的升华和收束力度不足，显得仓促(S12)。其次，文章虽然有个人思考，但对生命现象的感悟和挖掘不够深入，原创性思想有待加强(C05)。在语言层面，个别语句的连贯性和完整性有待打磨(E01)，段落内部的句子之间有时缺乏必要的过渡词句进行粘合(S03)，导致句间联系不够紧密(S07)。此外，文章主要运用记叙和描写，表达方式较为单一(E06)，在表现手法的综合运用上也可以更加丰富(E07)。"
140428,"文章选取了辣椒从种子萌发到结出果实全过程的丰富材料，内容具体且充实(C02)，并且对辣椒的形态、颜色变化等细节进行了极具耐心的观察，捕捉到了诸如“紫色细丝”、“黄色花蕊”等细微之处(E11)。全篇紧紧围绕“新朋友”辣椒的生长这一中心来组织材料(C04)，并严格按照时间顺序推进，从4月播种到8月结果，前后内容交代得非常清楚(S02)。文中巧妙地使用了“从今年4月起”、“到了六月末”等时间词句作为过渡，有效地粘合了相邻段落，使文章脉络连贯(S03)，段与段之间关系紧密(S08)。在叙述过程中，能够做到详略得当，对呵护幼苗的艰难和果实成熟的过程进行了详写(S09)，而对过渡性的生长阶段则进行了恰当的略写(S10)。语句方面，全文通顺流畅，意思表达完整(E01)，使用了“探出了头”、“如同飞一般”等生动优美的词句(E02)，并综合运用了拟人、比喻等多种修辞手法，使植物形象栩栩如生(E05)。开头点题自然恰当(S11)，结尾简洁利落并流露出对劳动成果的珍惜之情(S12)，体现了独特的感悟(C05)。此外，能多角度思考，结合视觉观察与种植体验(C06)，并遵循植物生长的规律进行了有主次、有顺序的观察(E12)。段落内部逻辑清晰，各段落与主旨(S06)、各句子与段落中心(S07)均紧密相连。虽然主要侧重于描写和记叙，但在表达方式的综合运用上仍有一定表现(E06)，同时也运用了多种表现手法来增强文章感染力(E07)。"
140429,"文章选材具体充分，详细记录了从购买到种植猫草的全过程，内容充实(C02)。叙述紧紧围绕“猫草”这一中心展开，无论是科普知识还是种植细节，都服务于文章主题(C04)。作者对种植过程这一重点部分进行了详尽描写，从浸泡种子到观察发芽、晒太阳，步骤清晰，重点突出(S09)。在描写中，作者展现了极佳的观察力，关注了种子埋入、胚芽生长等细节，且叙述过程条理分明，有主次、有顺序(E11)(E12)。结构方面，各段落内容与主旨联系紧密，段内语句逻辑连贯，没有偏题现象(S06)(S07)。语言表达上，语句通顺流畅，意思完整，没有明显的语病(E01)；用词恰当生动，如对小草生长的描述颇具生活气息(E02)。文章还综合运用了叙述、说明和抒情等多种表达方式，增强了可读性(E06)，并使用了设问等修辞手法丰富表达(E05)。不足之处在于，段落之间的过渡较为生硬，缺乏自然的粘合词句，使得文章衔接稍显突兀(S03)。开头采用了常规的设问引入，结尾则是简单的总结抒情，虽然简洁利落，但新意和独特性略显不足(S11)(S12)(C05)。此外，文章主要依循时间顺序叙述，表现手法相对单一(E07)。总体而言，这是一篇观察细致、重点突出的习作。"
140430,"这篇文章选材具体充分，以“倒挂金钟”的生长过程为核心材料，记录详实(C02)，且全篇内容紧紧围绕观察这一中心展开，无旁逸斜出之笔，组织严密(C04)。文章详略安排得当，对于花朵从花骨朵到全开的形态变化这一重点部分描写得非常细致(S09)，而对于非核心的过渡性材料则做到了简洁处理(S10)。各段落紧扣主旨，无论是初见的疑惑还是后续的观察，都与文章中心紧密相连(S06)。但在结构衔接上，虽然能交代清楚前后内容(S02)，但段落间多以时间词生硬切换，过渡词句的粘合作用稍显薄弱(S03)，且段与段之间的内在逻辑紧密度一般(S08)。在观察与描写方面，小作者展现了极佳的观察力，能够关注到花瓣层数、开放角度、花蕊数量等细微之处(E11)，并且观察顺序井然有序，既有时间推进，又有由外及里的空间层次(E12)。句段逻辑清晰，各句话都能紧密围绕段落中心展开描写(S07)。语言表达上，语句十分通顺，意思完整清晰(E01)，词句运用恰当，能生动描绘出花朵的姿态(E02)，并运用了比喻等修辞手法增强形象感(E05)。不足之处在于，文章虽然观察细致，但思想深度和独特性略显不足，仅停留在表象记录(C05)，思考角度也相对单一，主要集中在视觉形态上(C06)。开头采用了常规的叙事引入(S11)，结尾虽做到了简洁利落(S12)，但整体表现手法(E07)和表达方式(E06)较为单一，缺乏更丰富的感染力。"
140431,"文章以观察豆芽生长为主题，选材具体，能够完整记录从泡豆到发芽再到长成的全过程，材料充分翔实(C02)，并且所有观察细节都紧密围绕着豆芽生长这一中心来组织(C04)。文章结构清晰，以时间为顺序，事件的前后衔接自然清楚(S02)，段落间的逻辑关系紧密(S08)，这得益于“第二天”“又过了一天”等过渡词句的有效使用(S03)。全文重点突出，对豆芽每天的形态变化进行了细致入微的描写，做到了详写关键部分(S09)，体现了有序且细致的观察力(E12)(E11)。整体语句通顺，意思表达完整(E01)。然而，文章在思想深度与表达技巧上存在不足。首先，开篇直接点明是老师布置的作业，显得较为平淡(S11)，结尾的总结也相对模式化，全文对事件的思考停留在表面，缺乏独创性的见解或更深层的情感挖掘(C05)。其次，语言表达较为朴实，词语的运用不够生动优美(E02)，修辞手法的运用也较少(E05)。最后，文章的表达方式比较单一，基本上以记叙为主，缺少丰富的描写和抒情(E06)，表现手法的多样性也有待加强(E07)。"
140436,"文章在选材与立意层面表现突出，能够围绕“文竹”这一中心，从其名称由来，外形特征，生长习性以及象征精神等多个角度选取具体充分的材料进行表现(C02，C04，C06)，观察有序且细致(E12，E11)，语言表达流畅(E01)，词句运用较为生动(E02)，并能综合运用对比等修辞手法(E05)，尤其能通过与其他花卉的对比，提炼出文竹坚韧不拔的品格，使文章具备了一定的思想独创性(C05)，全文内容前后交代清晰，段落间的过渡也比较自然(S02，S03)。然而，文章在结构的紧密度和详略安排上存在不足，部分段落与主旨的关联以及段落内部语句的聚合度有待加强(S06，S07，S08)，对于最能体现中心思想的重点部分未能展开详写(S09)，而一些次要材料则处理得不够简略(S10)，导致表达方式略显单一(E06，E07)，此外，文章的开头过于平淡(S11)，结尾也显得有些仓促简单(S12)。"
140437,"文章选取了多肉植物的外形特征、养护过程中出现烂根以及查阅资料后改善养护方法使其茁壮成长等具体材料，内容较为充实(C02)。整体上能围绕“可爱的多肉”这一中心组织材料(C04)，结尾描写多肉长大后的形态，简洁利落(S12)。但在结构安排上存在瑕疵，开头较为平淡，吸引力不足(S11)；前后内容的交代不够清楚，例如从观察外形到出现烂根的时间跨度交代略显突兀(S02)；重点部分如养护过程中的心理变化及多肉恢复细节描写不够详细(S09)。语句基本通顺(E01)，运用了比喻修辞（如“像旋转的楼梯”）描绘多肉形态(E05)，具备一定的观察顺序(E12)。但在细节描写上还不够深入，对人物心理和事件细节的刻画略显单薄(E11)，表达方式较为单一，缺乏抒情与议论的点缀(E06)。文章思想深度和创新性一般(C05)，多角度思考不足(C06)。"
140439,"文章选取了绿萝从水培到生长的具体过程作为材料，内容充实度尚可(C02)。材料的选择能够围绕表现绿萝生命力顽强这一中心展开，组织较为有序(C04)。但在思想深度上，仅停留在对植物生长的记录和简单赞美，缺乏独特的感悟或更深层的哲理思考(C05)。虽然尝试表现主题，但视角较为单一，未能从多角度挖掘绿萝的象征意义(C06)。在结构安排上，文章按时间顺序推进，前后内容交代得比较清楚(S02)。文中使用了“三天后”“两个星期过后”等时间词，有效地粘合了相邻段落，过渡较为自然(S03)。各段落内容均紧扣绿萝生长这一主旨，联系紧密(S06)。但在句与段落中心的紧密度上略显不足，部分语句显得松散(S07)。段落之间的逻辑关系基本紧密(S08)。对于绿萝生长的重点阶段进行了较为详细的描写(S09)，但在过渡性材料的处理上略显生硬，略写技巧有待提高(S10)。开头直接叙事，略显平淡(S11)；结尾虽然试图升华，但略显仓促和套路化(S12)。语言表达方面，整体语句通顺，意思表达完整(E01)。词汇较为贫乏，缺乏生动优美的描写(E02)。修辞手法使用极少，仅见个别比喻，未能有效增强文章感染力(E05)。表达方式以记叙为主，结合了简单描写，不够丰富(E06)。表现手法较为单一(E07)。虽然关注了叶片大小、颜色等细节(E11)，且观察顺序清晰(E12)，但描写的细腻程度仍有提升空间。"
140501,"文章在内容选择与结构安排上展现了较好的基础。全文能围绕小猫的特点从外形、淘气和捕鼠等多个角度进行选材和表现(C06)，特别是玩毛线团和捕鼠的情节，材料选取较为具体充分(C02)，并能做到主次分明，重点突出(S09)(S10)。文章结构完整，开头能恰当引出对象(S11)，主体段落与文章主旨的联系紧密(S06)，体现出作者有顺序的观察能力(E12)。在行文逻辑方面，文章能够基本交代清楚前后内容(S02)，语句通顺完整(E01)。然而，在材料的组织和段落衔接上存在提升空间，段落之间的关系可以更紧密(S08)，若能增加一些过渡词句，文章的连贯性会更好(S03)，围绕中心的材料组织方式也可以进一步优化(C04)。同时，段落内部个别句子与段落中心句的联系可以更紧密(S07)，结尾的总结方式略显平淡(S12)。语言表达上，虽运用了一些修辞手法(E05)，但词句的生动性和优美性尚有不足(E02)，表达方式也较为单一(E06)。从更深层次看，文章在思想的独特性和原创性上表现一般(C05)，可以尝试挖掘更深刻的细节(E11)，并运用更多样的表现手法来塑造形象，从而提升文章的深度(E07)。"
140502,"本文的优点在于观察细致，能够选取小乌龟两次翻身的具体事件作为写作材料(C02)，并从外部动作与内心猜测两个角度来表现(C06)。文章对乌龟翻身过程的描写细致入微(E11)，观察也遵循了事件发展的先后顺序(E12)。全文叙事清晰，能交代清楚事件的来龙去脉(S02)，开头简洁利落，直奔主题(S11)，结尾也能对全文进行总结(S12)。在结构上，段落之间的关系较为紧密(S08)，对重点部分的详写和次要部分的略写处理得也比较得当(S09)(S10)，语句基本通顺完整(E01)。然而，文章在材料的组织上未能完全紧扣中心，第二次翻身的描述过于简略，削弱了主旨的深化(C04)。段落内部的句子之间以及段落与主旨之间的逻辑联系可以更紧密一些(S07)(S06)，段落间的过渡也缺少必要的词句进行勾连(S03)。语言的生动性和美感不足(E02)，修辞手法、表达方式和表现手法的运用也显得较为单一(E05)(E06)(E07)。最主要的问题在于文章的思想深度不够，仅仅停留在对趣事的记录，未能发掘出事件背后更具原创性的感悟(C05)。"
140503,"文章紧紧围绕金鱼“胆小”和“懒惰”这两个核心特点，选取了拍鱼缸无反应、喂食不慌不忙、擦鱼缸受惊逃窜等具体且充分的事例进行描写(C02，C04)。作者能够从不同角度思考，分别展示了金鱼静止时的懒态和受惊时的慌乱，视角独特且全面(C06)。虽然结尾试图将金鱼的行为归结为“戒备心”和“敏感”，体现了一定的思考，但在思想的深刻性和独创性上仍有挖掘空间(C05)。结构方面，文章层次分明，各段落与主旨紧密相连(S06)，段落之间逻辑关系稳固(S08)。作者巧妙使用了“说它懒惰吧”、“说它胆小吧”这样的过渡词句，自然地粘合了相邻段落，使得行文流畅(S03)。叙事过程中，前后内容交代清楚(S02)，段内各句紧紧围绕段落中心展开(S07)。文章详略得当，重点详写了金鱼的具体行为表现(S09)，过渡性材料处理简洁(S10)。开头直入主题(S11)，结尾简洁利落，并给出了情感上的转折与升华(S12)。语言表达上，全文语句通顺，意思完整(E01)，词句运用恰当且极具生动性(E02)。作者善于观察，观察有主次、有顺序(E12)，捕捉到了“抖动鳞片”、“夹着尾巴”等生动的人物和事件细节(E11)。文中综合使用了比喻、拟人、歇后语等多种修辞手法(E05)，如“懒妈给懒开门”、“活像一只狼狈的老鼠见到了猫”，配合多样的表现手法(E07)，使得文章读来妙趣横生。虽然表达方式主要集中在描写和记叙(E06)，但生动的笔触极大地增强了文章的可读性。"
140506,"文章选材具体充分，能够围绕观察小狗这一中心来组织材料(C02)，并能从生长数据、眼睛形态等多个角度展开思考与表现(C06)，对观察对象的细节给予了较好的关注(E11)，对重点部分也能进行详写(S09)，使得段落之间的关系较为紧密(S08)。然而，文章在结构衔接上存在提升空间，前后内容的交代(S02)与段落间的过渡(S03)可以更自然流畅，同时各段落与主旨的关联(S06)以及段内句子的聚焦(S07)也需进一步加强。文章的开头信息罗列略显平淡(S11)，结尾的总结稍显仓促(S12)，对过渡性材料的略写处理(S10)和观察的顺序安排(E12)尚有进步余地。语言表达上，语句基本通顺(E01)，词句使用大体恰当(E02)，但在修辞(E05)、表达方式(E06)及表现手法(E07)的综合运用上略显单一。最主要的是，文章的观察与思考深度不足，未能体现出独特的见解与原创性(C05)。"
140507,"文章在选材上能够选取与小狗贝贝相处的具体事例(C02)，并且能够从外貌、玩耍、管教等不同角度展开叙述(C06)，对小狗舔鞋子等行为也有一定的细节关注(E11)，观察基本有序(E12)。然而，文章最大的问题在于未能围绕一个明确的中心来组织这些材料(C04)，导致“踩脚”和“啃鞋”两个事例只是简单罗列，未能提炼出更深层的主题，使文章显得思想平淡(C05)。在结构层面，虽然各段落内容都与小狗相关(S06)，段内句子也能围绕小事展开(S07)，但段落间的逻辑关系松散(S08)，仅用“还有一次”等进行简单连接(S03)，使得事件的前后交代不够清晰连贯(S02)。文章对重点部分的描写不够充分，未能展开细节(S09)，而过渡性材料的简略处理也意义不大(S10)。开头较为平淡(S11)，结尾则完全缺失，文章戛然而止(S12)。语言表达上，基本语句是通顺的(E01)，也运用了对话这一表现手法(E07)，但整体词句平实，缺乏生动优美的修饰(E02)，修辞手法(E05)和表达方式(E06)的运用也较为单一。"
140508,"文章选取了金鱼的外形特征、静态休息、躲避捕捉以及动态捕食等具体充分的材料(C02)，这些材料均能紧密围绕“漂亮又聪明”这一中心进行组织(C04)。作者展现了极佳的观察力，不仅关注金鱼外貌和动作的细节(E11)，而且描写时有主次、有顺序(E12)，特别是在描写金鱼外形色彩和捕食瞬间时，能够详写文章的重点部分(S09)。全篇语句通顺意思完整(E01)，词句恰当生动优美(E02)，综合使用了比喻等修辞手法(E05)，使得金鱼形象跃然纸上。从结构上看，学生作文的段与段之间的关系紧密(S08)，各段落和主旨紧密相连(S06)，能够交代清楚前后内容(S02)，且能写出恰当的开头(S11)并提供简洁利落的结尾(S12)。学生能多角度思考主题并选用合适的材料来表现(C06)，各句话和段落中心句紧密相连(S07)，也能运用过渡词句粘合相邻段落(S03)。不过，文章在略写过渡性材料方面稍显薄弱(S10)，在综合使用多种表达方式(E06)和表现手法(E07)上较为常规，导致未能写出有独特性原创性或思想深刻的内容(C05)。"
140509,"文章在选材上表现突出，能够为塑造小狗团团的形象选取具体而充分的生活片段，如等待主人、擦拭爪子、撕烂书本和误跳水池等(C02)。这些材料能够围绕文章的中心展开，从听话、淘气、笨拙等多个角度来展现小狗的性格特点(C04)(C06)。文章的叙事线索清晰，能够交代清楚前后内容(S02)，各段落也都能紧扣主旨(S06)，段落内部的句子之间联系也较紧密(S07)。在语言层面，文章语句通顺，意思完整，语言功底较好(E01)，并且能够关注到人物和事件的细节，观察有主次有顺序(E11)(E12)。然而，文章在结构和表达的深度上还有提升空间，段落之间的逻辑关系不够紧密，有时只是简单并列(S08)，过渡词句的使用也略显生硬(S03)，这使得文章在思想的原创性与深刻性方面表现一般(C05)。同时，文章对重点部分的详写不够充分(S09)，开头和结尾的处理显得较为平淡(S11)(S12)。在语言表达上，词句的选择虽恰当但不够生动优美(E02)，修辞手法(E05)和表达方式(E06)的综合运用能力也有待加强。"
140510,"文章以一次喂养流浪猫的经历为题材，整体叙事完整，结构清晰，但在语言表现力和思想深度上存在提升空间。文章开篇能够制造悬念，较好地引出主体内容(S11)。在内容选择上，能够选取发现并喂养小猫这一具体事件，材料较为充分(C02)，并能围绕这一中心来组织(C04)。结构方面，文章按照时间顺序记叙，能够交代清楚事件的前后发展(S02)，段落之间关系紧密(S08)，段落内部的句子也能围绕中心句展开，例如对小猫外貌的描写都服务于其“萌”的特点(S07)。同时，文中也运用了“可是第二次”等词句来粘合不同情节，使过渡较为自然(S03)。对小猫外貌的细致刻画体现了有主次有顺序的观察能力(E12)和对细节的关注(E11)，对两次喂食过程的详略处理也基本得当(S09)(S10)。全文语句通顺，意思表达完整清晰(E01)。不足之处在于，文章在表现手法上略显单一(E07)，基本以记叙和描写为主，表达方式不够多样化(E06)。虽有“钻石般的大眼睛”这样的比喻，但对多种修辞手法的综合运用尚显不足(E05)。词语运用虽恰当，但还可以追求更生动优美的效果(E02)。结尾部分对事件进行了收束，但若能增加一些感悟则能使结尾更有余味(S12)。从立意上看，文章的想法较为朴素直接，如果能从人与动物的关系等更多角度进行思考(C06)，可以使文章思想更具独特性和深刻性(C05)。"
140511,"文章在材料选取与语言表达方面表现较好，但在结构与思想深度上存在不足。优点在于能够围绕“可爱”这一中心来选择和组织材料(C04)，选取了外形、进食等具体充分的素材(C02)，观察细致且有主次顺序(E12)，尤其能够关注到小乌龟进食时的动作和声音等细节(E11)，并对这一重点部分进行了详写(S09)。语言方面，语句通顺完整(E01)，能使用“弹簧”“津津有味”等恰当生动的词句(E02)，并综合运用了记叙、描写等表达方式(E06)及拟人等表现手法(E07)。文章的不足之处首先体现在思想深度上，虽然开头形式较好(S11)，但整体立意缺乏独特性与原创性(C05)，对主题的思考角度也较为单一(C06)。其次，结构组织有待加强，尽管使用了过渡词句(S03)，但段落间的关系不够紧密(S08)，导致前后内容的交代不够清晰(S02)，同时段落内部也存在个别句子与段落中心句联系松散的问题(S07)，结尾则显得简单仓促(S12)。此外，对过渡性材料的略写处理尚可(S10)，但在修辞手法的综合运用上种类不够丰富(E05)。"
140512,"习作能选取具体充分的材料，涵盖了猫的生理特征与具体的生活习性(C02)，并能紧紧围绕“观察猫”这一中心组织材料，主旨明确(C04)。难能可贵的是，内容不仅限于常规描写，还涉及了三花猫性别基因、助鼻嗅觉等具有独特性和深刻性的知识点(C05)，体现了作者能多角度思考主题并选用合适的材料来表现(C06)。在观察过程中，作者关注了人物和事件的细节，如猫闻气味的动作(E11)，并且叙述有主次、有顺序，逻辑清晰(E12)。在结构安排上，文章能恰当开头(S11)，并提供简洁利落的结尾(S12)。详略处理得当，能够详写小花守护领地这一重点部分(S09)，略写过渡性材料(S10)，且各段落和各句话都能与中心紧密相连(S06)(S07)。不过，前后内容的交代有时不够清晰(S02)，段落之间缺乏足够的过渡词句进行粘合(S03)，导致段与段之间的关系不够紧密(S08)。在语言表达方面，语句通顺，意思完整(E01)。但在文采修饰上略显薄弱，词句的生动优美程度一般(E02)，综合使用多种修辞手法(E05)、表达方式(E06)以及表现手法(E07)的能力还有待加强，描写较为平实。"
140513,"文章围绕“蜜蜂”这一中心，选取了采蜜动态、身体构造及精神品质等具体充分的材料(C02)，且组织严密，紧扣主题(C04)。作者展现了极佳的观察能力，不仅细致捕捉到了蜜蜂在不同花朵停留时间的差异、身体各部位的特征等细节(E11)，而且描写顺序井然有序，从动态采蜜到静态外貌，条理清晰(E12)。这种多角度的思考与选材使得文章内容丰富(C06)。在结构方面，文章前后内容交代清楚(S02)，段落与主旨联系紧密(S06)，段际关系紧凑(S08)。开头恰当地交代了背景(S11)，结尾简洁利落地升华了主题(S12)，对于过渡性材料采用了略写策略(S10)。虽然使用了过渡词句粘合段落(S03)且对重点部分进行了详写(S09)，但在语言表达上，尽管语句通顺(E01)，词句的生动优美程度(E02)以及修辞手法(E05)、表现手法(E07)的综合运用较为基础，思想立意虽正确但独特性一般(C05)。"
140515,"文章围绕“爱耍萌的仓鼠”这一中心，选取了仓鼠出窝嗅人、讨食时的委屈表情、跑跑轮时的期待眼神以及在笼子里上下楼转悠等具体生活场景作为材料，选材较为充分且紧扣主题(C02)(C04)。作者能够从与人互动、独自运动、空间活动等多个角度来表现仓鼠的特点(C06)，观察具有一定的顺序和条理性(E12)。在结构上，各段落内容均能紧密围绕主旨展开(S06)，句子与段落中心句的关联也较为紧密(S07)。文章能够略写过渡性材料(S10)，但在详写重点部分（如仓鼠跑轮时的心理活动或神态）上还可以更加细腻深入(S09)。开头直接点题，但形式较为常规(S11)；结尾过于简单匆忙，仅用一句话收束全文，略显单薄(S12)。此外，段落之间的过渡词句使用较少，粘合度不够(S03)，导致段与段之间的逻辑关系显得不够紧密(S08)，前后内容的交代虽然基本清楚，但部分指代（如“那套方案”）稍显突兀(S02)。语言表达方面，全文语句通顺，意思完整(E01)，能够使用恰当的词语描绘仓鼠动作，如“嗅一嗅”、“转来转去”等，有一定的生动性(E02)，且关注到了仓鼠鼻子、眼睛动作等细节(E11)。但在修辞手法的运用上较为匮乏，仅有简单的拟人(E05)，表达方式以平铺直叙的描写为主，缺乏变化(E06)，表现手法也相对单一(E07)，导致文章的独特性和感染力略显不足(C05)。"
140517,"文章选取了小松鼠的外形特征和进食习性作为主要内容，材料具体且充实，能够很好地支撑起“可爱”这一主题(C02)。作者紧紧围绕“可爱的小松鼠”这一中心进行选材和组织，无论是外貌描写还是生活习性的介绍，都未偏离主旨(C04)。虽然文章在独特性和思想深度上表现较为常规，属于标准的状物习作(C05)，但作者能够从静态的外形和动态的进食习惯两个角度进行思考和选材，展现了多维度的观察视角(C06)。在结构安排上，文章前后内容交代清楚，逻辑顺畅(S02)。段落之间使用了如“小松鼠吃东西时更可爱”这样的过渡句，有效地粘合了相邻段落，使文章气脉贯通(S03)。各段落的内容都紧密围绕主旨展开，没有旁逸斜出(S06)，段落内部的句子也紧扣段落中心，逻辑连贯(S07)，段与段之间关系紧密，层层递进(S08)。作者对松鼠的外形和吃食过程进行了详写，突出了文章的重点(S09)，而对过渡性材料进行了适当的略写，做到了详略得当(S10)。开头直接点题，引出下文，简明扼要(S11)；结尾总结全文表达喜爱之情，并尝试升华主题，虽然转折略显生硬，但也算简洁利落(S12)。语言表达方面，全文语句通顺，意思完整(E01)。作者运用了“小巧玲珑”、“毛茸茸”等词语，使得描写恰当且生动优美(E02)。文中综合使用了比喻（如“像扫把一样长尾巴”）和拟人等修辞手法，增强了语言的感染力(E05)。虽然在表达方式上主要侧重于描写和说明，综合运用多种表达方式的能力还有提升空间(E06)，但能结合动静描写等表现手法，表现力尚可(E07)。特别值得肯定的是，作者非常关注细节，如松鼠“用四根手指捧着食物”的动作描写十分传神(E11)，并且观察具有明确的顺序，从整体到局部，从外表到习性，条理清晰(E12)。"
140518,"文章选取了鹦鹉的外形特征以及吃瓜子、解扣、学说话等具体生活习性作为素材，内容充实，能够支撑起“可爱”这一主题(C02)。在材料组织上，文章虽大致围绕中心展开，但部分细节如“尾羽粘屎”虽真实却略损美感，筛选还需更严谨(C04)。作者观察到了鹦鹉“解扣”这一独特细节，体现了素材的原创性和独特性(C05)，并能从外貌到习性多角度表现主题(C06)。结构上，文章前后内容交代清楚(S02)，使用了“不但……还……”这样的过渡句较好地粘合了描写外形与习性的段落(S03)，各段落与主旨联系较为紧密(S06)。但在段落内部，尤其是外形描写部分，句子间的逻辑联系稍显松散，跳跃感较强(S07)，段落间的紧密程度也有待提升(S08)。值得肯定的是，文章对鹦鹉“解扣”这一重点情节进行了详写，画面感强(S09)，对非重点内容如兔子吃瓜子皮做到了略写(S10)。开头直抒胸臆，简洁恰当(S11)，但结尾略显仓促单薄(S12)。语言表达方面，语句通顺流畅(E01)，使用了“亮晶晶”、“弯弯”等叠词，语言生动(E02)。文中运用了比喻和拟人的修辞手法，增强了趣味性(E05)。表达方式以记叙和描写为主，相对单一(E06)，表现手法较为常规(E07)。作者善于捕捉人物和事件的细节，如解扣的动作(E11)，并且观察有主次、有顺序(E12)。"
140520,"文章能够围绕“贪吃”的中心选择和组织材料(C04)，通过对鹦鹉鱼抢食细节的描写，展现了独特的观察视角与思考(C05)，并能从外形、抢食等多个角度选用材料来表现主题(C06)。文章结构方面，开篇设问导入和结尾点题总结都完成得比较出色(S11，S12)，对抢食这一重点部分进行了详写，主次分明(S09)。但在篇章的内部衔接上存在提升空间，段落之间虽然关系紧密(S08)，但前后内容的交代与过渡词句的运用略显生硬(S02，S03)，尤其是在段落内部，个别句子与段落中心句的联系不够紧密，影响了表意的集中性(S07)。语言表达层面，语句基本通顺(E01)，也注意到了对动作和事件细节的观察与描写(E11)，但词句的生动性和优美性有待加强(E02)，修辞手法、表达方式和表现手法的综合运用也较为单一(E05，E06，E07)。"
140523,"文章围绕“逗螃蟹”这一核心事件，选取了具体充分的材料来展现互动过程(C02)，这些材料能够服务于文章的中心(C04)，并且对螃蟹的眼睛、钳子等反应进行了细致的观察与记录(E11)，观察过程也基本做到了主次有序(E12)。结构上，文章对“逗螃蟹”这一重点环节进行了详写，内容突出(S09)，各段落与主旨的联系也较为紧密(S06)，并能使用“于是”这样的词语进行段落间的衔接(S03)。语言表达通顺，意思完整(E01)。然而，文章在深度和结构完整性上存在不足，例如从“逗”到“养”的转折略显仓促，影响了前后内容的清晰交代(S02)和段落间的紧密关系(S08)，对过渡性材料的处理不够简练(S10)；同时，第三自然段内部的句子虽然都与主题相关，但组织较为松散，未能紧密围绕一个中心句展开(S07)。文章的开头和结尾写法中规中矩，尚可提升(S11，S12)。从立意上看，文章停留在对事件的记叙，未能发掘更深刻或独特的思想(C05)，多角度思考的意识也有待加强(C06)。语言方面，词句的运用虽恰当但不够生动优美(E02)，修辞手法(E05)、表达方式(E06)和表现手法(E07)的综合运用能力需要进一步提高。"
140524,"文章选取了蜗牛的外形、进食、玩耍及排泄等具体生活细节作为材料，内容充实，能够支撑起对观察对象的描写(C02)；全篇紧紧围绕“蜗牛和它的房子”以及作者情感变化这一中心进行组织，主旨明确(C04)。虽然题材属于常见的观察日记，思想深度和独创性尚有提升空间(C05)，但作者能够从外形、习性、互动等角度进行观察，体现了一定的思考维度(C06)。在结构上，文章按照时间顺序交代了观察过程，基本清楚(S02)，但在段落和句子的衔接上，过渡词句的使用略显生硬，不够流畅(S03)。各段落均紧扣观察蜗牛这一主旨(S06)，不过第二段涵盖内容较杂，缺乏明确中心句统领，导致句间关系略显松散(S07)，段落间的逻辑紧密度也一般(S08)。值得肯定的是，作者详写了蜗牛进食、叠罗汉玩耍等重点内容(S09)，略写了时间过渡(S10)，详略处理得当。开头采用设问形式引出话题，生动有趣(S11)；结尾直抒胸臆，简洁利落(S12)。语言方面，语句通顺流畅，意思表达完整(E01)，词句虽朴实但富有童趣，如“拉大号”等表述生动(E02)。文章运用了设问、拟人等修辞手法，增强了趣味性(E05)，并结合了记叙、描写与抒情等表达方式(E06)，尽管表现手法相对单一(E07)，但胜在真实自然。特别出色的是，作者对蜗牛吃嫩芽、背小蜗牛、排泄物形状等细节关注极高(E11)，且观察顺序清晰，主次分明(E12)，展现了优秀的观察力。"
140527,"文章选取了孔雀鱼的外形特征、对不同频段音乐的反应以及触觉测试等具体实验过程作为素材，材料充实且具有生活气息(C02)。全文始终围绕观察小鱼这一中心展开，无论是外观描写还是感官测试，都服务于观察日记的主题(C04)。在观察顺序上，学生能够按照日期推进，并在描写外形时遵循了从头到尾的空间顺序，条理清晰(E12)。对于小鱼在听到不同音乐时的具体动作细节，如“摇摆尾巴”、“贴着墙”等描写得十分细腻，体现了敏锐的观察力(E11)。详略处理得当，重点描写了实验过程和发现(S09)，对非关键过程进行了略写(S10)。然而，文章在语言表达上存在明显短板，部分语句逻辑不通，如“看不见的花纹”、“胃有对细小的鱼鳍”以及“鱼们一开始就唱着音乐”等表述存在语病，影响了意思的完整表达(E01)。虽然使用了“载歌载舞”等生动词汇(E02)和拟人修辞(E05)，但段落之间缺乏有效的过渡词句进行粘合(S03)，段与段之间的逻辑紧密度一般(S08)。开头直接入题(S11)，结尾引用资料进行总结(S12)，结构尚算完整，但立意较为常规，缺乏深刻的独创性思考(C05)。总体而言，这是一篇观察细致但语言表达有待规范的习作。"
140528,"这篇作文选取了黑蜗牛这一具体对象，材料充实且极具生活气息(C02)，并能围绕“讨厌”到“喜爱”的情感变化这一中心精心组织材料(C04)。作者展现了极佳的观察力，能多角度思考，从静态外貌到动态习性再到精神品质，选材恰当(C06)。特别是在描写蜗牛外形时，有主次、有顺序地进行了观察(E12)，对触角、嘴巴大小、壳的花纹等细节捕捉得非常精准(E11)。文章开头先抑后扬，设置悬念，切入恰当(S11)，结尾通过反问升华主题，简洁利落(S12)。行文中，能够用过渡词句自然粘合相邻段落，起承转合流畅(S03)，且各段落与主旨紧密相连(S06)，段际关系紧密(S08)。作者处理详略得当，详写了外貌和爬坡实验等重点部分(S09)，略写了背景交代等过渡性材料(S10)，前后内容交代清楚(S02)。语言方面，词句生动优美，运用了“橡皮渣”、“句号”等新颖的比喻(E02)，综合使用了比喻、拟人、反问等多种修辞手法(E05)，语句通顺流畅(E01)。同时，综合运用了记叙、描写、议论等表达方式(E06)和欲扬先抑等表现手法(E07)。整篇文章不仅观察细致，更能从中感悟出深刻的人生哲理，体现了思想的独特性(C05)。"
140529,"文章的核心优点在于对螃蟹的细致观察与生动描摹，能够关注到螃蟹外形与习性的诸多细节(E11)，并按照从整体到局部，从外形到习性的顺序进行有序观察(E12)，为文章的描写部分选取了具体且充分的材料(C02)，语言表达流畅，语句通顺完整(E01)，词语运用恰当生动，例如“盔甲”“小珠子”等词语的使用富有表现力(E02)，能够综合运用记叙与描写等多种表达方式(E06)，同时也能运用比喻等修辞手法增强文章的生动性(E05)，开头部分也能较好地交代观察螃蟹的缘由(S11)。然而，文章在结构组织与思想深度上存在明显不足，开篇关于出游过程的记叙属于过渡性材料，但描写过细，不够简略(S10)，导致文章的材料并非完全围绕“观察螃蟹”这一中心来组织(C04)，段落与主旨的关联性因此被削弱(S06)，段落之间的关系也显得不够紧密(S08)，前后内容的衔接交代不够清晰(S02)，自然段之间的过渡也略显生硬(S03)，这使得文章重点部分的详写也未能充分展开(S09)。此外，文章的思考停留在对事物表象的简单罗列，未能从多个角度展开思考(C06)，缺乏独到的见解与深刻的思想(C05)，结尾部分也只是对前文内容的简单重复，显得仓促乏力，未能起到深化主旨或引人回味的作用(S12)。"
140530,"本文的优点在于语言基础扎实，语句通顺完整(E01)，用词也较为恰当生动(E02)，能够有主次有顺序地观察事物(E12)，并关注到小狗外貌的细节(E11)，开篇能直接切入主题进行描绘(S11)，为文章提供了具体充分的材料(C02)。主要问题在于详略安排与材料组织，文章未能紧密围绕中心“邻居家的小狗”来组织材料(C04)，例如第三段花费大量笔墨描写其他宠物，属于对次要材料略写处理不当(S10)，导致该段落与主旨的关联度降低(S06)，也使得文章内容的前后衔接交代得不够清楚(S02)，虽然能够使用一些过渡词句(S03)，但段落间的关系仍显松散(S08)。同时，文章对重点部分的详写处理不够充分(S09)，结尾只是简单重复观点，略显仓促(S12)。在思想内容和表达技巧层面，文章能够从不同角度进行观察(C06)，但思考的独创性与深刻性不足(C05)，也未能综合运用多种修辞手法(E05)、表达方式(E06)或表现手法(E07)来提升文章的文学性。"
140536,"这篇观察日记内容充实，小作者能从蚕宝宝孵化、进食、蜕皮、外形特征到最终吐丝结茧的全过程进行记录，选取的材料具体且充分，展现了完整的生长周期(C02)。文章紧紧围绕“观察蚕宝宝”这一中心进行材料的组织与编排，主旨明确(C04)。虽然观察日记的题材较为常见，但文中融入了作者真实的触摸体验与情感流露，具有一定的独特性(C05)。难能可贵的是，作者不仅观察了蚕的进食与结茧行为，还细致描摹了其外形特征及手感，体现了多角度的观察与思考(C06)。在结构上，文章按照时间顺序推进，从“春天到了”到“一天天长大”再到“快一个月了”，前后内容交代得非常清楚(S02)。段落之间利用时间词作为过渡，有效地粘合了相邻段落，使文章脉络清晰(S03)。虽然各段落大体围绕观察主题，但最后一段从生活习性突然跳跃到奉献精神的赞美，与前文的衔接略显生硬，段落与主旨的紧密度有待加强(S06)。不过，段落内部的句子排列逻辑性强，紧紧围绕段落中心展开(S07)，段与段之间的逻辑关系也较为紧密(S08)。在详略安排上，文章对各个阶段的描述笔墨较为平均，重点部分如吐丝结茧的细节描写不够突出(S09)，过渡性材料的处理也显得不够简练(S10)。开头直接切入主题，虽不惊艳但算恰当(S11)；结尾引用诗句升华主题，简洁有力(S12)。语言表达方面，全文语句通顺流畅，意思完整(E01)。词语运用生动形象，如“酒足饭饱”、“滑滑的”、“闪闪发光”等，极富画面感(E02)。文中灵活运用了拟人、比喻等修辞手法，如将茧称为“小家”，增强了文章的感染力(E05)。作者综合运用了记叙、描写和抒情等多种表达方式(E06)，但在表现手法的多样性上还有提升空间(E07)。最值得称赞的是，作者非常关注细节，如蚕头上的“小黑点”、茧的形状等(E11)，并且观察顺序井然有序，主次分明(E12)。"
140537,"文章围绕“我的小白兔”这一中心选择和组织材料(C04)，选取了小白兔从小到大的外貌变化、食量增长以及一次放风玩耍的具体材料，内容较为充实(C02)。在叙述过程中，能够关注到兔子“伸伸胳膊伸伸腿”、“缩成一团”等动作和神态细节(E11)，体现了有主次有顺序的观察(E12)，并尝试从外貌、习性、事件等多角度思考主题并选用材料(C06)。文章能够用“日复一日”、“有一次”等过渡词句粘合相邻段落(S03)，各段落也能和主旨紧密相连(S06)，前后内容交代基本清楚(S02)。然而，文章在结构布局上仍有提升空间，段与段之间的逻辑关系不够紧密(S08)，各句话与段落中心句的联系也略显松散(S07)。叙事时对重点部分的详写力度不足(S09)，过渡性材料的略写处理也较为生硬(S10)，导致部分内容呈现流水账式的记录。在语言表达方面，虽然语句通顺意思完整(E01)，但词句不够生动优美(E02)，综合使用多种修辞手法(E05)、表达方式(E06)以及表现手法(E07)的能力较弱，描写较为平铺直叙。开头(S11)和结尾(S12)虽然简洁但也较为常规，整体作文缺乏独特性和原创性(C05)。"
140539,"文章选取了“夜行大侠”、“食草仙人”、“钟”以及“整理被褥”等具体且生动的生活事例，充分展现了小狗团团的淘气与可爱，材料选取具体充分(C02)。全文始终紧紧围绕小狗“搞笑”和“可爱”这一中心进行选材和组织，主旨鲜明(C04)。作者观察视角独特，如将小狗毛色比作“白衬衫”和“燕尾服”，以及对摇尾巴“度数”的描写，体现了较强的独特性和原创性(C05)。虽然尝试从外形、习性、互动等多个角度表现主题，但在思考的广度上还有提升空间(C06)。结构方面，开头直接引出主角，切入恰当(S11)，结尾直抒胸臆，简洁利落(S12)。各段落内容均紧扣文章主旨(S06)，尤其是段落内部的句子之间逻辑紧密，中心突出(S07)。文章前后内容交代清楚(S02)，段与段之间关系较为紧密(S08)，但在段落间的过渡上多使用“它还是”、“而且”等简单连接，粘合度尚可但不够自然(S03)。叙事详略安排上，对重点部分如“摇尾巴”虽有描写，但详写程度一般(S09)，过渡性材料的略写处理也较为常规(S10)。语言表达上，语句通顺流畅，意思完整(E01)，词句运用生动优美，如“黑葡萄似的眼睛”、“风中的大菊花”等比喻形象贴切(E02)。作者能够关注到小狗吃草、整理被褥等细节(E11)，并进行了一定顺序的观察(E12)。不过，在综合运用多种修辞手法(E05)、多种表达方式(E06)以及表现手法(E07)方面略显单一，主要依赖叙述和简单的描写，若能增加更多样的表达技巧，文章会更具感染力。"
140601,"文章在选材与组织上展现了清晰的思路，能够围绕文章中心来选择和组织材料(C04)，并能从学习和购物两个不同角度选取具体且充分的事例来表现人物性格(C02，C06)。这使得各段落和主旨紧密相连(S06)，段与段之间的关系也较为紧密(S08)，同时能利用过渡词句粘合相邻段落(S03)，对文章的重点部分也能做到详写(S09)。然而，文章在表达的丰富性和思想的深刻性上存在不足。首先，文章的开头较为平淡(S11)，结尾虽简洁利落但深度有限(S12)，前后内容的交代有时不够清晰(S02)，过渡性材料的处理也显得简略(S10)，段落内各句话和段落中心句的联系可以更紧密(S07)。其次，在语言表达层面，文章语句基本通顺完整(E01)，但词句的生动优美性不足(E02)，对人物事件细节有所关注但不够突出(E11)，观察也缺乏主次和顺序感(E12)。这与表达方式单一有很大关系，文章基本以叙述为主，未能综合使用多种表达方式(E06)，修辞手法(E05)和表现手法(E07)的运用也较为有限。最终，这些问题共同导致了文章在思想上未能写出独特性与原创性，深度有所欠缺(C05)。"
140602,"文章选取了爬山时的欢笑、数学课的洪亮声音、奥数课的专心致志以及乐团问好等多个具体事例，材料选取非常充实，能够支撑起人物形象(C02)。作者能够从生活娱乐、学科学习、待人接物等多个角度来观察和表现人物，视野较为开阔(C06)，且观察顺序清晰，主次分明(E12)。不过，文章题目为“乐乐修”，前半部分紧扣“乐”字，后半部分转而写其严谨认真，虽然展现了人物多面性，但在围绕核心主题组织材料方面稍显松散，中心不够聚焦(C04)。题材属于常见的写人作文，立意较为常规，缺乏独特的思想深度或原创性视角(C05)。在结构上，文章使用了“当然”等过渡词句尝试粘合不同性格侧面的描写，起到了一定的衔接作用(S03)。对于重点部分如爬山和上课的情景进行了较为详细的描写(S09)，过渡性材料处理得当，做到了略写(S10)。结尾总结全文，表达敬佩之情，简洁利落(S12)。但是，从“乐哈哈”的性格直接转折到“一丝不苟”的学习态度，前后内容的交代略显突兀，缺乏自然的铺垫(S02)。各段落与主旨的联系紧密度一般，尤其是第二段内部跨度较大(S06)，段与段之间的逻辑关系也较为松散，紧密度有待加强(S08)。开头采用传统的外貌描写法，较为中规中矩(S11)。段落内部的句子与中心句联系尚可(S07)。语言表达方面，语句基本通顺，意思表达完整(E01)。综合运用了叙述和描写等多种表达方式(E06)，并尝试使用了正面描写与侧面烘托相结合的表现手法(E07)。但在词句的生动优美程度上还有提升空间，语言较为口语化(E02)。修辞手法的运用相对单一，不够丰富(E05)。虽然关注了人物和事件，但细节描写还不够细腻深入，如外貌描写略显套路化(E11)。"
140603,"这是一篇生动的人物描写作文，作者通过选取“被窝看书”、“家中书多如摊”、“吃饭讨论情节”、“生日聚会只顾看书”以及“读书的回报”等具体充分的材料(C02)，紧紧围绕“爱书”这一中心来组织文章(C04)。作者能够从生活习惯、家庭环境、社交场景等多个角度思考主题(C06)，并有主次、有顺序地观察人物表现(E12)，特别关注了人物的动作、神态等细节(E11)，使得人物形象鲜活。虽然立意较为常规，但在人物塑造上体现了一定的独特性(C05)。在结构安排上，文章开头以对比手法引出人物，入题恰当(S11)，结尾点明身份与外号，简洁利落(S12)。叙事条理清晰，能够交代清楚前后内容(S02)，并运用“再说说”、“总之”等过渡词句有效粘合相邻段落(S03)，使得段与段之间关系紧密(S08)。各段落均与主旨紧密相连(S06)，段落内部各句话也紧密围绕段落中心展开(S07)。在叙事节奏上，作者能够详写看书入迷的重点部分(S09)，并略写背景等过渡性材料(S10)，详略得当。在语言表达方面，全文语句通顺，意思完整(E01)，带有浓郁的口语风格，词句恰当且生动(E02)。作者综合使用了叙述、描写、议论等多种表达方式(E06)，并灵活运用了侧面描写、正面描写等多种表现手法(E07)来刻画人物。虽然综合使用多种修辞手法的意识稍弱(E05)，但整体语言富有感染力。"
140606,"文章选取了爸爸早起遛狗改掉赖床习惯、吃饭时忍不住给狗喂食这两个具体事例，材料选取具体且较为充分(C02)。这些材料紧紧围绕“爱狗方”这一中心进行组织，突出了爸爸对狗的喜爱，中心明确(C04)。虽然文章捕捉到了生活趣事，但立意相对常规，主要停留在叙述生活表象，缺乏独特的思想深度或原创性视角(C05)。学生试图从生活习惯改变和日常互动两个角度来表现主题，选材尚算合适(C06)。在结构上，文章基本交代清楚了爸爸养狗前后的变化，前后内容有一定联系(S02)。段落间的过渡略显生硬，例如第一段末尾转折较快，过渡词句的使用可以更自然(S03)。各段落基本围绕“爱狗”这一主旨展开，联系较为紧密(S06)。句与句之间的逻辑关系尚可，能围绕段落中心展开(S07)。段与段之间关系较为紧密，逻辑顺畅(S08)。对于重点部分如“早起遛狗”和“喂食”描写得相对详细(S09)。但在过渡性材料的处理上略显啰嗦，比如第一段括号内的解释性文字显得有些累赘，未能很好地进行略写处理(S10)。开头直接介绍人物特点，切入主题较快(S11)。结尾总结了“爱狗方”的称号，简洁利落，但收束稍显仓促(S12)。在语言表达方面，整体语句基本通顺，但存在标点错误和语病（如结尾句），意思表达尚算完整(E01)。词句比较朴实，偶有生动之处（如“眼睛里发出的光芒”），但整体文采一般(E02)。修辞手法使用较少(E05)。表达方式以记叙为主，结合了简单的描写和议论(E06)。表现手法上，运用了对比（养狗前后的变化），有一定效果(E07)。关注到了人物行为细节，但细节描写还不够深入细腻(E11)。观察具有一定的顺序，从早起习惯到吃饭场景，次序较为清晰(E12)。"
140607,"文章在选材上展现了较好的能力，能够围绕“医姥”这一核心形象选取其捏面人、画画、剪纸等具体且充分的材料来表现人物心灵手巧的特点(C02)，这些材料也基本能够服务于文章的中心(C04)。文章的构思有一定独创性，为姥姥起“医姥”这个绰号并以此展开叙述，体现了独特的思考视角(C05)，并能从修补东西、捏面人、画画等多个角度来表现主题(C06)。文章开头能够交代清楚“医姥”绰号的由来(S11)，结尾也较为简洁(S12)。但在文章结构与详略处理上存在不足，段落之间主要依靠简单的罗列连接，缺乏紧密的逻辑关系和必要的过渡(S08)，使得段落间的衔接不够自然(S03)，各段落与主旨的关联也因此显得松散(S06)。同时，文章对于姥姥各项技艺的描写停留在介绍层面，未能选取一两个重点进行详细描绘，导致重点不够突出(S09)，也未能展现出对人物事件的细节观察(E11)。语言表达方面，语句基本通顺(E01)，但词语运用较为平实，不够生动优美(E02)，修辞手法(E05)和表达方式(E06)的运用也比较单一。"
140608,"文章紧紧围绕“型男”这一中心，选取了父亲的身高体重数据、具体的肌肉形态以及几十年如一日的健身习惯等素材，材料选取非常具体且充分(C02)，并能有效地围绕中心进行组织(C04)。虽然在思想深度和题材的独特性上表现尚可(C05)，但在选材角度上能够从外形特征和生活习惯两个方面来表现主题(C06)。文章结构完整，开头开门见山点出外号由来(S11)，结尾简洁利落，与开头形成呼应(S12)，前后内容交代得比较清楚(S02)。段落与主旨紧密相连(S06)，段落之间关系紧凑(S08)，并能使用适当的过渡词句粘合相邻段落(S03)，但在句与句之间紧扣段落中心方面还有提升空间(S07)。在详略安排上，能够详写父亲的外貌特征和具体的健身数据等重点部分(S09)，对过渡性材料进行了略写处理(S10)。语言表达方面，语句非常通顺，意思完整清晰(E01)，词句运用恰当(E02)，能够综合使用记叙和描写等表达方式(E06)，但在修辞手法(E05)和表现手法(E07)的多样性上相对基础。作者观察人物有主次、有顺序(E12)，对外貌的描写从整体轮廓到局部肌肉，条理分明，同时关注到了人物和事件的细节(E11)，使人物形象颇为生动。"
140609,"文章能够围绕中心选择和组织材料(C04)，并为塑造人物选取了具体充分的材料(C02)。从结构上看，文章能够交代清楚前后内容(S02)，各段落和主旨的关联较为紧密(S06)，段落之间的关系也很紧密(S08)，段落内部的句子也能围绕中心句展开(S07)，并且能够略写过渡性材料(S10)。开篇能够恰当引出人物(S11)，学生也能多角度思考主题并选用合适的材料来表现(C06)，观察事物时体现出了一定的主次顺序(E12)。但在一些方面还存在提升空间，首先，文章在思想的独特性与深刻性上表现一般(C05)，对重点部分的详写不够充分(S09)，对人物和事件细节的关注度有待加强(E11)。其次，在语言表达层面，虽然语句基本通顺且意思完整(E01)，但词句的恰当性、生动性有待提升(E02)，综合运用多种修辞手法(E05)和多种表达方式(E06)的能力也较弱，不过已经体现出使用多种表现手法的意识(E07)。最后，文章在段落衔接上对过渡词句的运用略显生硬(S03)，结尾的处理也显得不够简洁有力(S12)。"
140610,"文章选取了挖掘机投篮这一具体且新颖的素材(C02)，紧紧围绕“神投手”这一中心展开叙述(C04)，虽然在立意深度和多角度思考方面表现一般(C05)(C06)，但题材本身具有吸引力。结构上，开头巧用姚明与挖掘机的对比设置悬念，引人入胜(S11)，结尾简洁有力地揭示了成功背后的原因(S12)；行文详略得当，重点详写了挑战过程中的波折与成功(S09)，略写了过渡性材料(S10)，段落间过渡较为自然(S03)，虽在段落内部逻辑紧密性和整体连贯性上表现尚可(S02)(S06)(S07)(S08)，但整体结构完整。语言表达方面，全篇语句通顺流畅(E01)，词句运用生动恰当(E02)，修辞手法运用较为自然(E05)；作者观察细致有序(E12)，特别是对人物和机器动作的细节捕捉非常到位，如“吐了一口气”、“甩了两三下”等(E11)，尽管表达方式和表现手法相对常规(E06)(E07)，但仍生动展现了现场的紧张氛围。"
140611,"文章选取了“抢书看”、“半天看完书”等具体事例来表现程思元爱看书的特点，材料较为具体充分(C02)。文章中心是写朋友程思元是“小书虫”，选材基本围绕这一中心，但在外貌描写部分与“书虫”关联度不大，略显游离，总体尚可(C04)。文章立意较为普通，属于常见的写同学题材，思想深度一般，原创性体现在具体的人物观察上，但整体构思较为常规(C05)。文章主要从外貌和一件具体事例（借书）来表现，角度相对单一，缺乏更多维度的刻画，但所选材料尚能支撑主题(C06)。文章叙事条理清晰，从介绍人物到具体事例再到总结，前后内容交代得比较清楚(S02)。段落间过渡较为自然，如“一天”引出事例，“程思元就是个特别爱看书的人”进行总结，基本能粘合段落(S03)。第一段外貌描写与主旨“小书虫”联系不够紧密，后几段紧扣主旨，整体连接度尚可(S06)。段落内部句子基本围绕段意展开，但第一段描写外貌时略显琐碎，部分句子与人物性格特征关联不强(S07)。段落排列符合逻辑顺序，先介绍人物，再写事例，最后总结升华，结构较为紧凑(S08)。文章重点详写了“抢书看”的过程，突出了人物爱书的特点，详略处理得当(S09)。对于非重点内容没有过多赘述，略写处理较好(S10)。开头采用猜谜语式的人物外貌描写，生动有趣，能吸引读者兴趣，较为恰当(S11)。结尾总结了人物关系和愿望，简洁明了，但略显套路化(S12)。全文语句基本通顺，意思表达完整，没有明显的病句，阅读流畅(E01)。词汇量一般，有个别生动词语如“侃侃而谈”、“卖萌”，但整体语言较为朴实，文学色彩不够浓厚(E02)。修辞手法使用较少，仅有比喻，缺乏排比、拟人等其他修辞手法的运用(E05)。主要运用记叙和描写，议论和抒情较为简单，表达方式较为单一(E06)。表现手法较为平铺直叙，缺乏对比、衬托等手法的运用，使得人物形象不够立体(E07)。对外貌和动作有较好的细节捕捉，体现了观察力(E11)。观察有一定顺序，主次分明，但外貌描写部分顺序略显杂乱(E12)。"
140612,"文章开篇得当(S11)，结尾简洁利落(S12)，奠定了良好的结构基础，整体语句通顺，意思表达完整(E01)。在段落内部，各句话能够紧密围绕段落中心句展开，逻辑较为清晰(S07)。从内容上看，文章能够围绕中心选择并组织材料(C04)，做到了主次分明地进行观察(E12)，并关注到了人物与事件的细节(E11)，同时对重点部分能详写，对过渡部分能略写，处理得当(S09)(S10)。然而，文章在材料的选取上虽具体但还可以更充分一些(C02)，思想的独创性与深刻性有待挖掘(C05)，从多角度思考主题的能力也需要进一步提升(C06)。在篇章结构层面，尽管前后内容交代基本清楚(S02)，段落间关系也较为紧密(S08)，也运用了过渡词句(S03)，但部分段落和文章主旨的关联度不够高，略显松散(S06)。语言表达方面，词句使用基本恰当，但在生动优美上有所欠缺(E02)，修辞手法的运用较少(E05)，多种表达方式与表现手法的综合运用能力也有待加强(E06)(E07)。"
140613,"文章能够围绕中心选择并组织材料，塑造了一个个性鲜明的人物形象(C05)，通过记叙外公钓鱼的日常与意外事件，较好地服务了执着这一中心(C04)，整体叙事顺序清晰，观察有主次(E12)，开头部分能恰当引入人物(S11)，主体段落也与主旨紧密相连(S06)，在叙事中能够分清主次，对核心事件进行了详写(S09)，对铺垫性内容则进行了略写(S10)，使得文章脉络清晰，前后内容交代清楚(S02)，语句也基本通顺完整(E01)。然而，文章在材料的选取上还不够充分，仅用一个事例来支撑全文显得有些单薄(C02)，同时思考主题的角度也较为单一，未能进行多角度的挖掘(C06)。在结构上，段落之间的关系虽然存在(S08)，但衔接过渡不够自然流畅(S03)，结尾的议论部分略显仓促(S12)，部分段落内部的句子之间联系不够紧密(S07)。语言表达是本文的主要弱项，词句的运用较为平实，不够恰当生动(E02)，表达方式(E06)和修辞手法(E05)都显得比较单一，主要以记叙为主，缺乏细节描写的表现力(E11)和多样的表现手法(E07)。"
140615,"文章的优点在于能够围绕中心人物进行选材(C04)，并且选取的材料具体、充分，例如通过罗列航模的具体型号和描述零件大小来突出人物的爱好(C02)，观察也体现出一定的主次顺序(E12)。文章的开头设计较为恰当(S11)，基本做到了语句通顺，意思完整(E01)，各段落也都能和主旨形成关联(S06)。然而，文章在结构的连贯性和细节的深入性方面有待加强。段落之间的关系不够紧密(S08)，前后内容的交代与衔接可以更自然(S02)，目前缺少有效的过渡词句(S03)，使得文章层次感不足。同时，对于文章的重点部分未能进行详写(S09)，比如对比赛过程或人物痴迷状态的刻画不够深入，细节描写有待加强(E11)，这导致结尾显得较为仓促简单(S12)。更重要的是，文章在思想深度与表达技巧上存在明显短板。内容基本上停留在对事实的陈述，缺乏独特的见解或深刻的思考(C05)，也未能从多角度展开论述(C06)。语言表达虽然清晰但不够生动优美(E02)，并且全文几乎没有运用修辞手法(E05)、多样的表达方式(E06)或表现手法(E07)，使得文章的文学色彩较弱。"
140617,"文章在内容选择上展现了较好的基础，能够围绕人物核心事迹选取具体且充分的材料，如“一抓准”“一口清”的技能细节和“接一问二联系三”的工作方法都得到了清晰呈现(C02)，并且能够关注到人物的细节，如个人卫生习惯，体现出有主次有顺序的观察力(E11，E12)。文章在详略处理上也比较得当，对核心技能进行了详写，对背景信息则进行了略写(S09，S10)。整体来看，材料的组织能够围绕中心展开(C04)，并从技能、方法、精神等多个角度来表现人物(C06)，前后内容的交代也比较清楚(S02)，句与句之间联系也较为紧密(S07)。然而，文章在思想深度上可以进一步挖掘，目前对人物精神的提炼尚不够独特深刻(C05)。结构方面存在明显短板，全文一段到底，导致段落间的过渡(S03)与关系连接(S08)无从体现，同时文章的开头方式略显平淡(S11)，结尾虽然简洁但稍显仓促(S12)。语言表达上，语句基本通顺完整(E01)，词语运用也还算恰当(E02)，并能结合叙述与描写等表达方式(E06)，但修辞手法(E05)和表现手法(E07)的运用较少，影响了语言的生动性和表现力。"
140618,"文章选取了陈老师在课堂上讲笑话这一具体事例，材料尚算充实(C02)，也能围绕“搞笑”这一中心进行组织(C04)。但在立意上较为浅显，仅停留在记录趣事层面，缺乏深刻的独特性(C05)，且仅凭一个笑话来表现人物，角度较为单一(C06)。结构上，文章前后内容交代清楚(S02)，使用了简单的过渡词句连接段落(S03)。但中间段落大篇幅复述笑话，导致该段落与刻画人物形象的主旨紧密度不足(S06)，句段间的中心凝聚力也因此减弱(S07)。段落间的逻辑关系虽存在(S08)，但重点安排失当，详写了笑话内容而非老师的表现(S09)，对于上课枯燥等过渡情节的略写处理较为粗糙(S10)。开头直入主题，较为恰当(S11)，结尾简洁，但升华略显生硬(S12)。语言方面，整体语句通顺(E01)，词句表达中规中矩(E02)。修辞手法(E05)和表达方式(E06)较为单一，缺乏丰富的表现手法(E07)。虽然注意到了笑话情节的细节，但对人物本身的细节刻画不足(E11)，观察顺序基本符合逻辑(E12)。"
140623,"文章在选材上表现突出，能够选取姥爷为百人婚宴掌勺和制作臊子面这两个具体且充分的材料来表现中心(C02)，并且能从姥爷的工程师身份与厨艺特长、过去的大场面与当下的具体菜品等不同侧面来组织材料，体现了多角度思考的能力(C06)。全文各段落基本能够与“大厨姥爷”这一主旨保持紧密联系(S06)，尤其在描写臊子面制作时，能够关注到油、醋、配料用量的细节(E11)，并体现出主次有序的观察(E12)。文章的语言基础扎实，语句表达通顺，意思完整清晰(E01)。然而，在结构和表达的精细度上存在不足。虽然材料能够围绕中心，但组织上还可以优化，使之服务中心的作用更明确(C04)。文章的详略处理有待提升，对臊子面的制作有详写的意识(S09)，但对一些过渡性或背景性材料的处理不够简洁(S10)。段落之间的关系基本成立(S08)，开头也能较好地引入主题(S11)，但前后内容的交代不够清晰连贯(S02)，且缺少必要的过渡词句来粘合相邻段落(S03)。在段落内部，句与句的联系也较为松散，例如描写调料的部分只是简单罗列，未能紧密围绕段落中心句展开(S07)。结尾部分则显得较为仓促，收束平淡(S12)。从思想内容上看，文章停留在对现象的记录，缺乏更深刻或具有原创性的思考(C05)。语言方面，词句的运用虽不出错但不够生动优美(E02)，也较少综合使用修辞手法(E05)和多样的表达方式(E06)来增强感染力，表现手法相对单一(E07)。"
140624,"文章的优点在于能够为“狼爷杨”这个核心人物选取具体且有说服力的材料，例如徒手开罐头和与年轻人赛跑并获胜的事件，都很好地支撑了人物勇猛过人的中心(C02)，这些材料的选择也紧密地围绕着解释绰号由来的主旨展开(C04)。文章的叙述和描写相结合(E06)，对人物外貌和事件经过进行了一定的细节关注(E11)，并且段落主旨与文章中心关联性较强(S06)，基础的语句也较为通顺完整(E01)。然而，文章在结构组织和思想深度上存在明显不足。首先，对人物的思考角度单一，仅仅局限于展现其体力过人，未能从更多角度挖掘人物的“狼性”特质(C06)，使得文章的思想原创性与深刻性不足(C05)。其次，文章的内部逻辑衔接问题较大，两个事例的叙述之间缺乏必要的过渡(S03)，导致前后内容交代不清，关系松散(S02)，段落与段落之间也因此不够紧密(S08)。段落内部的句子组织也较为随意，缺乏围绕段落中心句的严谨布局(S07)，观察和叙述材料时也显得主次不明，顺序混乱(E12)。在写作技巧上，虽然选取了重点部分，但详写不够充分，未能生动展现场景(S09)，次要材料的略写也不够简练(S10)。语言表达上，词句的选择略显平淡，不够生动优美(E02)，修辞手法(E05)和表现手法(E07)的运用也较为匮乏。最后，文章的开头和结尾虽然能够完成基本功能，但设计上较为简单，可以进一步提升吸引力和余味(S11)(S12)。"
140627,"文章紧扣“书迷”这一中心，选取了程思元下课看书、阅读速度快、表情变化丰富以及利用一切时间阅读等具体事例，材料充实且紧紧围绕主题，能够很好地突显人物特点(C02，C04)。各段落内容均指向主旨，没有偏离中心(S06)。在描写过程中，作者关注到了人物看书时的神态（如微笑、皱眉）和动作（如冲到座位、伸手拿书），细节捕捉较为到位(E11)，对重点部分进行了一定程度的铺陈(S09)。然而，文章在结构衔接上略显生硬，段落之间缺乏自然的过渡词句粘合，导致转换较为突兀(S03)，前后内容的交代和逻辑联系也不够紧密(S02)。句与句之间、段与段之间的紧密度一般(S07，S08)。开头和结尾较为常规，缺乏新意(S11，S12)。在语言表达上，虽然语句基本通顺(E01)，但词句的生动性和优美度尚待提升(E02)，修辞手法和表现手法的运用较为单一(E05，E07)，思想深度和选材的独特性也有待加强(C05，C06)。观察顺序和主次安排上显得较为随意(E12)。"
140628,"文章选取了借钱给姥爷买牛奶、无论寒暑坚持修车、与小学生下棋、免费为残疾人修车等具体且富有生活气息的事例，材料充实(C02)。这些材料紧紧围绕“老王”慷慨、吃苦耐劳、友善的中心品质进行组织，主旨鲜明(C04)。作者能从为人处世、工作态度、待人接物以及家庭背景等多个角度来立体展现人物形象(C06)。但在立意深度上，虽表现了普通劳动者的美德，但独创性和深刻性属于常规水平(C05)。在结构方面，文章段落之间使用了明显的过渡句，如“老王叔叔不仅为人慷慨，而且干起活来吃苦耐劳”，有效粘合了相邻段落，使文章脉络清晰(S03)。各段落内容紧扣主旨(S06)，段内语句也紧密围绕中心句展开，逻辑严密(S07)。文章开头开门见山点出人物特点(S11)，结尾运用排比句式总结全文，直抒胸臆，简洁有力(S12)。叙事过程中，前因后果交代清楚(S02)，段与段之间关系紧密(S08)。在详略安排上，借钱和免费修车等重点情节写得相对具体(S09)，家庭背景等辅助性材料处理得较为简略(S10)，详略得当。从语言表达来看，全篇语句通顺，意思表达完整(E01)，词语使用较为恰当，情感真挚(E02)。作者善于观察，注意到了人物下棋时的神态、修车的收费细节等，体现了良好的观察力(E11)，且观察有主次、有顺序(E12)。叙述方式上以记叙为主，结合了议论和抒情(E06)。不过，文章在修辞手法的运用上较为单一，仅结尾处有明显排比，文中较少使用比喻、拟人等手法润色(E05)，表现手法也相对常规(E07)。"
140629,"文章选取了“做值日”时扫地、摆桌椅的细节，以及“讲题”时因我不认真而生气这两个具体事例，材料充实，有力地支撑了人物形象(C02)。全文紧紧围绕“认真”这一中心特质来组织材料，无论是外貌描写还是事例叙述，都指向同一主题(C04)。作者不仅从行为举止（值日、学习）表现人物，还通过外貌描写（干净整洁）侧面烘托其性格，体现了多角度选材的能力(C06)。但在选材的独特性上略显常规，属于常见的校园生活素材，思想深度和原创性有待提升(C05)。文章开头直接引出人物及其外号，点明中心，符合恰当开头的标准(S11)。结尾简洁明快，表达了向同学学习的意愿，收束有力(S12)。各段落内容均紧密围绕主旨展开，没有偏离中心的枝蔓(S06)。段落内部，句子与段落中心句的联系较为紧密，逻辑清晰(S07)。段与段之间通过“她不但……而且……”等关联词进行过渡，虽然使用了过渡句，但部分衔接仍显生硬，粘合度有待加强(S03)。在前后内容的交代上，叙事逻辑稍显平铺直叙，部分情节的铺垫和照应还可以更细致(S02)。整体上，段落间关系紧密，结构稳固(S08)。在详略处理上，重点描写了值日和讲题的过程，详写得当(S09)，对于非核心的过渡性材料则进行了略写，处理得宜(S10)。语言表达方面，全文语句通顺流畅，意思表达完整清晰(E01)。用词恰当生动，如“黑漆漆”、“整整齐齐”等叠词的使用增加了语言的韵律感(E02)。作者善于捕捉人物和事件的细节，如“不放过每一个小渣子”、“对准每一条线”以及讲题时的神态语言，细节描写十分到位(E11)。叙述视角清晰，观察有主次、有顺序，从外貌到行动，由表及里(E12)。综合运用了记叙、描写等表达方式(E06)，但在修辞手法(E05)和表现手法(E07)的多样性上还有提升空间，主要依靠朴实的描写来打动读者。"
140630,"本文在塑造人物形象上表现不错，能够选取黑杰克爱说中文、因宗教信仰不吃龙虾、介绍自己家庭等具体事例，材料较为充分(C02)，并且这些材料都紧密围绕着“话痨黑杰克”这一中心来展开和组织(C04)。文章对人物的观察比较细致，能够关注到人物的言行细节并进行有主次的呈现(E11)(E12)。从结构上看，各段落与主旨的联系是紧密的(S06)，对重点部分的详写和次要部分的略写也处理得当(S09)(S10)，使得文章主体清晰。语言表达流畅，语句通顺完整(E01)，词语的运用也比较恰当生动(E02)。然而，文章在思想的独创性和深刻性方面还有提升空间(C05)，对主题的思考角度略显单一(C06)。在叙事衔接上，个别事件的前后交代不够清晰，稍显跳跃(S02)，段落间的过渡可以更自然一些(S03)。此外，文章在表现手法上较为朴实，综合修辞手法的运用不足(E05)，表达方式也较为单一(E06)，若能增加一些表现手法的运用，文章会更具感染力(E07)。"
140636,"这篇作文选取了同学呕吐帮忙清理以及调解同学纠纷两个具体事例，材料选择较为充分(C02)，能够围绕“助人为乐”这一中心进行组织(C04)。虽然题材属于常见的写人记事，独创性相对一般(C05)，但作者能够从外貌特征、具体行动、语言对话等多个角度来表现人物形象，这一点做得很好(C06)。在结构安排上，文章前后内容交代清楚，叙事完整(S02)，使用了“有一次”、“还有一次”等过渡词句，使得段落衔接自然顺畅(S03)。段落内部句子之间联系紧密(S07)，段落与段落之间的逻辑关系也很强(S08)，各段落内容均与主旨保持了一定的连贯性(S06)。文章能够区分详略，对重点的助人过程进行了具体描写(S09)，对过渡性内容进行了概括处理(S10)。结尾简洁有力，点明了主题(S12)，相比之下，开头虽然交代了人物，但略显平淡(S11)。在语言表达方面，语句基本通顺，意思表达完整(E01)，外貌描写中使用了“炯炯有神”、“小巧玲珑”等词语，显得生动形象(E02)。作者在叙事中关注了人物的动作和语言细节(E11)，观察人物也有一定的顺序(E12)。不过，文章在修辞手法的综合运用上略显单薄(E05)，表达方式以记叙为主，略显单一(E06)，表现手法的丰富性也有待加强(E07)。"
140637,"文章选取了“足球版植物大战僵尸”和“电脑版闯关”两个具体事例来描写朋友“游戏刘”，特别是后者关于选用“弱植物”布阵的细节描写，能够体现人物特点，材料较为具体(C02)。作者能够关注到朋友玩游戏时的特殊习惯这一细节，并以此展开叙述(E11)，同时也尝试从线下互动和线上操作两个角度来观察人物(C06)，叙事过程有主次、有顺序(E12)。然而，第一个事例“足球版游戏”的叙述略显随意，与后文体现的游戏策略智慧联系不够紧密，导致围绕中心组织材料的能力稍显不足(C04)，且作为过渡性材料未能做到精简略写(S10)。重点部分虽然有意识详写，但在具体策略描写上仍有提升空间(S09)。在结构上，文章使用了“然后”、“他走了之后”等词语进行过渡，基本粘合了相邻段落(S03)，开头直接点题(S11)，结尾总结感悟(S12)，前后内容交代尚属清楚(S02)。各段落内容基本围绕主旨展开(S06)，句段之间也有一定联系(S07)。但是，段与段之间的逻辑关系较为松散，仅仅依靠时间顺序堆砌，缺乏深层的内在紧密度(S08)。语言表达方面，语句基本通顺，意思完整(E01)，但存在“僵户”、“尽然”、“我又我又”等错别字及口语重复现象，词句生动性一般(E02)。文中综合运用了记叙和议论的表达方式(E06)，并尝试引用“尺有所短，寸有所长”进行修辞(E05)，体现了一定的表现手法意识(E07)。结尾处试图通过游戏感悟人生道理，具备一定的独特性和思想性，但评价语略显突兀(C05)。"
140639,"文章选取了爸爸“画画”和“写字”的具体事例，材料充实，有效支撑了“书画张”这一人物形象(C02)。全文紧紧围绕“书画张”这一中心进行选材和组织，主题集中(C04)。作者能从画画和写字两个角度来表现父亲的才艺，选材合适且体现了多角度思考(C06)。文章立意较为常规，虽然表达了对父亲的敬佩，但在思想深刻性和独特性上表现一般(C05)。在结构方面，文章前后内容交代清楚(S02)，段落间有一定的过渡词句进行粘合，如“书画张不仅会书画……”(S03)。各段落内容均能紧密围绕主旨展开(S06)。不过，部分句子与段落中心句的逻辑联系还可以更紧密些(S07)，段与段之间的内在逻辑联系也略显松散(S08)。文章重点详写了画画和写字的过程，突出了中心(S09)，对其他如做饭等次要内容进行了略写(S10)。开头介绍了人物外貌，中规中矩(S11)，结尾简洁有力，点题明确(S12)。语言表达上，全文语句通顺，意思表达完整(E01)。词句运用较为恰当，如“炯炯有神”、“栩栩如生”等成语的使用为文章增色(E02)。但在修辞手法(E05)、表达方式(E06)和表现手法(E07)的综合运用上较为欠缺，语言略显平铺直叙。观察细节方面，作者能够关注到父亲的外貌特征和画画时的专注神态等细节(E11)。叙述上有主次、有顺序，观察较为细致(E12)。"
140701,"文章选取了紫藤架在春夏秋冬四季的不同形态作为素材，内容具体充分(C02)，并且始终紧紧围绕“美丽的紫藤架”这一中心来组织材料，主旨突出(C04)。作者能从四季变化的角度来观察紫藤架，展现了多角度的思考(C06)，体现了一定的观察力和原创性(C05)。在结构上，文章按时间顺序展开，前后内容交代清楚(S02)，利用“春天”、“夏天”等时间词语有效地粘合了相邻段落，过渡自然(S03)。段落与段落之间关系紧密，逻辑顺畅(S08)，各段落内容也都紧密围绕主旨展开(S06)。但在段落内部，部分句子与段落中心的联系略显松散，例如对树干的比喻堆砌过多，稍显杂乱(S07)。详略安排上，春夏秋描写较细致，冬天较简略，基本做到了详写重点(S09)和略写过渡(S10)。开头直入主题(S11)，结尾简洁总结(S12)，但首尾均较为简单，稍显平淡。语言方面，全文语句通顺，意思完整，阅读流畅(E01)。作者使用了大量生动形象的比喻和拟人修辞，如将树干比作“歌唱家”、“疯狂的科学家”，词句生动(E02)，修辞手法运用丰富(E05)。表达方式以描写为主，略显单一(E06)，表现手法也主要依赖时间顺序描写(E07)。在描写中，作者关注了叶子、树干、果子等细节(E11)，并严格按照春夏秋冬的时间顺序进行观察，条理清晰(E12)。"
140703,"文章选取了校园中的八角凉亭作为描写对象，不仅描绘了亭子四季变换的景色，还细致刻画了柱子、瓦片等局部特征，材料选取具体且充实(C02)。全文紧紧围绕“喜爱凉亭”这一中心来组织材料，无论是景物描写还是情感抒发，都指向这一主题(C04)。作者尝试从时间维度的四季流转、空间维度的外观细节以及心理维度的情感寄托等多个角度来表现主题，思路开阔(C06)，但在思想的独创性和深刻性方面表现尚可，属于中规中矩的校园写景文(C05)。在结构上，文章起承转合交代清楚，从整体印象到具体描写再到情感升华，前后内容衔接自然(S02)。段落之间过渡顺畅，能通过逻辑顺序粘合相邻段落(S03)，且各段落内容均紧密围绕主旨展开(S06)。段落间的内在联系紧密，层层递进(S08)，但在个别段落内部，句与句之间的逻辑紧密度还有提升空间(S07)。文章详略得当，重点详写了四季之美和与“小凉”的互动(S09)，对于过渡性的内容则一笔带过(S10)。开头直抒胸臆，引出描写对象，恰当自然(S11)；结尾以反问和直白的情感表达收束，虽简洁利落但稍显平淡(S12)。语言方面，语句通顺流畅，意思表达完整(E01)。文中运用了“红得发亮”、“闪闪发光”等生动的词语(E02)，并综合使用了比喻、拟人等多种修辞手法，如将落叶比作地毯、将亭子拟人化为朋友，增强了文章的生动性(E05)。作者综合运用了描写、记叙和抒情等表达方式(E06)，表现手法虽较为传统但运用得当(E07)。此外，作者观察细致，捕捉到了麻雀歇脚、踩落叶的声音等生动细节(E11)，并且展现了清晰的时间顺序（四季）和空间观察视角(E12)。"
140709,"文章在立意选材上表现较好，能够围绕图书馆这一中心选择和组织材料(C04)，例如列举了自己阅读的《上下五千年》等具体书目，这使得文章内容显得较为具体充分(C02)，同时，从个人阅读感悟的角度切入，而非单纯描摹景物，也体现了一定的独特性(C05)。开篇采用总分结构，先点面再聚焦，是一种恰当的开头方式(S11)，段落内部的句子也能围绕中心句展开，例如第三段集中阐述阅读收获，句间联系较为紧密(S07)。语言方面，能运用“书的海洋”等比喻，使词句表达生动(E02)。然而，文章在结构衔接和细节刻画上存在明显不足。段落之间的逻辑关系较为松散，如第三段写阅读体验与第四段写管理员维持秩序之间缺少自然的过渡，转换略显生硬，影响了段落间的紧密性(S08)。尽管能从阅读和环境等不同角度来写(C06)，但表现手法单一，多为直接说明，缺少侧面烘托等技巧(E07)。此外，对人物和事件的细节关注不够，如图书馆管理员的形象只是功能性的介绍，缺乏生动的细节描摹，削弱了文章的感染力(E11)。语句虽然基本通顺(E01)，但整体来看，详略处理(S09)和段落过渡(S03)的能力仍有提升空间。"
140716,"本文开篇直抒胸臆，点明紫藤架是校园中最喜欢的地方，总领全文，开头恰当(S11)。结尾处总结并升华情感，指出紫藤架承载了美好的回忆，收束简洁利落(S12)。文章主体严格按照春夏秋冬的时间顺序进行观察和叙述，层次分明，逻辑清晰(E12)。在段落之间，作者使用了如“春天走了，夏天来了”等过渡句，有效地粘合了相邻段落，使文章结构紧凑(S03)。在内容选择上，作者紧紧围绕“美丽”和“乐园”这一中心，选取了四季中紫藤架的不同形态以及孩子们在树下的活动作为素材，选材具体且充分(C02)(C04)。文章详写了夏日的繁茂和冬天的雪趣，略写了夏末初秋的过渡，详略安排得当(S09)(S10)。同时，作者不仅关注植物的静态美，还捕捉了孩子们嬉戏打闹的动态场景，多角度地表现了主题(C06)。对于人物活动的细节描写十分生动，如跳格子、捡豆角、打雪仗等，极具生活气息(E11)。在语言表达方面，全文语句通顺流畅，意思完整(E01)。作者运用了比喻、拟人等修辞手法，将绿叶比作帽子、伞，赋予秋天以呼吸，语言生动优美(E05)(E02)。结尾提到欢笑声把枯黄的枝条“染绿了”，体现了作者独特的感悟和一定的思想深度(C05)。此外，各段落内容均紧密围绕主旨展开，段落内部句意连贯，段与段之间联系紧密(S06)(S07)(S08)。综合运用描写、记叙、抒情等多种表达方式和动静结合的表现手法，增强了文章的感染力(E06)(E07)。"
140717,"文章选取了校园松树这一具体对象进行描写，材料较为充实(C02)，体现了小作者细致的观察力，能够关注到树皮像鱼鳞、新叶柔软等细节特征(E11)，并且观察顺序安排得当，从整体到局部、从空间到时间(E12)，使得段落之间关系紧密，层次感较强(S08)。在结构上，开头运用比喻修辞直入主题，形象地描绘了松树的高大(S11)，前后内容交代较为清楚(S02)，但在详略安排上，四季变化的描写显得平均用力，重点不够突出(S09)，结尾过于直白简短，缺乏余味(S12)。在语言表达上，虽然综合运用了描写、抒情等表达方式(E06)以及对比等表现手法(E07)，但在组织材料服务中心方面略显松散(C04)，部分语句存在语病，不够通顺(E01)，词句的生动准确性及修辞运用的贴切度仍有提升空间(E02)(E05)。"
140729,"文章在材料的选择与组织上表现出色，能够围绕操场这一中心选取具体且充分的材料(C02)，并使之服务于主旨(C04)。篇章结构较为清晰，段落与主旨、句子与段落中心句的联系都非常紧密(S06，S07)，段落间的关系也处理得较好(S08)，同时做到了详略得当(S09，S10)。语言层面，作者能有主次有顺序地进行观察并关注细节(E12，E11)，词句使用恰当生动(E02)，并能综合运用多种表达方式和修辞手法(E05，E06)。然而，文章在思想深度和结构过渡上存在明显不足，思考角度较为单一(C06)，未能展现出独创性的深刻见解(C05)。结构上，开头与结尾略显公式化(S11，S12)，前后内容的衔接交代不够清晰(S02)，尤其缺乏必要的过渡词句，导致段落间的粘合度不高(S03)。尽管语句基本通顺(E01)，但在综合表现手法的运用上仍显单薄(E07)。"
140730,"文章能够确立一个明确且新颖的中心，将班级这一人文环境作为“校园一景”来描写，并能围绕这一中心选择书法作品、书柜、奖状和同学情谊等具体材料，做到了选材充分且紧扣主旨(C02，C04)，各段落内容也都能与文章的主旨紧密相连(S06)。文章在材料组织上体现出较好的主次意识，观察有序(E12)，能够详写作为核心内容的奖状部分，并略写其他辅助材料(S09，S10)，段落间的推进关系也较为紧密(S08)。然而，文章的立意虽然独特，但在思想挖掘上深度不足(C05)，思考角度也较为有限(C06)。结构方面，段落之间的衔接依赖内容逻辑，但缺少必要的过渡词句进行粘合(S03)，导致内容的前后交代不够清晰(S02)，同时结尾显得较为简单，仅是对开头的重复(S12)。语言层面，全文语句基本通顺完整(E01)，词语运用也较为恰当生动(E02)，并能关注到事件的细节(E11)，但表达方式相对单一(E06)，在综合运用修辞手法(E05)与表现手法方面存在明显不足(E07)。"
140736,"文章选取了春夏秋冬四季中具有代表性的景物和学生活动作为素材，内容具体充分(C02)，且所有材料紧紧围绕“校园之美”这一中心进行组织(C04)。作者能从四季变换的不同角度思考，选用合适的材料来表现主题(C06)，但在思想的深刻性和独特性上略显常规(C05)。结构上，段落之间关系紧密(S08)，各段落均紧扣主旨(S06)，句段联系也较为紧密(S07)。开头简要交代背景(S11)，结尾简洁有力地总结全文(S12)。不过，前后内容的交代偶尔不够详尽(S02)，段落间的过渡词句虽有使用但可更自然(S03)，详略安排上重点不够突出(S09)，过渡性材料处理较为平淡(S10)。语言方面，语句通顺流畅(E01)，词句生动优美(E02)，特别是比喻、拟人等修辞手法运用得非常出色(E05)，表现手法多样(E07)，但表达方式主要集中在描写(E06)。作者非常关注细节描写(E11)，观察顺序清晰且主次分明(E12)。"
140737,"文章能够围绕国旗这一核心意象展开，从升旗仪式、象征意义和静态描摹等不同角度来表现，具备了一定的思考(C06)，并且能够将个人情感与思考融入其中，如对国旗颜色的联想，体现出一定思想性(C05)。全文叙述的中心明确，所选材料基本能服务于主题(C04)，语句通顺，意思表达完整(E01)，对升旗过程的交代也比较清楚(S02)。文章的主要问题在于结构组织与细节深化。首先，段落之间的逻辑关系松散(S08)，缺少必要的过渡衔接(S03)，例如第二段对国旗位置的说明就显得十分突兀。段落内部的句子也存在关联不紧密的问题，时常游离于段落中心之外(S07)，开篇部分关于不同年级在不同操场升旗的细节就属于应予略写的材料(S10)，分散了文章的重点。文章的开头过于口语化且信息杂乱(S11)，结尾则处理得相当仓促，缺乏有效的收束(S12)。其次，在内容呈现上，虽然选取了升旗仪式这一具体材料(C02)，但对于重点部分的刻画不够深入(S09)，缺少对人物、事件的细节描摹(E11)，观察的顺序和主次也需进一步提炼(E12)。最后，在语言表达层面，词语的运用基本恰当但不够生动优美(E02)，修辞手法(E05)、表达方式(E06)和表现手法(E07)的运用也较为单一，未能充分展现校园一景的魅力。"
140740,"文章选取了学校中的松树作为具体材料进行描写，内容充实(C02)。全文能够围绕“松树”这一中心对象组织材料，叙述了松树在风雨中的表现以及被风吹倒后的情景(C04)。虽然立意在于歌颂松树的“坚持”精神，但思想深度和独特性较为普通，属于常见的写作套路(C05)。在多角度选材方面，文章主要集中在松树的日常状态和遭遇大风后的状态，思考角度尚可但不够丰富(C06)。从结构上看，文章前后内容交代得比较清楚，叙事脉络基本完整(S02)。但在段落之间的过渡上显得生硬，缺乏有效的过渡词句进行粘合(S03)。各段落虽然都围绕松树展开，但与主旨的紧密程度一般，部分叙述略显松散(S06)。句与句之间、句与段落中心句的联系尚可，但在长句表述中逻辑略显混乱(S07)。段落之间的逻辑联系不够紧密，转折较为突然(S08)。在详略安排上，对于表现松树“坚持”精神的重点部分描写不够细致深入(S09)，而对于天气预报等过渡性材料的处理不够简练(S10)。开头部分略显啰嗦，入题不够迅速(S11)；结尾能够点明中心，简洁利落(S12)。在语言表达方面，语句基本通顺，意思表达完整，但存在标点符号使用不当的问题，导致部分句子过长(E01)。词汇积累较为匮乏，缺乏生动优美的词句点缀(E02)。修辞手法运用极少，未能有效增强文章的感染力(E05)。表达方式以平铺直叙为主，描写和议论的结合不够自然(E06)。表现手法较为单一，缺乏变化(E07)。在细节描写上，虽然提及了野猫野狗等细节，但缺乏深入细致的刻画(E11)。观察顺序基本清晰，但在主次安排上还需进一步优化(E12)。"
140742,"作文选取了校园中的一棵大树作为描写对象，能够选取具体充分的材料来展现大树的外形特征与四季变化(C02)，并且所有素材都紧密围绕“校园一景”这一中心进行组织，主题集中(C04)。文章不仅描写了景物，还赋予了大树“朋友”般的陪伴感以及顽强的生命力，体现了较好的独特性与原创性(C05)，同时尝试从视觉、触觉以及时间跨度等多角度思考并选用材料来表现主题(C06)。在结构安排上，文章能够交代清楚前后内容，从位置介绍到外形描写再到情感抒发，脉络清晰(S02)。段落之间能够用过渡词句或时间逻辑自然粘合，使得行文流畅(S03)。各段落内容均与主旨紧密相连，服务于整体表达(S06)，段与段之间的关系也较为紧密(S08)。但在具体段落内部，部分句子的衔接紧密度还有提升空间，各句话和段落中心句的关联程度一般(S07)。详略处理方面，作者能够详写文章的重点部分，如大树的外形细节和四季景象(S09)，也能适当略写过渡性材料，如大树的位置背景等(S10)。观察细致入微，关注了树皮质感、树芽形状等人物和事件细节(E11)，并且采用了从整体到局部、从春到冬的有主次有顺序的观察方法，条理分明(E12)。开头部分开门见山引出描写对象，奠定情感基调，能写出恰当的开头(S11)；结尾总结全文，升华情感，提供简洁利落的结尾(S12)。语言表达上，语句通顺意思完整，阅读感良好(E01)。文中词句运用较为恰当，具有一定的生动性(E02)，并综合使用了比喻、拟人等多种修辞手法来增强表现力(E05)。不过，在综合使用多种表达方式(E06)以及象征、衬托等多种表现手法(E07)的运用上相对基础，仍有丰富空间。"
140801,"文章在立意选材上展现了较好的能力，能够选取具体且充分的生活实例来支撑母爱这一主题(C02)，并能围绕中心进行材料的组织(C04)。文章并未停留在对母爱单向的歌颂，而是通过写妈妈督促学习这一情节，展现了对主题多角度的思考(C06)，体现了一定的思想独特性(C05)。在篇章结构方面，文章结尾简洁有力(S12)，但开头部分则表现平平(S11)。全文的主要问题在于结构黏合度不足，段落之间的关系虽然存在但不够紧密(S08)，尤其欠缺必要的过渡词句(S03)，导致前后内容的交代不够清晰(S02)。同时，段落与主旨的关联性有待加强(S06)，段落内部也存在句与句之间联系松散的问题(S07)。在详略处理上，对重点部分的描写基本展开(S09)，但对次要材料的概括处理则显不足(S10)。从语言表达与写作技巧来看，文章能够有主次有顺序地进行观察(E12)，并综合运用了叙述、议论等表达方式(E06)与比喻等修辞手法(E05)，体现出运用多种表现手法的意识(E07)。语句基本通顺完整(E01)，但在细节刻画(E11)和词语的恰当生动性上还有提升空间(E02)。"
140803,"文章能够选取“划破手指”这一具体事件作为材料，这对于表现同学情谊的主题而言是充分的(C02)，并且能紧密围绕这一中心来组织叙事(C04)，体现了从细微处见真情的独特构思(C05)。文章开头以“储蓄罐”为喻，结尾又回归这一比喻，形成了完整且新颖的篇章结构(S11)(S12)，段落间的过渡也因此显得十分清晰(S03)。在叙事中，作者能够综合运用记叙、描写与抒情等表达方式(E06)，对同学们的不同反应进行了细节刻画(E11)，观察与记叙有主次和先后顺序(E12)，使得重点情节得到了详写(S09)，而起因部分则处理得较为简略(S10)。整体来看，叙事线索清晰，前后内容交代明确(S02)，各段落主旨鲜明且与文章中心关联紧密(S06)，语句通顺(E01)，部分词语运用较为生动(E02)。不足之处在于，文章虽然从不同类型的同学（好朋友、不常玩的朋友、调皮的男生）这一多角度切入选材(C06)，但表现手法略显单一，主要依靠以小见大的方式展开(E07)；同时，修辞手法的运用不够丰富(E05)；在段落内部，个别语句与段落中心句的联系不够紧密(S07)，导致段与段之间的逻辑关系有时显得不够严谨(S08)。"
140809,"文章选取了三年级时与朋友发生矛盾却遭母亲误解的具体事例，材料充实，能够支撑起“心里话”的倾诉需求(C02)，且全篇紧紧围绕“妈妈让我伤心”这一中心进行组织，主旨明确(C04)。开头直抒胸臆，直接点出对妈妈的意见，非常恰当且具有冲击力(S11)，结尾简洁地表达了希望被理解的诉求，收束利落(S12)。在叙事上，能够详写车内争吵及回家后的委屈等重点情节(S09)，并交代清楚了事件的起因、经过和结果(S02)，段落与主旨联系紧密(S06)，段落间关系也较为紧凑(S08)。但在行文逻辑上，插叙学校纠纷时过渡略显生硬，段落间的粘合还需加强(S03)，部分句子与段落中心的联系不够紧密(S07)，过渡性材料的处理也略显粗糙(S10)。语言方面，词句表达较为生动，能准确传达出“心碎”、“委屈”的情感(E02)，关注到了“3道红红的印子”等细节(E11)，并能结合叙述与心理描写(E06)。不过，文章语句通顺度有待提高，存在如“您直接她和我接回家了”等语序错误及标点误用(E01)，修辞手法(E05)及表现手法(E07)运用较少，多角度思考略显不足(C06)。"
140816,"文章能够围绕交往中的“惊喜”这一中心来选择和组织材料，事件虽小但真实感人(C04)。作者选取了与两位朋友交往并获得帮助的具体事例，材料选择是较为充分的(C02)。同时，文章能够从自己过去的困境，朋友的帮助以及自身态度的转变等多个角度来思考和表现主题，体现了不错的思维广度(C06)。文章所提炼出的关于“取长补短”和“分享方法”的感悟具有一定的思考，但思想的独创性和深刻性方面还有提升空间(C05)。结构上，文章的开篇能够直接点题并引入人物，是比较恰当的(S11)。主体部分的叙事线索清晰，能够交代清楚事件的前后发展过程(S02)，段落与主旨、句子与段落中心句的联系都比较紧密(S06，S07)，并且运用了一些过渡性的词句来衔接上下文(S03)。然而，段落之间的逻辑关系还可以更加紧密一些(S08)。在详略处理上，作为核心事件的“品德课PPT”后的谈话过程描写不够具体，未能充分展现朋友是如何帮助“我”的，重点部分详写不足(S09)，对事件细节的关注度有待加强(E11)。结尾部分的情感表达虽然真挚，但存在语言重复的问题，不够简洁有力(S12)。语言表达方面，全文语句通顺，意思完整(E01)，能够有主次有顺序地进行观察和叙述(E12)。不过，词语的运用基本准确但不够生动优美(E02)，文章主要以记叙和抒情为主(E06)，表现手法相对单一(E07)，尤其在修辞手法的综合运用上明显不足(E05)。"
140817,"文章选取了向同学请教弹琴这一具体且充分的生活事例作为材料(C02)，紧紧围绕“感谢同学帮助重拾音乐兴趣”这一中心进行组织(C04)，体现了能从多角度思考主题并选用合适材料的能力(C06)，但在选材的独特性和思想深度上略显常规(C05)。在结构上，文章开头运用比喻引出话题，切入恰当(S11)，叙事过程中能够清楚交代前后内容(S02)，并熟练运用“这时”、“接着”等过渡词句粘合相邻段落(S03)，使得各段落与主旨紧密相连(S06)，句与句之间也能紧扣段落中心(S07)。叙事条理清晰，能够有主次、有顺序地进行观察和描写(E12)，对重点的学习过程进行了详写(S09)，对过渡性材料进行了略写(S10)，详略处理得当。语言表达方面，语句通顺且意思完整(E01)，词句运用较为恰当生动(E02)，综合使用了比喻等修辞手法(E05)以及记叙、描写等多种表达方式(E06)。不足之处在于，对人物动作和神态的细节关注不够充分(E11)，使用的表现手法相对单一(E07)。此外，段落之间的内在逻辑联系还不够紧密(S08)，结尾虽然简洁利落但稍显仓促(S12)。"
140829,"文章能够围绕考试成绩这一核心，选取具体真实的个人感受和家庭互动作为材料，例如考前复习的具体行为、父母的鼓励以及“像被雨淋湿了一样”的沮丧心情，使得内容充实可感(C02)。所有材料都紧密服务于“心里话”这一中心，做到了选材集中，主旨明确(C04，S06)。在详略处理上，对内心焦虑的描写细致入微，是文章的重点部分，而开头结尾则简洁交代，处理得当(S09，S10)。作者能够关注并写出个人情绪变化的细节，观察有序(E11，E12)。语言表达流畅(E01)，词语运用恰当生动(E02)。然而，文章在思想深度上稍显不足，对考试焦虑的思考停留在普遍现象的个人化表达，未能提供更具独创性的见解(C05)，思考角度也略显单一，可以引入更多维度的审视(C06)。结构方面，主体部分是一个较长的自然段，内部句与句之间的逻辑衔接不够清晰(S02，S07)，缺少必要的过渡词句来串联不同的思绪层次(S03)，段落间的关系也因此显得不够紧密(S08)。结尾部分虽然简洁，但略显仓促，未能给全文带来更深的回味(S12)。在表达技巧上，修辞手法(E05)和表现手法(E07)的运用较为单一，主要以记叙和抒情为主(E06)。"
140830,"文章在内容选择上表现不错，能够围绕理解教练良苦用心这一中心，选取压腿这一具体且充分的材料来支撑观点(C02)，材料的组织也基本服务于主旨的表达(C04)，各段落与中心的关联度较高(S06)。叙事上注重细节(E11)，观察有序(E12)，且整体语句通顺完整(E01)，词语使用较为恰当(E02)。然而，文章在结构衔接与思想深度上存在不足。从误解到理解的转变过程交代得有些突兀，前后内容的逻辑联系不够清晰(S02)，段落之间也缺少有效的过渡词句(S03)，导致详写的部分(S09)与略写的感悟部分(S10)衔接生硬。开头(S11)和结尾(S12)的处理方式略显平淡，未能有效提升文章的文学色彩。更重要的是，文章对主题的思考停留在较为普遍的层面，未能展现出更深刻或独特的见解(C05)，思考角度也相对单一(C06)。在语言表达层面，文章主要以叙述为主，表达方式不够多样(E06)，也基本没有运用修辞手法(E05)或表现手法(E07)来增强文章的感染力。"
140836,"该生作文《我的心里话》围绕班级自习课纪律问题展开，中心明确，材料组织紧扣主题，能够围绕文章的中心选择和组织材料(C04)，且选取了如自习课变成“菜市场”等具体充分的材料(C02)。文章开头以亲切的口吻引入，能写出恰当的开头(S11)，但在结尾部分虽有呼吁，简洁利落程度一般(S12)。整体上，能够交代清楚前后内容(S02)，段与段之间的关系较为紧密(S08)，关注了人物和事件的细节(E11)，并能有主次有顺序地观察和叙述(E12)。语句通顺，意思完整(E01)，是本文的一大亮点。然而，文章在思想深度上表现平平，未能写出有独特性原创性（思想深刻）的作文(C05)，多角度思考主题并选用合适的材料来表现的能力也有待加强(C06)。在结构细节上，各段落和主旨紧密相连程度尚可(S06)，但各句话和段落中心句紧密相连方面稍显松散(S07)，过渡词句的使用也较为普通(S03)。详略安排上欠缺火候，未能充分详写文章的重点部分(S09)，略写过渡性材料的能力也较弱(S10)。语言表达方面，词句恰当生动优美程度一般(E02)，综合使用多种修辞手法(E05)、表达方式(E06)及表现手法(E07)的能力均有待提升。"
140837,"文章选取了父亲平日关爱与酒后发脾气等具体生活事例，材料较为充分(C02)，且能从父亲慈爱与严厉两个不同侧面来表现人物形象，体现了多角度思考的能力(C06)。选材基本能围绕“心里话”这一中心进行组织(C04)，但在思想的深刻性和独创性方面表现一般(C05)。在结构上，开头直入主题，结尾表达愿望，均较为简洁(S11，S12)。行文中使用了过渡词句来连接情节(S03)，能对核心的冲突事件进行详写(S09)，并对背景信息进行了略写处理(S10)。然而，文章段落之间的逻辑联系显得较为松散，紧密度不足(S08)，前后内容的交代在人称转换和情节衔接上略显生硬(S02)，各段落与主旨、句子与段落中心的联系也需进一步加强(S06，S07)。语言表达方面，全篇语句通顺，意思完整(E01)，叙事过程体现了有主次、有顺序的观察(E12)。但在文采上较为平淡，词句不够生动优美(E02)，修辞手法、表达方式及表现手法的运用较为单一，缺乏丰富性(E05，E06，E07)。虽然记录了对话，但对人物和事件的细节描写还不够深入细腻(E11)。"
140840,"这篇作文以“我的心里话”为题，选取了考试失利后被母亲责备的具体事例，材料来源于真实生活，较为具体充分(C02)。文章基本能围绕希望妈妈“心平气和”这一中心来组织材料，但事例稍显单薄，支撑力度尚有提升空间(C04)。立意上表达了渴望沟通与理解的真情实感，虽未见深刻独特的思想火花，但胜在真实(C05)。小作者能从自身遭遇出发，思考亲子关系，体现了一定的思考角度(C06)。在结构方面，文章按照“引出话题-具体事例-表达愿望”的顺序展开，前后内容交代基本清楚(S02)。段落间使用了如“我来给大家讲一个事情吧”这样的过渡句，起到了基本的粘合作用，但略显生硬(S03)。各段落与主旨的联系较为紧密，没有偏离“心里话”这一核心(S06)。段落内部，句子与中心句的关联度尚可，逻辑基本通顺(S07)。段与段之间关系紧密程度一般，但也维持了基本的叙事框架(S08)。在详略安排上，对妈妈责备的话语进行了较为详细的描写，突出了重点(S09)，其他过渡性内容处理得相对简洁(S10)。开头直抒胸臆，迅速切入主题，较为恰当(S11)。结尾总结愿望并呼吁改变，简洁利落，但收束略显仓促(S12)。语言表达上，全文语句通顺，意思完整，易于理解(E01)。词句较为朴实，缺乏生动优美的词汇点缀，感染力稍弱(E02)。文中修辞手法运用较少，语言表现力有待增强(E05)。表达方式以记叙为主，抒情和议论结合得不够紧密(E06)。表现手法较为单一，主要依赖直白的叙述(E07)。值得肯定的是，文章关注了妈妈的语言细节和“我”的心理活动，体现了一定的细节捕捉能力(E11)。叙事过程有主次、有顺序，基本符合观察逻辑(E12)。"
140842,"文章选取了台湾旅游带路这一具体事例，紧紧围绕希望父母信任自己这一中心展开，选材切题且组织得当(C04)，能够从心理变化、行动描写等多角度表现主题(C06)，但仅选取单一事例支撑显得材料不够丰厚(C02)。叙事条理非常清晰，能够有主次、有顺序地观察并记录事件全貌(E12)，前因后果交代得十分清楚(S02)。在结构上，过渡词句的使用非常出色，有效地粘合了相邻段落，使文章脉络流畅(S03)，段落之间关系较为紧密(S08)。对于带路过程中的心理波动，如“心咯噔一下”、“小红点蹦上来”等细节捕捉得较为到位(E11)，但在重点部分的详写上还有提升空间，心理活动的层次感可以挖掘得更深(S09)。语言方面，语句通顺流畅(E01)，词句表达基本恰当(E02)，但修辞手法的运用较为匮乏，导致语言感染力稍弱(E05)。开头过于直白，缺乏新意(S11)，好在结尾能够简洁利落地点明主旨，表达了渴望成长的心声(S12)。整体来看，这是一篇叙事完整、情感真挚的习作。"
140901,"文章在内容选择与组织上展现了较强的能力，能够围绕中心选取具体充分的材料(C02)，并能将这些材料有效组织起来服务于主旨(C04)。作者关注到了人物经历的事件细节(E11)，并能从战争前后、逃难过程、移民生活等多个角度来呈现主题，表现出较好的思考维度(C06)。在结构层面，文章能够交代清楚前后内容(S02)，并运用过渡词句进行粘合(S03)，段落内部的句子也能和段落中心句紧密相连(S07)。结尾简洁利落(S12)，对情节概述这一重点部分做到了详写(S09)。然而，文章在思想深刻性上表现一般，未能提出更具独创性的见解(C05)。结构方面，虽然开头基本恰当(S11)，但各段落与主旨的关联(S06)以及段落之间的关系紧密度(S08)仍有提升空间，部分过渡性材料的处理略显仓促(S10)，观察虽有顺序但主次不够分明(E12)。语言表达是主要的薄弱环节，语句基本通顺但偶有瑕疵(E01)，词句的选用不够恰当生动(E02)，在修辞手法(E05)、表达方式(E06)和表现手法(E07)的综合运用上较为欠缺。"
140903,"文章在叙述层面表现不错，能够选取《半小时爸爸》这一具体且充分的材料来支撑观点(C02)，并且在复述故事时做到了有主次有顺序(E12)。整体语句通顺完整(E01)，段落内部的句子之间衔接紧密，逻辑清晰(S07)。然而，文章在思想深度和材料组织上存在不足。全文的思考停留在情节复述和简单推荐的层面，未能展现出独创性或深刻性(C05)。尽管选取了具体故事，但未能深刻阐明该故事如何体现书籍的中心思想或推荐价值，导致材料的选择与组织围绕中心不够紧密(C04)。这与文章主要使用叙述，而缺少议论和抒情等多种表达方式有关(E06)。此外，在篇章结构与语言表达的细节处理上也有提升空间。文章的开头和结尾都略显平淡(S11，S12)。对过渡性材料的交代不够简练(S10)，而对重点部分“半小时爸爸”这个故事的详写则可以更加生动深入(S09)。同时，文章的用词基本准确，但不够恰当生动(E02)。"
140909,"这篇读后感在材料选择上表现较好，能够围绕文章中心，即汤姆聪明、调皮的性格特点，选取了逃避姨妈责罚和巧妙让伙伴刷墙这两个具体事例进行阐述(C02)(C04)，体现了学生能从多角度思考主题并选用合适的材料来表现人物形象(C06)。不过，文章在思想深度和独创性上略显不足，结尾的感悟较为常规，缺乏深刻的个人见解(C05)。在结构安排方面，文章段落与主旨紧密相连(S06)，段与段之间关系紧密(S08)，能够使用“还有一次”等过渡词句有效地粘合相邻段落(S03)。句段内部联系紧密(S07)，前后内容交代得比较清楚(S02)。开头直接点明人物评价，切题恰当(S11)，但结尾过于简洁，仅用一句话总结，显得有些仓促单薄(S12)。叙事详略方面，重点描写了刷墙的情节(S09)，对过渡性材料进行了略写(S10)。语言表达上，全文语句通顺，意思完整(E01)，叙事有条理(E12)，并且关注到了人物吃苹果等动作细节(E11)。但是，词句略显平淡，缺乏生动优美的描写(E02)，修辞手法使用较少(E05)，表达方式和表现手法也较为单一(E06)(E07)，主要以平实的记叙为主。"
140916,"该生作文在内容选择上较为具体且充分，涵盖了情节概括、佳句赏析及感悟三个方面，支撑了推荐理由(C02)，且全文始终围绕“好书推荐”这一中心进行组织(C04)。尤其值得肯定的是，结尾处对于“无常”与人生的探讨具有较高的思想深度和独特性，体现了作者深刻的思考能力(C05)，表明学生能够从情节、语言、哲理等多个角度对主题进行思考与选材(C06)。在结构上，文章开头切题迅速且恰当(S11)，结尾总结有力简洁(S12)。叙述过程中，前后内容交代清晰(S02)，段落之间运用了过渡词句进行有效粘合(S03)，使得段落间关系紧密(S08)。各段落内容紧扣主旨(S06)，段内语句也紧密围绕中心句展开(S07)。文章详略得当，重点详写了故事情节(S09)，略写了过渡性材料(S10)。语言表达方面，语句通顺流畅，意思完整(E01)，词句运用恰当且有一定的生动性(E02)。但在表现手法上，修辞手法的综合运用相对较少(E05)，表达方式偏向单一的叙述与议论(E06)，表现手法较为常规(E07)。此外，对于人物和事件细节的刻画略显平铺直叙(E11)，观察的主次顺序安排尚可但不够突出(E12)。作文选取了具体且充分的材料来支撑推荐理由(C02)，全文始终紧紧围绕“好书推荐”这一中心来组织和安排内容(C04)。结尾处关于“无常”的感悟具有很强的独特性和思想深度(C05)，体现了作者能从情节、语言、哲理等多个角度思考主题并选用合适的材料来表现(C06)。文章开头写法恰当，直入主题(S11)，结尾简洁利落，升华了主题(S12)。叙述时能够清楚地交代前后内容(S02)，并熟练运用过渡词句粘合相邻段落(S03)，使得段与段之间的关系十分紧密(S08)。各段落与主旨紧密相连(S06)，各句话也能紧密围绕段落中心句展开(S07)。在详略安排上，能够详写文章的重点情节部分(S09)，并有效地略写过渡性材料(S10)。语言方面，语句通顺且意思完整(E01)，词句恰当生动(E02)。不过，文章在综合使用多种修辞手法方面表现一般(E05)，表达方式(E06)和表现手法(E07)的运用较为基础。对人物和事件细节的关注度还有提升空间(E11)，观察的主次顺序安排处于中等水平(E12)。"
140917,"文章能够围绕推荐《神秘岛》这一中心，选取了书中五位主人公的性格特点以及荒岛求生的主要情节作为素材，材料具体且较为充分(C02)(C04)。作者试图从人物分析和故事梗概两个角度来展现书籍魅力，体现了多角度思考主题的能力(C06)，同时也表达了自己对书中人物（如史密斯）的独特喜爱与见解(C05)。在结构安排上，开头直接引出书名和人物，切入主题较快(S11)。文章段落内部的句子逻辑关联较好(S07)，段落之间的整体关系也较为紧密(S08)。在介绍人物时，作者能够有主次、有顺序地进行观察和描述，使得人物形象各有侧重(E12)。不足之处在于，故事情节的复述略显流水账，前后内容的交代不够细致清楚(S02)，段落之间缺乏有效的过渡词句进行自然粘合(S03)，导致各段落与主旨的紧密度显得一般(S06)。在详略处理上，重点情节如“建设家园”的过程写得不够详细(S09)，过渡性材料的略写也不够精炼(S10)。结尾仅用一句话收束，显得过于仓促和单薄(S12)。语言表达方面，全文语句基本通顺(E01)，词句使用尚可(E02)。但在人物和事件的细节描写上还不够生动(E11)，修辞手法运用较少(E05)，表达方式较为单一(E06)，表现手法的多样性也有待加强(E07)。"
140929,"这是一篇结构完整、条理清晰的推荐类作文。在选材与立意方面，你选取了书名、作者背景、故事梗概及主题寓意等具体内容作为写作材料，内容充实(C02)；且所有材料都能紧紧围绕“推荐好书”及“养成好习惯”这一中心进行组织，指向性明确(C04)。不过，文章多为对书籍信息的客观复述，缺乏独特的个人感悟或深刻的思想见解，原创性有待加强(C05)。虽然你能从基本信息、内容情节、主题思想等角度切入，但思考维度尚可进一步拓展(C06)。在结构布局方面，你按照书名、作者、内容、主题的顺序进行观察和介绍，层次分明，主次有序(E12)。开头直接点题，交代了推荐的书名及作者，中规中矩(S11)；结尾总结了书中的道理并再次点题，简洁利落(S12)。但在段落衔接上，虽然使用了“我先给大家介绍一下”等过渡句(S03)，但前后内容的交代还可以更加自然流畅(S02)。各段落与主旨的联系基本紧密(S06)，段与段之间的逻辑关系尚可(S08)，句与句之间的衔接也较为连贯(S07)。在详略安排上，你对故事梗概进行了详写(S09)，对作者介绍等过渡性材料进行了略写(S10)，处理得当。在语言表达方面，全文语句通顺，意思完整，阅读体验流畅(E01)。但在文采修饰上略显平淡，词句的生动性和优美度一般(E02)，修辞手法运用较少(E05)。表达方式主要以说明和记叙为主，缺乏议论、抒情等方式的综合运用(E06)，表现手法也较为单一(E07)。此外，在介绍主人公阿章时，更多是情节的概括，对人物和事件的细节描写不够深入(E11)。"
140930,"文章能够围绕推荐《万物解释者》这一中心来选择和组织材料(C04)，例如，作者简介和书中令人印象深刻的几个主题都服务于推荐目的，且所选取的材料如“多人太空屋”“组成你的身件小水袋”等内容具体(C02)，体现出观察时有主次和顺序(E12)，各段落也基本能和主旨紧密相连(S06)，使得文章整体的语句通顺，意思表达完整(E01)。然而，文章在内容的深度与结构衔接上存在不足。首先，文章虽然罗列了多个角度的材料，但对每个要点的阐述都停留在列举层面，未能深入展开，导致文章思想的独特性和原创性不足(C05)，也未能充分详写文章的重点部分(S09)，只是对事件细节的初步关注(E11)，从多角度表现主题的效果因此打了折扣(C06)。其次，在结构上，从作者介绍到内容列举的转折较为生硬，段落与段落之间的关系不够紧密(S08)，未能有效交代前后内容(S02)，也缺少必要的过渡词句来粘合段落(S03)，对过渡性材料的处理显得比较草率(S10)。此外，文章的开头和结尾写法中规中矩，尚可提升(S11，S12)。在语言表达层面，文章词句的运用基本恰当，但不够生动优美(E02)，并且综合运用修辞手法(E05)、表达方式(E06)及表现手法(E07)的能力均有待加强。"
140936,"文章整体思路清晰，能够围绕推荐好书这一中心来选择和组织材料，比如提炼出“三颗心”作为核心内容进行介绍(C04)，并从几个角度来阐述交友的秘诀(C06)。文章最大的优点在于语言表达，基本做到了语句通顺且意思完整(E01)。然而，文章在内容的深度和结构的详略上存在明显不足。首先，在内容层面，文章选取的材料虽然与主题相关，但不够具体充分，大多停留在对概念的简单解释上，未能结合书中的具体情节或个人体验来展开，导致文章缺乏细节(E11)，也未能体现出深刻独到的见解(C05)，仅仅是选取了材料而未能充分使用(C02)。其次，在结构安排上，文章未能详写重点部分，对于核心概念“三颗心”的阐述过于简略(S09)，而对于次要的过渡性材料也处理得不够得当(S10)。段落之间的前后内容交代不够清晰，特别是从介绍“三颗心”到个人感悟的转换显得有些突兀(S02)，同时段落内部的句子之间联系也稍显松散(S07)。开头部分虽然点明了主旨，但略显平淡(S11)。最后，在语言表达方面，尽管语句通顺，但词语的运用较为平实，不够生动优美(E02)，也基本没有综合运用修辞手法或多样的表达方式来增强文章的感染力(E05，E06)。"
140937,"文章选取了书名、人物介绍以及具体的安全条款等材料，内容较为具体充实(C02)，整体能够围绕“好书推荐”这一中心进行选材和组织(C04)。但在思想内容的独特性和深刻性上略显不足，多为信息的直接罗列，缺乏个人独特的见解(C05)，思考角度也较为单一，未能多维度地展现书籍魅力(C06)。在结构安排上，开头直接点题(S11)，结尾提供了购买建议，简洁利落(S12)。然而，段落之间缺乏有效的过渡词句进行粘合(S03)，导致段与段之间的逻辑关系不够紧密(S08)。前后内容的交代稍显突兀(S02)，虽然各段落能扣住主旨(S06)，段内句子联系尚可(S07)，但对重点内容（如具体的安全条款）的详写流于机械罗列(S09)，过渡性材料的略写也显得不够自然(S10)。语言表达方面，能够有主次、有顺序地列举观察到的书籍内容(E12)，并关注到了具体的安全知识细节(E11)。不过，语句通顺度有待提高，部分句子表意不明(E01)，词句表达较为平淡(E02)，未能综合使用多种修辞手法(E05)和表达方式(E06)来增强文章的感染力，表现手法也较为单一(E07)。"
140940,"本文尝试通过介绍背景信息来推荐《水浒传》，在材料选取上能够提供关于书籍地位和作者生平的基本事实(C02)。然而，文章的核心问题在于未能围绕“推荐”这一中心来有效组织材料，导致罗列的背景信息与推荐的意图联系不紧密(C04)，仅仅从书籍的历史地位和作者生平的角度切入，思考维度较为单一(C06)，文末虽有个人感悟，但思想深度有限(C05)。在篇章结构上，文章开头能够直接点题(S11)，但各段落之间缺乏必要的过渡，前后内容的衔接显得生硬(S02，S03，S08)，这使得段落与主旨的关联性(S06)以及段落内语句的凝聚力都受到了影响(S07)。文章未能详写能够体现书籍魅力的核心部分，如具体情节或人物(S09)，反而对作者简介这类应作略写的背景材料着墨过多(S10)，导致详略不当，结尾也显得较为仓促，与前文的论述未能形成呼应(S12)。语言表达方面，语句基本通顺但偶有不够流畅之处(E01)，词语运用较为平实，缺乏生动优美的色彩(E02)，全文未使用修辞手法(E05)和表现手法(E07)，表达方式也比较单一(E06)。更重要的是，文章缺少对人物和事件细节的关注(E11)，观察和叙述停留在宏观信息的简单罗列上(E12)。"
140942,"文章的优点在于能够结合个人实际来展开论述，开篇从自身的不自信谈起，引出书籍对自己的帮助，这种写法能够体现出一定的思想深度(C05)，并能围绕“一本好书”的中心来选择和组织书籍内容与个人感悟等材料(C04)，选取的材料如名人案例和“哈佛成长小贴士”等也较为具体充分(C02)，体现了多角度思考的意识(C06)。文章段落之间的逻辑顺序是清晰的，从个人体验到普适性推荐，结构关系紧密(S08)。然而，文章在结构衔接与主旨的集中性上存在不足。首先，段落之间的过渡不够自然流畅，前后内容的交代有时显得比较直接(S02)，缺少必要的过渡词句(S03)。其次，文章的第三段介绍“小测试”部分，与前文论述的成长启发这一核心主旨关联度不高，显得有些游离，削弱了各段落和主旨的紧密联系(S06)。文章的开头过于平实，只是简单交代事件，缺乏吸引力(S11)。在语言表达层面，文章语句基本通顺(E01)，但词语的运用较为平淡，不够生动优美(E02)，并且全文几乎没有使用修辞手法和表现手法，导致文采不足(E05，E07)。"
141001,"文章能够围绕生命价值这一中心展开论述，开篇直接点题，观点明确(S11)，并且选用了瓜苗生长与小花开放两个例子来支撑观点，做到了材料服务于中心(C04)。然而，文章在内容的深度与广度上存在不足，选取的材料虽然具体但挖掘不够深入(C02)，思考角度也较为单一(C06)，未能展现出思想的独特性(C05)。结构方面，段落之间的衔接生硬，缺乏必要的过渡词句(S03)，导致段与段的关系不够紧密(S08)，影响了前后内容的清晰交代(S02)。语言表达是本文最主要的失分点，语句不通顺的现象较为突出，存在成分残缺和语意重复的问题(E01)，同时对材料的描写也缺少对关键细节的刻画(E11)，未能有效运用多种表现手法来增强文章的感染力(E07)。"
141003,"本文选取了飞蛾求生、瓜苗生长、自身心跳以及盆栽复活等具体而充分的材料(C02)，能够从不同角度思考并选用合适的材料来表现主题(C06)，紧密围绕“感受生命”这一中心组织内容(C04)，尤其是结尾关于沙漏与金子的比喻，体现了深刻的思想与独特性(C05)。在结构布局上，文章开头恰当引入话题(S11)，结尾简洁利落且富有哲理(S12)，详写了盆栽起死回生的重点部分(S09)，略写了铺垫性材料(S10)，详略处理得当。各段落与主旨联系紧密(S06)，段与段之间关系紧密(S08)，句段联系紧凑(S07)，前后内容交代清楚(S02)，并能有效利用过渡词句粘合段落(S03)。语言表达方面，全篇语句通顺，意思完整(E01)，词句恰当且生动优美(E02)，综合使用了排比、比喻等多种修辞手法(E05)及表现手法(E07)，同时也综合运用了多种表达方式(E06)。在描写具体事物时，能够关注人物和事件的细节(E11)，并展现出有主次、有顺序的观察能力(E12)。"
141009,"文章在内容取材上表现较好，能够选取钓鱼和体验盲童生活这两个具体且充分的材料来支撑主题(C02)，并且这两个材料都能够围绕“热爱生命”的中心展开，服务于主旨的表达(C04)。从释放小鱼的感悟到对残障人士的共情，体现了作者从不同角度对生命进行思考(C06)，并在此基础上生发出自己对于幸运和生命价值的思考，使文章具备了一定的独创性(C05)。在结构安排上，文章叙事线索清晰，能够交代清楚前后事件的经过(S02)，各段落也都能紧密围绕主旨展开(S06)。对小鱼奋力挣扎求生的场景进行了重点刻画，做到了详略处理(S09)，而对课文内容的引述则相对简略(S10)。结尾部分简洁地总结了全文，深化了主题(S12)。然而，段落之间的衔接略显生硬，主要依靠“还有一次”这样的词语进行连接，粘合度有待提升(S03)，这也导致段落间的内在逻辑关系不够紧密(S08)。同时，段落内部个别句子与段落中心句的联系可以更紧密一些(S07)，开头部分也略显平淡，可以设计得更具吸引力(S11)。语言表达方面，语句基本通顺，意思完整(E01)，使用了“奄奄一息”等词语，使表达较为恰当生动(E02)。作者能够关注到小鱼甩尾的动作细节和自己蒙上眼睛后的心理活动，体现出对人物和事件细节的关注(E11)，观察也具备一定的主次和顺序(E12)。不过，在修辞手法(E05)、表达方式(E06)以及表现手法(E07)的综合运用上还有提升空间。"
141016,"文章在思想立意上展现出超越年龄的深刻性与独创性，将“属于自己的世界”这一主题从个人生命价值的思考，拓展至对世间万物生命权利的尊重，体现了多角度的辩证思考(C05)，并能围绕这一中心选择个人经历、社会现象与想象类比等材料予以支撑(C04)，使得文章选材较为具体充分(C02)，立意高远(C06)。在结构层面，文章的开篇以设问引入，结尾则以呼吁和总结收束，首尾呼应且简洁有力(S11，S12)，主体部分从个人意识到社会倡议的逻辑推进清晰，前后内容交代明确(S02)，段落间的衔接也较为自然(S03)，各段落及段内语句均能紧扣主旨(S06，S07)，保证了文章的整体性。然而，段落之间的关系虽然存在，但衔接的紧密性尚有提升空间，有时转折略显直接(S08)。在详略处理上，文章的核心倡议部分虽有展开，但论述的深度和细节刻画仍显不足，未能做到充分详写(S09)，而部分过渡性材料的交代也偏于简略(S10)。从语言表达来看，全文语句基本通顺完整(E01)，但词语的运用在恰当之余，生动性和优美感略有欠缺(E02)，修辞手法的综合运用较为单一(E05)，主要依赖说理的表达方式，在表现手法上不够丰富(E06，E07)，对事件和人物的细节关注不足，使得观察虽有主次顺序(E12)，但缺乏深入具体的描摹(E11)。"
141017,"文章在立意上能够围绕生命意义这一中心，从勇气、付出等多个角度展开思考，体现了多维度的审题能力(C06)，并能为这些观点选择《花的勇气》和名人名言等具体材料作为支撑(C02)，使得材料的选择与组织基本能够服务于中心论点(C04)，展现出了一定的思想性(C05)。结构方面，文章内容的前后衔接基本清楚(S02)，也运用了“我还认为”之类的词语进行段落间的过渡(S03)，各段落与主旨的关联、各句话与段落中心句的关联都做得比较到位(S06，S07)，且能做到对过渡性材料的简要处理(S10)，但段落之间是并列罗列而非层层递进，导致段与段之间的逻辑关系不够紧密(S08)，同时对核心观点的阐述不够深入，未能详写文章的重点部分(S09)，开头和结尾的设计也略显平淡和仓促(S11，S12)。语言表达上，语句基本通顺完整(E01)，但词语的运用较为平实，不够生动优美(E02)，修辞手法的运用明显不足(E05)，表达方式和表现手法也比较单一(E06，E07)，在引用材料时，未能通过有主次的观察和对细节的关注来展开具体描绘，使得论证的说服力打了折扣(E11，E12)。"
141029,"这篇作文以《生命生命》为题，通过阅读杏林子作品的感悟与“捉放萤火虫”的亲身经历相结合，表达了对生命的敬畏与珍惜。在选材与立意上，你能够选取具体且充分的材料，将阅读所得与生活中的具体事例相结合(C02)。无论是对杏林子身残志坚的感触，还是易水湖畔放生萤火虫的经历，都能紧紧围绕“热爱生命、珍惜生命”这一中心展开，选材组织得力(C04)。文章详略处理得当，详写了捉萤火虫并最终放生的重点情节，突出了对生命的尊重(S09)，而对于去易水湖的行程等次要内容则能略写带过(S10)。不过，文章在思想深度上稍显常规，多角度思考尚有拓展空间(C05)(C06)。在结构布局上，开头开门见山，点明阅读书目及感受，切入主题恰当(S11)；结尾总结全文，呼应开头，简洁利落(S12)。各段落内容均能紧密围绕主旨展开(S06)。但在段落衔接方面略显生硬，尤其是从读后感转入回忆叙事时，缺乏必要的过渡词句来粘合相邻段落(S03)，导致段与段之间的逻辑关系不够紧密(S08)。此外，部分语句与段落中心的联系还可以更加紧凑，前后内容的交代也可进一步优化(S02)(S07)。在语言表达上，全文语句通顺，意思完整(E01)，词句运用恰当且生动，如对萤火虫动态的描写(E02)。你能够关注人物和事件的细节，生动描绘了萤火虫在瓶中挣扎的情景及大人的劝导(E11)，并能有主次、有顺序地进行观察和叙述(E12)。同时，综合运用了叙述、议论等表达方式(E06)。但在修辞手法和表现手法的运用上较为单一，丰富度有待加强(E05)(E07)。"
141030,"文章能够围绕中心选择并组织材料(C04)，通过记叙自己饲养蝈蝈的经历这一具体事件来展开，材料选取较为充分(C02)，并且能够关注到蝈蝈叫声变小、少了腿等事件细节(E11)，体现出有顺序的观察(E12)。文章开头和结尾均能做到恰当简洁(S11)(S12)，主体段落与主旨的联系也比较紧密(S06)。在叙事过程中，能够详写观察蝈蝈的核心部分(S09)，对引子部分则能做到略写(S10)。语言表达整体通顺完整(E01)，词句使用基本恰当(E02)。文章的不足之处在于，思考角度相对单一(C06)，对生命主题的探讨停留在较为普遍的认知层面，缺乏更具独创性的深刻见解(C05)。在结构方面，内容之间的前后交代与段落间的关系处理略显生硬(S02)(S08)，缺少必要的过渡词句进行粘合(S03)，导致个别语句与段落中心句的联系不够紧密(S07)。此外，文章主要运用记叙的表达方式，手法较为单一(E06)(E07)，修辞手法的运用也有待加强(E05)。"
141036,"文章能够选取一个家庭生活中的具体事例来展开叙述，材料较为充实具体(C02)，并且在叙事时基本做到了主次分明，详略得当(S09)(S10)。整体叙事线索清晰，能够交代清楚事件的前后经过(S02)，段落之间也存在着基本的逻辑关联(S08)。语言表达流畅，语句通顺完整，这是本文的突出优点(E01)，结尾部分也显得简洁有力(S12)。然而，文章的核心问题在于材料与中心思想的匹配度不高，虽然选择了材料，但未能有效地围绕“珍惜生命”这一中心进行组织和提炼，导致文章主旨的体现较为牵强(C04)。这种单一角度的选材也反映出思考的维度不够开阔(C06)。在结构层面，段落与主旨的联系因此显得松散(S06)，尤其是在主体段落内部，句与句之间的逻辑衔接不够紧密，存在意义上的跳跃(S07)。同时，全文缺少必要的过渡词句，使得段落间的转换显得生硬突兀(S03)。在语言表现上，尽管通顺，但在词语的生动性和表现力上还有提升空间(E02)，修辞手法(E05)、表达方式(E06)及表现手法(E07)的运用都较为单一，限制了文章的感染力。"
141037,"文章选取了多肉植物、残疾小猪和海伦·凯勒三个具体事例，材料较为丰富且能支撑文题，体现了选材的具体性(C02)。这三个材料均紧紧围绕“生命顽强”这一中心展开，组织有序，未出现偏题现象(C04)。各段落内容均指向生命的主题，与主旨联系紧密(S06)，段落内部的句子也能围绕各段中心（如多肉的顽强、小猪的坚强）展开(S07)，段落间的逻辑关系也较为紧凑(S08)，过渡自然(S03)。结尾处试图对生命意义进行升华，收束全文，形式上较为简洁利落(S12)。语句基本通顺，意思表达完整(E01)。然而，文章在思想深度上略显不足，所选的海伦·凯勒等素材较为常见，缺乏独特的视角和深刻的原创性思考(C05)，多角度挖掘主题的能力有待加强(C06)。叙事过程中，前后内容的交代稍显平铺直叙，缺乏波澜(S02)。详略安排上存在明显短板，三个事例平均用力，未能对重点部分（如生命顽强的具体细节）进行浓墨重彩的详写(S09)，过渡性材料的处理也缺乏技巧(S10)。开头过于直白简单，仅用一句话引入，缺乏吸引力(S11)。语言表达较为口语化，词句缺乏生动性和优美感(E02)，修辞手法(E05)、表达方式(E06)及表现手法(E07)的运用较为单一。在细节描写上，对人物动作、神态及事件过程的刻画不够细腻(E11)，观察的主次顺序也需进一步优化(E12)。"
141040,"这篇作文以“生命·生命”为题，试图探讨生命的意义与价值。在选材方面，文章引用了爱因斯坦的名言以及海伦·凯勒、杏林子的事迹，材料选取尚属具体，能够体现对生命意义的思考(C02)，同时也表现出了一定的个人见解，如对生命珍贵与否的辩证看法(C05)。但在围绕中心组织材料时，海伦·凯勒与杏林子的事例混合叙述，逻辑略显混乱，未能很好地支撑起文章的核心论点(C04)；且思考角度较为单一，主要局限于“身残志坚”的传统视角，缺乏更多维度的拓展(C06)。在结构布局上，文章开头尝试引用名言引入话题，具备一定的形式感(S11)，但段落之间的衔接较为生硬，缺乏有效的过渡词句来粘合上下文(S03)，导致段与段之间的逻辑关系不够紧密(S08)。叙述过程中，前后内容的交代基本清楚(S02)，各段落也能大致关联到生命这一主旨(S06)，但具体到句子层面，部分语句与段落中心的联系不够紧凑(S07)。此外，文章详略安排有待优化，重点事例叙述过于简略，未能深入展开(S09)，而一些过渡性或议论性的内容则显得拖沓(S10)。结尾部分虽然试图总结并发出呼吁，但表达较为口语化，显得匆忙且不够有力(S12)。在语言表达上，全文语句基本通顺(E01)，但存在较多口语化的表达（如“等等等等”、“人家”等），不够规范。词句运用较为平淡，缺乏生动性(E02)，修辞手法的使用也仅限于简单的比喻(E05)，表现手法单一(E07)，且未能很好地综合运用记叙、议论等多种表达方式(E06)。在细节描写方面，对人物和事件的刻画不够深入(E11)，观察与叙述的顺序感也不够强(E12)。整体而言，文章立意积极，但在结构严谨性和语言规范性上仍有较大的提升空间。"
141042,"本文最大的亮点在于观察细致且有序，能够捕捉蒲公英破土而出的关键细节，并按照时间顺序有主次地呈现事件发展(E11)(E12)。内容上，选取西红柿与蒲公英的对比作为材料，具体且充分(C02)，并由此生发出对生命力的感悟，体现了一定的独创性思考(C05)。结构方面，文章以时间为线索，前后内容的交代清晰(S02)，并能使用过渡词句衔接段落(S03)，对关键情节的详写和等待过程的略写处理得当，主次分明(S09)(S10)。语言表达上，词句的运用较为恰当生动(E02)，叙事与抒情的结合也比较自然(E06)。然而，文章在整体建构上尚有不足。首先，材料的组织与中心思想的结合紧密度一般(C04)，段落与主旨以及段落之间的逻辑关系有待加强(S06)(S08)，未能从多角度选用材料来表现主题(C06)。其次，段落内部的凝聚力是明显的短板，部分句子围绕段落中心句不够紧密(S07)。结尾联系自身感悟略显仓促，未能简洁利落地收束全文(S12)，开篇也相对平实(S11)。最后，在语言层面，文章整体语句通顺度尚可(E01)，但对修辞和表现手法的综合运用较为有限(E05)(E07)。"
141101,"文章选取了课堂上一次特殊的听写活动作为素材，内容具体且有生活气息，能够支撑起文章的叙述框架，这一选材是充分的(C02)。虽然叙事完整，但在围绕中心组织材料方面稍显松散，部分心理描写与“仔细倾听”这一核心主题的关联度不够紧密，未能强有力地聚焦中心(C04)。文章的思想深度较浅，仅停留在对活动流程的简单记录和基础感悟上，缺乏独特的见解(C05)，也未能从多个角度对主题进行深入思考(C06)。在结构上，文章的时间线索清晰，基本交代清楚了前后内容(S02)。开头直接切入事件，虽有格式瑕疵但尚算恰当(S11)；结尾总结感悟，做到了简洁利落(S12)。然而，段落之间的过渡较为生硬，缺乏有效的过渡词句进行粘合(S03)。各段落、句子与主旨及中心句的联系不够紧密，逻辑跳跃较为明显(S06)(S07)，导致段与段之间的关系显得疏离(S08)。在详略安排上，虽然试图描写听写过程，但重点不够突出(S09)，过渡性材料的处理也较为随意(S10)。语言表达方面，语句基本通顺，意思表达完整，但存在标点和语病问题(E01)。词句较为口语化，缺乏生动性和文采(E02)。修辞手法的使用较少且部分比喻（如小鸟、月亮）略显生硬，未能有效增强表达效果(E05)。虽然综合运用了记叙和描写等表达方式(E06)，并尝试使用了心理描写等表现手法(E07)，关注了人物心理和事件细节(E11)，也有一定的观察顺序(E12)，但整体语言的精炼度和表现力仍有待提高。"
141103,"文章选取了班老师一次特别的“听写”活动作为核心素材，内容具体且充实，能够支撑起文章的叙述框架(C02)。整篇作文紧紧围绕“老师的套路”这一中心进行选材和组织，主旨明确(C04)。作者能够从这一具体的生活场景出发，多角度思考主题，选用的材料非常契合文章想要表达的意图，体现了较好的选材能力(C06)。在立意上，从被“骗”到领悟“认真”的重要性，体现了一定的独特性和思想性(C05)。在结构安排上，文章起因、经过、结果交代得非常清楚，叙事逻辑完整(S02)。文中熟练运用了“活动一开始”、“接下来”、“紧接着”等过渡词句，使得相邻段落间的粘合非常自然流畅(S03)。各段落的内容都与主旨紧密相连，没有偏离主题的废话(S06)。文章开头设置悬念，引人入胜(S11)，结尾总结全文，点明老师的良苦用心，简洁利落(S12)。在详略安排上，作者能够详写听写过程中的心理变化这一重点部分(S09)，而对过渡性材料进行了适当的略写(S10)。不过，段与段之间的逻辑紧密度(S08)以及句子与段落中心的关联(S07)虽好，但在感悟部分的层次递进上仍有优化空间。语言表达方面，全文语句通顺，意思表达完整(E01)。作者关注到了人物心理和事件的细节，特别是听写时的心理活动描写得比较细腻(E11)，并且能够按照事情发展的顺序有条理地进行观察和叙述(E12)。词句运用基本恰当，有一定的生动性(E02)。但在修辞手法的综合运用(E05)、多种表达方式的结合(E06)以及表现手法的多样性(E07)方面略显单薄，主要依赖平实的记叙和心理描写，若能增加一些比喻、拟人等修辞或侧面描写，文章会更具感染力。"
141109,"本文最大的亮点在于选材新颖独特，能够围绕一次别开生面的课堂活动展开叙述，内容具体而充分(C02)，具有较好的独创性(C05)。作者能够从自身、未写同学、写对部分同学等多个角度取材，立体地呈现了整个活动过程与各方反应，体现了良好的多角度思考能力(C06)，并且对活动中的时间限制、关键话语等核心细节有准确的捕捉(E11)，观察有序(E12)。在文章结构方面，事件的前后经过交代得比较清晰(S02)，段内句子围绕中心展开(S07)，开篇也能迅速设置悬念，吸引读者(S11)。然而，文章在材料组织上存在提升空间，段落间的逻辑关系主要依靠“紧接着”、“最后”等简单的过渡词维系(S03)，使得段落之间的衔接略显松散(S08)，未能完全围绕中心进行最紧密的组织(C04)(S06)，导致详略处理不够分明(S09)(S10)。语言表达上，文章能够运用“忐忑”、“懵圈”等词语生动地描摹心理与状态(E02)，但部分语句的流畅度有待加强(E01)。叙述、描写、议论等表达方式的综合运用尚可(E06)，但在修辞和表现手法的多样性上表现平平(E05)(E07)，结尾对活动意义的总结也略显仓促，未能形成有力的收束(S12)。"
141116,"文章在内容选择与结构安排上表现出色，能够选取一次独特的课堂活动作为具体且充分的写作材料(C02)，并紧密围绕“探寻背后道理”这一中心来组织和呈现事件的始末(C04)，使得每个段落都与主旨紧密相连(S06)。叙事逻辑清晰，事件的前后发展交代得很清楚(S02)，段落之间也使用了恰当的过渡词语进行连接(S03)，形成了紧密的逻辑关系(S08)。尤其值得肯定的是，文章能够从自身、不同反应的同学以及老师等多个角度来思考和展现主题(C06)，并通过详写两次听写过程中的心理活动与思考过程，成功突出了文章的重点部分(S09)，同时对次要的过渡性情节进行了略写(S10)，体现了良好的详略意识。对于事件细节的关注和按主次顺序的观察，使得整个过程的记叙非常具体真实(E11，E12)。开篇通过预期与现实的转折制造了悬念，是一个恰当且吸引人的开头(S11)，而这种源于真实体验的独特思考也让文章具备了一定的原创性(C05)。尽管全文语句通顺，意思表达完整(E01)，但在语言表达的锤炼上尚有提升空间，词句的生动性和优美性略显不足(E02)，修辞手法(E05)与表现手法(E07)的运用也较为单一，主要依赖叙述和心理描写，综合表达方式的运用不够丰富(E06)。此外，在段落内部，个别语句的组织可以更精炼，以更紧密地服务于段落中心(S07)；结尾部分虽然点明了主旨，但感悟的阐述略显冗长和重复，可以处理得更简洁有力(S12)。"
141117,"文章选取了一次别开生面的听写活动作为素材，内容具体且具有生活气息，能够较好地围绕“多方面思考”这一中心进行材料的组织与安排(C02)(C04)。选题避开了常规活动课的套路，展现了一定的独特性和原创性(C05)，但在多角度挖掘主题方面还有提升空间(C06)。叙事条理清晰，能够交代清楚活动课的起因、经过和结果(S02)，段落之间关系紧密(S08)，并能按照时间顺序有主次地进行观察与记录(E12)。在行文中，能够对过渡性材料进行略写处理(S10)，同时也尝试使用了过渡词句来连接段落(S03)，但在重点部分的详写上还不够深入(S09)，导致段落内容与主旨的联系不够紧密(S06)。开头采用了开门见山的方式(S11)，结尾虽总结了道理但略显仓促简洁(S12)。语言方面，语句通顺流畅，意思表达完整(E01)，词句运用较为恰当(E02)，虽然运用了一定的修辞手法(E05)，但在表达方式(E06)和表现手法(E07)的综合运用上较为单一。此外，虽然关注了心理活动，但在人物和事件的细节刻画上还可以更加细腻(E11)，句段之间的逻辑紧密度也有待加强(S07)。"
141129,"文章能够围绕一次课堂游戏展开叙述，选取的材料具体充分(C02)，并且紧密围绕着游戏过程这一中心来组织(C04)。全文主次分明，能够详写游戏过程这一重点部分(S09)，并对次要环节进行略写(S10)，使得各段落和主旨的联系较为紧密(S06)。从叙事上看，事件的前后交代基本清楚(S02)，观察也体现出了先后顺序(E12)，保证了内容的流畅和语句的通顺完整(E01)。然而，文章在思想深度和语言表现力上存在明显的不足。首先，文末的感悟较为浅显，未能从事件中提炼出具有独特性和深刻性的思考(C05)，思考问题的角度也比较单一(C06)。其次，语言运用较为平实，词句的选择不够生动优美(E02)，综合运用修辞手法(E05)和表现手法(E07)的能力有待加强，对人物和事件的细节刻画也不够深入(E11)。在结构方面，虽然段落间关系紧密(S08)，但缺少必要的过渡词句进行粘合(S03)，同时开头和结尾的处理也显得较为平淡(S11，S12)。"
141130,"文章能够完整记叙一次课堂活动，在内容选择上，能够选取老师引导、自我猜测等具体环节，材料较为充分(C02)，并能围绕“有趣的活动”这一中心来组织材料(C04)，使得各段落和主旨的联系比较紧密(S06)。叙事时基本能按照事件发生的顺序来观察和记录，有一定条理(E12)，语句也通顺完整(E01)。然而，文章在思想深度和表达技巧方面存在明显不足。首先，文章的立意较为浅显，结尾的感悟只是对活动目的的简单复述，未能展现出独特或深刻的见解(C05)，从多角度思考主题的能力也有待加强(C06)。其次，在结构与详略处理上，文章对“我”如何猜出答案的心理活动这一重点部分描写不够深入(S09)，过渡性材料的处理也较为粗糙(S10)，导致内容的前后衔接不够清晰(S02)，段落间的粘合主要依靠“然后”“紧接着”等简单的过渡词，略显生硬(S03)。同时，文章的开头较为平实(S11)，结尾则显得有些仓促，缺乏余味(S12)。最后，在语言表达和表现手法上，词句的运用基本恰当但不够生动优美(E02)，对人物和事件的细节刻画不足(E11)，也较少综合运用修辞手法(E05)和多样的表现手法(E07)来增强文章的感染力。"
141136,"文章选取了特殊的听写活动作为素材，内容具体且充实(C02)，并能紧紧围绕这一中心事件来组织材料(C04)。难能可贵的是，作文不仅记录了活动过程，还从锻炼专注力、分析判断力以及做人做事等多个层面进行了深入挖掘，体现了思想的独特性与原创性(C05)，展示了多角度思考主题的能力(C06)。在叙述过程中，作者敏锐地捕捉到了活动形式的特殊性以及自己“崩溃”到“恍然大悟”的心理变化，细节关注十分到位(E11)，观察叙述有主次、有条理(E12)。从结构上看，文章前后内容交代得非常清楚(S02)，能够运用一定的过渡词句连接段落(S03)，各段落与主旨的联系也比较紧密(S06)。但在句与句、段与段的内在逻辑粘连上还可以更紧凑些(S07)(S08)。详略安排上，重点描写了第一个例子及心理活动(S09)，略写了后续例子(S10)，处理得当。开头中规中矩(S11)，结尾虽然进行了总结升华，但稍显平淡(S12)。语言表达方面，全篇语句通顺，意思完整(E01)，词句运用较为恰当(E02)。不过，在修辞手法(E05)、表达方式(E06)以及表现手法(E07)的综合运用上略显单一，若能增加一些描写或修辞，文章会更具感染力。"
141137,"文章选取了“特殊的听写”这一具体事件作为素材，内容较为充实(C02)，且叙述时能遵循时间顺序，条理尚算清晰(E12)，整篇作文语句通顺，基本意思表达完整(E01)。但在开头部分，直接引用老师的话入题，显得较为平淡，缺乏吸引读者的亮点(S11)；虽然叙述了事件过程，但重点部分如同学们听到奇怪指令时的神态、动作以及“我”的心理变化描写不够细腻(S09)，导致文章感染力不足(E02)。此外，文章后半部分虽然尝试总结感悟，但与前文叙事的结合不够紧密，中心思想的提炼略显牵强(C04)，段落之间的逻辑过渡也显得不够自然严密(S08)，结尾部分的语言表达略显拖沓，不够简洁有力(S12)。细节方面，对人物和事件的刻画还停留在表面，缺乏深入的观察和描摹(E11)。整体来看，虽然能运用多种表达方式(E06)和表现手法(E07)，但在综合运用的熟练度上还有待提高，修辞手法的运用也相对匮乏(E05)。建议在今后的写作中，注意详略得当，增强细节描写，并注重文章结构的逻辑性和语言的生动性。"
141140,"文章选取了语文活动课中“听写”这一具体事件作为素材，选材较为具体，能够体现校园生活的侧面(C02)。整体内容尚能围绕“有趣的语文课”这一中心进行组织(C04)，尝试从心理活动、老师评价等多角度来表现主题(C06)，各段落内容与文章主旨保持了较紧密的联系(S06)，段落之间也呈现出基于时间顺序的逻辑关系(S08)。叙述过程中，对于一些非重点的过渡性材料，处理得较为简略，符合略写的要求(S10)，开头能够直入主题，交代了心情(S11)。在观察和叙述上，基本遵循了时间发展的顺序(E12)，语句大部分通顺，意思表达相对完整(E01)，并综合运用了记叙和心理描写等表达方式(E06)。然而，文章在叙事清楚和重点突出方面存在明显不足。首先，对于活动的核心内容交代不清，读者无法得知具体的听写规则以及为何会产生“诚实谦虚”的感悟，前后内容缺乏必要的逻辑铺垫(S02)。其次，文章未能详写重点部分，对于活动中紧张有趣的氛围、同学们的具体反应等核心细节缺乏深入描绘，导致过程显得像流水账(S09)，缺乏对人物神态、动作等细节的关注(E11)。再者，句与句之间的逻辑联系不够紧密(S07)，段落间的过渡词句运用较为生硬(S03)。结尾部分的感悟来得非常突兀，与前文叙述的事实缺乏内在联系，显得不够简洁利落且逻辑脱节(S12)。此外，语言表达较为平淡，缺乏生动优美的词句(E02)，修辞手法(E05)和表现手法(E07)运用贫乏，导致文章的思想深度和独特性不够(C05)。"
141142,"文章的核心优点在于选材与立意，能够选取一次别开生面的课堂听写活动作为核心材料，内容具体充分(C02)，并且全文能紧密围绕这一事件来组织材料，展现了活动的全过程与个人思考(C04)。尤其值得肯定的是，文章结尾的思考揭示了活动背后关于思维灵活性与专注力的深层意义，体现出较好的独创性与思想深度(C05)。从叙事上看，事件的记叙过程清晰，前后内容交代得很清楚(S02)，段落间的衔接也较为自然(S03)。然而，文章在结构与表达的精细度上存在不足。首先，文章的开头稍显平淡(S11)，结尾的总结虽然点明了主旨但略显仓促(S12)。在详略处理上，对于活动过程中“我”的心理活动等重点部分可以进行更详细的描写(S09)，而一些过渡性材料则可以更简洁(S10)，这导致了对人物和事件的细节刻画不够深入(E11)。其次，虽然中心明确，但部分段落与主旨的关联不够紧密(S06)，段落内部的句子组织(S07)以及段与段之间的逻辑关系(S08)还有提升空间。最后，在语言层面，语句基本通顺完整(E01)，但词语的运用不够生动优美(E02)，且表达方式较为单一(E06)，在修辞手法(E05)和表现手法(E07)的综合运用上有所欠缺，使得文采略显不足。"
141201,"文章能够围绕’农家风光’这一中心，选取了蚱蜢、摘苹果、认识青苹果等具体的生活片段作为材料(C04)，体现出你对生活的细致观察(E12)，并能关注到具体的事物细节，如’绿油油的虫子’(E11)。从不同角度选取了多个场景，使得文章内容较为充分(C02)，也展现了多角度的思考(C06)。在文章结构方面，段落之间存在一定的联系(S08)，但事件与事件之间的衔接交代不够清晰(S02)，有时缺少必要的过渡(S03)。同时，文章的详略处理有待加强，对于摘苹果和认识青苹果这样的核心情节，可以进行更详细的描写(S09)，而一些次要环节则可以简略带过(S10)。部分段落内部的句子组织也需要更加紧密，以突出段落的中心(S07)。语言表达上，全文语句基本通顺(E01)，并使用了一些生动的词语(E02)。文章主要运用了记叙的表达方式(E06)。然而，在思想的独特性上可以进一步挖掘，目前思考深度略显不足(C05)。修辞手法和表现手法的运用尚不丰富(E05，E07)。此外，文章的开头较为平实(S11)，结尾则显得过于仓促和概念化，未能与前文的具体体验形成呼应(S12)。"
141203,"文章能够紧密围绕“纯朴的风景画”这一中心来选取和组织材料，通过房前菜地、屋后院落、灶台大锅、屋内暖炕和夜空等多个场景，展现了乡村生活的具体风貌，材料选取较为充分具体(C02)，且能服务于主旨(C04)。从结构上看，文章以空间变换为顺序展开叙述，脉络清晰(E12)，开头能引出主题(S11)，结尾也能点题收束(S12)，各段落与主旨关联紧密(S06)，段落内部的句子也能围绕中心句展开(S07)，段落间的逻辑关系明确(S08)，前后内容交代清楚(S02)，并利用小标题式的段首句起到了有效的过渡作用(S03)。在语言表达层面，全文语句通顺，意思完整(E01)，部分词句运用较为恰当生动，如对小鸡和小羊的描写(E02)，体现出了一定的细节观察能力(E11)。然而，文章在思想深度和独创性上略显不足，选取的角度较为常见(C05)，多角度思考的体现不够充分(C06)。内容详略处理有待提升，部分场景如灶台和大锅的描写可以再深入刻画，作为重点部分进行详写(S09)，而部分场景的过渡则显得有些简略(S10)。此外，文章的表达方式以描写为主，较为单一(E06)，表现手法运用不够丰富(E07)，修辞手法的综合运用也有提升空间(E05)。"
141209,"文章的优点在于能够选取乡村房屋、瓜果、樱桃、池塘、晚霞等具体且充分的材料来展现主题(C02)，并且能够按照从房前屋后到果树池塘再到傍晚景色的顺序进行有主次、有条理的观察(E12)，通过瓜果与石狮子的对比也体现出一定的独创性思考(C05)。在结构方面，段落之间的关系较为紧密(S08)，能够交代清楚前后内容(S02)，也使用了过渡词句来衔接段落(S03)。然而，文章在组织材料围绕中心展开方面尚有提升空间(C04)，从多个角度表现主题的意识可以更强(C06)，同时各段落与主旨的关联以及段落内句子与中心句的联系也需进一步加强(S06)(S07)。文章的开篇与结尾中规中矩，略显平淡(S11)(S12)，对重点部分的详写与过渡材料的略写处理得不够分明(S09)(S10)。语言表达上，虽然能够综合运用比喻等修辞手法(E05)，且基本做到了语句通顺(E01)，但词句的运用不够恰当生动，文学色彩不足(E02)，对事物细节的刻画可以更加深入(E11)，在综合运用多种表达方式和表现手法方面也存在进步空间(E06)(E07)。"
141216,"文章能够紧紧围绕“乡下风景美”这一中心选择和组织材料(C04)，各段落均与主旨紧密相连(S06)，且段落之间以清晰的空间逻辑推进，关系紧密(S08)。在内容上，作者选取了麦田、树木、房舍、花卉、远山等具体充分的材料(C02)，并能从色彩、形态、动静结合等多个角度进行观察与表现(C06)，体现出有主次有顺序的观察习惯(E12)。结构方面，开头结尾均恰当有效(S11，S12)，段落间的过渡能够交代清楚前后内容(S02)，并使用了有效的过渡词句进行粘合(S03)，段内各句也能围绕中心句展开(S07)。语言表达是本文的突出优点，语句通顺完整(E01)，词句使用恰当且生动优美(E02)，能够综合运用比喻、拟人等多种修辞手法(E05)以及描写、议论等多种表达方式(E06)和表现手法(E07)，尤其对景物细节的关注非常到位(E11)。略显不足之处在于，文章的立意虽然明确，但在思想深刻性与独创性上可以进一步挖掘(C05)；同时，在详略处理上，部分可作为重点描写的场景未能进行更详尽的刻画(S09)，而对过渡性材料的略写则处理得当(S10)。"
141217,"文章选取了怀柔白河的山水景色以及农家院的大白鹅、铁锅、火炕等具体材料，内容充实(C02)，这些材料紧紧围绕体验农家生活这一中心进行组织(C04)，体现了作者独特的观察视角和原创性的思考(C05)。在结构布局上，文章能够详写重点的景色与农家特色设施(S09)，略写行程过渡(S10)，并且观察视线由远及近，有主次有顺序地进行了描写(E12)。各段落内容与主旨联系紧密(S06)，开头交代了向往之情(S11)，语句基本通顺完整(E01)，能够运用一定的表现手法来呈现主题(E07)。但是，段落之间多用简单的句式衔接，缺乏有效的过渡词句粘合，导致段际关系略显松散(S03)(S08)。结尾虽然总结了感受，但略显平淡简洁(S12)。在细节描写上，对人物活动的刻画不够细致(E11)，修辞手法的运用也相对单一(E05)，表达方式不够丰富(E06)。"
141229,"文章在选材与立意方面展现出较好的基础，能够围绕“乡村生活”这一中心选择捞鱼、观察农家院、发现马陆虫等具体事例，材料选择充分且紧扣主旨(C02)(C04)。全文各段落均能服务于主题，体现了较好的谋篇布局能力(S06)。在重点处理上，文章做到了详略得当，对马陆虫的观察过程进行了细致的描写(S09)，而对行程背景等则能一笔带过(S10)。观察细致有序，能够抓住事物的特征进行描述，体现了良好的观察力(E11)(E12)。文章语言表达流畅，语句完整通顺(E01)，并能运用一些生动的词语和修辞手法增强表达效果(E02)(E05)。开头和结尾部分简洁明确，结构完整(S11)(S12)。然而，文章在思想深度和构思的独特性上略显不足，对乡村生活的体验停留在新奇有趣的层面，缺乏更深层次的感悟或思考(C05)，这也导致文章未能从更多元的角度来选取和表现材料(C06)。在结构衔接上，段落之间的内容转换有时显得较为直接，缺乏必要的过渡句或词语来使上下文的连接更加自然紧密，例如从农家院的整体介绍直接跳转到第二天发现虫子，逻辑上存在跳跃感(S02)(S03)。此外，文章的表达方式和表现手法也较为单一，以记叙为主，缺少描写、议论、抒情等多种方式的综合运用，限制了文章的感染力和表现力(E06)(E07)。"
141230,"文章在选材与组织上表现出色，能够围绕乡村生活这一中心选取拔萝卜、喂羊、采摘果蔬等具体且充分的材料(C02)，并且将这些材料紧密围绕主旨进行组织(C04)，使得各段落内容都能有效地服务于主题(S06)。叙事详略得当，对拔萝卜和喂羊等核心体验进行了重点描写(S09)，而对其他环节则作了简要处理(S10)。同时，文中不乏对事件细节的关注和按主次顺序的观察(E11，E12)，展现了较好的观察力。语言表达流畅，语句通顺完整(E01)，词语运用也较为恰当生动(E02)。然而，文章在结构衔接和思想深度上存在不足。段落间的过渡主要依靠“首先”“随后”等简单的词语，使得前后内容的交代略显生硬，粘合度不高(S02，S03)。更重要的是，文章在思想的独特性和深刻性上表现平平(C05)，未能从多角度对主题进行思考(C06)，最终的感悟也停留在较为普遍的层面。此外，文章在表现手法上较为单一，以记叙为主，综合表达方式运用不足(E06，E07)，且几乎没有运用修辞手法来增强语言的表现力(E05)。"
141236,"文章在选材与立意上展现了较好的基础，能够围绕中心选取乡村饮食和溪谷游玩这两项具体且充分的材料(C02)，并从饮食与游乐等不同角度来表现主题(C06)，使得各段落内容都能紧扣主旨(S06)。文章最大的亮点在于对细节的观察与呈现，无论是食物的口感质地还是游玩的顺序层次都交代得较为清晰(E11，E12)。然而，文章的结构组织是主要的失分点，段落之间缺乏紧密的逻辑关系和必要的过渡，内容衔接显得生硬(S08，S02，S03)，同时在段落内部，个别语句与段落中心句的关联度不高，例如写游玩时突然转入下雨的情节就显得较为突兀(S07)。此外，文章在详略处理上存在不足，作为重点的游玩过程描写过于概括，未能展开详写(S09)，而一些可略写的部分则处理得相对简单(S10)。文章的开头较为平淡，只是对事件的简单交代(S11)，结尾则相对简洁(S12)。从语言层面看，语句基本通顺(E01)，用词尚可(E02)，但表达方式较为单一(E06)，修辞与表现手法的运用还有提升空间(E05，E07)。最后，文章的思想内容较为常规，缺乏更具独创性的思考(C05)。"
141237,"文章选取了清明节乡下见闻的具体材料，内容较为充实(C02)，并且能够遵循游览踪迹，有主次、有顺序地观察景物与动物(E12)。开头点明时间地点，切题恰当(S11)，结尾总结感受，简洁利落(S12)，对往返路程等过渡性材料做到了略写(S10)。但文章段落间的内容交代不够清楚(S02)，各段落与主旨(S06)、各句子与段落中心(S07)的联系略显松散。虽然尝试详写了重点部分(S09)，但对人物和事件的细节关注度不够(E11)，且修辞手法运用较少(E05)，词句表现力尚待加强(E02)。"
141240,"文章选取了去姥爷家聚餐、烤串、拍全家福等具体的生活场景作为素材，内容较为真实(C02)。但所选材料多为家庭聚会的娱乐活动，与文末总结的“乡村人家辛苦勤劳”这一中心主旨关联度不高，未能很好地围绕中心组织材料(C04)。文章立意较为常规，停留在表面的记录，缺乏独特的视角或深刻的感悟(C05)。虽然尝试从环境描写和人物活动两个角度切入，但两者融合不够自然(C06)。在结构上，文章前后内容的衔接略显生硬，特别是开头从环境描写突然跳跃到具体日期和事件，交代不够清晰(S02)。段落之间缺乏有效的过渡词句，导致叙事流畅度不足(S03)。各段落虽然都在写姥爷家的事，但与“辛苦”这一主旨的逻辑粘连不够紧密(S06)。句与句之间的联系较为松散，部分段落缺乏明确的中心句统领(S07)，段落间的逻辑关系也显得较为疏离(S08)。详略安排上，对于能体现“辛苦”的具体劳作场景描写不够详细(S09)，反而是对一些过渡性内容（如洗手、工具）做了一定交代，略写处理尚可(S10)。开头试图以设问引起注意，但与正文衔接不紧密(S11)；结尾总结显得仓促，与前文内容的因果关系不强(S12)。语言表达方面，语句基本通顺，意思表达完整(E01)。词句较为口语化，缺乏生动优美的描写(E02)。修辞手法运用较少，表现力有待提升(E05)。表达方式以平铺直叙为主，缺乏描写与抒情的结合(E06)，表现手法较为单一(E07)。虽然关注了家人的活动细节，但多为罗列，缺乏深入刻画(E11)。观察虽有一定顺序，但主次不够分明，视角转换略显随意(E12)。"
141242,"文章紧扣乡村生活的主题，能够围绕中心选择并组织材料，使得全文内容与主旨高度统一(C04)。作者选取了乘坐三轮车、庭院晚餐和雨中观赏芭蕉林这三个场景作为具体材料，内容较为充分，展现了乡村生活的独特体验(C02)。同时，文章能从交通工具、饮食方式和自然景物等多个角度来表现主题，体现了较为全面的构思(C06)，并且在描写中融入了从 apprehension 到享受的个人情感变化，使文章具备了一定的独特性(C05)。结构方面，全文按照时间顺序展开，内容交代清晰(S02)，段落之间通过“晚上”、“第二天一早”等词语进行连接，过渡较为自然(S03)。各段落均能服务于主旨(S06)，段内句子围绕中心展开，逻辑紧密(S07)，使得段落间的关系清晰有序(S08)。文章在重点部分的描写较为详细，如对芭蕉林的观察，做到了详略得当(S09)，对过渡性内容的交代则比较简洁(S10)。结尾部分能够总结全文，点明感受，干净利落(S12)，但开头仅为平实记叙，略显平淡，缺乏吸引力(S11)。语言表达上，语句通顺完整(E01)，能够运用“窃窃私语”、“像一颗颗珍珠滑到地上”等生动贴切的词句和比喻、拟人等修辞手法来增强文章的形象性(E02，E05)。作者对事物细节的观察较为仔细(E11)，并能按照主次和顺序进行描写(E12)。然而，文章在表达方式的综合运用上略有不足，以记叙和描写为主，手法较为单一(E06，E07)。"
141301,"文章在内容选择上能够围绕中心展开，选取了蜡烛的故事和个人经历作为材料(C04)，故事内容具体，材料选用较为充分(C02)。同时，能够从寓言和现实生活两个角度切入主题进行思考(C06)，但文章的立意深度和思想的原创性方面略显不足(C05)。结构方面，文章的段落能够紧密围绕主旨展开(S06)，段与段之间的关系也较为紧密(S08)，开头能够对故事背景进行基本的交代(S11)。然而，在具体叙事时，前后内容的交代不够清晰，情节的连贯性有待加强(S02)，段落之间也缺少必要的过渡词句进行粘合(S03)，导致衔接略显生硬。部分段落内部的句子之间联系不够紧密(S07)，结尾对观点的总结也稍显仓促(S12)。在详略处理上，文章对重点部分的详写和对过渡材料的略写都还不够成熟(S09)(S10)。语言表达上，语句基本通顺，意思表达完整(E01)，但词句的运用不够恰当生动(E02)，也未能综合运用多种修辞手法(E05)或表现手法(E07)来增强文章的感染力。表达方式较为单一，主要以叙述为主(E06)，对人物和事件的细节关注不足(E11)，观察也缺少主次顺序(E12)。"
141303,"该作文以“宽容”为主题，选取了课堂观看的蜡烛短片作为核心材料，并辅以雨果的名言及海伦·凯勒的事例，选材具体且充分支撑了观点(C02)，所有素材均紧紧围绕“学会宽容”这一中心进行组织(C04)。作者从寓言故事引发的感悟出发，延伸至对自身的要求及对名人的思考，体现了多角度表现主题的能力(C06)，但在思想深度和独创性上表现尚可，立意较为常规(C05)。在结构安排上，文章详写了短片中两根蜡烛互动的经过，重点突出(S09)，对于起因、经过和结果的交代十分清楚(S02)，叙述过程有主次、有顺序(E12)，各段落及段内语句均紧密围绕主旨展开(S06)(S07)，段落间逻辑关系较为紧密(S08)。然而，段落之间的过渡略显生硬，缺乏有效的过渡词句进行粘合(S03)，过渡性材料的处理也较为普通(S10)。开头仅简单陈述事件背景，稍显平淡(S11)，结尾虽以反问收束，但简洁度与力度有待提升(S12)。语言方面，全篇语句通顺流畅(E01)，在复述故事时使用了“抿着嘴”、“弯下腰”等生动恰当的词语描绘蜡烛的拟人化动作(E02)，关注到了具体的事件细节(E11)。不过，文章在修辞手法的综合运用上较为基础(E05)，表达方式主要集中在记叙和议论，略显单一(E06)，表现手法的丰富性也有待加强(E07)。"
141309,"文章选取了短片剧情和生活实例两部分具体充分的材料，有效支撑了写作意图(C02)。全文紧紧围绕“宽容”这一中心来选择和组织材料，无论是对短片的复述还是对生活经历的回忆，都服务于这一主题(C04)。虽然立意较为常规，独特性一般(C05)，但能从短片寓意和生活实践两个角度思考主题，选材合适(C06)。在结构上，文章前后内容交代清楚，逻辑连贯(S02)。使用了“从这个影片里”、“从这个短片”等过渡词句，有效粘合了相邻段落(S03)。各段落内容均与“宽容”的主旨紧密相连(S06)，段落内部的句子也能紧扣段落中心展开(S07)，段与段之间呈现出由观影到感悟再到联想的紧密关系(S08)。重点部分如短片情节和生活事件描写较为详细(S09)，过渡性材料处理得当，详略基本分明(S10)。开头直接点题，恰当切入(S11)，结尾简洁利落地总结了全文深刻的道理(S12)。语言表达方面，语句通顺流畅，意思完整(E01)。词句运用恰当，如“不假思索”等词比较生动(E02)。文中综合使用了拟人等修辞手法(E05)以及记叙、议论等表达方式(E06)，表现手法较为多样(E07)。在叙述中关注了人物动作和心理细节(E11)，并且能有主次、有顺序地观察和叙述事件发展(E12)。"
141316,"文章选取了课堂上观看的关于蜡烛互动的视频作为核心素材，材料具体且充实(C02)，并能紧紧围绕“友情珍贵”及“宽容与知错能改”这一中心进行组织(C04)。作者不仅复述了故事，还深入挖掘了小蜡烛的宽容与大蜡烛的悔悟，体现了多角度的思考(C06)，且由此延伸出的关于友情经不起考验的见解具有一定的思想深度和独特性(C05)。文章开头简明扼要地引出观看视频的背景，切入自然(S11)，结尾处总结升华，整体简洁利落(S12)。叙事过程按照视频情节发展顺序展开，观察有序(E12)，基本交代清楚了故事的前因后果(S02)。段落之间使用了过渡语句进行连接，关系较为紧密(S03)(S08)，各段落内容基本能服务于主旨(S06)，段内句子也能围绕段落中心展开(S07)。在详略安排上，感悟部分作为重点有所侧重(S09)，过渡性材料也进行了相应的略写处理(S10)。全文语句通顺，意思表达完整(E01)，词句运用基本恰当(E02)。但在表达技巧上还有提升空间，虽然关注到了“斜视”、“打喷嚏”等情节细节(E11)，但修辞手法的运用相对单薄(E05)，表达方式以叙述和议论为主，略显单一(E06)，表现手法的丰富性也有待加强(E07)。"
141317,"文章能够围绕一个寓言故事展开论述，选取了大蜡烛与小蜡烛之间互动的完整情节作为核心材料，内容具体，材料较为充分(C02)，并且能够将叙事和议论两种材料围绕宽容与善良的中心进行组织(C04)。作者还能从故事本身与“如果我是小蜡烛”两个不同角度进行思考，展现了一定的思辨性(C06)。但在主旨的提炼上，最后落脚于“做一个知错能改、乐于助人、善良的人”这一常规结论，思想深度和独创性略有不足(C05)。结构方面，文章按照“故事复述-个人感想-总结道理”的顺序展开，段落之间的推进关系是清晰的(S08)，叙事部分能按时间顺序观察并呈现事件(E12)。然而，从故事到感想的转换缺乏必要的过渡，使得前后内容的衔接稍显生硬(S02)，过渡性材料的省略也影响了文章的流畅性(S10)。同时，虽然段落主旨与文章中心相关，但第三段的道理更像是口号式的贴合，而非内容的自然生发，连接不够紧密(S06)。首段的场景设定和结尾的道理点明中规中矩，但略显平淡(S11，S12)。在关键情节的描写上，对大蜡烛的两次捉弄和小蜡烛的心理变化进行了重复，但缺乏更深入的细节刻画，详写部分不够突出(S09)。语言表达上，全文语句通顺完整，意思表达清晰(E01)，通过对蜡烛的拟人化处理，综合运用了基本的修辞手法(E05)，并能够关注到角色之间“吹灭”、“点燃”、“讥笑”、“后悔”等互动细节(E11)。但词语的运用还比较基础，不够生动优美(E02)，表达方式也主要集中于叙述，手法较为单一(E06，E07)。"
141329,"文章选取了“大小蜡烛”的短片情节与生活中的同学冲突作为素材，材料具体且充实(C02)，两部分内容均能紧紧围绕“宽容与反击”这一中心进行组织(C04)。在叙事安排上，作者能够对影片内容进行概括性的略写(S10)，而将笔墨重点放在现实生活中的冲突细节与心理活动上，详略处理得当(S09)。结尾处引用名言收束全文，简洁利落，有力地提升了文章的格调(S12)。在思想表达上，作者没有盲从影片的价值观，而是真实地表达了“不会给她点”的对立观点，展现了独特的思考与原创性(C05)。各段落的内容都与主旨保持了紧密的联系(S06)，叙事过程有主次、有顺序，条理清晰(E12)。语句表达通顺流畅，意思完整(E01)。不足之处在于，文章开头较为平铺直叙，缺乏足够的吸引力(S11)。段落之间缺乏巧妙的过渡词句进行粘合，显得稍显生硬(S03)。在语言修饰上，词句较为口语化，生动优美程度一般(E02)，且修辞手法的运用较为匮乏(E05)，导致多角度思考(C06)和细节描写的细腻度(E11)还有待提升。前后内容的交代虽基本清楚，但逻辑衔接仍有优化空间(S02)。"
141330,"文章能选取具体充分的材料，还原了视频中蜡烛互动的核心情节(C02)，并能紧密围绕“宽容”这一中心组织材料(C04)，观察叙述有主次、有顺序(E12)。各段落内容与主旨联系紧密(S06)，重点部分描写相对详细(S09)，语句通顺，意思完整(E01)。但在立意方面，思想深度和独创性略显不足(C05)，思考角度较为单一(C06)。在结构上，开头和结尾较为常规，不够简洁利落或引人入胜(S11，S12)，过渡性材料的处理略显生硬(S10)，段落间及句意间的衔接紧密度一般(S02，S03，S07，S08)。此外，文章对人物和事件的细节关注不够(E11)，词句表达较为平淡(E02)，未能综合运用多种修辞手法、表达方式及表现手法来增强感染力(E05，E06，E07)。"
141336,"文章整体思路清晰，能够围绕核心事件展开论述，但在材料处理和语言表达的深度上存在提升空间。在内容层面，文章能够从故事中提炼出关于宽容和知错能改的思考，体现了一定的思想性(C05)，并且能注意到事件发展的关键细节(E11)，观察也具备主次和顺序(E12)。然而，文章对主题的多角度思考尚显不足(C06)，选取的材料基本停留在对故事的复述，不够充分(C02)，材料的组织也较为平铺直叙(C04)。从结构上看，文章的叙事和议论前后衔接较为清楚(S02)，段落之间通过简单的过渡词句实现了连接(S03)，各段落与主旨的关联也比较紧密(S06)，段间关系明确(S08)。问题在于详略不当，对作为观后感基础的故事梗概部分没有进行有效压缩(S10)，而对小蜡烛犹豫等本应详写的重点部分却一笔带过(S09)，同时开头和结尾的设计都比较简单，缺乏吸引力(S11，S12)。句内逻辑基本连贯(S07)。语言表达方面，基本做到了语句通顺，意思完整(E01)，但词语的运用仅限于准确，不够生动优美(E02)，文章基本没有运用修辞手法(E05)，表达方式和表现手法也比较单一(E06，E07)。"
141337,"文章选取了观看短片这一具体材料展开写作(C02)，内容紧紧围绕“友爱互助、宽容待人”的中心思想进行组织(C04)，并能从大蜡烛知错就改和小蜡烛宽容大度两个角度进行思考(C06)，结尾处提出的“容小人方成君子”具有一定的思想深度和独特性(C05)。在结构上，文章能够交代清楚故事的前因后果(S02)，段落之间运用了“我对这个片的理解”、“我觉得”等过渡词句，衔接较为紧密(S03)(S08)，各段落内容均服务于主旨(S06)，句段联系也较为紧密(S07)。开头直接切入主题(S11)，但在结尾部分稍显仓促，还可以更简洁有力(S12)。详略安排上，重点复述了故事细节(S09)，但在过渡性材料的处理上略显拖沓(S10)。语言表达方面，全文语句通顺流畅，意思完整(E01)，特别是对短片中蜡烛神态动作的细节捕捉较为到位(E11)，观察有序(E12)。不过，文章语言较为口语化，词句的生动性和优美度有待提升(E02)，修辞手法(E05)、表达方式(E06)及表现手法(E07)的运用较为单一，若能丰富些会更佳。"
141340,"文章选取了动画短片作为写作素材，能够围绕“观后感”这一中心组织内容(C04)，并尝试从“不招惹”、“不嘲笑”、“知错能改”三个角度提炼主题(C06)。但在材料的选择上较为单薄，主要停留在对剧情的复述上，缺乏充分的细节支撑(C02)，思想内涵的挖掘也较为浅显(C05)。在结构上，文章能够交代清楚故事的前因后果(S02)，并使用了“可是”、“而”、“后来”等过渡词句，使得叙述推进较为连贯(S03)。开头点题恰当(S11)，叙事具有一定的顺序性(E12)，但结尾仅以条目式罗列感悟，显得过于仓促(S12)。同时，段落之间(S06)(S08)以及句子之间(S07)的逻辑联系还不够紧密，感悟与叙事的结合略显生硬。在表达方面，全文语句通顺，意思完整(E01)。但在详略安排上，重点情节和感悟部分写得不够详细(S09)，过渡性材料处理尚可(S10)。语言较为口语化，词句的生动性不足(E02)，对人物和事件的细节关注不够(E11)，修辞手法(E05)、表达方式(E06)及表现手法(E07)的运用较为单一。"
141342,"该生作文能围绕“观后感”这一中心选择短片情节作为基础材料，组织有序(C04)，选取的材料具体且充分支撑了后续观点(C02)。学生能从短片寓意延伸至个人生活态度，展现了多角度思考主题的能力(C06)，且观察顺序清晰，还原了故事原貌(E12)。结构上，文章开头直接叙事(S11)，结尾简洁有力地总结了个人立场(S12)，段落之间联系紧密，逻辑递进(S08)，各段落均紧密围绕主旨展开(S06)。叙事环节交代清楚了事情的前因后果(S02)，并能运用过渡词句衔接段落(S03)，对重点情节的描写较为详细(S09)。但在思想深度上，观点较为常规，缺乏独特性和深刻性(C05)。句与句之间的逻辑紧密度一般，部分语句标点使用不当影响了连贯性(S07)，对过渡性材料的略写处理还不够精炼(S10)。语言表达方面，语句基本通顺(E01)，但词句略显平实，不够生动优美(E02)，修辞手法使用较少(E05)，表达方式较为单一，缺乏丰富的描写(E06)，表现手法不够多样(E07)，对细节的关注和刻画也有待加强(E11)。"
141401,"文章开篇运用设问，层层递进引出描写对象，这种开头方式很恰当(S11)。全文能围绕“敬佩班老师”这一中心来选择和组织材料(C04)，尤其是选取了老师批改作文这一典型事例，材料具体且充分(C02)，并能从老师是向导和工作认真等多个角度来表现主题(C06)。在叙述时，能够关注到老师画小圈批改错别字等细节(E11)，观察有主次有顺序(E12)。结构上，各段落和主旨联系紧密(S06)，段落间的关系也比较清晰(S08)，能够交代清楚前后内容(S02)。对批改作业这一重点部分的描写做到了详写(S09)，结尾也能呼应主旨(S12)。语言表达基本通顺，意思完整(E01)，也使用了修辞手法(E05)。文章的主要问题在于，虽然选取了事例，但思想的独特性和深刻性略有不足，对人物的敬佩之情挖掘不够深入(C05)。结构上，段落间的粘合缺少必要的过渡词句(S03)，对非重点材料的略写处理不够娴熟(S10)，段落内部的个别语句与段落中心句的联系还可以更紧密(S07)。语言方面，词句的选用虽恰当但不够生动优美(E02)，表达方式和表现手法也显得较为单一(E06)(E07)。"
141403,"这篇作文《我敬佩的一个人》选取了班主任班老师早读时批改作文的具体事例，材料选取具体且充分(C02)，能够紧紧围绕“敬佩班老师一丝不苟的精神”这一中心来选择和组织材料(C04)。虽然题材常见，但作者能写出具有一定独特性和原创性的内容(C05)，并能多角度思考主题，选用合适的材料来表现(C06)。在结构上，文章能够交代清楚前后内容(S02)，从早读到中午的时间线索清晰，并能够用过渡词句有效地粘合相邻段落(S03)。各段落和主旨紧密相连(S06)，各句话也与段落中心句紧密相连(S07)，段与段之间关系紧密(S08)，逻辑严密。作者处理详略得当，能够详写老师批改作文时的神态动作这一重点部分(S09)，也能略写自己复习等过渡性材料(S10)。文章开头直接点题(S11)，结尾引用名言升华主题，简洁利落(S12)。语言表达方面，全文语句通顺意思完整(E01)，词句恰当生动优美(E02)，如“手中的红笔像有魔法似的”。作者综合使用了记叙和议论的表达方式(E06)，关注了人物和事件的细节(E11)，如有主次有顺序地观察了老师批改作文的过程(E12)。尽管在综合使用多种修辞手法(E05)和表现手法(E07)方面还有提升空间，但整体表现依然稳健。"
141409,"文章选取了弄洒水未被责怪以及朋友主动寻找自己这两件具体且充分的事例，有效地塑造了王池珊宽容大度、乐于助人的形象(C02)，体现了选材的独特性和原创性(C05)。在结构上，开头采用排比句式引出写作对象，切题恰当(S11)，结尾总结全文，简洁利落(S12)。段落之间关系紧密(S08)，前后内容交代得较为清楚(S02)，且各句能紧密围绕段落中心展开(S07)。叙事过程中，能做到有主次、有顺序地观察和记录(E12)，对重点部分进行了较为详细的描写(S09)，语句通顺，意思表达完整(E01)。不过，在过渡性材料的处理上略显冗余，略写不够精简(S10)，且段落与主旨的紧密程度以及过渡词句的使用还有提升空间(S06)(S03)。此外，文章在围绕中心组织材料(C04)及多角度思考主题(C06)方面表现尚可，但在综合使用多种表达方式(E06)、修辞手法(E05)以及表现手法(E07)上较为常规，导致词句的生动优美度(E02)及对人物事件细节的关注度(E11)略显不足。"
141416,"文章选取了母亲在微弱灯光下学习、在通勤路上读书等具体事例，材料充实且紧紧围绕“刻苦学习”这一中心，体现了作者对素材的筛选能力(C02)(C04)。作者能够从清晨、深夜、路途等多个角度观察人物行为，并按顺序组织材料，体现了良好的观察力(C06)(E12)。开头直抒胸臆，引出主要人物，上下文交代清楚(S11)(S02)。行文中熟练运用了过渡词句粘合段落，使得段落间关系紧密，各句与段意、各段与主旨的逻辑连接紧凑(S03)(S06)(S07)(S08)。虽然对重点部分的描写有一定篇幅，但详略安排的对比度尚可优化，过渡性材料的略写处理略显平淡(S09)(S10)。结尾总结了感悟，但相较于简洁的开头显得不够利落(S12)。语言方面，语句通顺，词句运用基本恰当(E01)(E02)，能够关注到人物动作的细节(E11)，但在修辞手法、表达方式及表现手法的综合运用上较为单一，缺乏变化(E05)(E06)(E07)。整体立意虽然积极，但属于常规题材，在思想的独特性和深刻性上还有提升空间(C05)。文章选取了母亲在微弱灯光下学习、在地铁和汽车上读书等具体事例，材料充实且紧紧围绕“刻苦学习”这一中心(C02)(C04)。作者能够从早起、通勤、深夜等多个角度思考主题，并有顺序地观察和选用合适的材料来表现(C06)(E12)。在结构上，开头直截了当，能写出恰当的开头并交代清楚前后内容(S11)(S02)。文中熟练运用过渡词句粘合相邻段落，使得段与段之间关系紧密(S03)(S08)。同时，各句话与段落中心句、各段落与文章主旨均紧密相连，逻辑性强(S06)(S07)。但在详略安排上，虽然能够详写重点部分，对过渡性材料的略写处理还可以更精炼(S09)(S10)，结尾虽然总结了道理，但不够简洁利落(S12)。语言表达上，语句通顺意思完整，词句运用恰当(E01)(E02)。作者关注人物和事件细节，如母亲用布遮挡灯光的描写(E11)。不过，在综合使用多种修辞手法、表达方式以及表现手法方面略显不足，文采有待加强(E05)(E06)(E07)。文章立意虽正，但在思想深刻性和独特性方面表现中规中矩(C05)。"
141417,"文章能够围绕敬佩妈妈这一中心选择妈妈练字这一具体事例作为支撑材料(C02)，使得材料的组织与中心思想的关联较为紧密(C04)。从结构上看，文章的叙事线索清晰，内容的前后衔接基本到位(S02)，段落之间也存在着合乎逻辑的递进关系(S08)，各段落均服务于主旨的表达(S06)。尤其是在核心事件的描述上，作者能够进行详写，突出了文章的重点(S09)。然而，文章在构思的深刻性和独创性上表现平平(C05)，对主题的思考角度也略显单一(C06)。开篇方式较为常规(S11)，结尾虽然收束了全文(S12)，但对妈妈其他品质的介绍过于简略，未能起到深化主题的作用(S10)。在段落内部，个别语句与段落中心句的联系不够紧密，如第二段的内心独白略微游离于对妈妈认真状态的描写之外(S07)。语言表达方面，全文语句基本通顺完整(E01)，但词语的运用较为平实，不够生动优美(E02)，修辞手法(E05)、表达方式(E06)及表现手法(E07)的综合运用能力有待提升。此外，文章对人物和事件的细节刻画不足(E11)，尽管观察具备一定的主次顺序(E12)，但缺乏更具表现力的细节来塑造形象。"
141429,"文章开头运用排比句式引出话题，迅速切入主题，做得非常好(S11)；结尾简洁利落，总结全文并升华了对清洁工敬佩的主题(S12)。在选材上，你能选取两个具体的事例，充分地表现了清洁工的品质(C02)，并且这些材料都紧紧围绕文章的中心进行组织(C04)，做到了重点部分详写(S09)，过渡性材料略写(S10)。特别是描写阿姨疏通下水道时，你关注到了人物的动作细节，如“蹲”、“捅”、“掏”等词的使用(E11)，并且观察有主次、有顺序(E12)，使画面感极强。整篇文章各段落都与主旨紧密相连(S06)，语句通顺意思完整(E01)，词句运用恰当生动(E02)，并综合使用了排比等修辞手法(E05)，体现了你从不同角度思考主题的能力(C06)。不过，文章在前后内容的交代(S02)以及相邻段落的过渡粘合(S03)上还可以更加自然一些。虽然文章结构完整，但在表达方式(E06)和表现手法(E07)的多样性上还有待加强，目前的思想立意较为常规，若能挖掘更独特的视角会更好(C05)。"
141430,"文章能够围绕中心选择并组织材料(C04)，选取了梅西克服身高缺陷的成长经历作为核心事件，材料具体充分(C02)，并能关注到身高数据等细节(E11)，观察有主次顺序(E12)。文章详略处理得当，对重点部分进行了详写(S09)，对其他内容则能做到略写(S10)，同时开头结尾简洁有效(S11)(S12)，段落与主旨的联系也比较紧密(S06)。全文语句通顺(E01)，用词基本恰当(E02)。然而，文章在内容的深度和结构衔接上还有提升空间。从内容上看，尽管能从不止一个角度选择材料(C06)，但对“敬佩”精神的挖掘不够深刻，使文章的独创性受到一定影响(C05)。从结构上看，第二段内部从困境到转机的叙述衔接不够清晰(S02)，段落之间也缺少必要的过渡词句(S03)，使得段落关系不够紧密(S08)，段内部分句子与中心句的关联也需加强(S07)。最后，在表达技巧上，修辞手法(E05)、表达方式(E06)以及整体表现手法(E07)的运用都略显单一。"
141436,"这篇文章的优点在于能够选取具体且充分的材料来表现中心(C02)，例如爷爷为防止汗水流到“我”身上而长痱子、为了集体荣誉而唱男低音等事例，都紧密围绕“敬佩”这一中心展开(C04)，并体现出一定的思想独特性(C05)。文章能从对“我”的关爱和爷爷自身的追求两个角度进行思考和选材，使人物形象较为立体(C06)。结构上，文章开头恰当(S11)，结尾简洁利落(S12)，前后内容衔接顺畅(S02)，段落间的过渡也比较自然(S03，S08)，并能对重点部分进行详写(S09)，对次要信息进行略写(S10)。然而，文章在段落与主旨的紧密关联度上还有提升空间，个别段落内部的句子组织也可以更紧凑些(S06，S07)。语言表达方面，语句基本通顺完整(E01)，也关注到了人物和事件的细节(E11)，但在词句的生动性和优美性上略有不足(E02)，修辞手法和表现手法的综合运用较为单一(E05，E07)，这在一定程度上影响了文章的感染力，在观察的顺序和主次安排上可以做得更精细(E12)。"
141437,"文章语言表达流畅，语句通顺意思完整，能够清晰地叙述事件经过(E01)。但在选材方面，虽然选取了外貌描写、课堂趣事和看视频等具体材料(C02)，但这些材料更多展现了老师的“有趣”而非“令人敬佩”的特质，围绕文章中心组织材料的紧密度有待加强(C04)，且思考角度较为单一，未能从专业能力或品德修养等多角度表现主题(C06)。在结构上，开头较为平淡(S11)，结尾简洁但略显仓促(S12)，段落之间缺乏有效的过渡词句粘合(S03)，重点部分详写不够突出，导致主旨挖掘不深(S09)。在描写方面，虽然关注到了人物动作和语言的细节(E11)，有一定的观察顺序(E12)，但词句表达较为口语化，缺乏生动优美的词汇(E02)，修辞手法使用较少(E05)，表现手法也较为单一(E07)。建议深入挖掘能体现老师精神品质的典型事例，并加强语言修饰。"
141440,"文章选取了妈妈克服困难借车接“我”放学这一具体事例，材料选择具体且紧扣“敬佩妈妈”这一中心，体现了母爱的主题(C02)(C04)。但在选材的独特性上略显不足，属于常见的亲情类题材，视角较为常规(C05)。虽然文章试图从性格和具体事件多角度表现妈妈，但侧重点主要集中在接送事件上(C06)。在结构方面，文章采用了“总-分-总”的结构，段落间关系较为紧密，整体框架清晰(S08)。能够做到详写借车接人的重点过程，略写背景交代，详略安排基本得当(S09)(S10)。使用了基本的过渡词句连接段落，但衔接稍显生硬(S03)。开头直接点题但略显口语化(S11)。值得注意的是，文章在前后内容的逻辑交代上存在跳跃，部分情节铺垫不足(S02)。各段落与主旨的联系在结尾处出现松动，结尾段的感悟表述不清，与前文“母爱”的主旨联系不够紧密，导致结尾不够简洁有力(S06)(S12)。句段内部的逻辑性也有待加强，部分句子缺乏中心句统领(S07)。在语言表达上，叙事顺序清晰，主次分明(E12)。尝试关注了人物对话等细节，但描写不够细腻深入(E11)。语句基本通顺，但存在标点错误和语病，影响了整体流畅度(E01)。词汇较为贫乏，成语使用有误（如“心喜若狂”），缺乏生动优美的词句和修辞手法的运用(E02)(E05)。表达方式以记叙为主，表现手法较为单一(E06)(E07)。"
141442,"文章选取了奶奶丢手机被陌生人归还这一具体的生活事例，材料真实且完整，能够支撑文章主题(C02)。全文紧紧围绕“敬佩陌生人”这一中心进行选材和组织，叙述了从丢手机到找回手机的全过程，中心较为明确(C04)。作者将拾金不昧的行为上升到“无私精神”和“正能量传递”的高度，体现了一定的思想认识，但独特性和深刻性稍显不足(C05)。值得肯定的是，学生能够从事件发展的不同阶段以及人物的行为表现等多角度思考主题，选用的材料能够较好地表现主题(C06)。在结构方面，文章起因、经过、结果交代得清楚明白，情节发展连贯(S02)。段落之间使用了如“爷爷奶奶刚走”、“大约过了半小时”等过渡词句，较好地粘合了相邻段落，使文章衔接自然(S03)。各段落内容基本能围绕主旨展开，但紧密程度尚可进一步加强(S06)。句与句之间、句子与段落中心句的联系稍显松散，部分描写对段落中心的支撑力不够强(S07)。段与段之间的逻辑关系较为紧密，推进有序(S08)。详略安排上，对寻找手机和等待消息的重点部分描写较为详细(S09)，对过渡性材料进行了适当的略写处理(S10)。开头直接叙事，略显平淡，吸引力不足(S11)；结尾总结全文，点明中心，简洁利落(S12)。语言表达上，语句通顺，意思完整，叙述流畅(E01)。词句使用较为恰当，如“焦急”、“咯噔”等词语能较好地表现人物心理，有一定的生动性(E02)。修辞手法运用较少，语言表现力有待丰富(E05)。综合运用了记叙、描写、议论等表达方式，但不够灵活多样(E06)。表现手法较为单一，缺乏新意(E07)。在细节描写方面，关注了奶奶焦急的神态和陌生人的外貌特征，有一定的画面感(E11)。观察顺序基本清晰，能够按照事情发展的顺序进行叙述(E12)。"
150101,"文章开头直接交代阅读书目，属于常规的开头方式(S11)。主体部分能够选取书中威尔伯与夏洛的故事作为具体材料(C02)，叙述了从建立友谊到夏洛救猪再到生命尽头的过程，交代了前后的内容情节(S02)，且叙述时有主次、有顺序(E12)，能够围绕“友谊”这一中心来组织材料(C04)。各段落与主旨联系较为紧密(S06)，段内的句子也能紧扣段落中心展开(S07)，段落之间关系基本紧密(S08)。对于重点的故事内容进行了详写(S09)，对书籍基本信息进行了略写(S10)，体现了多角度思考主题的尝试(C06)。语言表达上，语句基本通顺意思完整(E01)，词句使用尚可(E02)，尝试使用了修辞手法(E05)和细节描写(E11)，表现手法(E07)表现一般。但是，文章在思想深度上稍显不足，感悟较为普遍，缺乏独特的原创性思考(C05)。段落之间的过渡词句运用不够娴熟，衔接略显生硬(S03)。表达方式略显单一(E06)。结尾虽然试图总结，但略显平淡，不够简洁利落(S12)。"
150103,"文章开头直入主题，点明阅读书目及核心感悟，这种开篇方式简洁明快，能迅速抓住读者注意力(S11)。结尾处引用《劝孝歌》中的名句进行总结，既呼应了标题，又升华了情感，收束得十分简洁利落(S12)。在结构安排上，文章段落层次分明，无论是复述书中故事还是联系生活实际，都能紧紧围绕“母亲的恩泽”这一中心进行组织(C04)，各段落与主旨联系紧密(S06)，且段与段之间关系紧凑(S08)。叙述过程中，前后内容交代得十分清楚(S02)，并能运用恰当的过渡词句将读后感悟与生活联想自然地粘合在一起(S03)。在材料处理方面，习作选取了“惠安馆”秀贞寻女的故事以及现实生活中母亲为“我”运雪的往事，材料选取具体且充分(C02)。作者能够区分主次，详写了书中感人的情节和母亲付出的细节(S09)，而对过渡性的背景介绍则进行了略写处理(S10)，体现了良好的剪裁能力。同时，能从书本内容延伸至现实生活，多角度地思考并表现母爱这一主题(C06)。语言表达上，整篇文章语句通顺，意思表达完整清晰(E01)，各句话与段落中心句的逻辑联系也较为紧密(S07)。不过，虽然叙事有条理(E12)且体现了一定的表现手法(E07)，但在词句的生动优美方面略显平实(E02)，修辞手法的使用也不够丰富(E05)。此外，表达方式较为单一(E06)，对人物动作和情感变化的细节描写还可以更加细腻(E11)，思想深度和独特性上也有进一步挖掘的空间(C05)。"
150104,"这篇文章作为一篇读后感，在选材方面表现出色，能够从原著中选取汤姆法庭作证这一具体且充分的事例(C02)，紧紧围绕表现人物正义感这一中心来组织材料(C04)。作者没有停留在对人物的单向刻画上，而是既看到了汤姆顽皮的一面，又挖掘出他勇敢正义的优点，体现了多角度思考主题的能力(C06)，但在感悟的思想深度和独特性上还有提升空间(C05)。在结构安排上，文章叙事条理清晰，能够清楚地交代前后内容(S02)，段落之间以及各段落与主旨的联系较为紧密(S06，S08)，句段之间的逻辑性也较强(S07)。作者懂得详略得当，重点详写了体现汤姆品质的关键情节(S09)，并在结尾处做到了简洁利落的收束(S12)，不过开头的引入方式略显平淡套路(S11)，部分过渡性材料的处理和段落间的粘合词句还可以更加自然(S10，S03)。在语言表达方面，全文语句非常通顺，意思表达完整清晰(E01)，叙述时能够关注到人物和事件的细节(E11)，并能有顺序地展开观察与描写(E12)。但在文采上略显不足，词句的生动优美程度一般(E02)，修辞手法和表现手法的运用较为匮乏(E05，E07)，虽然综合运用了叙述和议论等表达方式(E06)，但整体语言的感染力仍有待加强。"
150105,"本文作为一篇读后感，能够选取书中三兄妹的身世、母猫的背叛以及公猫被谋杀等核心情节作为分析对象，材料选取具体且较为充分(C02)，并能将这些材料围绕“不凡的性命”这一中心展开论述(C04)。作者没有停留在复述故事，而是能通过对角色动机的追问和对结局悲喜交错情感的体悟，展现出具有一定原创性的思考(C05)，并尝试从恩怨、魔力等多个角度来理解主题(C06)。结构上，文章的逻辑推进清晰，前后内容交代清楚(S02)，尤其“果不其然”、“后来”等过渡词句的使用让段落间的粘合十分自然流畅(S03)，各段落及内部语句也能与主旨和段落中心句保持紧密联系(S06，S07，S08)。文章对重点情节的叙述与过渡材料的处理也做到了主次分明(S09，S10)。开篇能够交代写作缘由，较为恰当(S11)，但结尾部分从具体作品感悟转向宽泛的读书乐趣，收束略显仓促，削弱了文章的深刻性(S12)。语言层面，全文语句基本通顺完整(E01)，但词语的锤炼不足，整体表达略显平实，缺少生动优美的词句(E02)。同时，文章以叙述这种表达方式为主(E06)，综合性的修辞手法和表现手法运用较少(E05，E07)。在呈现故事情节时，虽然能做到有顺序地观察和叙述(E12)，但对关键人物和事件的细节描写不够深入，未能充分展现其内在张力(E11)。"
150106,"文章能够围绕中心选择并组织材料，全文各段落与主旨的联系紧密(S06)，尤其体现在选取了汤姆在法庭上指认凶手这一具体充分的材料来支撑观点(C02)，并能围绕这一核心事件展开论述，使得文章中心突出(C04)。从结构上看，文章能够对重点部分进行详写，对背景介绍等过渡性材料进行略写，主次分明(S09)(S10)，段落间的衔接也比较紧密(S08)，前后内容的交代基本清楚(S02)，结尾简洁有力地总结了主旨(S12)。在思想内容方面，能够从汤姆调皮和勇敢正义等多个角度进行思考(C06)，通过对比自身反应来突出汤姆的品质，运用了对比的表现手法(E07)，并关注到了人物行动的关键细节(E11)，观察与叙述有主次有顺序(E12)，但文章的独创性与思想深刻性还有提升空间，感悟停留在较为普遍的认知层面(C05)。在表达层面，文章的开头显得过于平淡，缺乏吸引力(S11)；段落内部的句子之间联系可以更紧密一些(S07)，段落间的过渡也略显生硬，缺少必要的过渡词句(S03)。语言表达整体通顺，意思完整(E01)，能够综合运用叙述与议论的表达方式(E06)，并使用了反问的修辞手法进行自我剖析(E05)，但词语的运用相对平实，不够生动优美(E02)。"
150107,"文章整体语句通顺，能够完整表达意思(E01)，并且选取了《小王子》中关于星球、玫瑰花等具体情节作为介绍材料，内容是较为充分的(C02)，结尾以个人感受点明好书的魅力，做到了简洁有力(S12)。本文最大的问题在于未能清晰地服务于“推荐”这一核心目的，文章主体部分花费大量篇幅复述故事情节，而这些材料的组织方式更像内容梗概而非论证推荐理由，导致文章中心不够突出(C04)，这也使得本应是重点的推荐理由部分笔墨不足，主次详略不当(S09)，同时，对故事情节的转述也缺乏清晰的内在顺序和主次之分(E12)。从结构上看，情节复述与推荐理由两个部分之间的衔接显得较为生硬，缺乏有效的过渡，影响了前后内容的连贯性(S02)，段落间的关系也因此不够紧密(S08)。在推荐理由的阐述上，虽然表达了个人感受，但思考角度较为单一(C06)，未能深入挖掘作品的思想内涵，缺乏独创性的见解(C05)。语言表达方面，词语的运用基本恰当，但不够生动优美(E02)，也较少运用修辞手法来增强表达效果(E05)。"
150108,"这篇读后感选材非常扎实，能够从原著情节、书中寓言故事以及现实学习生活等多个层面选取具体材料来支撑观点(C02)，所有的材料都紧密围绕“坚持天命、拒绝放弃”这一中心进行组织，主旨极其鲜明(C04)。作者不仅概括了书本内容，还能结合自身学习生活进行多角度的思考与延伸(C06)，展现出了一定的思想独特性(C05)。在结构安排上，文章段落之间关系紧密，遵循了“概括-感悟-联想”的逻辑顺序(S08)，各段落内容均紧扣主旨(S06)，段落内部的句子联系也十分紧密(S07)。作者能够恰当地使用过渡词句来粘合段落与层次(S03)，并清楚地交代了前后内容(S02)。在详略处理上，能够简要概括原著情节作为铺垫(S10)，重点详写了掘矿人的故事以及个人的感悟与实践(S09)。开头直接引出书目(S11)，结尾总结感悟并照应题目(S12)，结构完整。语言表达方面，整篇文章语句通顺流畅，意思表达完整清晰(E01)，叙述过程条理分明，体现了良好的观察与思维顺序(E12)。但在词句的生动优美程度上还有提升空间(E02)，修辞手法的使用相对单一，缺乏丰富的修辞来增强感染力(E05)。不过，作者综合运用了叙述与议论的表达方式(E06)以及引用等表现手法(E07)，并关注到了书中的具体故事细节(E11)，使得文章依然具有较强的说服力。"
150109,"文章能够围绕鲁滨逊的经历与品质展开论述，选材较为充分具体(C02)，并能将这些材料围绕毅力与乐观的主题进行组织(C04)，体现出从原著情节到个人感悟的多角度思考(C06)。结构上，文章重点突出，对鲁滨逊在荒岛上的生存挑战进行了详写(S09)，而对其他部分的交代则相对简略(S10)，结尾部分能够简洁有力地总结主旨(S12)。各段落大体能服务于中心论点(S06)，段落内部的句子也基本能围绕中心句展开(S07)。然而，文章的开头显得过于模式化，缺乏新意(S11)。在段落衔接上，从情节概述到人物分析再到联系现实的转换过程不够圆润，使得前后内容的勾连略显生硬(S02)，段落间的逻辑关系不够紧密(S08)。思想内容方面，文章将鲁滨逊的生存困境与学习生活中的困难进行类比，这种联系虽然成立，但思考的深刻性与独创性略有不足(C05)。语言表达层面，全篇语句基本通顺(E01)，能够综合运用叙述和议论等表达方式(E06)，但词语的运用较为平实，缺乏生动优美的词句(E02)，也较少运用修辞手法来增强文章的感染力(E05)。在细节呈现上，文章对人物事件的观察有主次之分和先后顺序(E12)，但对能体现人物精神的关键细节挖掘不够深入，多为概括性叙述(E11)。"
150110,"文章能够选取具体充分的材料，准确概括了《夏洛的网》中威尔伯与夏洛之间的核心故事(C02)，并紧密围绕“友谊”这一中心进行选材和组织(C04)，展现了从故事复述到主题升华的多角度思考能力(C06)。结构方面，开头介绍书籍背景恰当(S11)，结尾总结简洁利落(S12)，段落之间关系紧密(S08)，各段落均能紧扣主旨(S06)。叙述过程中，能够交代清楚前后内容(S02)，有主次、有顺序地展开情节(E12)，并能详写文章的重点部分(S09)，使用了过渡词句来粘合相邻段落(S03)。语言表达上，语句通顺意思完整(E01)，词句运用较为恰当生动(E02)。但在思想深度上，感悟略显常规，独特性和原创性有待提升(C05)。部分句子和段落中心句的联系不够紧密，逻辑推演稍显生硬(S07)。此外，过渡性材料的略写处理略显不足(S10)，对人物和事件的细节关注不够深入(E11)。在写作技巧上，修辞手法(E05)、表达方式(E06)及表现手法(E07)的综合运用较为单一，缺乏丰富性。"
150111,"文章能够围绕“珍惜生命”这一中心选择《不老泉》的情节和主旨句作为核心材料(C02)，并基本围绕这一中心来组织文章内容(C04)，结尾部分也体现出了一定的思想性(C05)。文章的结尾简洁有力，点明了主旨(S12)，对核心情节和感悟等重点部分也能做到详写(S09)。然而，文章在思考的广度上有所欠缺，未能从更多角度展开论述(C06)。结构方面，段落之间缺乏紧密的逻辑关联(S08)，导致前后内容的交代不够清晰(S02)，例如第二段的作者介绍与前后文的衔接就显得较为突兀，属于可以略写的过渡性材料处理不当(S10)。尽管段落内部的句子尚能围绕段落中心(S07)，段落本身也大致与主旨相关(S06)，并使用了一些过渡词句(S03)，但整体的结构连贯性有待加强。语言表达上，语句基本通顺完整(E01)，用词也较为恰当(E02)，对原作细节有基本的关注和呈现顺序(E11)(E12)，但表现手法单一，综合运用修辞(E05)、多种表达方式(E06)和表现手法(E07)的能力较弱，使得文采不足。"
150112,"该生作文以读后感的形式呈现，在内容选材上表现优异，能够从原著中精准选取“惠安馆”这一具体情节展开，材料充实且具有代表性(C02)，并紧紧围绕感悟母爱与家庭这一中心进行组织(C04)。尤为难得的是，作者没有停留在表面的情节复述，而是深入思考了悲剧结局背后的意义，提出了“生命中最令人珍惜的部分不是活着，而是一家人能够在一起”的深刻见解，体现了较强的思想深度和原创性(C05)，且能从情节波折、悲剧美学、生死观等多角度切入思考(C06)。在结构上，文章详略得当，能够快速略写故事梗概作为铺垫(S10)，而将笔墨重点放在读后的感悟与议论上(S09)。段落内部的逻辑连贯性较强，各句紧密围绕段意展开(S07)，开头开门见山(S11)，结尾升华主旨，简洁有力(S12)。各段落均能服务于文章主旨(S06)，段落间关系较为紧密(S08)。不过，在交代故事的前因后果时略显仓促(S02)，段落间的过渡词句使用虽无大碍但稍显生硬(S03)。语言表达方面，整体语句通顺流畅，意思完整(E01)。但在文采修饰上还有提升空间，词句表达虽恰当但不够生动优美(E02)，修辞手法的运用较为匮乏(E05)，表现手法也相对单一(E07)。此外，对于书中人物和事件的细节捕捉不够丰富(E11)，更多是概括性的叙述，叙述与议论的结合虽有体现(E06)，但观察顺序和细节铺陈(E12)稍显薄弱。总体而言，是一篇立意深刻但语言朴实的佳作。"
150113,"这篇读后感选材得当，能够选取书中惠安馆秀贞母女、看海的承诺以及父亲离世等具体情节作为感悟的基础(C02)，并且所有材料都紧紧围绕“成长”与“感动”这一中心进行组织，主旨明确(C04)。尤为可贵的是，作者没有流于表面的复述，而是从离别、失信、责任等多个角度思考主题(C06)，并在结尾处提炼出“愚骏又神圣的童年”这一深刻见解，体现了独特性和思想深度(C05)。在结构方面，文章段落之间的逻辑关系十分紧密，从具体情节的触动递进到整体情感的升华(S08)，各段落均与主旨保持高度一致(S06)，段落内部的句子也紧密围绕中心展开(S07)。结尾引用原著金句并进行总结，简洁利落且有力(S12)。不过，开头虽然交代了读物和感受，但相对常规(S11)；段落间的过渡词句虽然使用了，但衔接还可以更加自然(S03)；前后内容的交代基本清楚(S02)。在详略安排上，对于过渡性材料的略写处理得当(S10)，但对重点部分的详写还可以更深入，部分感悟的展开略显单薄(S09)。观察视角上，能够有主次、有顺序地梳理阅读体验(E12)，也关注到了人物心理变化的细节(E11)。语言表达上，语句通顺完整(E01)，词句表达基本恰当(E02)。但在修辞手法(E05)、表达方式(E06)以及表现手法(E07)的多样性上略显不足，文字较为朴实，缺乏更丰富的艺术感染力。"
150114,"这篇文章作为读后感，结构完整，思路清晰，能够通过生活化的场景引出阅读内容(S11)，结尾也能对全文进行总结(S12)。文章主体部分对《北京的春节》中的民俗活动进行了充分且具体的材料选取和概括(C02)，并能紧密围绕读后感这一中心来组织这些材料(C04)，内容的前后衔接也比较清楚(S02)。全文语句通顺，意思表达完整(E01)。然而，文章在思想的独创性与深刻性上表现一般，更多停留在对原文内容的复述，缺少个人更深层次的感悟与思考(C05)，这也导致文章整体未能呈现出多角度的审视(C06)。在语言表达层面，词句的运用略显平实，不够生动优美(E02)，也较少综合运用修辞手法来增强文章的感染力(E05)。同时，文章在叙述、描写、议论等多种表达方式的综合运用上还有提升空间(E06)，对原作中人物与事件的细节关注度不足，未能深入挖掘其内涵(E11)。"
150115,"文章选取了书中紫岚抚养狼崽的具体情节，材料较为充分(C02)，整体能围绕读后感这一中心组织材料(C04)。作者不仅关注母爱，还从生存竞争的角度进行了多角度思考(C06)，观点具有一定的独特性和深刻性(C05)。结构上，开头恰当点题(S11)，结尾简洁利落(S12)，各段落与主旨紧密相连(S06)，句段之间联系紧密(S07)，段落间关系也较为紧密(S08)，并使用了过渡词句粘合段落(S03)。叙述有主次和顺序(E12)，对过渡性材料进行了概括性的略写(S10)，但对重点感悟部分的详写程度略显不足(S09)，部分情节的前后交代还可以更清晰流畅(S02)。语言方面，语句通顺意思完整(E01)，但在词句的生动优美程度上得分不高(E02)，修辞手法(E05)、表达方式(E06)及表现手法(E07)的综合运用较为欠缺，导致对人物和事件细节的关注度不够(E11)。"
150116,"文章选取了《城南旧事》中的经典意象、英子的成长经历以及作者现实生活中即将面临的小学毕业离别作为素材，内容充实且具体(C02)。全篇紧紧围绕“离别与成长”这一中心进行材料的组织与剪裁，无论是对书籍内容的概括还是对个人生活的联想，都服务于这一主题(C04)。作者不仅停留在对书籍内容的复述，而是深入思考了“离别”的本质，提出了“在离别中长大”的深刻见解，体现了思想的独特性(C05)。文章视角开阔，能够从书中人物、现实自我以及普遍的人生规律等多个角度探讨主题，材料运用恰当(C06)。在结构方面，文章前后内容交代清楚，逻辑线索明晰(S02)。段落之间运用了自然的过渡语句，如从歌词引入到书籍介绍，再由书及人，衔接紧密(S03)。每一段落都紧扣主旨，没有偏离中心的闲笔(S06)。段落内部的句子排列逻辑性强，紧紧围绕段落中心展开(S07)。段与段之间层层递进，构成了有机的整体(S08)。详略处理得当，略写了书籍的故事梗概和过渡性材料(S10)，详写了读后的感悟和联系实际的部分，虽然对书中具体细节的描摹略显不足(E11)，但符合读后感的体裁特点(S09)。开头引用《送别》歌词，渲染了离别的氛围，切题且引人入胜(S11)。结尾总结全文，点明“在离别中读懂人生”的主题，简洁利落(S12)。观察和叙述的顺序条理清晰，主次分明(E12)。语言表达上，语句通顺流畅，意思表达完整(E01)。用词准确生动，如“低吟浅唱”、“曲折而充满诱惑”等，颇具文采(E02)。综合运用了引用、排比、感叹等多种修辞手法，增强了文章的感染力(E05)。文章巧妙结合了叙述、议论和抒情等多种表达方式(E06)，并运用了联想等表现手法，使文章内涵更加丰富(E07)。"
150117,"该生作文《读〈城南旧事〉有感》选取了书中“爸爸的花儿落了”这一经典情节作为主要素材，材料较为具体充分(C02)，并能围绕“感动”与“成长”的中心进行组织(C04)。学生尝试从英子的成长经历及离别的感伤等多角度思考主题(C06)，但感悟尚浅，未能体现出独特的原创性思想(C05)。文章开头交代了书名与作者，切入恰当(S11)，但结尾略显仓促，未能做到简洁利落且有力地收束全文(S12)。在结构上，各段落与主旨联系较为紧密(S06)，句子与段落中心关联尚可(S07)，能使用过渡词句连接段落(S03)，基本交代清楚了前后内容(S02)。然而，段落间的内在逻辑紧密度一般(S08)，详略安排有待优化，对重点情感变化的描写不够详尽(S09)，过渡性材料的略写处理也不够到位(S10)。语言方面，语句通顺，意思完整(E01)，有一定的观察顺序(E12)和细节关注(E11)，但在词句的生动性(E02)、修辞手法(E05)及表达方式(E06)的综合运用上较为欠缺，表现手法单一(E07)，导致文章感染力不足。"
150118,"文章开篇引用原著能够为全文奠定情感基调(S11)，主体部分对原著情节进行了概括，并能选取惠安馆的典型情节作为具体分析的材料(C02)，对情节的复述也能够交代清楚故事的前后脉络(S02)，全文语句基本通顺完整(E01)。文章能够围绕“童年”这一中心组织材料，但材料的组织还可以更加紧密(C04)，例如在详写惠安馆部分时，情节复述多于深入分析(S09)，使得对友情的感悟略显表面，未能充分展现独创性的思考(C05)。尽管能够从英子的童年与现代生活对比等角度切入(C06)，但段落内部句子与中心句的联系可以更紧密(S07)，观察时有主次之分(E12)，但对人物和事件的细节关注不足(E11)，结尾略显仓促(S12)。文章的主要问题在于结构逻辑，第四段的转折较为突然，削弱了段落与主旨以及段落之间的紧密关联(S06，S08)，段落间的过渡也显得不够自然(S03)。此外，语言表达较为平实，词句的生动性不足(E02)，也较少综合运用修辞手法、表达方式和表现手法来增强文章的感染力(E05，E06，E07)。"
150121,"这篇读后感紧扣《青铜葵花》一书，开头简明扼要地介绍了书中的主要人物及关系，迅速切入主题(S11)。在内容上，作者能选取具体充分的材料(C02)，围绕“胜过血缘的亲情”这一中心进行组织(C04)。文章结构安排合理，能够多角度思考主题(C06)，分别从青铜对葵花的呵护以及葵花对家庭的回报两个方面展开叙述，各段落与主旨紧密相连(S06)。特别是第二段，各句话紧密围绕“无微不至地呵护”这一中心句(S07)，运用了排比修辞(E05)，详写了卖芦花鞋、做南瓜灯、冰项链等重点情节(S09)，关注人物和事件的细节(E11)，极具感染力。段落间使用过渡词句(S03)，如“不仅是青铜……”，使得段与段之间关系紧密(S08)。结尾简洁利落(S12)，提出了“痛苦是对风度的塑造”这一深刻观点，体现了独特的思想性(C05)。全文语句通顺(E01)，词句恰当(E02)，叙述有主次、有条理(E12)。"
150123,"文章选取了《我的妈妈是精灵》作为写作对象，能够概括书中的主要情节，材料选取基本符合要求(C02)，且整篇文章围绕读后感这一中心展开，没有偏题(C04)。各段落的内容都能围绕主旨进行构建，结构相对完整(S06)。在叙述故事梗概时，能够按照时间发展的顺序进行观察和记录(E12)，语句大部分通顺(E01)。但是，文章在内容的清晰度和逻辑性上存在不足，部分句子指代不明，人物关系交代不够清楚，如对李雨辰角色的介绍存在语病(S02)。段落之间缺乏必要的过渡词句，衔接略显生硬(S03)，段与段之间的逻辑关系不够紧密(S08)。在详略安排上，复述故事情节过多，而作为重点的感悟部分描写过简，未能做到详写重点(S09)，过渡性材料的处理也不够精炼(S10)。感悟部分思想较为浅显，缺乏独特的视角和深刻的思考(C05)，未能多角度挖掘主题(C06)。开头较为平淡，仅作简单交代(S11)，结尾略显匆忙，缺乏力度(S12)。语言表达上，词汇较为贫乏，缺乏生动性(E02)，未见修辞手法(E05)和多种表达方式的综合运用(E06)，表现手法单一(E07)，对人物和事件的细节关注不足(E11)，句群内部的紧密度也有待加强(S07)。"
150124,"文章选取了《鲁道夫和可多乐》中的关键情节及生活中的感悟作为素材(C02)，紧紧围绕读后感这一中心组织材料(C04)，并能多角度思考，从书中的冒险延伸至对生活困难的克服和对同学情谊的珍惜(C06)，体现了思想的一定独特性(C05)。结构上，各段落与主旨联系紧密(S06)，结尾简洁且情感真挚(S12)，重点详写了感悟部分(S09)，但对过渡性材料的处理略显生硬(S10)，开头较为平淡(S11)，且相邻段落间的过渡词句不够自然(S03)，导致段落间关系不够紧密(S08)，不过前后内容交代尚算清楚(S02)，句段内部联系也基本达标(S07)。语言方面，语句通顺完整(E01)，词句恰当(E02)，关注到了人物和事件的细节(E11)，叙述有主次顺序(E12)，但在修辞手法(E05)、表达方式(E06)及表现手法(E07)的综合运用上较为单一，文采稍显不足。"
150125,"文章在叙述《不老泉》故事梗概时，能够遵循事件发展的基本顺序，体现出有主次有顺序的观察能力(E12)。文章能够选取原著的核心情节作为支撑材料(C02)，并尝试围绕“正义感”这一中心来组织这些材料(C04)，由此，各段落主旨与文章中心思想的关联度、段落之间的衔接关系基本成立(S06)(S08)。然而，文章对“正义感”这一主题的挖掘不够深入，未能提出具有独创性或深刻性的见解(C05)，虽然尝试从现实角度联系主题，但思考角度较为单一，未能充分展现多角度的思考过程(C06)。这导致了文章的重点部分，即议论部分，未能得到详写(S09)，而作为铺垫的故事梗概部分则未能做到有效略写(S10)。在具体行文中，从故事叙述到议论抒情的转换略显生硬，内容前后的交代不够清晰(S02)，部分段落内部的句子之间逻辑联系也较为松散(S07)，这与过渡词句使用不足有直接关系(S03)。文章的开头和结尾也显得较为平淡仓促，未能有效吸引读者或升华主旨(S11)(S12)。语言表达方面，个别语句不够通顺，意思表达不够完整(E01)，遣词造句也缺乏生动优美的色彩(E02)。在复述故事时，对能够体现人物性格和事件发展的关键细节关注不足(E11)，整体来看，修辞手法、表达方式和表现手法的综合运用均有待加强(E05)(E06)(E07)。"
150126,"该生作文《我的爷爷是“读书狂”》通过具体的事例刻画了爷爷热爱读书、知识渊博的形象。在内容选材方面，文章选取了爷爷深夜读书、解答邻里问题、教导孙辈等具体事例，材料充实且具有生活气息(C02)，并且这些材料都紧紧围绕“爷爷是读书狂”这一中心进行组织，主旨明确(C04)。文章对于重点部分，如爷爷读书时的神态动作以及解答“熊猫手指”问题的过程进行了详细描写(S09)，而对于过渡性的内容则处理得简洁明快(S10)，体现了良好的详略安排能力。同时，作者关注到了人物的细节，如“腰板笔直”、“身子离桌一拳头”等描写，使得人物形象更加生动(E11)。在结构布局上，文章开头以深夜灯光引入，画面感强，切题恰当(S11)，结尾简洁有力，直抒胸臆，表达了对爷爷的敬佩(S12)。全文段落与主旨紧密相连(S06)，并且能够运用“每天我放学回家”、“我5岁的时候”、“还有一次”等过渡词句极其自然地粘合相邻段落，起承转合非常流畅(S03)，前后内容交代得也很清楚(S02)。语言表达方面，全文语句通顺，意思表达完整，没有阅读障碍(E01)。不过，文章在思想深度和表现手法上还有提升空间。选材虽然具体但较为常规，缺乏独特的视角或深刻的原创性思考(C05)，多角度思考主题的能力也表现平平(C06)。虽然段落间过渡自然，但部分句子与段落中心的逻辑联系还可以更加紧密(S07)，段落之间的内在逻辑关联也有待加强(S08)。此外，文章语言较为朴实，在词句的生动优美程度(E02)、修辞手法的综合运用(E05)以及表达方式的多样性(E06)上略显单薄，表现手法也相对单一(E07)，观察事物的顺序和主次层次感还可以进一步优化(E12)。"
150127,"文章紧扣“离别”这一中心主题组织材料，段落内容与主旨联系紧密，体现了较好的聚题能力(C04)(S06)。作者能够选取书中的具体情节以及自己在国外的生活经历作为素材(C02)，实现了从书本到现实的多角度思考(C06)。文章结构完整，前后内容交代清晰(S02)，段落之间运用了过渡词句进行衔接(S03)，段际关系较为紧密(S08)。结尾简洁利落，能够卒章显志，点明珍惜情感的主题(S12)。作者在阅读中关注到了“爸爸的花落了”等关键细节(E11)，观察具有一定的条理性(E12)。但在详略安排上，对原书故事情节的复述显得有些拖沓，略写过渡性材料的能力有待提高(S10)，重点部分的铺陈可以更充分(S09)。开头略显平淡随意(S11)。语言表达上，部分语句存在语病，不够通顺(E01)，句子内部和句子之间的逻辑联系不够紧密(S07)，词句显得较为朴素(E02)。此外，文章表达方式较为单一(E06)，缺乏修辞手法的综合运用(E05)和多样化的表现手法(E07)，思想观点的独特性和深刻性稍显不足(C05)。"
150128,"文章展现了极具独创性和深刻性的思想内涵，能从英子对待“疯子”和“小偷”的态度中提炼出关于善良与成长的独特见解，对“被迫成熟”的体悟尤为深刻(C05)。在内容组织上，选取了书中具体且充分的材料来支撑观点(C02)，能够紧紧围绕感悟的中心进行剪裁和组织(C04)，对重点感悟部分进行了详尽的阐述(S09)。行文逻辑严密，各段落与主旨紧密相连(S06)，段与段之间关系紧凑(S08)，前后内容交代清楚(S02)，且能运用过渡词句自然粘合(S03)。结尾部分简洁利落且意蕴悠长，极好地收束了全文并升华了主题(S12)，相比之下，开头的写法较为常规(S11)。语言表达方面，全篇语句通顺流畅，意思完整(E01)，词句运用恰当且生动优美，具有很强的感染力(E02)。作者能关注人物和事件的细节(E11)，并进行有主次、有顺序的观察与分析(E12)，虽然在表现手法的多样性上略显不足(E07)，但整体上是一篇高质量的读后感。"
150130,"文章选取了《安德的游戏》中安德被选拔、指挥战斗以及战后成为死者代言人等具体情节，材料充实且能紧紧围绕安德的成长与反思这一中心进行组织(C02)(C04)。作者不仅关注故事情节，还能从战争性质、种族沟通等多角度思考主题，体现了较好的思维广度(C06)，但在思想观点的独特性和深刻性上表现一般，主要停留于对原书情节的复述与基础感悟(C05)。在结构上，段落之间逻辑关系紧密，各段落均能紧扣主旨展开，观察叙述有主次、有顺序(S06)(S08)(E12)。文章前后内容交代较为清楚(S02)，使用了过渡词句粘合段落(S03)，但部分句子与段落中心句的紧密度有待加强(S07)。详略安排方面，重点描写了安德发现真相后的心理变化(S09)，但对背景介绍等过渡性材料的概括不够精炼，略写处理稍显不足(S10)。开头介绍了书名及获奖情况，较为常规(S11)，结尾总结人物品质并联系自身，简洁利落且有效升华了主题(S12)。语言表达上，全篇语句通顺流畅，意思完整(E01)，综合运用了叙述和议论的表达方式(E06)，且关注了人物心理细节(E11)。不足之处在于词句表达较为朴实，缺乏生动优美的描写(E02)，修辞手法和表现手法的使用较为单一匮乏(E05)(E07)。"
150131,"文章选取了《小王子》中离开星球、游历遇到的大人、与狐狸的相遇以及最终结局等关键情节，材料选择具体充分(C02)，且所有素材都紧密围绕“爱与责任”这一中心进行组织，指向性明确(C04)。在主题思考上，既分析了成人世界的空虚，又探讨了驯化与爱的真谛，体现了多角度的思考能力(C06)，思想具备一定的深度，但在独特性和原创性上表现中规中矩(C05)。结构方面，段落与主旨紧密相连(S06)，段与段之间关系紧密(S08)，前后内容交代清楚(S02)，并能使用过渡词句如“最后来到了地球”来粘合段落(S03)，句段逻辑联系尚可(S07)。详略安排上，对重点情节有一定侧重(S09)，对游历过程等过渡性材料进行了略写(S10)，但详写部分的深度挖掘仍有空间。开头采用直接入题的方式，较为常规(S11)，结尾总结升华，简洁利落(S12)。语言表达上，语句十分通顺流畅(E01)，词句表达准确但生动优美程度一般(E02)，修辞手法(E05)和多种表达方式(E06)的综合运用较少，表现手法相对单一(E07)。在内容处理上，关注到了人物和事件的关键细节(E11)，并能按照情节发展的逻辑顺序进行观察和叙述，条理清晰(E12)。"
150134,"这篇读后感在材料选择上表现优异，能够选取书中“惠安馆”、“爸爸的花儿落了”等具体且充分的情节作为素材(C02)，并紧密围绕“童年的珍贵”这一中心进行组织(C04)，详写了个人对童年逝去的感悟这一重点部分(S09)，对于过渡性的情节介绍则处理得简洁明快(S10)。作者不仅关注了书中人物和事件的细节(E11)，还能有主次、有顺序地展开观察与思考(E12)，体现了多角度思考主题的能力(C06)。在立意方面，文中将童年比作“铅笔勾勒”，成年比作“签字笔落印”，这一比喻颇具新意，展现了独特的思想深度(C05)。结构上，文章开头引用封面语自然引出主题(S11)，结尾运用比喻升华情感，简洁有力(S12)，前后内容交代清楚(S02)，段落之间运用了有效的过渡词句进行粘合(S03)，使得段与段之间关系紧密(S08)。语言表达方面，全篇语句通顺流畅，意思完整(E01)，综合运用了叙述、议论等多种表达方式(E06)，词句恰当且具有一定的生动性(E02)，同时也尝试使用了比喻等修辞手法(E05)和多种表现手法(E07)。不过，相较于整体的高水平，各段落与主旨的紧密程度(S06)以及各句子与段落中心句的关联度(S07)得分略低，说明在段落内部的逻辑聚焦上还有进一步打磨的空间。"
150135,"文章在基础的篇章结构上展现了清晰的思路。能够围绕读后感这一中心任务，选取《惠安馆》的故事作为核心材料并进行组织(C04)，全文从引述原著到复述情节再到结尾感悟的段落安排是合理的(S06)，段落之间的逻辑推进关系也较为紧密(S08)，并且全文语句基本通顺，能够将意思完整地表达出来(E01)。文章的主要问题在于内容深度与表达方式的单一化。首先，在内容处理上，文章对材料的选取尚可，但不够充分具体(C02)，主体部分更接近于情节梗概的复述，虽然交代了故事的前后内容(S02)，但未能对文章的重点部分进行详写(S09)，也缺乏对过渡性材料的略写意识(S10)，使得文章详略不当。其次，在思想立意上，文章的思考未能从多角度展开(C06)，最终的感悟流于表面化，缺乏独创性与深刻性(C05)。在具体的篇章与语言层面，文章的开头显得较为公式化(S11)，结尾的感悟则过于简短急促，显得草率(S12)。段落之间的过渡连接略显生硬(S03)，段落内部的句子之间联系也不够紧密(S07)。语言表达整体较为平实，缺少生动优美的词句(E02)，也未能综合运用多种修辞手法(E05)、表达方式(E06)或表现手法(E07)来增强文章的感染力，尤其欠缺对人物和事件细节的关注与描写(E11)，也未能体现出观察时的主次顺序感(E12)。"
150136,"文章在内容选择与思想深度上表现突出。作者能够选取“惠安馆传奇”这一具体且充分的材料来支撑观点(C02)，并围绕童年的相聚与离别这一中心来组织情节复述与感悟(C04)。文章从故事本身延伸到对新旧社会对比的思考，体现了思想的独特性(C05)，并能从英子的善良品质与故事的悲剧性结局等多个角度进行思考(C06)。在详略处理上，对核心故事情节的叙述较为细致(S09)，而对过渡性材料的交代则相对简略(S10)，开头也能恰当入题(S11)。然而，文章的结构衔接是主要失分点。段落之间的逻辑关系不够紧密，从故事分析到引用歌曲再到结尾感想的转换显得有些跳跃(S08)，内容的前后交代也不够清晰(S02)。虽然段落内部的句子能够围绕段落中心句展开(S07)，但段落与主旨的关联度以及段落间的过渡粘合仍有提升空间(S06)(S03)。语言表达方面，语句基本通顺完整(E01)，词句使用也较为恰当(E02)，对书中人物事件的细节有关注(E11)，但综合运用修辞手法(E05)、表达方式(E06)和表现手法(E07)的能力较弱，导致文采略显平实。"
150137,"文章选取了《葡萄》这一具体故事作为读后感的素材，内容较为充实(C02)，但在围绕中心组织材料方面，复述故事情节占据了过多篇幅，导致读后感悟的主体地位不突出(C04)。虽然详写了书中的故事情节(S09)，但在处理过渡性材料时略显拖沓，未能做到精简概括(S10)。对于主题的思考主要停留在对写作手法和语言形式的表面评析，缺乏多角度的深入挖掘(C06)，思想独特性和深刻性有待加强(C05)。在结构上，文章前后内容的交代存在一定的逻辑跳跃，特别是两个故事之间的衔接不够自然(S02)。虽然使用了过渡词句连接段落(S03)，但段落与主旨(S06)、句子与段落中心(S07)以及段落之间的紧密程度(S08)仍显松散。开头交代了阅读对象(S11)，但结尾仅用一句套话收束，显得过于仓促单薄(S12)。语言表达方面，全文语句通顺，意思表达完整，这是文章的优势所在(E01)。但在词句的生动优美程度(E02)以及修辞手法的综合运用(E05)上较为平淡。虽然尝试结合叙述与议论(E06)，但表现手法较为单一(E07)。在关注人物事件细节(E11)和观察顺序(E12)上表现尚可，但未能有效服务于深层感悟的表达。"
150138,"文章选取了《小王子》的基本信息和故事情节作为主要材料，内容较为具体(C02)，基本能围绕推荐书籍这一中心组织材料(C04)，但内容侧重于复述故事，缺乏独特的个人见解和深刻的思想内涵(C05)，思考角度也较为单一，仅停留在表层的喜爱与推荐上(C06)。在结构布局上，文章能够交代清楚前后内容(S02)，段落之间运用了过渡词句进行衔接(S03)，各段落内容紧密围绕主旨展开(S06)，句子与段落中心的联系尚可(S07)，段与段之间保持了一定的逻辑联系(S08)。但在详略安排上略显失当，未能详写读后的具体感悟这一重点(S09)，对于故事梗概等过渡性材料未进行有效的略写概括(S10)。开头部分中规中矩(S11)，结尾简洁利落但稍显单薄(S12)。语言表达方面，整体语句通顺，意思表达完整(E01)，叙述中关注到了人物和事件的细节(E11)，并能按一定的顺序进行观察和描述(E12)。然而，词句略显平淡，不够生动优美(E02)，修辞手法运用较少(E05)，表达方式较为单一(E06)，缺乏多样的表现手法来增强文章的感染力(E07)。"
150139,"该生作文《读〈狼王梦〉有感》不仅准确概括了原著中母狼紫岚为培育狼王而奋斗牺牲的核心情节，还联想到孟母三迁、岳母刺字等历史典故，材料选取具体充分且紧密围绕“母爱”与“梦想”的中心进行组织(C02，C04)。作者打破了对狼的刻板印象，从狼的团结、抱负以及紫岚悲壮的母爱等多个角度进行深刻思考，体现了思想的独特性(C05，C06)。文章结构清晰，开头以设问引入新旧观念对比，结尾将“梦”引申至生活，首尾呼应且详略得当，重点突出了紫岚的牺牲精神(S11，S12，S09，S10)。段落间虽过渡词句的使用略显生硬，但整体逻辑连贯，段落与主旨、句子与段落中心的联系较为紧密(S02，S03，S06，S07，S08)。语言表达上，作者综合运用记叙、议论、抒情等多种方式，结合对比、联想等表现手法，词句生动优美，尤其是对人物心理和细节的捕捉较为到位，展现了较强的语言驾驭能力(E01，E02，E06，E07，E11)。"
150140,"这篇作文作为读后感，在材料选取上，能够点出书名、主人公名字变更以及书中老师的一句话等具体内容，材料选取尚算具体(C02)。文章试图围绕读后感悟这一中心来组织材料，但中间大段篇幅聚焦于配角老师的一句话，与题目“居里夫人”的核心关联度略显游离，组织能力尚可(C04)。思想层面，对“抓住太阳”的理解较为浅显，仅停留在“好好学习”的层面，缺乏深刻的独创性见解(C05)。不过，作者能从书中非主角（老师）的角度切入进行思考，体现了一定的多角度取材意识(C06)。在结构上，文章前后内容交代基本清楚，但逻辑跳跃较明显(S02)。段落之间缺乏有效的过渡词句进行粘合，读起来略显断裂(S03)。特别是中间段落关于“老师的话”的感悟与前后段落及文章主旨的联系不够紧密，显得有些突兀(S06)。句与句之间、句与段落中心之间的逻辑粘连度也较弱，思维较为发散(S07)(S08)。详略安排上，对重点感悟部分的描写不够深入细致，分析略显单薄(S09)，过渡性材料的处理也较为普通(S10)。开头部分较为平淡，仅简单交代了读的书，缺乏吸引力(S11)。结尾虽然简洁，但“坚强不屈”的呼吁与前文重点描写的“老师的话”缺乏逻辑呼应，显得有些仓促(S12)。语言表达方面，语句基本通顺，但存在如“一点点到20岁的时候”这样表述不清的语句(E01)。词汇较为匮乏，缺乏生动优美的描写(E02)。修辞手法使用较少，仅见个别比喻(E05)。表达方式以叙述和简单议论为主，较为单一(E06)，表现手法也缺乏变化(E07)。在细节关注上，虽然捕捉到了“抓住太阳”这一细节，但挖掘不够深入(E11)。观察顺序和叙述层次显得较为随意，主次不够分明(E12)。"
150141,"文章能够以介绍书籍信息的方式开篇，结构上是恰当的(S11)，并且对所选的“惠安馆”故事情节进行了基本交代，前后内容较为清楚(S02)。在内容选择上，文章能够选取“惠安馆”这一具体材料来展开(C02)，并尝试围绕“母爱”这一中心来组织(C04)。然而，文章在深度和广度上存在明显不足，未能从多角度思考主题，仅局限于单一故事的复述(C06)，提出的感悟也缺乏独创性和深刻性(C05)。结构方面，关于作者生平的段落与主旨关联度不高(S06)，主体段落内部的句子之间也未能紧密围绕段落中心展开，多停留在情节罗列(S07)。文章最主要的问题在于详略不当，作为核心分析对象的“惠安馆”故事未能得到详写，缺乏支撑观点的细节描写(S09)，结尾也过于仓促，未能形成有效总结(S12)。语言表达上，语句基本通顺(E01)，但词语运用较为平实，缺乏生动优美的表达(E02)，同时基本没有运用修辞手法(E05)和多样的表达方式，叙述是其唯一手段(E06)，也未能展现对人物事件细节的关注(E11)。"
150142,"作文选材方面，文章选取了原著中破译密码、阿克赛尔迷路自救、海上遇险等具体情节，材料选取较为充分(C02)。在围绕中心组织材料方面，作者试图通过具体情节引出对“坚持”、“勇敢”等品质的思考，但情节叙述与感悟之间的逻辑粘连度尚可，组织能力中规中矩(C04)。文章能结合自身思考，提出“如果是我会冷静下来”的假设以及对成功要素的总结，体现了一定的独特性和思想性(C05)。同时，作者能从李登布洛克叔叔和阿克赛尔两个不同人物的角度切入，选用不同材料来表现主题，展示了多角度思考的能力(C06)。结构安排上，文章按照“介绍书目-复述情节-感悟分析-总结升华”的顺序展开，前后内容交代清楚(S02)。段落间使用了“一开篇”、“后面的探险”、“从这本书中”等明显的过渡词句，有效地粘合了相邻段落(S03)。各段落基本围绕读后感这一主旨展开，但紧密度一般(S06)。句段间的逻辑联系较为紧密(S07)，段落间的关系也比较清晰(S08)。详略处理上，重点描写了破译密码和迷路自救的过程，详写得当(S09)，对于非重点的过渡性材料处理简洁(S10)。开头直接引出书名，略显平淡(S11)，结尾总结全文感悟，简洁利落(S12)。语言表达方面，全文语句通顺，意思完整，阅读流畅(E01)。词句使用恰当，但生动优美程度一般(E02)。修辞手法运用较少，缺乏文采(E05)。文章较好地结合了叙述和议论两种表达方式，既有情节复述又有个人感悟(E06)。表现手法较为单一(E07)。但在细节描写上表现出色，如对破译过程和测量距离方法的描述，体现了对人物和事件细节的关注(E11)。叙述过程有主次、有顺序(E12)。"
150143,"文章在结构组织上体现出了一定的条理性，能够按照主次顺序来安排论述的层次(E12)，段落之间衔接较为紧密(S08)，能够交代清楚前后内容(S02)，并使用简单的过渡词句进行连接(S03)。各段落基本能服务于表达观后感这一中心(S06)，全篇语句也做到了通顺完整(E01)。然而，文章的主要问题在于内容层面过于单薄。你从人物和内容两个角度展开论述，体现出了一定的思考维度(C06)，但未能选取具体且充分的材料来支撑观点(C02)，例如“空城计”和“张飞的样子”都只是一笔带过，缺乏必要的细节呈现(E11)。这导致文章的重点部分未能得到详写(S09)，而过渡性材料又未作有效略写(S10)，最终呈现出的感想也就缺乏独创性与深刻性(C05)。在段落内部，部分句子与段落中心句的联系不够紧密，论证显得松散(S07)。此外，文章的开头部分只是对作者生平的罗列，未能有效引出中心论点(S11)，结尾也较为平淡(S12)。语言表达方面，词句的运用较为平实，不够生动优美(E02)，表达方式、修辞手法和表现手法的运用也比较单一(E06)(E05)(E07)。"
150144,"文章选取了《地心游记》的故事梗概及其中关于火山爆发的具体片段作为写作材料，内容充实(C02)。作者能从全书概括、精彩片段摘录以及读后感悟等多个角度切入主题，体现了阅读时的多维思考(C06)。在观察和叙述顺序上，先总述后分述再总结，条理清晰，次序分明(E12)。从结构上看，文章清楚地交代了书名、主要内容、精彩片段及读后感想，前后内容衔接连贯(S02)。段落之间使用了“这本书是”、“这个片段”、“读了这本书”等过渡词句，有效地粘合了相邻段落(S03)，使得各段落都能紧密围绕“读后感”这一主旨展开(S06)。文章开头直接点题，交代阅读对象，切入恰当(S11)。在语言表达方面，全文语句通顺，意思表达完整(E01)。作者综合运用了记叙（讲述故事梗概）和议论（发表感悟）的表达方式(E06)，并关注到了书中的人物与具体事件细节(E11)，引用的原文片段词句较为生动(E02)。不足之处在于详略安排有待优化：作为读后感，重点应在于“感”，但文章对感悟部分的描写过于简略，未展开详写(S09)，而对故事梗概等过渡性材料的略写处理也不够精炼(S10)。结尾虽然总结了感悟，但较为仓促简洁(S12)。此外，感悟部分的句子之间逻辑紧密度一般(S07)，思想深度停留在较为基础的层面，独特性和深刻性尚有提升空间(C05)。修辞手法(E05)和表现手法(E07)的使用也较为单一。"
150201,"文章在内容层面能够围绕写给未来自己的中心来选择和组织材料(C04)，并能从职业、科技等多个角度思考主题(C06)，例如选取了个人生病的具体经历来支撑想当医生的梦想(C02)，但文章的思想观点较为常规，缺乏独创性与深刻性(C05)。结构方面，段落之间逻辑关系较为紧密(S08)，各段落及段内语句也能与中心关联(S06)(S07)，但前后内容的交代不够连贯(S02)，尤其缺少必要的过渡词句进行粘合(S03)，导致整体性稍弱；文章对想当医生的原因进行了一定详写，但深度不足(S09)，而其他部分则显得过于简略(S10)，同时开头较为平淡(S11)，结尾则能以期许作结，形式完整(S12)。语言表达上，语句基本通顺完整(E01)，用词恰当但不够生动优美(E02)，能够关注到事件的细节并按顺序观察(E11)(E12)，但修辞手法(E05)、表达方式(E06)及表现手法(E07)的运用都较为单一。"
150203,"文章选取了父亲在地铁站不顾腰伤救助跌入站台缝隙的作者这一具体事例，材料选择充实且典型(C02)。全文紧紧围绕父爱如山这一中心进行组织，并未发生偏题现象(C04)。虽然父爱是常见题材，但在思想独特性上表现尚可，不算特别深刻(C05)。作者能够从事件的惊险程度和父亲的身体状况等多个角度来思考和表现主题(C06)。叙事逻辑上，起因、经过、结果交代得非常清楚，尤其是遇险前后的情境转换(S02)。段落之间使用了恰当的过渡词句，如“刹那间”“刚从惊恐中回过神来”，使得行文流畅(S03)。各段落内容均服务于主旨(S06)，句与句之间联系紧密(S07)，段落间逻辑关系严密(S08)。在详略安排上，对于掉入缝隙和父亲施救的过程描写得十分详细(S09)，但对于喝奶茶、躲避咳嗽乘客等铺垫性材料略显冗长，略写处理不够到位(S10)。书信体的开头格式规范且自然(S11)，结尾引用名言并抒情，简洁利落(S12)。语言表达上，语句通顺流畅(E01)，词语使用恰当且生动，如“舔”“巨兽”“拔”等字眼极具表现力(E02)。文中运用了比喻等修辞手法增强画面感(E05)，并综合运用了记叙和抒情等表达方式(E06)，但在表现手法的多样性上还有提升空间(E07)。作者关注到了父亲“紧扭着眉头”等人物细节(E11)，并且叙事观察有主次、有顺序(E12)。"
150204,"文章在内容选择上展现了较好的构思能力，能够选取大量具体的事例来描绘对未来的想象，如飞行艇、声控窗帘和做饭机器人等(C02)，并且这些材料都能紧密地服务于“未来生活”这一中心主题，组织有序(C04)。然而，文章的思考角度主要局限于外部环境和家庭科技两个方面，未能展现更多维度的思考(C06)，所选取的想象内容也较为常见，在思想的深刻性与独创性上表现不足(C05)。从篇章结构来看，文章的开头和结尾形式较为简单，未能有效吸引读者或升华主旨(S11，S12)，但段落间的逻辑关系是清晰的，从室外环境到室内家居的过渡也比较自然(S03，S08)，各段落均能围绕主旨展开(S06)。问题在于段落内部，尤其是对未来家居的描写更像是一系列功能的罗列，句与句之间缺乏紧密的逻辑联系，显得松散(S07)，同时对这些充满想象力的核心部分未能进行详尽生动的描绘，只是点到为止(S09)。在语言表达层面，文章的语句基本通顺，意思完整清晰(E01)，也能关注到一些事物的具体细节并按一定顺序进行观察(E11，E12)。但在语言的锤炼上有所欠缺，词语的运用较为平实，不够生动优美(E02)，也未能综合运用修辞手法或多样的表现手法来增强文章的感染力(E05，E07)。"
150205,"文章在内容选择与构思层面展现了较好的基础，能够围绕“给未来的我”这一中心，选取自身存在的拖延和不善合作两个方面的缺点作为写作材料(C04)，并且从两个角度展开思考，体现了一定的思辨性(C06)。尤其是关于拖延习惯的叙述，选取了自己赖在床上不写作业的具体事例，材料非常具体充分(C02)，对事件过程的观察也具备主次和先后顺序(E12)，这种坦诚的自我剖析让文章具备了一定的独特性与思考价值(C05)。在语言表达上，语句基本通顺完整(E01)，并能运用“如饿虎发现猎物”“像抹了502胶水”等生动贴切的词句(E02)，对事件的关键部分也进行了较为细致的描写(S09)，体现出对细节的关注(E11)。然而，文章在结构组织和段落衔接上存在明显不足，这也是主要的失分点。从拖延问题到团队合作问题的转换显得突兀，未能交代清楚二者的内在联系(S02)，段落之间缺少必要的过渡词句(S03)，导致段与段的关系松散(S08)。这种结构上的跳跃使得段落与文章主旨的关联不够紧密(S06)，段落内部的句子有时也围绕中心句不够集中(S07)。此外，文章的开头和结尾处理得较为随意(S11，S12)，对于非重点的过渡性材料处理得不够简练(S10)，修辞手法(E05)、表达方式(E06)及表现手法(E07)的运用也较为单一，有待丰富。"
150206,"文章选取了雨夜指挥交通的具体事例来表达对警察的敬意，材料充实(C02)，紧紧围绕感谢与建议这一中心组织内容(C04)，特别是提出了设置“执行任务小屋”的建议，体现了你独特的思考与原创性(C05)，虽选材角度相对集中，但能支撑主题(C06)。结构上，书信格式规范，开头直抒胸臆点明写信目的(S11)，结尾表达决心，简洁得体(S12)，前后内容交代清晰(S02)，段落间关系紧密(S08)，过渡词句使用基本到位(S03)，段落与主旨(S06)、句子与段落中心(S07)联系较为紧密，详略安排基本得当(S09)(S10)。语言方面，能综合运用记叙、描写、议论等表达方式(E06)，使用了比喻、拟人等修辞手法(E05)，词句较为生动(E02)，特别是对雨夜环境及警察动作细节的刻画较为到位(E11)，观察有序(E12)，但语句通顺度有待提高，文中存在多处语病及错别字，如“您们”、“警案”、“因为还留了几个小白点”等，影响了表达的准确性(E01)，表现手法也略显单一(E07)。"
150207,"这篇作文以书信的形式请求哥哥补习语文，选取了具体的考试经历作为主要材料，内容充实(C02)，能够围绕“语文成绩不理想，需要帮助”这一中心进行选材和组织(C04)。但在立意上较为常规，缺乏独特的思想深度(C05)，思考角度也相对单一(C06)。在结构方面，文章条理清晰，能够清楚地交代前后内容(S02)，段落之间以及段落与主旨的联系较为紧密(S06，S08)，特别是对考试过程中的心理变化和做题细节进行了详写，突出了文章重点(S09)，过渡性材料略写得当(S10)。不过，段落间的过渡词句使用稍显生硬(S03)，部分段落内句子与中心句的粘合度一般(S07)，开头和结尾虽然恰当简洁(S11，S12)，但略显平淡。在语言表达上，全文语句通顺，意思完整(E01)，能够按照考试顺序有条理地叙述(E12)，并关注到了一定的心理和动作细节(E11)。但在词句的生动优美程度(E02)以及修辞手法(E05)和表现手法(E07)的多样性上稍显不足，表达方式较为单一(E06)。"
150208,"在选材立意方面，作文紧紧围绕“劝说父亲戒烟”这一中心，列举了吸烟导致免疫系统受损、心血管疾病及污染空气等具体危害，材料选取较为充分且能够支撑文章主旨(C02，C04)。作者尝试从个人健康和环境影响等多个角度进行思考(C06)，但整体立意较为常规，缺乏独特的视角或深刻的思想内涵(C05)。在结构布局方面，书信格式规范，开头采用设问形式引起注意(S11)，前后因果交代清楚(S02)。文章段落之间以及各段落与主旨之间联系较为紧密(S06，S08)，句群逻辑连贯(S07)，能够按照主次顺序展开论述(E12)。作者详写了劝诫理由这一重点部分(S09)，但在过渡性材料的处理上稍显生硬(S10)，段落间的过渡词句运用不够自然(S03)，结尾虽然简洁但显得过于仓促，缺乏必要的情感升华(S12)。在语言表达方面，文章综合运用了叙述、议论等表达方式(E06)以及设问等修辞手法(E05)，表现手法尚可(E07)，也能关注到劝诫过程中的部分细节(E11)。但在语言规范性上存在不足，部分语句如“免疫系统下降”存在搭配不当的问题，影响了通顺度(E01)，词句表达较为朴实，缺乏生动性和优美感(E02)。"
150209,"习作能够选取具体且充分的材料，如文中描绘的环卫工人在烈日和冰雪中的坚守，以及那个捡拾小女孩丢弃垃圾的具体事例，内容充实(C02)。作者能从季节变化、具体事件等多个角度思考主题，选用的材料能够很好地表现环卫工人的精神(C06)。文章紧紧围绕赞美环卫工人这一中心组织材料(C04)，情感真挚，体现了作者对劳动者的尊重，具有一定的思想深度(C05)。文章开头以书信格式切入，自然引出对象，写法恰当(S11)；结尾简洁利落，升华了情感(S12)。文中能够交代清楚前后内容(S02)，并运用了如“每当……”、“秋天不知不觉走了”等过渡词句粘合相邻段落(S03)，段与段之间关系较为紧密(S08)。各段落紧紧围绕主旨展开(S06)，段内的各句话也能紧密联系段落中心(S07)。在叙述过程中，能够详写捡垃圾和冬日清扫等重点部分(S09)，但在过渡性材料的略写处理上还有提升空间(S10)。整篇文章语句通顺，意思表达完整，阅读感流畅(E01)。作者能够使用恰当生动的词句描绘场景(E02)，并综合使用了比喻等修辞手法，如将脸红比作西红柿，形象生动(E05)。文中综合运用了记叙、描写、抒情等多种表达方式(E06)，展现了多种表现手法的运用能力(E07)。此外，作者关注了人物的动作和神态细节(E11)，并能做到有主次、有顺序地观察和描写(E12)。"
150210,"这篇作文《给表哥的一封信》在选材上选取了具体的“纸团游击战”作为核心素材，材料充实(C02)，并紧密围绕向表哥分享生活趣事这一中心进行组织(C04)。作者能从学校和家庭生活多角度思考，提及了建大棚、看冰灯等素材(C06)，但整体思想深度和原创性较为普通(C05)。结构方面表现优异，前后内容交代清晰(S02)，使用了恰当的过渡句粘合段落(S03)，各段落紧扣主旨(S06)，句段联系紧密(S07)，段间关系逻辑性强(S08)。详略安排得当，重点详写了游戏过程(S09)，略写了其他生活片段(S10)。开头问候自然恰当(S11)，结尾简洁有力(S12)。语言通顺完整(E01)，词句生动活泼(E02)，对人物和事件细节有较好关注(E11)，观察叙述有条理(E12)。但在修辞手法(E05)、表达方式(E06)及表现手法(E07)的多样性上还有提升空间。"
150211,"这是一篇情感真挚的书信体作文，小作者选取了教画画、做手工、读故事等具体的生活场景作为材料，内容充实(C02)。文章紧紧围绕“对弟弟妹妹的期待与关爱”这一中心来组织材料，主旨鲜明(C04)。特别是将“教画画”的过程作为重点进行详细描写，体现了作者独特的生活体验(C05)，也展示了从不同角度思考未来相处模式的能力(C06)。在结构安排上，文章详略得当，对于重点部分“教画画”的步骤描写得非常细致(S09)，而对于其他活动则能略写过渡(S10)。各段落与主旨联系紧密(S06)，段落内部的句子也能紧紧围绕中心句展开(S07)，段与段之间关系较为紧密(S08)。开头直抒胸臆，恰当得体(S11)，结尾简洁利落，表达了美好的祝愿(S12)。不过，部分语句的前后逻辑交代略显突兀，如教画画时的时空转换不够自然(S02)，相邻段落间也缺乏足够的过渡词句进行粘合(S03)。在语言表达方面，全文语句通顺，意思完整(E01)。描写画画过程时，能够按照步骤有顺序地进行观察和叙述(E12)。但在词句的生动性和优美度上还有提升空间(E02)，对人物和事件的细节刻画还可以更加细腻(E11)。此外，修辞手法(E05)、表达方式(E06)以及表现手法(E07)的运用相对单一，若能综合运用，文章会更加出彩。"
150212,"文章在立意选材上表现突出，能够从清晨观察保洁员工作的具体生活小事切入，选取了真实且充分的材料(C02)，并能围绕感谢与体谅这一中心来组织这些材料(C04)。作者没有停留在简单的感谢层面，而是通过观察风吹落叶、路人丢弃垃圾等细节，深入思考了保洁工作的艰辛，展现了多角度的观察与思考(C06)，使文章具备了较好的独创性与思想深度(C05)。全文对人物事件的细节有很好的捕捉(E11)，观察过程主次分明，顺序清晰(E12)。结构上，开篇与结尾均简洁得体，能够点明主旨(S11)，并给出利落的收束(S12)，各段落也能紧密围绕主旨展开(S06)，段落间的关系较为紧密(S08)。对核心事件的详写基本到位(S09)，过渡材料的处理也较为简洁(S10)。然而，文章在段落内部的衔接上存在不足，前后内容的交代有时不够清晰(S02)，句与句之间的联系可以更紧密(S07)，尤其欠缺必要的过渡词句来粘合段落(S03)。语言表达方面，语句基本通顺完整(E01)，用词也较为恰当(E02)，但在修辞手法(E05)、表达方式(E06)以及表现手法(E07)的综合运用上则显得较为单一，影响了语言的生动性。"
150213,"这篇《致圣诞老人的一封信》选取了“去年圣诞节等待礼物”这一具体且充分的材料(C02)，紧紧围绕“对圣诞老人存在的疑惑与相信”这一中心来组织内容(C04)。作者真实地记录了自己从深信不疑到产生动摇，再到依旧怀有希望的心理过程，体现了独特的思考视角和原创性(C05)，能够多角度地展现童心与现实的碰撞(C06)。在结构上，文章开头采用了标准的书信格式，切入自然(S11)，结尾表达了期待解答疑惑的愿望，简洁利落(S12)。叙事过程中，前后内容交代得非常清楚，心理变化脉络清晰(S02)。使用了恰当的时间词和过渡句，如“去年的圣诞节前夕”、“那天晚上”等，有效地粘合了相邻段落(S03)，使得段与段之间关系紧密(S08)。各段落始终围绕“疑惑”这一主旨展开(S06)，段落内的句子也紧密服务于段落中心(S07)。作者详略得当，对期待礼物时的焦急、发现没有礼物时的失落以及后来发现信件时的惊喜等重点心理活动进行了详写(S09)，而对其他过渡性情节进行了略写(S10)。在语言表达方面，全篇语句通顺，意思完整(E01)。词句运用生动优美，如“心里空落落的”、“脑袋就像被一块大石头狠狠撞了一下”等(E02)。文中综合使用了比喻等修辞手法，例如将疑惑比作“小姑娘在秋千上越荡越高”，形象生动(E05)。作者综合运用了叙述和细腻的心理描写等多种表达方式(E06)，并采用了对比等表现手法来增强感染力(E07)。此外，作者非常关注人物的心理变化细节和事件发展的具体细节(E11)，并且按照时间顺序有主次地进行了观察和描述(E12)。整体来看，这是一篇情感真挚、描写细腻的佳作。"
150214,"文章能够紧扣“北京变化”这一中心，选取了地铁发展、共享单车和移动支付等具有时代特征的材料，做到了选材具体充分(C02)，并能围绕中心组织材料(C04)，从交通、支付等多个角度展现主题，体现出了一定的思考广度(C06)，在立意上具有一定的独特性(C05)。文章结构完整，开头以书信格式问候，交代背景，十分恰当(S11)，结尾再次点题并发出邀请，简洁有力(S12)。主体段落内部的句子能够与段落中心句紧密相连(S07)，段落之间也存在逻辑关联(S08)，对重点部分如共享单车和移动支付进行了详写(S09)，观察有主次顺序(E12)，且全篇语句基本通顺完整(E01)。然而，文章在段落衔接的自然流畅方面有所欠缺，前后内容的交代不够清晰(S02)，特别是从共享单车到移动支付的转折显得较为生硬，缺少必要的过渡词句(S03)，这使得部分段落与主旨的关联显得不够紧密(S06)，对过渡性材料的处理也不够简练(S10)。在语言表达上，词句的运用不够恰当生动，例如“puss掉了”这样的口语化表达有失书面语的严谨(E02)，对事件的细节刻画尚显不足(E11)。此外，文章整体表达方式较为单一，以说明为主(E06)，修辞手法(E05)和表现手法(E07)的运用都有待加强。"
150215,"文章在构思上展现了较好的原创性，能够对十年后的科技发展与个人规划展开独特的设想(C05)，并能围绕中心主题从学业、事业、科技、健康等多个角度选取材料进行探讨(C06)(C04)，所选材料具体且较为充分(C02)。文章的开篇能够恰当入题(S11)，结尾也做到了简洁有力(S12)，整体语句通顺完整(E01)，各段落能够紧扣主旨(S06)，段落内部的句子组织也基本围绕段落中心(S07)。文章的主要问题在于段落间的衔接不够紧密(S08)，缺少必要的过渡词句(S03)，导致前后内容的交代有时显得跳跃，不够清晰(S02)。此外，在语言表达层面，尽管词句使用基本恰当(E02)，但在修辞手法(E05)和表现手法(E07)的综合运用上有所欠缺，表达方式也略显单一(E06)，对于科技设想等细节的刻画尚有提升空间(E11)。"
150216,"文章的核心立意较为深刻，能将珍惜亲情的主题拔高到人生如梦的哲思层面，体现出独到的原创性思考(C05)。为阐述这一中心，文章选取了父亲出差这一具体事例作为核心材料，内容较为充分(C02)，并能围绕珍惜的主题来组织和安排这一叙事材料，使材料与中心思想的结合比较紧密(C04)。同时，文章能将个人经历与对人生的普遍思考联系起来，展现了从多角度切入主题并选择材料的能力(C06)。在结构上，文章的叙事线索清晰，能够清楚交代事件的前后发展(S02)，段落与段落之间的关系也较为紧密，逻辑推进基本顺畅(S08)。尤其值得肯定的是，段落内部的句子组织严谨，能够紧密围绕段落中心句展开，凝聚力很强(S07)。文章开头以书信形式直接点题，是恰当的开篇方式(S11)。不过，在段落衔接上，部分过渡略显生硬，可以运用更自然的过渡词句来增强粘合度(S03)，同时个别段落的论述与全文主旨的关联可以再紧密一些(S06)。叙事详略的处理基本得当，但重点部分的心理活动与场面描写还可以再深入细致一些(S09)，次要材料的交代则可以更简洁(S10)，结尾虽然点明了主旨，但说教意味略重，可以更简洁有力(S12)。语言表达方面，语句整体通顺，意思完整(E01)，观察事物时能做到有主有次、有条不紊(E12)。但在词语的运用上还可以更加生动优美(E02)，对人物事件的细节刻画也有提升空间，若能增加更多生动的细节，感染力会更强(E11)。文章综合运用了叙述、描写和议论等多种表达方式(E06)，也使用了比喻、反问等修辞手法(E05)以及借物喻人的表现手法(E07)，但技巧的融合与运用还可以更加纯熟自然。"
150217,"文章选取了“玩烟牌”和“英语听写”两件具体事例来分享近况，材料选取具体且较为充分(C02)，内容能够紧密围绕“给远方朋友的一封信”这一中心进行组织(C04)。特别是在描写烟牌游戏时，不仅介绍了玩法，还辩证地分析了其卫生隐患和潜在危害，体现了你能够多角度思考主题(C06)，这种结合时下流行游戏并提出个人见解的写法具有一定的独特性(C05)。在结构上，文章重点详写了游戏过程及反思，做到了详略得当(S09)，对事件的观察有主次、有顺序(E12)，段与段之间关系紧密(S08)。不过，开头的语言略显平淡和口语化，不够吸引人(S11)，结尾虽然简洁利落(S12)，但整体过渡词句的使用还不够娴熟(S03)，部分段落和句子的衔接逻辑可以更严密(S06，S07，S02)。语言表达方面，全文语句通顺(E01)，能够关注到吹烟牌时的动作细节(E11)，但在词句的生动优美程度(E02)及修辞手法的综合运用(E05)上还有提升空间，表现手法相对单一(E07)。对于过渡性材料的处理较为简洁(S10)，叙述与议论结合的表达方式运用得当(E06)。"
150218,"这是一篇建议书，作者通过亲身经历向颐和园管理员提出改进建议。首先，在选材与中心方面，文章能够选取具体的游览经历和发现鳄龟的事件作为素材，材料充实且具有说服力(C02)；所有材料的组织都紧紧围绕“向管理员提建议”这一中心展开，先叙事后建议，逻辑性强(C04)。作者详写了导致建议产生的具体情境，即被困经历和发现外来物种，重点突出，为后续建议提供了坚实的事实依据(S09)。其次，在结构与条理方面，文章开头直入主题，表明身份和目的，符合应用文规范(S11)；结尾表达期许，简洁利落(S12)。段落之间存在明显的因果逻辑，叙事段为建议段服务，联系紧密(S08)；具体语句也能紧紧围绕段落中心展开，如叙事段围绕游玩见闻，建议段围绕具体措施(S07)。作者按照时间顺序叙述了游玩过程，观察有序(E12)，且能够交代清楚事情的起因、经过和结果(S02)。过渡词句的使用基本完成了段落间的衔接(S03)。在语言与细节方面，全文语句通顺流畅，意思完整，表达清晰(E01)。作者在叙事中关注了鱼儿动态、鳄龟习性以及被困时的心理等细节，描写较为生动(E11)。文章综合运用了记叙、描写和议论等表达方式(E06)，词句运用基本恰当(E02)。然而，文章也存在一些提升空间。虽然详写了重点，但对于过渡性的景色描写（如鱼儿戏水）略显冗长，若能更精简地略写会使文章更紧凑(S10)。在思想深度上，虽然提出了环保建议，但独特性和深刻性还有待加强(C05)；思考角度主要局限于游客便利和单一生态问题，若能从管理机制、游客素质等多角度切入会更好(C06)。此外，修辞手法(E05)和表现手法(E07)的使用较为单一，文采略显平淡。"
150221,"该作文选材具体充分，选取了考试成绩、三亚游玩等生活细节作为素材(C02)，能够紧紧围绕与朋友沟通感情这一中心来组织和安排材料(C04)，并尝试从现状汇报和往事回忆等多个角度表现主题(C06)。文章重点突出了在三亚共同游玩的回忆，详略处理得当(S09)，且关注了朋友的外貌特征及具体的活动细节(E11)，观察叙述较为有序(E12)。在结构方面，开头切入恰当(S11)，结尾简洁明了(S12)，段落之间保持了一定的联系(S08)。但在逻辑连贯性上稍显不足，前后内容的交代有时不够清晰(S02)，段落之间缺乏必要的过渡词句进行粘合(S03)，导致各段落与主旨的紧密度(S06)以及句与句之间的逻辑联系(S07)略显松散，对过渡性材料的处理也较为生硬(S10)。语言表达上，全篇语句通顺，意思表达完整(E01)，词句运用基本恰当(E02)。但在文采修饰上较为朴实，修辞手法运用较少(E05)，表达方式(E06)和表现手法(E07)较为单一，文章的思想独特性和深刻性还有提升空间(C05)。"
150223,"这封信在整体结构和中心思想的把握上表现尚可，能够围绕交朋友这一中心来选择和组织自我介绍、学校活动等材料(C04)，并且各个段落也都能服务于这一主旨(S06)，使得文章前后内容的交代比较清晰(S02)。文章的主要问题在于内容的深度和表达的细节。首先，文中所选取的材料虽然与主题相关，但不够具体充分，无论是个人兴趣还是学校活动都只是简单提及，缺乏生动的细节支撑(C02)，这直接导致了文章思想的平淡，未能展现出独特性和深刻性(C05)，也未能很好地详写重点部分(S09)，对人物和事件的刻画流于表面(E11)。其次，在文章的衔接和语言层面也存在不足，段落之间的逻辑关系显得松散，缺少必要的过渡词句来紧密连接(S03，S08)，开头部分也显得较为平淡(S11)。语言表达上，虽然基本做到了语句通顺(E01)，但词语的运用较为平实，不够生动优美(E02)，也未能运用修辞手法来增强文章的感染力(E05)。"
150224,"这篇作文采用了书信体的格式，在材料选择上表现出色，能够选取深夜查车、酷暑执勤等具体且充分的事例(C02)，这些材料紧紧围绕“感谢交警叔叔的付出”这一中心进行组织(C04)。作者能从“警察女儿”的独特视角出发，结合季节、时间等不同维度进行多角度思考，选材较为得当(C06)。文章开头点明身份，切入主题，写法恰当(S11)，全篇语句通顺，意思表达完整(E01)，各段落内容均能紧密联系主旨(S06)。在结构与行文逻辑方面，虽然能够运用过渡词句连接段落(S03)，段落间关系尚可(S08)，且前后内容交代较为清楚(S02)，但在段落内部，部分句子的衔接不够紧密，逻辑链条略显松散(S07)。结尾虽然简洁，但升华略显生硬(S12)。在描写与表达方面，文章对重点部分的刻画不够细腻，详写力度不足(S09)，过渡性材料的略写处理也较为一般(S10)。虽然关注了人物和事件(E11)，并有一定的观察顺序(E12)，但缺乏生动优美的词句点缀(E02)。修辞手法、表达方式及表现手法的运用较为单一，综合运用能力有待加强(E05)(E06)(E07)。文章立意虽然明确，但思想深度和独创性稍显欠缺(C05)。"
150225,"文章能够选取个人手部受伤、参加篮球比赛等具体事件作为交流材料，使内容显得较为真实充分(C02)，并且能从问候、个人状况、学业期待等多个角度来组织内容(C06)。开篇的问候符合书信体的基本要求(S11)，段落之间也存在话题转换的先后关系(S08)。然而，文章在结构与表达的深化上存在不足。首先，材料的选择与组织虽基本围绕与同学交流的中心，但整体性不强(C04)，段落与主旨的关联较为松散(S06)。前后内容的交代存在矛盾之处，如对同学是否已回国的描述便不够清晰(S02)，段落间的过渡依赖简单的词语，显得较为生硬(S03)，句子与段落中心句的联系也不够紧密(S07)。其次，文章思想的独创性与深刻性不足(C05)，对于重点部分如篮球比赛未能进行详写(S09)，过渡性材料也处理得较为粗略(S10)，导致细节刻画不够(E11)，结尾收束仓促，力量感较弱(S12)。最后，在语言层面，个别语句的表达不够通顺完整(E01)，词语运用较为平实，缺乏生动性(E02)，也未能综合运用修辞手法或表现手法来增强文章的感染力(E05，E07)，整体表达方式较为单一(E06)。"
150226,"文章在内容选择与组织上展现出显著优势，能够选取“听朋友爸爸讲坦克”这一核心事件作为表达友谊的材料，具体且充分(C02)，并能围绕友情这一中心来组织文章(C04)，使得各段落主旨鲜明且与文章中心紧密相连(S06)。作者对重点部分进行了成功详写(S09)，通过描绘听讲坦克知识时的多重喜悦心情等细节，有效地展现了人物与事件的特点(E11)，观察亦有主次和顺序(E12)，同时对次要部分处理得当(S10)，结尾简洁有力(S12)，叙事与抒情结合的表达方式也较为综合(E06)。然而，文章在结构衔接与思想深度上存在不足。段落之间的逻辑关系不够紧密(S08)，主要原因是未能有效运用过渡词句来粘合段落(S03)，导致前后内容的交代有时不够清晰(S02)，开头也略显平淡(S11)。在语言层面，尽管语句基本通顺完整(E01)，但词句的生动性和美感有待提升(E02)，修辞手法(E05)与表现手法(E07)的运用较为单一。更重要的是，文章对友谊的思考停留在较为普遍的层面，未能展现出更深刻或独特的思想见解(C05)。"
150227,"文章在内容选择与组织上表现突出，能够围绕“证明圣诞老人存在”这一中心，选取了“设计实验”这一具体而充分的个人经历作为核心材料(C02)，使得全文主旨明确，材料与中心结合紧密(C04)，主要段落也紧密服务于主旨(S06)。同时，通过“向妈妈许愿”和“向圣诞老人许愿”的对比设计，体现出一定的多角度思考能力(C06)，并且在叙述时能够详写发现礼物的重点部分(S09)，略写背景交代(S10)，展现了基本的详略剪裁意识。然而，文章在逻辑的清晰度和段落衔接上存在不足，例如叙述完收到礼物后，直接跳到“知道为什么有些小朋友得不到礼物”，段落间的关系显得有些跳跃(S08)，缺乏必要的过渡词句(S03)，导致前后内容交代得不够连贯清晰(S02)。从思想性上看，文章的构思具有儿童视角下的独特性，但深度有限(C05)。在语言表达层面，文章的弱点较为明显，部分语句虽然意思完整但不够通顺流畅(E01)，用词较为平实，缺乏生动优美的词句(E02)，且基本没有运用修辞手法(E05)和多样的表达方式(E06)，使得文采不足。尽管开头和结尾完成了书信格式的要求，但都略显平淡仓促(S11，S12)。虽然对收到礼物的场景进行了一定的细节观察和有序描述(E11，E12)，但整体表现手法的运用还比较单一(E07)，段内句与句之间的衔接也有待加强(S07)。"
150228,"该作文选材具体且充分，能够从生活中的细微之处捕捉素材(C02)，并紧紧围绕“遵守规则、传播正能量”这一中心进行组织(C04)。立意上具有一定的独特性和深刻性，从个人行为上升到社会风气乃至国家形象的思考(C05)，体现了作者能多角度思考主题(C06)。在结构方面，文章前后内容交代清楚，叙事逻辑连贯(S02)，段落之间过渡自然(S03)，各段落紧密围绕主旨展开(S06)。句子与段落中心联系紧密(S07)，段际关系紧凑(S08)。详略处理得当，重点详写了作者心理变化的过程及随后的感悟(S09)，对背景环境等过渡性材料进行了恰当的略写(S10)。开头切入自然(S11)，结尾简洁利落，再次点题并表达感激，格式规范(S12)。语言表达上，语句通顺流畅，意思完整(E01)，词句运用恰当生动，心理描写细腻(E02)。综合运用了记叙、议论、抒情等多种表达方式(E06)，并使用了欲扬先抑的表现手法(E07)，增强了文章的感染力。虽然在修辞手法的多样性(E05)和人物细节描写(E11)上略显单薄，但观察顺序井然有序(E12)，整体表现优秀。"
150230,"文章能够紧密围绕与奶奶通信这一中心进行选材和组织(C04)，全文各段落均能服务于这一主旨(S06)。在内容上，能够从地上与天堂两个维度展开多角度思考(C06)，并选取了对爷爷近况的介绍、国家发展的成就以及对天堂的想象等具体材料(C02)，但文章在思想的独创性与深刻性方面表现尚有不足(C05)。结构方面，段落之间关系紧密(S08)，句与句的衔接也较为连贯(S07)，并能使用过渡词句(S03)，但在前后内容的交代上仍有提升空间(S02)。文章在详略处理上存在不足，对重点部分的详细描绘不够充分(S09)，同时对一些过渡性材料的简略处理也不到位(S10)。此外，开头部分稍显平淡(S11)，结尾的处理则相对简洁(S12)。语言表达是本文的亮点，全篇语句通顺完整(E01)，词语运用也较为恰当生动(E02)。作者能够有主次有顺序地展开观察与想象(E12)，并关注到了生活中的细节(E11)。文章综合运用了设问、排比等多种修辞手法(E05)，并结合了叙述与抒情等表达方式(E06)，不过，在综合表现手法的运用上还略显单一(E07)。"
150231,"文章在内容选择与组织上表现出色，能够围绕中心思想选取具体且充分的材料来展开叙述(C02)，并且所有材料都紧密服务于文章的主旨(C04)，各段落与中心的联系非常紧密(S06)，体现了从多个角度思考主题的能力(C06)，使得段落间的逻辑关系清晰(S08)。文章最突出的优点在于详略得当，能够详写对比学习环境这一重点部分(S09)，并对人物和环境的细节有敏锐的观察力(E11)，观察也体现出主次分明、井然有序的特点(E12)。结尾部分简洁有力，收束了全文(S12)。然而，文章在思想深度上稍显不足，未能提出更具独创性的见解(C05)。在结构衔接的细节处理上存在不足，前后内容的交代有时不够清晰(S02)，段落间的过渡词句运用尚可但不够纯熟(S03)，段落内部个别句子与段落中心句的联系不够紧密(S07)。文章的开头略显平淡(S11)。语言表达方面，基本功扎实，语句通顺完整(E01)，但词句的生动性和美感有待提升(E02)，修辞手法(E05)、表现手法(E07)以及表达方式(E06)的综合运用较为单一，限制了文章的表现力。"
150234,"文章思想深刻，能够将童年友谊的纯真与成长后的感悟相结合，提炼出“离别是为了成就更好的我们”这一独特思考，立意颇具原创性(C05)。为表现这一中心，你选取了赠糖和摔倒后被扶起这两个初识时的典型事件作为材料，内容具体充分(C02)，且紧密围绕友谊这一核心展开，组织得当(C04)，同时也能从回忆与现实等多个角度展开思考，使选材表现出层次感(C06)。结构方面，全文各段落均能与主旨紧密相连(S06)，段落内部的句子也能围绕中心句展开(S07)，段落间的衔接也比较紧密(S08)，开篇能有效奠定怀念的基调(S11)，结尾则简洁有力地升华了主题(S12)。叙事详略得当，对赠糖和摔倒这两个核心情节进行了细致描绘(S09)，而对时间的流逝则一笔带过(S10)，体现了良好的节奏控制能力。整体脉络清晰，但从赠糖情节到奔跑摔倒情节的转折略显突然，前后内容的交代可以更顺畅自然一些(S02)，不过文中也运用了“我们记忆的开始”等语句起到了不错的过渡作用(S03)。语言表达是本文的另一亮点，语句通顺完整(E01)，综合运用了记叙、描写、抒情等多种表达方式(E06)，并借助比喻等修辞手法(E05)写出了“百合般纯洁又美丽的笑容”这样生动优美的词句(E02)。此外，你善于运用回忆的笔法(E07)，能够有主次有顺序地观察(E12)，并捕捉到“水汪汪的大眼睛”“半握着的小手”等关键细节，使回忆的场景十分真切(E11)。"
150235,"文章选取了学骑自行车这一具体生活事例作为主要素材，内容充实，能够支撑文章情感表达(C02)。材料的选择紧紧围绕“父爱”和“父亲教导”这一中心，没有偏离主题(C04)。不过，学骑自行车这一题材在同类作文中较为常见，思想深度和独创性相对一般，未能体现出非常独特的视角或深刻的思考(C05)，且思考角度较为单一，主要集中在父爱的鼓励作用上(C06)。文章开头以书信格式引入，表达了写信的初衷，虽然中规中矩但符合规范(S11)。结尾处直接表达感谢和祝福，略显仓促，情感收束不够有力(S12)。文章叙事过程中，前后内容交代基本清楚，但情节转折略显生硬(S02)。段落之间使用了“如果说……”、“有一次……”等词句进行过渡，起到了一定的粘合作用(S03)。各段落与主旨的联系较为紧密，能够服务于中心思想(S06)。但在段落内部，部分句子的衔接不够紧凑，中心句的支持力度有待加强(S07)，段与段之间的逻辑联系也可以进一步强化(S08)。在详略安排上，作者对学车过程中的摔倒、父亲的教导以及自己的心理变化进行了较详细的描写(S09)，而对于非重点内容则处理得当，略写了过渡性材料(S10)。全文语句通顺，意思表达完整，没有明显的语病(E01)。但在词汇选择上较为平实，生动性和优美度有待提升(E02)。修辞手法运用较少，仅在开头使用了比喻，整体略显单调(E05)。表达方式上，结合了叙述、描写和议论，特别是直接引语的使用增加了现场感(E06)。表现手法相对常规，缺乏新颖的技巧(E07)。作者对学车时的动作和父亲的语言有一定的关注(E11)，叙事顺序清晰，能够有主次地进行观察和描写(E12)。"
150236,"文章能够围绕中心选取个人经历与新闻事件进行对比，材料具体充分(C02)，并能有效地围绕主旨进行组织(C04)。从自身感受出发，再推及对方处境，体现出多角度思考的能力(C06)，这种对比的写法也使文章具备了一定的思想独创性(C05)。全文内容前后交代清晰(S02)，段落与主旨以及段落之间都建立了紧密的联系(S06，S08)，开头恰当(S11)，结尾简洁有力(S12)。从语言和细节层面看，文章语句通顺，意思表达完整(E01)，作者能够关注并写出个人经历中的细节，观察较为有序(E11，E12)。段落内部的句子与中心句的关联度较好(S07)，段落间的衔接过渡也基本到位(S03)。然而，文章在详略处理上存在提升空间，对自身经历这一重点部分的详写仍不够突出(S09)，而对“冰花男孩”处境的介绍则处理得相对简略，更像是一种罗列而非有技巧的略写(S10)。在语言表达层面，词句的运用恰当但不够生动优美(E02)，综合运用修辞手法(E05)、表达方式(E06)以及表现手法(E07)的能力尚有不足。"
150237,"这篇作文以书信的形式表达了对姥爷的生日祝福和思念之情。在选材方面，你能够从生活中选取非常具体且充分的材料，如朋友圈里的生日蛋糕细节、爷爷奶奶带回来的特产以及寻找茶叶的趣事，这些素材充满了浓郁的生活气息(C02)。叙事过程中，你也能够交代清楚事情的前因后果，让读者明白茶叶的去向和特产的由来(S02)，语句表达基本通顺，意思完整(E01)。在文章结构和中心表达上，部分段落与主旨的紧密度有待加强。虽然文章前半部分紧扣祝寿主题，但后半部分花费大量笔墨叙述爷爷奶奶带回特产的细节，导致文章重心从“给姥爷的信”这一特定对象上有所偏移，段落与主旨的联系显得不够紧密(S06)，围绕中心组织材料的能力稍显薄弱(C04)。段落之间虽然使用了如“说起带回来的那些东西”等过渡词句(S03)，但整体上段与段之间的逻辑关系还不够紧凑(S08)。在写作技巧上，文章开头较为平淡，仅进行了简单的问候(S11)，结尾虽表达了祝愿，但语言略显苍白，不够简洁有力(S12)。在描写时，虽然你关注到了蛋糕的样式等细节，但在人物神态和情感互动的细节描写上还不够深入(E11)，且语言偏向口语化，缺乏生动优美的词句修饰(E02)，修辞手法的使用也较为单一(E05)。若能更聚焦于与姥爷的情感交流，精简旁枝末节，文章会更感人。"
150238,"文章构思新颖，将一枚普通的书签赋予了神奇的魔力，通过其“监督”和“奖励”机制讲述了自己爱上阅读的过程，展现了独特的原创性(C05)。选材具体充分，无论是书签“打人”的趣味情节还是“等级系统”的奇幻设定，都紧紧围绕“养成阅读习惯”这一中心进行组织，主题突出(C02)(C04)。但在多角度思考方面略显单薄，主要依赖情节推动，缺乏更深层的感悟(C06)。结构上，文章按事情发展顺序展开，前后内容交代基本清楚(S02)，段落与主旨关联紧密(S06)，段落间也能利用一定的过渡词句进行连接(S03)(S08)。不过，句与句之间的逻辑紧密度有待加强，部分转折显得突兀(S07)。在详略安排上，对于书签如何强制阅读描写较多，而对“进入书中体验生活”这一精彩设定的描写略显简略，重点部分的铺陈还可以更详尽(S09)(S10)。开头采用了常规的书信格式，中规中矩(S11)，结尾则显得较为仓促，仅以简单的感谢收束，稍显干瘪(S12)。语言表达方面，语句通顺，意思完整(E01)，观察具有一定的顺序(E12)。但词句略显平淡，缺乏生动优美的描写(E02)，对人物心理和动作的细节刻画不够细腻(E11)。修辞手法和表现手法运用较少，使得文章在文采上略显不足(E05)(E07)。整体表达方式以叙述为主，略显单一(E06)。"
150239,"本文的优点在于能够选取公开课筹备和课堂走神这两件具体事例来表现主旨，材料较为充分(C02)，并能围绕老师的教诲这一中心来组织内容(C04)。文章对重点部分的详写处理得比较好(S09)，尤其对人物和事件细节的关注很到位(E11)，例如老师反复修改文稿和自己被提问时的心理活动，体现了有主次的观察(E12)。同时，文章开头引用名言，结尾总结感悟，首尾结构完整(S11)，结尾尤其简洁利落(S12)。然而，文章在段落的衔接上存在不足，两个核心事例之间缺少必要的过渡词句(S03)，导致段落间的关系不够紧密(S08)，第二个事例与文章感恩主旨的关联也稍显疏远(S06)，这反映出在多角度思考并融合材料以表现主题方面尚有提升空间(C06)。此外，尽管语句通顺(E01)，但在表达的丰富性上可以加强，综合表达方式(E06)和表现手法(E07)的运用略显单一。"
150240,"文章能够围绕中心选择和组织材料(C04)，各段落与主旨的关联也比较紧密(S06)。但在内容处理上，选取的材料不够具体充分(C02)，未能展现出多角度的思考(C06)与思想的独特性(C05)。结构上，文章重点部分未能详写(S09)，过渡性材料也处理得不够简略(S10)，导致前后内容的交代不够清晰(S02)，段落间的关系也因此不够紧密(S08)。语言表达是主要的薄弱环节，尽管语句基本通顺完整(E01)，但词句的运用不够恰当生动(E02)，也未能综合运用多种表现手法(E07)。"
150241,"文章能紧紧围绕赞美老师这一中心选择和组织材料，立意明确(C04)，并能对老师耐心讲题、饿肚子等改作业等重点情节进行较为详细的描写(S09)。文中关于“老师是奇怪职业”的论述体现了作者具有一定的独特性和思想深度(C05)，开头依时间顺序的回顾也显示了观察的条理性(E12)。但在选材的丰富度和充分性上略显单薄(C02)，未能从更多角度挖掘主题(C06)。结构上，开头回忆往昔，引入自然(S11)，结尾呼吁共进，简洁利落(S12)。文中巧妙运用了“您又是多么敬业啊”等过渡句，较好地粘合了相邻段落(S03)，使得前后内容交代相对清楚(S02)。然而，各段落与主旨的紧密度还不够高(S06)，句子与段落中心的联系也略显松散(S07)，导致段与段之间的内在逻辑关系不够紧密(S08)，过渡性材料的略写处理稍显生硬(S10)。语言表达方面，全篇语句通顺，意思完整(E01)。但在词句的生动性和优美度上有所欠缺(E02)，对人物动作、神态等细节的关注不足，导致描写不够细腻(E11)。此外，修辞手法运用较少(E05)，表达方式(E06)和表现手法(E07)较为单一，使得文章的文学色彩和感染力略显不足。"
150242,"文章选取了拼装乐高坦克因丢失小螺丝而导致最终失败的具体事例，材料选取具体且充分(C02)，整体能够围绕请求父母购买零件包这一中心意图来组织和安排材料(C04)。作者不仅停留在叙事层面，还引出了“千里之堤，毁于蚁穴”的深刻思考，并提出了改装的创新构想，体现了作文思想的独特性(C05)，能够从叙事、反思及请求支持等多个角度思考主题并选用材料(C06)。在结构上，开头以书信格式切入，开门见山提出请求并设疑，写法恰当(S11)，结尾部分简洁利落，再次点明诉求(S12)。各段落内容紧紧围绕主旨展开(S06)，段落之间逻辑关系紧密(S08)，并能运用“于是”、“突然”等过渡词句有效粘合相邻段落(S03)，句与句之间也能紧密围绕段落中心进行表述(S07)。叙事详略得当，对拼装过程及心理变化进行了详写(S09)，对过渡性材料进行了略写(S10)，但在前后内容的交代上，叙事与请求之间的逻辑转换略显生硬，交代还可以更清楚(S02)。语言方面，全篇语句通顺，意思完整(E01)，综合使用了记叙、议论等多种表达方式(E06)以及比喻、引用等修辞手法(E05)，但在词句的生动优美方面略显朴素(E02)。描写上，作者能够有主次、有顺序地观察事件发展(E12)，高度关注人物心理活动和事件细节，如“热锅上的蚂蚁”、“心存侥幸”等细节描写十分到位(E11)。不过，文章在表现手法的运用上相对单一，缺乏更多样化的技巧呈现(E07)。"
150243,"这篇文章选取了生病时母亲照顾自己的具体事例，材料虽略显陈旧但尚算具体(C02)，能够围绕感恩母爱这一中心进行组织(C04)，并尝试从环境、行动、心理等多角度来表现主题(C06)，不过立意较为常规，缺乏独特的思想深度(C05)。在结构上，文章段落之间的逻辑关系较为紧密(S08)，能够做到详写母亲照顾的过程(S09)并略写过渡性内容(S10)，结尾引用诗句简洁利落(S12)，各段落也能紧扣主旨(S06)。但是，开头较为平淡套路(S11)，部分前后内容的交代稍显生硬(S02)，段落间的过渡词句运用不够自然(S03)，句与句之间的衔接也有提升空间(S07)。在表达方面，作者关注到了母亲疲惫的细节(E11)并按顺序进行了观察描写(E12)，运用了比喻等修辞手法(E05)，语句基本通顺(E01)。然而，语言不够生动优美(E02)，表达方式(E06)和表现手法(E07)较为单一，限制了情感的进一步抒发。"
150244,"这篇作文选取了拆解衬衫包装这一具体且充分的生活实例作为素材(C02)，行文始终紧密围绕向董事长提建议这一中心来选择和组织材料(C04)。作者能从日常琐事中发现环保问题并致信企业，体现了极具独特性和思想深度的视角(C05)，但在多角度思考主题方面略显单一，主要集中在环保和浪费层面(C06)。文章开头格式规范，直奔主题(S11)，结尾简洁利落，符合书信体裁要求(S12)。叙事过程中，前因后果交代得十分清楚(S02)，段落之间运用了恰当的过渡词句进行粘合(S03)，使得各段落与主旨紧密相连(S06)，段与段之间的逻辑关系也较为紧密(S08)。对于繁琐的拆包装过程进行了详写(S09)，而对于非重点的过渡性材料则处理得当，进行了略写(S10)。句内逻辑方面，各句话基本能围绕段落中心展开(S07)。语言表达上，语句通顺流畅，意思完整(E01)，词句运用恰当且较为生动，如“漫不经心”、“按部就班”等词的使用(E02)。在描写拆包装时，作者能够有主次、有顺序地进行观察(E12)，并敏锐地捕捉到了大头针、塑料圈等细节(E11)。不过，文章在修辞手法的综合运用上较为欠缺(E05)，表达方式(E06)和表现手法(E07)的多样性也有待提升。"
150301,"文章能够围绕尊敬班老师这一中心来组织材料(C04)，并从外貌描写和解决矛盾两个角度来表现主题(C06)，但所选取的化解课代表矛盾这一事例较为常见，未能充分展现人物的独特性，导致思想深刻性不足(C05)，材料的选择也只能说是基本充分(C02)。结构上，文章的开头和结尾均完成了基本功能(S11，S12)，段落内部的句子之间衔接尚可(S07)，也使用了一些过渡词句(S03)，但在段落之间，尤其是开篇的外貌描写与主体事件之间缺乏清晰的交代与衔接(S02)，导致段落间的关联性不强(S08)，只是大致与主旨相连(S06)。对于重点部分的详写和过渡部分的略写处理得中规中矩(S09，S10)。语言表达方面，语句基本通顺完整(E01)，对人物和事件有一定程度的细节关注和有序观察(E11，E12)，但问题在于词句的选择不够恰当生动(E02)，也未能综合运用多样的修辞手法、表达方式和表现手法来增强文章的感染力(E05，E06，E07)。"
150303,"文章成功塑造了一位特质鲜明的教师形象，整体结构和语言表达具备较好的基础。文章的结构逻辑清晰，开篇能以设问方式制造悬念，有效吸引读者(S11)，结尾则能对主旨进行概括，收束有力(S12)。主体段落均能紧密围绕中心展开论述，服务于表现老师“敬业”与“坚持”的品质(S06)，段内句间关系紧凑(S07)，段落间的衔接也较为自然(S03，S08)。作者能够从“敬业”和“坚持”两个不同角度来展现人物形象，体现了对主题的多角度思考能力(C06)，并能有主次地安排观察顺序(E12)。在叙事上，对老师空无一人教室里“彩排”讲课的核心事件进行了详写，突出了文章的重点(S09)，使得人物的敬业精神得以彰显。语言表达基本通顺流畅(E01)，并使用了一些恰当生动的词语(E02)。然而，文章在材料的组织与挖掘深度上存在提升空间。尽管选取了“彩排”和“每日一题”两个事例(C02)，但两者在详略处理和内在关联上稍显失衡，导致对中心的组织和支撑不够紧密(C04)，特别是“坚持”部分的材料略写显得有些仓促(S10)。其次，文章在思想的独创性上表现平平，对“敬业”和“坚持”的理解停留在普遍认知层面，未能展现更深刻的个人感悟(C05)。最主要的问题在于细节刻画不足(E11)，例如老师“彩排”时的神态、动作、板书等具体细节描写欠缺，使得人物形象虽有轮廓但不够丰满。在表达手法的运用上较为单一(E06，E07)，修辞手法的综合运用也不够丰富(E05)，这在一定程度上限制了文章的感染力。前后内容的交代基本清楚，但部分逻辑转换可以更精细(S02)。"
150304,"该生作文《球王王奕熙》通过对一场足球比赛具体片段的描写，塑造了“球王”的形象，材料选取具体且较为充分(C02)，能够围绕“球王”这一中心进行选材和组织(C04)。在结构安排上，文章开头对人物外貌及赛场氛围的描写较为恰当，能够迅速将读者带入情境(S11)；且各段落内容均能紧扣主旨展开(S06)，对于王奕熙进球的高光时刻描写细致，能够做到详写重点部分(S09)，同时对其他球员的配合过程进行了适当的略写(S10)。在语言表达方面，全文语句通顺，意思表达完整(E01)，能够运用“身姿矫健”、“迅雷不及掩耳”等成语，词句使用恰当且较为生动(E02)。然而，文章在思想深度和结构衔接上仍有不足。作文内容主要停留在对赛事流程的记录，缺乏独特的思想见解或原创性构思(C05)。在行文逻辑上，虽然能够交代清楚事件的前后内容(S02)，但段落之间缺乏有效的过渡词句进行粘合(S03)，导致段落间的紧密度一般(S08)，部分句子与段落中心的联系也不够紧密(S07)。结尾部分处理得较为草率，仅以一句感叹收尾且出现拼音代字，未能提供简洁利落且有力的结尾(S12)。此外，文章表达方式较为单一(E06)，未能综合运用多种修辞手法(E05)和表现手法(E07)来丰富文章内涵；观察视角略显局限，缺乏有主次、有顺序的细腻观察(E12)，对人物和事件细节的关注度也有待加强(E11)，未能充分做到多角度思考和表现主题(C06)。"
150306,"文章通过一次补作业的经历来刻画老师的形象，选材具体且能支撑中心(C02)，并能围绕老师“拖堂”这一核心特点来组织叙事(C04)。文章的亮点在于结尾通过发现老师女儿在门外等待这一情节，升华了对老师牺牲精神的理解，使文章具备了一定的思想深度和独创性(C05)。然而，文章在主题思考的广度上稍显不足，对老师行为的理解停留在“严师出高徒”的单一层面，未能进行更多角度的探讨(C06)。结构方面，文章开头能恰当引出人物特点(S11)，各段落与主旨的联系非常紧密(S06)，段落间的衔接也较为自然(S08)，能够通过过渡句实现段落粘合(S03)。在叙事详略处理上，能够突出补作业和发现老师女儿的核心情节(S09)，并对次要过程进行简略交代(S10)。但从被老师训斥到看到女儿后“恍然大悟”的心理转变过程交代不够清晰，使得前后内容的连贯性略有欠缺(S02)，同时结尾的总结和抒情略显仓促，力量不足(S12)。语言表达上，语句基本通顺完整(E01)，综合运用了叙述、描写和对话等多种表达方式(E06)，并能关注到人物和事件的细节(E11)，观察也具备主次和顺序(E12)。不过，个别词句的运用还可以更加生动优美(E02)，修辞手法的运用也相对单一(E05)。"
150307,"文章选取了“寻找水壶”这一具体事例来表现张艺腾乐于助人的品质，材料选择具体且充分，能够很好地支撑文章主题，这一点做得非常出色(C02)。叙事过程中，围绕“乐于助人”这一中心进行材料的组织，使得文章主旨明确，没有偏离题意(C04)。虽然乐于助人是常见题材，文章在思想深度和原创性上表现平平，属于较为常规的习作(C05)。不过，作者能够从外貌描写和具体行动两个角度切入，体现了多角度思考和选材的能力(C06)。在结构安排上，事情的起因、经过、结果交代得比较清楚，前后内容连贯，逻辑通顺(S02)。段落之间的内在逻辑关系较为紧密，能够顺畅地推动情节发展(S08)。但是在段落间的衔接上，过渡词句的使用略显生硬，不够自然(S03)。各段落与主旨的紧密度以及段落内部句子与中心句的关联性尚可，但仍有提升空间，部分表述略显松散(S06)(S07)。在详略处理方面，寻找水壶这一重点情节虽然有所展开，但细节描写不够深入，感染力稍显不足(S09)；过渡性材料的处理也略显粗糙，未能很好地服务于整体节奏(S10)。开头直入主题，结尾引用名言总结，虽完整但略显套路化，缺乏新意(S11)(S12)。语言表达方面，全文语句通顺流畅，意思表达完整，没有明显的病句，基础扎实(E01)。但在词句的生动性和优美程度上还有待加强，语言较为朴实(E02)。修辞手法和表现手法的运用较为单一，未能充分增强文章的表现力(E05)(E07)。表达方式上主要以记叙为主，描写、议论等方式结合得不够紧密，略显单调(E06)。对于人物神态、动作等细节的关注以及观察的条理性方面表现中规中矩，未能给人留下深刻印象(E11)(E12)。"
150308,"文章选取了老爷爷的外貌特征、捡破烂的动作细节以及关于他的传闻轶事等作为素材，内容充实具体(C02)，且这些材料都紧密围绕“酷爱捡破烂”这一中心展开，指向性明确(C04)。但在主题挖掘上略显常规，主要停留在人物行为的记录，思想深度和独特性有待加强(C05)，思考角度也主要局限于观察者的视角，稍显单一(C06)。结构方面，开头通过极具视觉冲击力的外貌描写引出人物，非常恰当且抓人眼球(S11)，结尾总结全文，简洁利落(S12)。文章叙事逻辑清晰，能够交代清楚老爷爷的背景及前后发生的事情(S02)，各段落内容均紧扣主旨(S06)，段落之间关系紧密，层层递进(S08)。在详略安排上，作者着重描写了翻垃圾桶和骂人护纸板的情节，重点突出(S09)，但在过渡性材料的处理上稍显平淡(S10)。段落间使用了过渡词句进行粘合(S03)，句段之间的逻辑联系也较为紧密(S07)。语言表达上，作者关注到了人物的外貌和动作细节，如“身体成90°”、“头埋进垃圾桶”等，刻画生动(E11)，词句运用较为恰当生动，富有生活气息(E02)。叙述过程中体现了有主次、有顺序的观察方法(E12)，整体语句通顺，意思表达完整(E01)。此外，文章综合运用了多种修辞手法(E05)、表达方式(E06)和表现手法(E07)，使得人物形象较为立体。"
150309,"文章在内容选择上能够通过英语广播报名这一具体事件来支撑主题，材料较为充分(C02)，并且能够从敬佩同学的积极争取这一独特角度切入，体现了一定的思想性(C05)，各段落也基本能围绕这一中心展开(S06)。但在材料的组织上还存在不足，开篇对同学外貌与性格的介绍未能与其后文主动争取机会的核心品质形成有效关联，导致材料的选择与组织未能完全服务于中心(C04)，对主题的思考也停留在个人视角转变的单一层面，缺乏更多角度的挖掘(C06)。结构安排上，文章开头能交代人物并为后文的观点转变做铺垫(S11)，结尾部分有将事件感悟上升为普遍道理的意识(S12)，同时能对自身放弃后的心理活动进行详细描写(S09)。然而，事件的前后交代偶有不清之处(S02)，段落间的过渡也主要依靠简单的词句，衔接的紧密性不足(S03，S08)，部分段落内部的句子联系也不够紧密(S07)。尤其是在详略处理上，对同学如何成功找到老师的关键环节仅用一句话带过，属于对过渡性材料的略写不当，削弱了对比效果(S10)。语言表达层面，语句基本通顺完整(E01)，但词语的运用尚欠生动优美(E02)，修辞手法(E05)和表现手法(E07)的运用较为单一，主要依赖叙述，表达方式不够丰富(E06)。最大的问题在于细节描写欠缺，无论是对人物外貌的刻画还是关键行动的描绘都显得较为笼统，未能有效展现人物特点(E11)，观察也缺乏主次顺序(E12)。"
150310,"文章在内容选择与语言表达上表现出较好的基础，能够选取具体且充分的材料来塑造教师形象，如代上美术课和深夜回复家长信息等事例(C02)，并能从外貌、爱好、工作态度等多个角度展开，使人物形象较为丰满(C06)，体现了一定的思想独特性(C05)。语言层面，全文语句通顺完整(E01)，并使用了“面如桃花”“紫罗兰”等恰当生动的词句(E02)，对人物与事件的细节有较好的关注(E11)，观察也具备主次顺序(E12)。结构方面，文章开头结尾处理得当，结尾简洁利落(S12)，开头亦能起到引导作用(S11)，内容的前后衔接交代清晰(S02)，段落间的关系也比较紧密(S08)，能够做到详写重点部分(S09)与略写过渡材料(S10)。然而，文章在材料的组织上存在提升空间，虽然各段落与主旨的关联度尚可(S06)，但并非所有材料都紧密围绕中心组织(C04)，部分段落内部的句子与段落中心句的联系也需加强(S07)。此外，段落间的粘合主要依赖内容逻辑，过渡词句的使用尚显不足(S03)。在表现手法上，文章对修辞手法的综合运用不够丰富(E05)，表达方式(E06)与表现手法(E07)也相对单一，限制了文章的文学性和感染力。"
150311,"文章通过选取父亲辅导英语学习这一具体事例，结合外貌特征与性格描述，展现了父亲严谨认真的形象，材料选择具体且充实(C02)。全文能够紧密围绕刻画父亲形象这一中心来组织材料(C04)，并尝试从外貌、性格、具体行动等多个角度进行思考与表现(C06)。文章开篇直接点题，介绍了父亲的职业与外貌，入题恰当(S11)，叙事过程中观察有序(E12)，并在段落内部保持了句子间较紧密的逻辑联系(S07)。在详略安排上，作者能够详写教单词的重点过程(S09)，略写背景与过渡材料(S10)，体现了基本的剪裁能力。但在语言表达与技巧运用上仍有不足。虽然整体语句基本通顺(E01)，但第一段中“一张杂着白头发”存在明显的成分残缺，导致部分内容交代不够清楚(S02)，且词句表达较为平白，缺乏生动性与优美感(E02)。文章在修辞手法(E05)、表达方式(E06)以及表现手法(E07)的运用上较为单一，主要依赖平铺直叙，缺乏对人物神态、动作细节的深度挖掘(E11)。此外，题材较为常见，在独特性与思想深度方面表现一般(C05)。结尾虽然简洁(S12)，但略显仓促，段落间的过渡衔接也还有优化的空间(S03)(S06)(S08)。"
150312,"文章能够围绕中心选择和组织材料，展现了一定的独特性，特别是捕捉到了朋友性格中“文静”与“活泼”并存的特点(C04，C05)。作者能够从多个角度思考并选择材料来表现主题，例如通过课间习惯写朋友的静，又通过外貌描写和公园互动来展现另一面(C06)。开篇直接点题，交代了朋友文静的特点，是比较恰当的开头(S11)。在叙事中也关注到了人物的外貌和事件的细节，观察有一定顺序(E11，E12)。然而，文章在结构和选材的充分性上存在不足。首先，用于支撑人物性格的材料不够具体充分，尤其是表现朋友“活泼”一面的事例有所欠缺(C02)。其次，文章的结构衔接是主要弱点，第一段描述朋友“文静”，第二段紧接着说她“活泼又有些顽皮”，二者之间缺少铺垫，导致前后内容交代不清(S02)。段落之间也缺少必要的过渡词句，使得段落间的关系不够紧密(S03，S08)。这进一步导致了各段落和主旨、各句话和段落中心句的关联度有所减弱(S06，S07)。结尾部分仅为简单概括，显得比较仓促，未能有效升华主旨(S12)。虽然语句整体通顺(E01)，但文章在综合使用多种修辞手法和表现手法方面能力不足，语言的生动性和表现力有待提升(E05，E07)。"
150313,"文章的核心优势在于能够紧扣中心选取并组织材料，通过初见前后对“甜甜”这一人物的想象与现实进行对比，选取的材料具体且充分(C02)，各段落内容也都能与这一主旨紧密相连(S06)。文章整体围绕中心展开，思路清晰(C04)，前后内容的交代也比较清楚(S02)。在人物刻画上，作者注意到了人物和事件的细节，例如对“假小子”甜甜外貌、动作、语言的描写，都比较具体(E11)。文章的立意具有一定的独特性，能够跳出名字带来的刻板印象，从反差中塑造人物(C05)，观察人物时也基本做到了主次有序(E12)。然而，文章在结构衔接和语言表达的丰富性上存在不足。段落之间的逻辑关系不够紧密，尤其是结尾段突然提及“面包师”和“足球教练”，与前文的叙事衔接略显生硬，削弱了段落间的关联性(S08)，结尾也因此显得不够简洁有力(S12)。文章的重点部分描写尚可(S09)，但对于一些过渡性材料的处理则显得有些仓促(S10)。此外，文章虽然运用了对比等表现手法(E07)，但综合表达方式的运用还不够丰富(E06)，词句的选择虽基本恰当(E02)，但在生动优美方面还有提升空间。"
150314,"文章开头引用“城市的美容师”引出描写对象，点明写作范围，入题恰当(S11)，结尾总结全文，赞扬清洁工平凡而伟大的奉献精神，呼应标题，简洁利落(S12)。在内容上，能紧紧围绕“可敬”这一中心选择和组织材料(C04)，选取了阿姨日常搬运重物的工作细节以及“送还水杯”的具体事例，材料具体且充分(C02)。写作视角较为丰富，能从外貌特征、工作强度、助人行为等多角度思考并选用材料来表现人物品质(C06)，虽然题材属于常见类型，独创性相对一般(C05)，但情感真挚。结构安排上，详略得当，能够详写寻找水杯这一重点情节(S09)，略写日常工作作为铺垫(S10)。叙事过程中，事情的起因、经过和结果交代清楚(S02)，段落之间能够使用过渡词句进行自然粘合(S03)。各段落内容与主旨紧密相连(S06)，各句话与段落中心(S07)以及段与段之间的逻辑关系(S08)也较为紧密。在表达方面，学生能有主次、有顺序地观察人物(E12)，并关注到了“长着老茧的手”等人物和事件细节(E11)。全文语句通顺，意思完整(E01)。但在语言修饰上，词句的生动优美程度还有提升空间(E02)，修辞手法运用较少(E05)，表达方式(E06)和表现手法(E07)较为单一，主要依赖平实的记叙，若能结合更多描写手法，人物形象会更加丰满。"
150315,"文章选取了“外貌特征”、“讲作业拖堂”、“带病答疑”、“课间巡视”等具体事例来刻画刘老师形象，选材充实且具有代表性(C02)。所有材料紧紧围绕“尽责敬业”这一中心进行组织，虽然前文渲染“拖堂”看似贬义，实则为后文揭示其良苦用心服务，中心明确(C04)。作者采用了欲扬先抑的手法，从“死沉沉”的负面印象写起，最后反转出老师的负责，体现了独特的观察视角和较深刻的立意(C05)。文章能够从外貌、典型行为、细节表现等多个角度思考并选用材料，立体地展现了人物性格(C06)。在结构上，文章起承转合自然，开头对名字的想象与现实的对比交代得非常清楚，后续关于拖堂背景的铺陈也逻辑通顺(S02)。段落之间使用了“果不其然”、“后来”等过渡词句，有效粘合了相邻段落，使叙事流畅(S03)。各段落内容均紧扣刻画刘老师这一主旨，无游离枝蔓(S06)。段落内部句子连接较为紧密，但在引用对话时的衔接稍显跳跃(S07)。段与段之间呈现出从误解到理解的情感推进逻辑，关系紧密(S08)。对于带病讲题等重点部分描写详细，突出了人物品质(S09)；对于非核心的过渡性材料处理得相对简洁(S10)。开头通过反差极大的描写引入人物，引人入胜(S11)；结尾揭示原因并表达情感，简洁利落，但收尾略显平直(S12)。语言方面，全文语句通顺，意思表达完整(E01)。词句表达尚可，但整体风格偏口语化，缺乏生动优美的亮点词汇(E02)。修辞手法使用较少，除了一些常规的比喻或夸张，缺乏更丰富的修辞来增强感染力(E05)。文章以记叙为主，描写和议论为辅，表达方式较为单一(E06)。表现手法上主要运用了欲扬先抑，其他手法运用不明显(E07)。在细节描写上，关注了人物的脸色、动作等细节，如“额头上冒出细细的汗珠”，具有一定的画面感(E11)。观察顺序从整体外貌到具体言行，再到细节特写，条理清晰(E12)。"
150316,"文章开篇以比喻手法引出“独特的老师”，入题自然恰当(S11)，结尾简洁利落，照应前文(S12)。在选材上，能够选取老师的外貌特征和具体的上课情景作为充分材料(C02)，紧密围绕“初会老师”的独特之处这一中心来组织内容(C04)，并能从外貌、性格、教学方法等多角度思考并选用材料表现主题(C06)。结构方面，文章各段落与主旨联系紧密(S06)，段落之间关系紧凑(S08)，能够交代清楚事情的前因后果(S02)，并运用过渡词句自然粘合相邻段落(S03)。叙事详略得当，详写了课堂互动的重点部分(S09)，略写了报班等过渡性情节(S10)。描写时，作者关注人物的面部与衣着细节(E11)，观察有主次、有顺序(E12)，语句通顺且意思完整(E01)。虽然综合使用了叙述与描写等表达方式(E06)，也尝试运用修辞手法(E05)，但部分语言的生动性与修辞的精准度仍有待打磨(E02)，表现手法的多样性稍显不足(E07)。总体而言，文章具备一定的独特性(C05)，句段中心连接较为紧密(S07)。"
150317,"文章在观察与选材上具备一定优势，能有主次有顺序地观察人物，因此为塑造人物形象选取了较为具体充分的材料(E12)(C02)。作者能够围绕“奇怪”这一中心来选择和组织材料，并从同学面对邀请和批评两个不同角度来表现其特点(C04)(C06)。结构上，文章的开头能够引出描写对象(S11)，事件的前后内容交代也比较清楚(S02)，段落之间存在一定的关联性，并使用了“还有一次”这样的词语进行过渡(S08)(S03)，各段落基本能与文章主旨相连(S06)。在详略处理方面，对重点部分和过渡材料的把握尚可(S09)(S10)。然而，文章在思想深度上稍显不足，对同学“奇怪”行为背后的原因挖掘不够，导致独特性和原创性不强(C05)。同时，结尾部分只是表达了个人愿望，未能有效深化主题或呼应开头，显得较为平淡(S12)。在段落内部，个别句子与段落中心句的联系不够紧密，存在一些松散的表述(S07)。语言表达方面，语句基本通顺，词句使用尚可(E01)(E02)，也注意到了人物和事件的一些细节(E11)，但修辞手法、表达方式和表现手法的综合运用较为欠缺，影响了文章的文采和表现力(E05)(E06)(E07)。"
150318,"文章中心明确，能够围绕“体育全能小天王”这一核心来选择和组织材料(C04)，开头部分也较好地引出了人物及其特点(S11)。篇章结构清晰，内容前后交代清楚(S02)，段落间的关系较为紧密(S08)，能够运用过渡词句实现衔接(S03)，使得各段落都能与主旨紧密相连(S06)，段落内部的句子也能围绕中心展开(S07)。全文最大的亮点在于语言表达流畅，语句通顺且意思完整(E01)。然而，文章在内容的深度与广度上存在明显不足。首先，为表现中心所选取的材料不够充分，部分事例描写过于简略，未能做到详写重点(S09)与略写次要材料的有效结合(S10)，削弱了材料的说服力(C02)。其次，文章对主题的思考角度单一，未能展现人物在体育之外的独特性(C06)，导致思想深刻性不足(C05)。在细节刻画方面，对人物和事件的描写流于表面，缺乏深入的细节关注(E11)，同时修辞手法(E05)和表现手法(E07)的运用也较为单调，影响了语言的生动性。结尾部分只是对开头的简单重复，显得较为仓促(S12)。"
150321,"文章围绕“管事婆”这一中心，选取了监督学习和限制玩手机的具体事例，材料选择较为具体充分(C02)，紧扣文章中心展开叙述(C04)。作者尝试从不同角度表现主题(C06)，但整体立意较为常规，独特性和原创性略显不足(C05)。在结构上，开头通过外貌描写引出人物绰号，入题自然恰当(S11)，结尾总结全文点明爱的主题，简洁利落(S12)。段落内部各句话与中心句联系紧密(S07)，各段落与主旨也保持了关联(S06)，前后内容交代较为清楚(S02)，且使用了过渡词句粘合部分段落(S03)。然而，文中第三段提及爸爸被管束却未展开叙述，导致段落间关系松散，缺乏逻辑连贯性(S08)，未能有效详写重点部分(S09)，仅能对过渡性材料进行略写(S10)。在表达上，叙事过程中关注了人物和事件的细节(E11)，运用了一定的表现手法(E07)。但整体语句通顺度一般(E01)，词句生动优美程度有待提升(E02)，修辞手法(E05)和表达方式(E06)的综合运用较为单一，观察顺序的安排也较为常规(E12)。"
150322,"文章选取了“自行车刹车失灵闯红灯却被交警免费修车”这一具体且充满生活气息的事例(C02)，选材能够紧紧围绕“感谢交警”的中心进行组织(C04)。通过“误以为要罚款实则得到帮助”的情节反转，体现了作者对交警关爱人民这一思想的独特感悟(C05)，但在表现主题时思考的角度还可以更加多元化(C06)。从结构上看，开头直接点题，将交警比作“马路天使”，入题恰当(S11)。叙事过程中，事情的起因、经过和结果交代得十分清楚(S02)，段落之间使用了恰当的过渡词句，衔接自然(S03)。作者能够很好地把握详略，详写了修车过程及心理活动这一重点部分(S09)，略写了骑车上街等过渡性材料(S10)。然而，文章将一段纯粹的外貌描写置于文末作为结尾，显得非常突兀，既没有起到简洁利落收束全文的作用(S12)，也严重影响了段落与主旨的紧密联系(S06)以及段落之间的紧密逻辑关系(S08)，使得该段落内部句子与中心不够贴合(S07)。在语言表达上，全篇语句通顺，意思完整(E01)，能够综合使用记叙、描写等表达方式(E06)。特别值得肯定的是，作者非常关注人物和事件的细节，对交警的动作、神态以及“我”的心理变化描写得生动传神(E11)，观察事物有主次、有顺序(E12)。不过，文章在词句的生动优美方面略显平实(E02)，修辞手法(E05)和表现手法(E07)的运用也相对较少。"
150323,"文章在内容选择与结构安排上表现出较好的基本功，能够围绕“爱背诗的小侄”这一中心选择和组织材料，框架清晰(C04)，并通过背诵《千家诗》这一核心事件的选取，做到了材料具体充分(C02)。叙事层面，文章能够交代清楚前后内容(S02)，段落间的关系紧密(S08)，并能利用过渡词句粘合相邻段落(S03)，使得行文逻辑较为顺畅。对核心事件的描写能够做到详写，突出了文章的重点部分(S09)，也能够关注到“翻卷了边”这类人物和事件的细节(E11)，体现出有主次有顺序的观察能力(E12)，且全文语句通顺，意思表达完整(E01)。然而，文章在思想深刻性方面存在明显不足，对人物的刻画停留在现象层面，未能发掘更独特的思考，导致文章的原创性不强(C05)。此外，文章的开头与结尾虽然功能完整，但设计略显平实(S11，S12)，在语言表达上，尽管运用了比喻等修辞手法(E05)，但部分词句的锤炼尚欠火候，语言的生动优美程度有待提升(E02)。"
150324,"文章能够围绕中心选择和组织材料(C04)，通过选取吃饭时老师发怒这一具体事件来表现其严格，材料选取较为具体充分(C02)，并且在叙事中能够关注到老师“皱眉”“大吼”等动作细节和同学“灰溜溜”的神态(E11)。文章结构方面，段落之间关系紧密(S08)，各段落能与主旨紧密相连(S06)，并综合运用了记叙、描写和抒情等多种表达方式(E06)。然而，文章在内容处理上存在明显的不均衡，对于“严格”的刻画较为详细，但对于“幽默”的描写则过于单薄，未能详写文章的另一重点部分(S09)，这使得文章对主题的多角度思考表现得不够充分(C06)，思想的独特性也因此受到影响(C05)。具体到段落内部，表现幽默的段落中，句子之间的逻辑联系不够紧密，未能清晰解释老师的话语如何体现幽默感(S07)。在叙事衔接上，虽然能够使用过渡词句(S03)，但部分内容交代得不够清楚，如“后来我不知道怎么了好像是要退餐”一句显得突兀，影响了前后内容的连贯性(S02)。语言表达方面，语句基本通顺(E01)，也使用了一些恰当的词句(E02)，但修辞手法的运用较为单一(E05)。文章的开头和结尾写法较为常规(S11)(S12)，能够运用对比的表现手法(E07)，观察事物基本能做到有主次有顺序(E12)，并能对过渡性材料进行略写(S10)。"
150325,"文章在内容选择上，能够围绕一次体育课篮球赛的具体事件展开叙述(C02)，并且能够将这些材料围绕方宇豪这一中心人物进行组织，展现出对他认识的变化(C04)。叙事中也体现出了一定的多角度思考，能够从外貌的柔弱和球场上的强大两个方面来刻画人物(C06)。然而，文章在思想深度上有所欠缺，主题的挖掘不够深刻，未能展现出独特的见解(C05)。结构方面，文章的开头能够交代清楚事件背景(S11)，前后内容的衔接基本清晰(S02)，段落间的关系也比较紧密(S08)，尤其是在段落之间使用了恰当的过渡词句，使文脉得以贯通(S03)。但文章在详略处理上存在明显不足，对于核心的比赛过程描写过于简略，未能突出重点(S09)，也未能有效地压缩次要信息(S10)，导致部分段落与主旨的关联不够紧密(S06)。同时，结尾显得较为仓促，未能有效深化主题(S12)。语言表达上，语句基本通顺，能够表达完整的意思(E01)，并且在观察人物时能够有主次有顺序地进行(E12)，也关注到了一些人物细节(E11)。问题在于词语的运用不够恰当生动(E02)，表达方式较为单一(E06)，并且在修辞手法(E05)与表现手法(E07)的综合运用上能力不足，使得语言表现力不强。"
150326,"文章选取了大提琴比赛这一具体且充分的亲身经历作为材料(C02)，叙述过程始终围绕“成功的泪水”这一中心进行组织，主旨聚焦(C04)。虽然题材属于常见的成长励志类，思想深度和独创性略显常规(C05)，但作者能够从心理变化、环境烘托等多角度思考并选用材料来表现主题(C06)。在叙事细节上，文章特别关注了比赛中紧张到忘谱再到调整状态的心理细节(E11)，观察视角有主次、有顺序(E12)。结构安排上，前后情节交代清楚(S02)，使用了恰当的过渡词句粘合段落，如“随着比赛的开始”、“轮到我了”(S03)，使得各段落与主旨紧密相连(S06)，句段之间(S07)以及段与段之间的逻辑关系也非常紧密(S08)。详略处理方面，作者能够浓墨重彩地详写比赛时的心理波折这一重点部分(S09)，但在过渡性材料的略写处理上稍显不够精炼(S10)。开头以设问入题，恰当自然(S11)，结尾引用诗句升华感悟，简洁利落(S12)。语言表达方面，语句通顺，意思完整(E01)，词句生动优美，如“心提到嗓子眼”、“热锅上的蚂蚁”(E02)，综合使用了比喻、设问等多种修辞手法(E05)以及记叙、议论、抒情等多种表达方式(E06)，同时运用了环境描写烘托人物心情的表现手法(E07)。"
150327,"文章围绕“初见”这一核心事件选取了外貌、对话和借尺子等具体材料，能够清晰地展现人物形象，材料的选择与组织都紧扣中心(C02，C04)。文章的结构安排是其亮点，开篇直接切入第一印象，简洁有效(S11)，结尾对人物性格进行回溯和总结，收束全文(S12)，段落之间关系紧密，共同服务于主旨(S06，S08)。作者对人物外貌和事件过程中的细节有较好的捕捉，观察细致(E11)，并能运用多种表达方式来记叙事件(E06)。然而，文章在思想深度和语言锤炼上存在不足。文末将人物性格归因于“外冷内热”和星座，思考的深刻性与独创性稍显欠缺(C05)。对于从陌生到成为好友这一核心转变过程，可以进行更充分的刻画，重点部分的详写力度不足(S09)。在语言层面，个别语句的表述不够完整，影响了整体的通顺度(E01)，词语的运用也较为平实，可以追求更生动恰当的表达(E02)。此外，在段落内部，句与句之间的逻辑联系可以更紧密一些(S07)，例如第二段的外貌描写更像是一系列观察的罗列，缺乏有主次的组织(E12)。文章在修辞手法的综合运用上也有待加强(E05)。"
150328,"文章在立意与选材上表现突出，能够选取“写中队日志”这一具体事件来刻画人物，材料充分且典型(C02)，并能紧密围绕“平凡却不凡”的中心思想来组织这些材料(C04)。同时，文章能从“我”的无助、其他同学的推诿和库冷然的主动等多个角度展开叙述，使主题的呈现更具层次感(C06)。结构层面，全文脉络清晰，开头能有效引出人物(S11)，结尾则简洁有力地升华了主旨(S12)。各段落均能与文章主旨紧密相连(S06)，段落间的衔接也十分紧密自然(S08)，叙事和议论的过渡流畅(S03)。在叙事详略处理上，对关键情节的刻画较为充分(S09)，对次要信息的交代则相对简略(S10)。尤其值得肯定的是，文中对人物和事件细节的捕捉十分精准，如“挑了挑眉毛”“阳光照在她脸上”等细节描写，使人物形象更加鲜活(E11)。整体语句通顺完整(E01)，并能综合运用记叙、描写、议论等多种表达方式(E06)。在肯定优点的同时，也需注意提升之处，文章在修辞手法的综合运用上略显不足，语言表达可以更富文采(E05)。此外，个别段落内部的句间关系还可以更加紧密，以更好地服务于段落中心句(S07)。部分词句的锤炼尚有空间，若能使其更生动优美，文章将更具感染力(E02)。文章的思想有一定深度，但仍可继续挖掘，以追求更具独创性的见解(C05)。"
150330,"本文在内容选择上表现突出，能够围绕“聪明的‘大富翁’”这一中心选择并组织材料，使得文章主旨明确(C04)，特别是通过对话形式交代朋友通过修手机和英语奖学金赚钱的细节，做到了材料选取具体且充分(C02)，并且能够从外貌、能力等多个角度来展现人物形象(C06)，对人物和事件的细节有较好的关注和捕捉(E11)，观察也体现出了主次和顺序(E12)。但在思想的原创性与深刻性上稍显不足，对“大富翁”这一概念的思考可以更加深入(C05)。结构方面，文章各段落能够紧扣主旨(S06)，段落间的衔接关系较为紧密(S08)，能够详写展现人物特点的关键部分(S09)，前后内容的交代也基本清楚(S02)，但段落内部的句子之间联系还可以更紧密一些(S07)，段落间的过渡有时依赖简单的词句，自然度稍欠(S03)，同时对过渡性材料的略写处理不够简练(S10)。开头介绍背景的写法较为平实(S11)，结尾突然转向祝福和加油的直接抒情，削弱了文章的余味，显得不够简洁(S12)。语言表达上，词句的运用较为恰当生动(E02)，语句基本通顺完整(E01)，综合运用了记叙、描写和对话等表达方式(E06)，也使用了一定的表现手法(E07)，但在修辞手法的多样化运用上还有较大提升空间(E05)。"
150331,"文章选取了张阿姨讲解文史知识这一具体且充分的材料，有效地塑造了人物形象(C02)，并且能够围绕“不是老师却胜似老师”的中心进行组织(C04)。段落之间联系紧密，紧扣主旨(S06)(S08)，重点部分描写详尽，详略处理得当(S09)。作者展现了良好的观察力，对人物外貌、神态的细节刻画生动具体(E11)，且观察有主次、有顺序(E12)。开头切题迅速，引人入胜(S11)，全篇语句通顺，意思完整(E01)，词语使用较为恰当(E02)。但在修辞手法的综合运用上略显不足(E05)，表达方式和表现手法较为单一(E06)(E07)，立意虽稳妥但缺乏独特的原创性与深刻思想(C05)。"
150334,"该作文《我初见依依》通过对外貌、语言和具体事件的描写，成功刻画了一位性格鲜明的朋友形象。在选材上，作者选取了“借笔”这一具体事例，材料充实且紧扣“初见”这一中心。结构方面，文章布局合理，详略得当，对人物外貌和互动细节进行了详写，而对迟到原因进行了略写，段落间过渡自然，首尾呼应。语言表达上，使用了比喻等修辞手法，词汇较为丰富，且观察细致，能按照从整体到局部、从静态到动态的顺序进行描写。这是一篇结构完整、描写生动的记叙文。文章选取了初次见面时的外貌描写以及“借笔”、“挡笔尖”的具体事例，材料充实具体(C02)，所有情节都紧紧围绕“初见朋友”这一中心展开(C04)。作者试图通过独特的对话描写来展现人物性格，具有一定的原创性(C05)，并能从外貌、语言、动作等多个角度来表现主题(C06)。在结构安排上，文章开头通过外貌描写直接入题，恰当且吸引人(S11)，结尾抒发情感，简洁利落(S12)。叙事过程中，对于迟到、借笔等前后内容的交代非常清楚(S02)，并使用了“记得那天”、“过了一会”等过渡词句，有效粘合了相邻段落(S03)。各段落内容都与主旨紧密相连(S06)，段落内部的句子也紧紧围绕段落中心展开(S07)，段与段之间逻辑关系紧密，层层递进(S08)。叙事详略处理得当，详写了两人互动的重点部分(S09)，略写了路上堵车等过渡性材料(S10)。在语言表达方面，全文语句通顺，意思表达完整(E01)，使用了“亭亭玉立”、“伶牙俐齿”等恰当且生动的词语(E02)。文中综合运用了比喻（如“樱桃似的小嘴”）、设问等修辞手法(E05)，结合了描写与记叙等多种表达方式(E06)，表现手法多样(E07)。作者特别关注了人物的表情变化和“笔尖”这一关键细节(E11)，并且观察人物有主次、有顺序，从整体装束到五官细节再到动作神态，层次分明(E12)。"
150335,"这篇文章的核心优势在于能够为中心观点选取具体且充分的事件作为支撑材料(C02)，并且对拼装过程这一重点部分进行了详细的描写，突出了人物的特点(S09)。叙事过程中，对事件的观察有主有次，顺序清晰(E12)。在文章结构方面，材料的选择与组织能够围绕中心(C04)，内容的前后衔接交代得比较清楚(S02)，段落之间的关系也较为紧密(S08)。然而，文章在整体构思的精巧性和语言的锤炼上存在不足。例如，文章的开头和结尾都显得较为模式化，未能给读者留下深刻印象(S11)(S12)。同时，第二段关于父亲外貌的描写虽然是记叙文的常规部分，但与“拼装能手”这一核心主旨的内在联系不够紧密，使得该段落与主旨的关联性有所减弱(S06)。在语言表达上，虽然语句基本通顺(E01)，但词句的选择上还不够生动优美，整体语言风格偏于平实(E02)。"
150336,"文章选取了胡老师上课发火以及讲述带病坚持上课的往事作为主要素材，内容具体且充实，能够有力地支撑起“敬仰”这一主题(C02)。作者紧紧围绕“负责、认真”这一中心来组织材料，使得文章主旨明确(C04)，并且能够从老师严厉的外表下挖掘出其负责任的精神内核，体现了较为深刻的思想认识(C05)。在选材上，作者既描写了老师“扔作业”的严厉一面，又展现了“带病上课”的温情一面，体现了多角度思考和表现主题的能力(C06)。从结构上看，文章开头通过描写上课前的紧张气氛直接入题，引人入胜(S11)，结尾总结全文，点明“敬仰”之情，简洁利落(S12)。文章叙事脉络清晰，能够清楚地交代事件的起因、经过和结果(S02)，段落之间使用了“见老师这样生气”、“听完这个故事”等过渡词句，使得衔接自然流畅(S03)，段与段之间的逻辑关系紧密(S08)。不过，各段落内容与主旨的紧密度还可以进一步加强(S06)，部分句子与段落中心句的关联性也有提升空间(S07)。在详略安排上，文章对老师发火的场景描写较多，而对核心感人事件“带病上课”仅通过语言转述，详写力度略显不足(S09)，过渡性材料的略写处理尚可(S10)。语言表达方面，全文语句通顺，意思完整(E01)，使用了“一本正经”、“火冒三丈”、“气喘吁吁”等成语，词句运用恰当且较为生动(E02)。作者善于观察人物，对胡老师的外貌、动作等细节捕捉得较为准确(E11)，并且能够按照事情发展的顺序有主次地进行观察和描写(E12)。但在修辞手法的运用上相对单一，主要运用了比喻，不够丰富(E05)，表达方式上也以记叙和议论为主，结合运用多种表达方式的能力稍弱(E06)，表现手法的多样性也有待加强(E07)。"
150337,"该文取材于“小饭桌”这一具体生活场景，选取了李阿姨看手机、管理纪律、分饭等具体事例，材料较为充实(C02)。文章能够紧紧围绕刻画李阿姨这一中心人物来组织材料，无论是外貌描写还是行为记叙都服务于此(C04)。作者尝试从外貌特征、严厉管教、生活关照等多个角度表现人物形象(C06)，但在立意挖掘上较为常规，缺乏独特的思想深度(C05)。在结构方面，文章按时间顺序叙事，前后内容交代尚属清楚(S02)，且能够运用“就在这时”“又过了一会儿”等过渡词句较好地粘合相邻段落(S03)。虽然对管纪律等重点情节进行了详写(S09)，对过渡性材料也有一定略写处理(S10)，但段落与主旨的紧密程度一般(S06)，句与句、段与段之间的逻辑联系不够紧凑(S07)(S08)。开头较为平淡，仅叙述进门动作(S11)，结尾虽试图升华但显得突兀，不够简洁有力(S12)。语言表达上，语句基本通顺(E01)，特别是对李阿姨外貌的描写，如“布满褶皱和龟裂的手”，词句生动优美(E02)，且观察人物有明显的顺序，从头到脚、由动作到神态，条理清晰(E12)。不过，修辞手法的运用不够丰富且略显生硬(E05)，表达方式较为单一(E06)，表现手法和细节刻画的深度还有提升空间(E07)(E11)。"
150338,"文章选取了上课前后的片段作为素材，内容较为具体(C02)，基本能够围绕“我的哥哥”这一中心组织材料(C04)，开头交代了时间地点人物，切入较快(S11)。但是在材料的独特性和思想深度上有所欠缺，内容略显平淡(C05)。在结构安排上，文章各段落基本能围绕主旨展开(S06)，但段落之间的衔接不够紧密，过渡词句的使用较为生硬(S03)，导致段落间逻辑跳跃(S08)。叙述过程中，前后内容的交代存在瑕疵，如文中突然出现的“543”代指不明，影响了阅读体验(S02)。详略处理上，虽然对话部分进行了详写(S09)，但对过渡性材料的略写处理不够精炼(S10)，结尾显得较为匆忙(S12)。从语言表达来看，全篇语句通顺，意思完整(E01)，但词汇较为口语化，缺乏生动优美的描写(E02)，修辞手法的使用也较为匮乏(E05)，表达方式略显单一(E06)。在描写人物时，虽然有主次顺序的意识(E12)，但对外貌的描写堆砌了过多衣着细节，缺乏对人物神态、动作等深层细节的捕捉(E11)，表现手法有待丰富(E07)。"
150339,"文章立意新颖，打破了传统“学霸”刻板严肃的印象，塑造了一个幽默风趣的形象，体现了独特性与思想深度(C05)。作者能够从外貌特征、言语互动、助人为乐等多个角度选取合适的材料来表现主题(C06)，选材具体充分，如关于作业的玩笑描写生动(C02)，且所有素材均能紧密围绕“不太冷”这一中心进行组织(C04)。在结构上，开头通过对比手法引入人物，切题恰当(S11)，结尾虽然简洁利落，但稍显仓促，余味略淡(S12)。行文过程中，前后内容交代清楚(S02)，段落间使用了有效的过渡词句进行粘合(S03)，使得段与段之间关系紧密(S08)，各段落主旨也能与文章中心紧密相连(S06)。文章在处理略写过渡性材料时较为得当(S10)，但在详写重点部分如对话场景时，虽然生动但仍有细化空间(S09)，各句与段落中心句的联系尚算紧密(S07)。语言表达方面，作者展现了极佳的观察力，观察有主次、有顺序(E12)，特别关注了人物的神态和动作细节，如“嘟嘴”、“宣读圣旨”等描写极具画面感(E11)。文中语句通顺，意思完整(E01)，用词恰当且生动优美，引用古文增添了文采(E02)，综合运用了比喻、引用等多种修辞手法(E05)以及描写、记叙等多种表达方式(E06)，结合多种表现手法成功塑造了人物形象(E07)。"
150340,"文章选取了弟弟出生时的外貌特征以及成长过程中学说话、玩玩具的具体事例，材料选取较为丰富且能支撑文题(C02)。特别是第一段对弟弟外貌的描写，能够按照从头到脚的顺序进行有条理的观察(E12)，且开头交代了时间背景，直入主题，起笔较为恰当(S11)。各段落内容均围绕“弟弟的可爱”这一主旨展开，整体指向性明确(S06)，结尾处运用比喻将弟弟比作天使，情感升华自然且简洁(S12)。但在结构安排上，文章从第一段刚出生直接跳跃到第二段的学说话、学走路，中间缺乏必要的时间交代和过渡，导致前后内容衔接显得突兀，未能清楚交代情节发展(S02)。段落之间也缺乏有效的过渡词句进行粘合(S03)，使得段际关系不够紧密(S08)。在段落内部，第二段叙述了叫妈妈、学走路、玩玩具等多个内容，句子之间的逻辑联系不够紧密，中心不够聚焦(S07)。此外，文章虽然关注了人物细节(E11)，但对重点部分如“第一次叫妈妈”的描写还不够详尽(S09)。语言方面，部分语句标点使用有误，如“妈妈就知道要。给弟弟弄奶了”，影响了语句的通顺度(E01)，修辞和表达方式的运用也相对基础(E05)(E06)。"
150341,"文章开篇以排比句式引入回忆，情感充沛，能写出恰当的开头(S11)，文末总结人物品质并展望友谊，提供了简洁利落的结尾(S12)。叙事过程中，作者能选取初次见面时的外貌特征与互动细节作为具体充分的材料(C02)，对“初识”这一重点部分进行了详写(S09)，特别是在描写人物时，能够关注人物衣着、神态及事件细节(E11)，并做到有主次有顺序地观察(E12)。全文语句通顺，意思完整(E01)，词句运用基本恰当(E02)。但在结构布局上，虽然能够交代清楚前后内容(S02)，但段落之间缺乏有效的过渡词句粘合(S03)，导致段与段之间的关系不够紧密(S08)，各段落与主旨的联系也有待加强(S06)。在材料处理上，围绕文章中心组织材料的能力稍显不足(C04)，未能多角度思考主题并选用更多样的材料(C06)，导致作文的独特性和思想深度一般(C05)。此外，文章在句段中心的紧密度(S07)以及略写过渡性材料(S10)方面仍有优化空间。在表达技巧上，修辞手法(E05)、表达方式(E06)及表现手法(E07)的综合运用较为单一，缺乏变化。"
150342,"文章选取了叶开打篮球、电子制作班帮助“我”修电路等具体事例，材料充实且具有生活气息(C02)。写作时能紧紧围绕朋友的优秀品质这一中心进行选材和组织(C04)，从学习习惯、运动特长、乐于助人等多个角度展示人物形象(C06)。虽然题材较为常规，创新性略显不足(C05)，但开头对人物外貌的描写恰当自然(S11)，结尾总结有力，简洁利落(S12)。行文过程中，段落与段落之间联系紧密(S08)，句意与段落中心衔接紧凑(S07)，叙事脉络清晰(S02)，各段落也能较好地服务于主旨(S06)。但在段落转换时，过渡词句的使用还不够娴熟，略显生硬(S03)。在描写修电路的情节时，对人物动作和事件细节的关注十分到位(E11)，观察具有明显的主次顺序(E12)。详略安排上，对于重点情节的铺陈较为得当(S09)，过渡性材料也做到了简略处理(S10)。语言方面，全篇语句通顺流畅(E01)，但在词汇的生动性和优美度上还有提升空间(E02)。修辞手法运用较少(E05)，表达方式略显单一，多为平铺直叙(E06)，表现手法的多样性也有所欠缺(E07)。文章选取了叶开打篮球、电子制作班帮助“我”修电路等具体事例，材料选取充分且具有生活气息(C02)。写作时能紧紧围绕朋友的优秀品质这一中心进行选材和组织(C04)，从学习习惯、运动特长、乐于助人等多个角度立体地展示人物形象(C06)。虽然题材较为常规，思想深刻性与独特性略显不足(C05)，但开头对人物外貌的描写恰当自然(S11)，结尾通过一连串的排比设问总结全文，简洁利落(S12)。在结构上，段落与段落之间逻辑关系紧密(S08)，句意与段落中心衔接紧凑(S07)，能够交代清楚前因后果(S02)，各段落内容也能较好地紧扣主旨(S06)。不过，在段落转换时，过渡词句的运用还不够自然，粘合度有待加强(S03)。在具体描写中，作者对修电路时的动作和神态等细节关注十分到位(E11)，观察具有清晰的主次和顺序(E12)。详略安排上，对于重点情节的铺陈较为得当(S09)，过渡性材料也做到了简略处理(S10)。语言表达方面，全篇语句通顺，意思完整(E01)，但在词句的生动性和优美度上还有提升空间(E02)。修辞手法运用较少，缺乏文采(E05)，表达方式略显单一，多为平铺直叙，缺乏描写与抒情的有机结合(E06)，表现手法的多样性也有所欠缺(E07)。"
150343,"该生作文《“可爱”的同学——程思元》具备基本的叙事框架，但在语言规范性和选材深度上仍有提升空间。在材料选择与中心表达方面，文章选取了主人公负责升旗训练这一具体事例，虽然材料真实，但单一事件对人物形象的支撑略显单薄，不够充分(C02)。选材主要表现了人物的负责与坚定，与题目“可爱”之间的内在逻辑联系未能在组织材料时得到紧密阐释，导致中心主旨不够突出(C04)。文章立意较为常规，缺乏独特的视角或深刻的原创性思想(C05)，未能从多个角度对主题进行深入思考和选材(C06)。在结构布局方面，文章的叙事链条完整，能够清楚交代事件的起因、经过和结果(S02)。文中使用了时间词作为过渡，能够较好地粘合相邻段落，使行文具有一定的连贯性(S03)。各段落基本围绕主旨展开(S06)，但在句与句、段与段中心的紧密度上还有待加强，部分逻辑略显松散(S07)(S08)。详略安排上，虽然意识到要详写训练过程，但对人物如何具体指导同学这一重点部分的描写不够细致，感染力不足(S09)，对过渡性材料的略写处理则相对得当(S10)。开头采用了常规的外貌描写，略显生硬(S11)，结尾引用格言总结，虽简洁但稍显套路化(S12)。在语言表达方面，文章存在较多明显的语病和缺词现象，如“可是他们觉得我什么”等句子意思表达不完整，影响了阅读流畅度(E01)。词句运用较为平淡，部分用词不当，如“刻在”、“拥戴”等，缺乏生动优美的表达(E02)。修辞手法(E05)和表达方式(E06)运用较为单一，表现手法也较为常规(E07)。虽然关注到了人物的眼泪等细节(E11)，且观察外貌时有一定的主次顺序(E12)，但整体描写缺乏细腻度。"
150344,"文章在材料的选择与组织上表现突出，能够围绕老师“面严心慈”这一中心，从初见时的外貌言谈、学习遇到困难时的鼓励以及后续生活中的关怀等多个角度选取事例来展现人物形象的转变(C06)，这些材料具体且充分，如雨天发积分、课下捏脸蛋等细节增强了文章的真实感(C02)，并且能够围绕中心对这些材料进行有效的组织(C04)。文章叙事线索清晰，前后内容的衔接交代得比较清楚(S02)，段落内部的句子也能围绕中心句展开(S07)，结尾部分对主旨进行了总结和升华，显得简洁有力(S12)。然而，文章在结构衔接和思想深度上还有提升空间，段落之间的过渡略显生硬，多依赖“后来”“慢慢的”这类简单的词语(S03)，导致段落间的逻辑关系不够紧密(S08)，个别段落与主旨的关联度也稍显松散(S06)。同时，文章对人物的刻画和事件的描写在重点部分的详写上稍有不足(S09)，虽然关注到了一些细节(E11)，但整体思想的独创性与深刻性表现一般(C05)。语言表达方面，全文语句基本通顺完整(E01)，但开头方式较为平淡直接(S11)，词语的运用不够生动优美(E02)，且综合运用修辞手法、表达方式和表现手法的能力较弱，使得文章的文学色彩不浓(E05，E06，E07)。"
150401,"文章能够围绕中心选择运动会中的两个事例作为材料(C04)，内容具体，具备一定的材料支撑(C02)，并能从不同同学的表现来多角度展现主题(C06)，其中对第一个同学掉鞋后坚持比赛的情节进行了充分的详写，这是本文的亮点(S09)。然而，文章在思想的独创性上表现平平，对感动和团结精神的探讨未能深入(C05)。结构方面，虽然段落之间有基本的承接关系(S08)且服务于主旨(S06)，但事例与事例之间的过渡显得突兀，前后内容的交代不够清晰(S02)，同时开头略显套路化(S11)，部分段落内部的句子组织也不够紧密(S07)。语言表达上，全文语句基本通顺(E01)，也综合了记叙和议论等表达方式(E06)，但词语的运用不够恰当生动(E02)，修辞手法的运用意识不强(E05)，导致整体文采不足。尽管作者注意到了对人物动作和语言的细节描写(E11)，但表现手法的多样性仍有欠缺(E07)。"
150403,"本文在内容选择上表现突出，能够选取同学杜知微在比赛中受伤却坚持到底这一具体事件作为核心材料，使得文章内容显得充实可信(C02)，并能由此出发，从追求胜利、顽强坚持到集体感动等多个角度思考体育精神的内涵(C06)，最终将主题落脚于超越胜负的集体荣誉感，体现了一定的思想深刻性(C05)。不过，文章开篇部分对“免作业”的强调以及对前两项比赛的叙述，与最终揭示的主旨关联度稍弱，在材料的组织与中心思想的契合度上还有提升空间(C04)。从文章的结构与叙事节奏来看，整体叙事脉络清晰，能够清楚交代事件的前因后果(S02)，段落之间通过“到了，到了！”“回到赛场上”等词句进行了有效连接，过渡自然流畅(S03)，段落间的逻辑关系也较为紧密(S08)。同时，段落内部的句子组织有序，能够紧密围绕段落中心展开叙述(S07)。文章在处理详略关系上基本得当，对核心的滑板比赛事件进行了重点描摹(S09)，对前两项比赛则作了简要交代(S10)，文章的开头和结尾也较好地完成了引入和总结升华的功能(S11，S12)，但有个别段落，如第二段的动机描写，与文章最终揭示的主旨联系不够紧密(S06)。在语言表达与写作技巧方面，全文语句通顺，意思表达完整(E01)，能够运用“像受惊的鸟儿一般”等恰当生动的词句(E02)，并综合运用了比喻、设问等修辞手法来增强表达效果(E05)。作者能够将叙述、描写和议论等多种表达方式相结合(E06)，并且在叙事时做到了有主有次、顺序清晰，能够抓住关键时刻进行观察(E12)，对杜知微受伤、咬牙坚持等细节也有不错的刻画(E11)，但在表现手法的多样性上稍显不足，主要依赖正面叙述(E07)。"
150405,"文章讲述了自己在体育课上因争强好胜受伤，在老师悉心照料下产生悔意并学会敬畏课堂的故事。在选材方面，你选取了体育课挑战新动作失败以及老师为你包扎这两个具体且充分的材料，支撑起了文章的叙事框架(C02)。叙述过程中，能够按照事情发展的顺序，有主次地进行观察和描写(E12)，特别是对受伤后的心理活动以及老师救助的细节描写较为详细，突出了文章的重点部分(S09)。文章段落之间的逻辑关系较为紧密，整体结构层次分明(S08)，结尾部分简洁利落，通过反问表达了悔改之意，有力地收束了全文(S12)。然而，文章在围绕中心组织材料上还有提升空间，开头提到的“不计前嫌”与结尾的“敬畏课堂”在逻辑上略显跳跃，导致中心不够聚焦(C04)，且题材较为常见，思想深度的独特性略显不足(C05)。虽然你尝试从自我反思和老师行为多角度表现主题(C06)，并关注了人物和事件的细节(E11)，但在语句表达上存在明显瑕疵，部分语句不通顺，存在用词不当的情况，如“狗嘴泥”、“信誓旦旦地湮没”等(E01)。此外，各段落与主旨的紧密联系(S06)以及段落间的过渡衔接(S03)也显得不够自然，前后内容的交代可以更加清晰流畅(S02)。希望你在保持词句生动(E02)的基础上，进一步打磨语言规范性，加强文章中心的凝聚力。"
150406,"文章开篇能迅速切入体育节滑板比赛的情境，营造了紧张的氛围，开头部分表现出色(S11)。全文能够围绕“感动”这一中心选择比赛中同学摔倒后仍心系班级荣誉的事件作为材料，内容具体充分(C02)，且材料的组织基本服务于主旨(C04)，并能从摔倒者、观赛者等多个角度来展现场面(C06)。文章在结构上段落与主旨关联紧密(S06)，段落间的衔接也比较自然(S08)，对同学摔倒及后续对话等重点情节进行了详写(S09)，使得核心事件较为突出。然而，文章在思想深度上稍显不足，主题的挖掘不够新颖独到(C05)。在内容的连贯性上，部分前后情节的交代不够清晰，例如从“异常缓慢”的一组到“疾驰而过”的一组，其间的关系转换略显突兀(S02)。同时，文章的结尾显得有些仓促，总结归纳的力量不强(S12)。语言表达方面，语句基本通顺(E01)，但词语的运用不够生动优美(E02)，修辞手法的运用也较为单一(E05)。对事件细节的观察和刻画还有提升空间，可以更细致地描绘人物的动作与神态(E11)，使场面更有画面感。"
150407,"文章选取了校运会双人滑板比赛这一具体事件作为核心材料，内容充实，有效支撑了“团结”的主题(C02)。全文紧紧围绕“真正的团结”这一中心进行选材和组织，从赛前准备到比赛过程再到赛后感悟，条理清晰(C04)。作者通过同学受伤仍坚持比赛的事例以及对老师“诺言”的理解，表达了对团结的感悟，虽然立意较为常见，但体现了一定的思考(C05)。文章尝试从个人心理变化、比赛现场情况、受伤同学的表现以及老师的教育意图等多个角度来表现主题(C06)。结构上，文章前后内容交代清楚，叙事完整(S02)。使用了“那天过后”等过渡词句，起到了一定的粘合作用(S03)。各段落均围绕主旨展开，联系较为紧密(S06)。段落内部句子与中心句的关联度尚可(S07)，但段与段之间的逻辑衔接在情感转折处略显生硬(S08)。详略处理得当，重点描写了双人滑板比赛的过程及同学受伤的情节(S09)，对其他比赛项目则一笔带过(S10)。开头采用回忆式引入，直切主题(S11)，结尾总结全文，照应开头，简洁有力(S12)。语言方面，语句通顺，意思完整(E01)。使用了“精神抖擞”、“热锅上的蚂蚁”等词句，语言生动形象(E02)。运用了比喻、夸张等修辞手法，增强了表达效果(E05)。综合运用了记叙、议论、描写等表达方式(E06)以及欲扬先抑等表现手法(E07)。细节描写较为出色，如对受伤同学手部细节的刻画以及比赛时心理活动的描写(E11)，观察顺序基本清晰，但在主次观察的细腻度上稍显不足(E12)。"
150408,"文章选取了体育节中的排球接力、滚轮胎及滑板接力三个项目作为素材，内容充实具体，展现了丰富的校园生活场景(C02)。作者能够从现场氛围、班级荣誉感以及具体的比赛过程等多个角度切入，立体地呈现了体育节的面貌(C06)。特别是在描写滑板接力的意外插曲时，对人物动作捕捉得非常精准，如“一屁股挤出去”、“迅速爬上去”、“拼命往前滑”等细节描写生动传神，极具画面感(E11)，体现了作者有主次、有顺序的观察能力(E12)，并且成功地对这一重点环节进行了详写(S09)。各段落内容均紧扣体育节这一大背景，没有偏离主旨(S06)。在结构上，文章按照时间顺序推进，前后内容交代清楚(S02)，段落之间运用了时间节点或事件转换进行过渡，衔接较为紧密(S03)(S08)。句段内部逻辑也基本连贯(S07)。语言表达方面，使用了“精神抖擞”、“此起彼伏”等成语以及拟人、夸张等修辞手法，增强了文章的生动性(E02)(E05)，综合运用了记叙、描写和议论等多种表达方式及表现手法(E06)(E07)。不足之处在于，题目是“一个令我感动的事”，但文章前大半篇幅都在铺陈天气、着装及前两个项目，导致作为略写的过渡性材料显得过于冗长(S10)，喧宾夺主，未能很好地围绕“感动”这一中心精简组织材料(C04)。开头采用了传统的流水账式写法，缺乏吸引力(S11)；结尾的感悟较为套路化，思想深度和独特性稍显不足(C05)(S12)。此外，文中存在少量语病和错别字，如“这让必须下一项第一才能免作业”句意不通，语句通顺度仍有提升空间(E01)。"
150410,"文章选取了旅途中转机误机得到陌生人帮助的具体事例，材料充实，能够支撑起文章的内容(C02)，并且全篇叙述紧紧围绕“感动”这一中心展开，选材和组织得当(C04)。文章开头直入主题交代背景(S11)，结尾点明主旨，简洁有力(S12)，各段落内容均与主旨紧密相连(S06)。在叙事安排上，能够按照时间顺序有主次地进行观察和记录(E12)，重点详写了小伙子主动帮忙、赠送餐票以及同事揭露其已下班等关键情节(S09)，同时也运用了过渡词句较好地粘合了相邻段落(S03)。语句通顺流畅，意思表达完整(E01)，综合运用了记叙和对话描写等表达方式(E06)。不过，文章在修辞手法的运用上较为单一(E05)，语言虽然朴实但缺乏生动优美的词句修饰(E02)，且表现手法不够丰富(E07)。虽然关注了人物的语言和行为细节(E11)，但在前后内容的交代上略显生硬(S02)，略写部分的过渡性材料处理还可以更精炼(S10)，文章整体思想较为常规，独特性和深刻性有待提升(C05)。"
150411,"文章选取了红月亮科普知识、小区观月以及偶遇同学等具体材料，内容尚算充实(C02)。但文章核心应聚焦“神奇的红月亮”，文中却花费大量笔墨描写偶遇同学“刘津恺”的细节，导致材料组织未能紧密围绕中心展开，显得有些偏离主题(C04)。文章立意较为常规，主要记录生活片段，思想深度和独特性一般(C05)。虽然尝试结合科普与个人经历多角度切入，但两者融合度不够高(C06)。叙事上，基本交代清楚了时间、地点和人物活动的前后关联(S02)，段落间能利用时间线索过渡，但衔接略显生硬(S03)。由于中间插入了大量与主旨关系不大的同学互动，导致段落内容与文章主旨的紧密度受损(S06)。句意连接上偶有跳跃，如从科普解释突然转到“跳线”，句间逻辑不够紧密(S07)，但整体段落间的结构关系尚属紧凑(S08)。详略处理上存在偏差，本应重点描写的月亮变化过程显得单薄，反而非重点的人物互动占据了较大篇幅(S09)，过渡性的跳绳细节也稍显冗余(S10)。开头以古人对月亮的向往引入，切题且恰当(S11)；结尾直抒胸臆，简洁利落(S12)。语言方面，语句基本通顺，但存在标点误用和语病，影响了表达的完整性(E01)。词汇较为平实，缺乏生动优美的描写(E02)。修辞手法运用较少(E05)，表达方式以记叙为主，说明为辅，结合一般(E06)，表现手法也较为单一(E07)。观察方面，虽然捕捉到了月亮变红的细节，但对人物的关注似乎喧宾夺主(E11)，不过整体观察顺序清晰，符合时间逻辑(E12)。"
150412,"文章选取了夹排球、拉轮胎、滑板比赛等具体素材，内容充实(C02)；能够多角度展现比赛的紧张氛围、免作业的动力以及同学间的关爱(C06)；立意上从关注输赢转为关注同学，体现了一定的思想深度(C05)；但前文大量铺垫“免作业”的功利动机，与结尾“团结”的主旨衔接略显生硬，围绕中心组织材料的能力有待提升(C04)。文章起因、经过、结果交代清楚(S02)；开头中规中矩交代背景(S11)；结尾能够点明主旨，升华主题(S12)；段落之间使用了过渡词句，衔接较为自然(S03)；各段落内容基本能服务于整体叙事(S06)；详略安排上，重点描写了决胜局和突发状况(S09)，前两个项目略写(S10)，但段落内部句子的紧密度(S07)和段落间的逻辑紧密度(S08)还有优化空间。全篇语句通顺流畅，意思完整(E01)；能够按时间顺序有条理地叙述比赛过程(E12)；捕捉到了滑板停下、同学受伤等关键细节(E11)；虽然尝试使用了表现手法(E07)和部分成语，但在词句的生动优美程度(E02)以及修辞手法(E05)、多种表达方式(E06)的综合运用上较为薄弱，语言稍显平淡。"
150413,"文章选取了体育节滑板比赛中同学受伤仍坚持完成比赛的具体事例，材料充实且具有代表性(C02)，紧紧围绕“坚持”这一中心进行组织，主旨明确(C04)。虽然立意正确，但题材较为常见，思想深度和视角的独特性有待进一步挖掘(C05)(C06)。文章开头通过环境描写迅速入题(S11)，结尾简洁有力地升华了主题(S12)。各段落紧扣主旨(S06)，段落内部逻辑清晰(S07)，但在段落间的过渡衔接上略显生硬，可加强过渡词句的使用(S02)(S03)(S08)。叙事详略得当，重点突出了比赛中的关键冲突(S09)(S10)。语言通顺流畅(E01)，运用了比喻等修辞手法增强生动性(E02)(E05)，综合运用了记叙、议论等表达方式(E06)(E07)。特别值得肯定的是，作者对比赛场景观察有序(E12)，对人物动作和心理变化的细节描写细腻到位，增强了文章的感染力(E11)。"
150414,"文章选取了体育节作为核心素材，内容具体充实(C02)，并能紧紧围绕“誓争第一”和班级团结这一中心来组织材料，主旨突出(C04)。作者不仅关注比赛本身，还从个人拼搏、集体荣誉及凝聚力等多角度深入思考，体现了思想的独特性(C05，C06)。在结构布局上，段落之间逻辑关系极为紧密，从备战到比赛再到夺冠，层层推进(S08)，各段落紧扣主旨(S06)，段内语句也紧密围绕中心句展开(S07)。叙事详略得当，重点详写了作者亲历的轮胎接力赛过程(S09)，对其他项目及过渡性情节则进行了恰当的略写(S10)。行文中，过渡词句使用自然，有效粘合了相邻段落(S03)，前后内容交代清楚(S02)。开头恰当地点明了背景与氛围(S11)，结尾简洁利落，总结全文并展望未来(S12)。语言方面，语句通顺流畅(E01)，词句生动优美(E02)，综合运用了比喻、夸张等修辞手法(E05)以及记叙、描写、议论等多种表达方式(E06)。特别是对比赛中“我”的心理变化和动作细节刻画得十分细腻(E11)，观察视角有主次、有顺序(E12)，多种表现手法的结合使文章极具感染力(E07)。"
150415,"文章围绕一件具体小事展开，叙事完整，中心明确(C04)，能够通过店主雨中送还四元钱这一典型材料来表现其拾金不昧、热心助人的品质，材料选取具体充分(C02)。作者能从日常小事中提炼出感人的主题，并从自己的焦急、店主的辛苦等多个角度来表现中心，使文章具备了一定的思想性和独创性(C05，C06)。结构方面，文章情节交代清楚，前后内容连贯(S02)，并能使用“突然”等词语实现段落间的过渡(S03)，段落内部句子与段落之间关系紧密(S07，S08)。详略处理也较为得当，对买红领巾和店主送钱等重点部分进行了详写，对乘车等环节则作了略写(S09，S10)。开头能设置悬念，结尾能总结点题，首尾完整(S11，S12)。同时，文章对店主“满头是汗”、“气喘吁吁”等细节有较好的捕捉，使人物形象比较鲜明(E11)。但在观察的有序性上稍有欠缺，对店主外貌的描写显得有些零散(E12)。结尾段落的直接抒情议论与前文叙事的融合不够圆熟，导致该段与主旨的连接略显生硬(S06)。语言表达是本文的主要弱项，虽然语句基本通顺，意思完整(E01)，但词句的锤炼不足，整体表达较为平实，不够生动优美(E02)。修辞手法的运用比较单调(E05)，叙述、描写和议论等表达方式的综合运用(E06)以及表现手法的丰富性(E07)都有待加强。"
150416,"文章的核心优点在于立意深刻，能够从“克服自身性格弱点”这一独特视角来诠释“真正的团结”，体现了思想的原创性(C05)和多角度思考的能力(C06)。为了支撑这一中心论点，文章选取了体育节滑板比赛中一位同学克服个人性格、带伤坚持的经历作为核心材料，这一材料具体且充分(C02)，并能紧密围绕中心进行组织和展开(C04)。在结构层面，文章开头能有效提出观点(S11)，结尾也能对主旨进行呼应和升华(S12)，前后内容交代基本清晰(S02)，各段落与主旨的关联度较好(S06)，段落内部的句子也能围绕中心句展开(S07)。语言表达流畅(E01)，部分词句运用较为生动(E02)，并综合运用了记叙和议论等表达方式(E06)。然而，文章在结构衔接和详略处理上存在不足，段落之间的逻辑关系不够紧密，有时显得跳跃(S08)，部分过渡词句的使用尚可加强(S03)。对于核心事件的描写，在重点部分的刻画(S09)和次要部分的简化(S10)方面平衡性有待提升，例如对同学受伤后坚持比赛的心理与动作细节可以再深入挖掘(E11)，尽管观察已有一定的主次顺序(E12)。同时，修辞手法(E05)和表现手法(E07)的运用还不够丰富和纯熟。"
150417,"文章记叙了体育节的三个比赛项目，选取了具体的比赛过程作为素材，内容较为充实(C02)。作者能够从比赛的进程和事后的询问两个角度切入，体现了一定的思考维度(C06)。但在围绕中心组织材料方面略显松散，前两个项目的叙述虽然交代了背景，但与“感动”这一核心主题的关联度不够紧密，导致部分段落与主旨的粘合度一般(C04)(S06)。文章立意较为常规，独特性和深刻性有待加强(C05)。在结构上，文章使用了“第一个项目”、“第二个项目”、“最后一个项目”等过渡词句，有效粘合了相邻段落，段落间的逻辑关系较为紧密(S03)(S08)。叙事条理清晰，严格按照时间顺序进行观察和记录(E12)。但在交代前后内容时，情感转折稍显突兀(S02)。文章能够详写最后一个项目的波折，略写前两个项目，详略安排基本得当(S09)，但在过渡性材料的处理上还可以更精简(S10)。开头交代了时间、背景及同学们的心理状态，切入自然(S11)。结尾虽然总结了感悟，但略显仓促，不够有力(S12)。各句与段落中心的连接较为紧密(S07)。语言表达方面，语句通顺流畅，意思完整(E01)。文中运用了“跃跃欲试”、“咬紧牙关”等词语，描写较为生动恰当(E02)。虽然尝试描写了同学着急的神态和动作，但在人物和事件细节的刻画上还不够深入(E11)。修辞手法、表达方式及表现手法的运用较为单一，综合运用能力一般(E05)(E06)(E07)。"
150418,"该生作文选取了双人带排球、单人拖轮胎和双人滑板三个具体项目作为素材，内容充实且紧扣体育节这一主题，体现了材料选取的具体性与充分性。文章始终围绕“为了免写作业而争取第一”这一中心线索展开，材料组织紧密围绕中心。虽然立意上最终归结为“不畏困难”的精神较为常见，独特性尚有提升空间，但多角度展现了比赛的紧张感。结构方面，开头以“免写作业”的激励机制入题，极具吸引力，结尾简洁有力地升华了主题。详略安排十分得当，前两个项目略写，重点详写了最后一个项目中发生的意外与同学的反应，突出了文章重点。段落之间过渡自然，使用了明确的序数词和关联词进行衔接，使得行文逻辑流畅，前后内容交代清楚，各段落与主旨、各句子与段落中心均保持了紧密的联系。语言表达上，语句高度通顺，意思完整，几乎没有语病。文中使用了“胸有成竹”、“离弦的箭”等成语，词句运用恰当且较为生动。作者综合运用了叙述、描写和心理描写等多种表达方式，特别是对杜知微手卡住和石玺凡摔倒后迅速爬起等细节的刻画十分细腻，体现了敏锐的观察力，且叙事顺序条理清晰，主次分明。这是一篇叙事条理清晰、详略得当的考场佳作。在选材与立意方面，你选取了双人带排球、单人拖轮胎以及双人滑板这三个具体的比赛项目，素材选取具体且充分(C02)。全文紧紧围绕“为了赢得免作业奖励而拼搏”以及“面对意外不放弃”的中心进行组织，主旨鲜明(C04)。虽然文章最终落脚于拼搏精神，在思想的独特性和深刻性上属于中规中矩(C05)，但你能从团队配合、意外插曲等多个角度切入描写，体现了多角度思考的能力(C06)。在结构布局上，开头以“免作业”为悬念入题，非常引人入胜，是一个极佳的开头(S11)；结尾简洁利落，将比赛结果上升到精神层面，收束有力(S12)。最值得称道的是你的详略安排：前两个项目一笔带过，作为铺垫(S10)；而将笔墨重彩地落在最后一个项目的意外与追赶上，极好地突出了文章重点(S09)。行文中，你能够交代清楚前因后果，逻辑顺畅(S02)，并使用“第一个项目”、“最后一个项目”等过渡词句，有效地粘合了相邻段落(S03)。无论是段落与主旨的联系(S06)，还是句子与段意之间的逻辑(S07)，乃至段与段之间的紧密关系(S08)，都处理得十分严谨。在语言表达上，整篇文章语句通顺流畅，意思表达完整清晰(E01)。文中恰当地使用了“胸有成竹”、“离弦的箭”、“齐头并进”等成语，使得词句生动优美(E02)。你综合运用了比喻等修辞手法(E05)，并将叙述与心理描写（如“心提到了嗓子眼儿”）相结合(E06)，表现手法较为丰富(E07)。特别是在描写滑板比赛的意外时，你关注到了人物动作和现场情境的细节，如“手卡在了轮子里”、“毫不犹豫地站起身”(E11)，并且叙事有主次、有顺序，观察细致入微(E12)。"
150421,"文章选取了雨天同学送伞这一具体事例来表现“难忘”的主题，材料选择具体且紧扣中心(C02，C04)，但题材属于常见类型，在思想深刻性和原创性上表现中规中矩(C05)，且叙述视角较为单一，未能多角度挖掘主题内涵(C06)。在结构安排上，文章起承转合逻辑清晰，能够清楚交代故事的前因后果(S02)，特别是段落间的过渡处理得相当出色，使用了恰当的过渡词句，使行文流畅自然(S03)。开头以“满天的星星”作比引出回忆，入题迅速且恰当(S11)；结尾呼应开头，简洁利落地点明主旨(S12)。各段落均紧密围绕主旨展开(S06)，但在段与段之间的深层逻辑紧密度上稍显松散(S08)。在详略安排上，虽然能够区分重点与非重点(S09，S10)，但对于核心情节“送伞过程”的细节刻画略显仓促，未能在段内句群间形成更紧密的支撑(S07)。语言表达方面，全文语句通顺流畅，意思表达完整(E01)，叙事条理清晰，能够按照时间顺序和主次关系进行观察与描写(E12)。文中运用了“断了线的珠子”等比喻句，词句较为生动(E02)，并注意到了“一手拿着伞，一手搭着我的肩”等人物动作细节(E11)。然而，修辞手法的运用较为单一(E05)，多种表达方式和表现手法的综合运用能力有待加强(E06，E07)，这在一定程度上限制了文章感染力的进一步提升。"
150422,"文章选取了朋友放弃玩耍时间帮“我”辅导作业这一具体事例，材料充实且贴近生活(C02)，紧紧围绕“情谊无价”这一中心进行选材和组织，主旨明确(C04)。虽然题材较为常见，但在展现朋友间的互助情谊上体现了一定的思考(C05)，能够从心理变化和事件发展双重角度切入，体现了多角度思考的能力(C06)。在结构上，事情的起因、经过、结果交代得非常清楚，叙事连贯(S02)，段落间使用了恰当的过渡词句，如“正当我……”、“最后……”，使文章衔接自然(S03)。各段落内容均能紧扣主旨展开(S06)，句与段中心联系也较为紧密(S07)，但在段落间的内在逻辑联系上还有提升空间(S08)。详略安排得当，重点描写了辅导过程和心理活动(S09)，略写了下棋的具体过程(S10)。开头直接入题，交代背景恰当(S11)，结尾点题简洁有力(S12)。语言表达方面，全文语句通顺，意思完整流畅(E01)，词语运用较为恰当，如“眼巴巴”、“热火朝天”等(E02)。修辞手法(E05)和多种表达方式(E06)的综合运用相对较少，表现手法也较为单一(E07)。不过，文章关注了人物的外貌和神态细节，如对芃芃眼睛的描写(E11)，叙事过程有条理，体现了清晰的观察顺序(E12)。"
150423,"文章选取了体育节中的“双人软排接力”和“拉轮胎”两个具体项目作为素材，材料较为具体(C02)，能够围绕班级团结和荣誉这一中心进行组织(C04)。各段落内容均紧紧围绕体育节比赛这一主旨展开，主题集中度很高(S06)。在结构上，文章起因、经过、结果交代清楚(S02)，段落之间使用了过渡词句进行粘合，连接较为自然(S03)，段与段之间按时间顺序推进，关系紧密(S08)。开头交代背景并引出下文(S11)，结尾总结全文并升华主题，简洁利落(S12)。段落内部的句子也能围绕段落中心展开(S07)。但在详略安排上存在不足，重点部分如王池珊受伤坚持的过程描写不够细致(S09)，而过渡性的场面描写略显冗长，未能很好地进行略写处理(S10)。语言表达方面，全文语句通顺，意思完整(E01)，使用了“离弦之箭”、“势均力敌”等成语和比喻，词句较为恰当生动(E02)，综合运用了比喻、排比等修辞手法(E05)，以及记叙、描写、议论等多种表达方式(E06)和表现手法(E07)。在观察与立意上，作者关注到了轮胎跳动等细节(E11)，观察有一定的顺序(E12)。虽然尝试从不同角度表现主题(C06)，但立意相对常规，思想深度一般(C05)。建议在后续写作中更注重对重点情节的细致刻画，合理安排详略。"
150424,"文章选取了体育节全班刻苦训练及刘津凯同学带病奉献的具体事例，材料充实(C02)，并能从集体和个人两个角度来表现主题(C06)，各段落紧密围绕主旨展开(S06)。但在围绕中心组织材料方面，开头的铺垫与核心事件关联不够紧密(C04)，思想立意较为常规(C05)。结尾总结全文，简洁利落(S12)，对重点部分如刘津凯的表现进行了详写(S09)，观察叙述有主次有顺序(E12)。不过，开头较为平淡(S11)，段落间的过渡词句略显生硬(S03)，前后内容的交代和衔接还可以更自然(S02)(S08)，过渡性材料的处理不够精炼(S10)。语句通顺，意思完整(E01)，使用了“汗如雨下”、“失了声的狮子”等生动词句(E02)，运用了比喻等修辞手法(E05)及对比的表现手法(E07)。虽然关注了人物细节(E11)并综合使用了表达方式(E06)，但句段中心的紧密度仍需加强(S07)。"
150425,"文章选取了背球、拉轮胎、滑板比赛三个具体项目作为素材，内容较为充实(C02)，且能够紧紧围绕“体育精神”这一中心进行材料的选择与组织(C04)。作者试图通过不同项目的比赛结果以及重点项目的过程，多角度地表现主题，思路较为清晰(C06)，但文章立意较为常规，缺乏独特的视角或深刻的思想内涵(C05)。在结构方面，文章开头直接交代背景，切题较快(S11)，各段落内容均服务于主旨(S06)，句与句之间联系较紧密(S07)，段落之间按时间顺序排列，关系较为紧密(S08)。作者能够意识到详略得当，对前两项比赛进行了略写(S10)，对滑板比赛进行了详写(S09)，但在滑板比赛的具体形式等情节上交代不够清晰(S02)，段落间的过渡也较为机械，多用序数词直接连接(S03)，结尾仅用一句话点题，略显单薄仓促(S12)。在语言表达上，全篇语句基本通顺，意思表达完整(E01)，叙事条理清晰，能够按照比赛进行的顺序展开观察(E12)。但在细节描写方面，虽然关注了人物的语言和动作(E11)，但细腻程度和真实感有待提升，且修辞手法运用较少(E05)，表现手法(E07)和表达方式(E06)较为单一，词句生动性一般(E02)。"
150426,"文章围绕“图的是什么”这一核心问题，选取了吴阿姨帮忙做衣服和剥毛豆两件具体事例，材料选取较为充分具体(C02)，能够有效地围绕中心组织材料(C04)，并从不同生活侧面展现了人物乐于助人的品质(C06)。文章结构清晰，开头直接点出人物(S11)，结尾点明主旨，回应标题，简洁有力(S12)，主体段落也能紧密围绕主旨展开(S06)。叙事过程中，重点部分如做衣服的动作描写较为详细(S09)，次要部分处理得当(S10)，前后内容交代清晰(S02)，也使用了过渡词句连接段落(S03)。在细节刻画上，作者能够关注到人物的动作细节(E11)，并做到有主次有顺序地观察(E12)。然而，文章在思想深度上稍显不足，结尾将吴阿姨的行为归结为教育下一代，这一立意虽然正确但略显套路化，影响了文章的独特性与原创性(C05)。结构方面，两个事例段落之间的逻辑关系不够紧密，转换略显生硬(S08)，同时在剥毛豆的段落中，部分描写“我”内心想法的语句与段落中心句的联系不够紧密，稍显游离(S07)。语言表达基本通顺完整(E01)，综合运用了叙述、描写等表达方式(E06)，但在词句的锤炼上还有提升空间，部分词语表达略显平实，不够生动优美(E02)，修辞手法(E05)和表现手法(E07)的运用也较为单一，影响了文章的文学色彩。"
150427,"这篇作文《意想不到的体育节》在选材方面表现出色，能够选取具体的比赛项目如“双人滑板”以及个人受伤坚持的细节作为支撑，材料充实充分(C02)，并且学生能从个人心理变化、实际行动以及集体精神等多个角度思考主题，选材较为合适(C06)。文章各段落与主旨紧密相连，始终围绕体育节的拼搏与团结展开(S06)，对于重点部分如滑板比赛中的意外与坚持进行了较为详细的描写(S09)，结尾简洁利落，点出意外获得总分第一的结局，有力地回应了标题(S12)。然而，文章在结构衔接和语言细节上还存在不足。开头部分较为常规，缺乏新意(S11)，对于非重点的过渡性材料略写处理得不够理想(S10)。在行文逻辑上，前后内容的交代不够清楚，例如最后获得总分第一缺乏前文规则铺垫，略显突兀(S02)，相邻段落间缺乏有效的过渡词句进行粘合(S03)，导致句与句、段与段之间的逻辑关系不够紧密(S07)(S08)。语言表达方面，部分语句通顺度欠佳，存在标点错误和指代不清的问题(E01)，修辞手法的运用也相对单一(E05)。虽然文章关注了细节(E11)并有顺序地进行了叙述(E12)，但在词句的生动性和优美度上仍有提升空间(E02)。整体来看，文章能围绕中心组织材料(C04)，具备一定的独特性(C05)，若能优化过渡与语言规范，效果会更好。"
150428,"文章选取了体育节运球接力中搭档带伤坚持的具体事例，材料充实且极具感染力，很好地支撑了主题(C02)。素材的组织紧紧围绕“第一名背后的故事”这一中心，突出了集体荣誉感与奉献精神(C04)。立意上不仅关注成绩，更深入挖掘了团结互信的精神内核，思想具有一定的深度和独特性(C05)，且能从成绩与背后的付出两个角度进行思考，视角独特(C06)。结构上，文章开头设置悬念，引出下文，切入恰当(S11)，结尾升华主旨，简洁有力(S12)。叙事过程中，前因后果交代清晰(S02)，段落之间过渡自然，使用了有效的衔接词句(S03)。各段落内容均紧密围绕主旨展开(S06)，句段之间逻辑连贯(S07)，段落间的递进关系紧密(S08)。在详略安排上，作者极好地把握了重点，对搭档比赛时的状态和赛后的细节进行了浓墨重彩的描写(S09)，而对其他次要内容则进行了恰当的略写(S10)。语言表达方面，全篇语句通顺流畅，意思完整(E01)，词句运用生动，如“心里像是被一缕阳光照射”等描写颇具画面感(E02)。文章综合运用了记叙、议论等多种表达方式(E06)以及对比等表现手法(E07)。虽修辞手法的丰富性有待加强(E05)，但对人物心理、动作等细节的捕捉十分到位(E11)，观察细致且有条理(E12)。"
150430,"文章选取了赴广州参加全国青少年足球锦标赛的具体经历作为素材，内容充实(C02)，能够紧紧围绕“失败乃成功之母”这一中心组织点球失利与最终获胜的材料(C04)。虽然立意较为常规，独创性与思想深度尚显不足(C05)，但能从个人心理变化与团队荣誉多角度思考，选用合适材料表现主题(C06)。行文叙事条理清晰，能够交代清楚从出发到比赛结束的前后内容(S02)，并运用过渡词句较好地粘合了不同比赛日的段落(S03)。各段落内容均服务于比赛进程这一主旨，联系紧密(S06)，段落内部句意连贯，中心明确(S07)，段与段之间逻辑关系紧凑(S08)。在详略安排上，作者浓墨重彩地描写了点球大战的心理活动与细节，突出了重点(S09)，但在处理食宿等过渡性材料时略显拖沓，简练程度有待提高(S10)。开头交代了时间地点与起因，切入自然(S11)，结尾总结全文并点明题旨，简洁利落(S12)。全文语句通顺，意思表达完整(E01)，描写心理与动作的词句运用恰当且较为生动，如对紧张心理的刻画(E02)。修辞手法的使用相对单一，丰富度一般(E05)，但综合运用了记叙与抒情等表达方式增强感染力(E06)，通过先抑后扬的对比手法凸显了成功的喜悦(E07)。作者对点球失利时的动作与心理细节关注到位(E11)，观察事件有主次之分，且严格遵循了时间顺序(E12)。"
150431,"该生作文《师爱是什么？》紧扣题目，通过叙述胡老师带病坚持批改试卷、提前返校这一具体且充分的事例(C02)，有力地表现了文章的中心思想“师爱”与“责任”(C04)。虽然题材属于较为常见的师生情类型，思想深刻性与独创性表现一般(C05)，但学生能从自身情感变化的角度出发，思考并选用合适的材料来表现主题(C06)。在结构上，文章起承转合自然，开头通过设问迅速切入回忆(S11)，结尾总结全文点明主旨，简洁利落(S12)。叙事过程中，前后内容交代得非常清楚(S02)，段落之间利用时间节点进行过渡，粘合度尚可(S03)。各段落内容均紧密围绕“师爱”这一主旨展开(S06)，段落间逻辑关系紧密(S08)，句段之间的联系也较为紧凑(S07)。在详略安排上，作者重点描写了得知老师带病工作时的心理震动，详写得当(S09)，对新老师代课的过程进行了略写处理(S10)。语言表达方面，全文语句通顺流畅，意思完整(E01)，使用了“历历在目”、“猴似的蹿了起来”等生动恰当的词语(E02)。虽在修辞手法的综合运用上略显单薄(E05)，表达方式和表现手法也较为朴实(E06)(E07)，但作者善于关注人物和事件的细节，如心理描写细腻(E11)，且叙事过程有主次、有顺序(E12)。"
150434,"文章在结构与叙事节奏的把握上表现出色，能够清晰交代比赛前后经过(S02)，段落之间关系紧密，逻辑推进自然(S08)，并且做到了主次分明，对开幕式等次要材料处理得当(S10)，结尾部分简洁利落，有效升华了主旨(S12)。在内容选择上，文章选取了比赛中受伤、队友搀扶这一核心事件，材料具体充分(C02)，同时能够关注到队友手滑、后背湿透等人物细节(E11)，并对比赛受伤这一重点部分进行了详写(S09)，使得文章具备了较好的基础。语言表达整体通顺完整(E01)，词句运用较为恰当生动(E02)，开头也能较好地切入主题(S11)。文章的段落与主旨关联度较高(S06)，段落间的过渡也比较自然(S03)，并能有主次有顺序地进行观察(E12)。然而，文章在思想深度上可以进一步挖掘，目前对友情的思考在原创性与深刻性方面稍显不足(C05)，思考主题的角度也略显单一(C06)。同时，尽管全文能够围绕中心组织材料(C04)，并综合运用了记叙、描写等表达方式(E06)，但部分语句与段落中心句的联系还可以更紧密(S07)。此外，文章在修辞手法的综合运用上略显单薄(E05)，表现手法的丰富性也有待提升(E07)，这在一定程度上影响了文章的文学性和感染力。"
150435,"文章能够围绕体育精神这一中心选择和组织材料(C04)，并能从不同角度思考和选用材料来表现主题(C06)，观察叙述也具备一定的主次顺序(E12)。同时，文章能够略写开幕式等次要内容(S10)，并使用过渡词句来衔接段落(S03)，使得语句基本通顺完整(E01)。然而，文章在结构和内容深度上存在明显不足。首先，段落之间(S08)及段落内部句子之间(S07)的联系不够紧密，导致前后内容的交代不够清晰(S02)，开头显得平淡(S11)，结尾则过于仓促和简单化(S12)。其次，在内容呈现上，虽然选取了具体事件，但材料不够充分(C02)，对重点部分的详写不足(S09)，尤其欠缺对人物和事件细节的刻画(E11)，这使得文章的思想深刻性和独创性受到限制(C05)。最后，在语言表达层面，词句的运用不够恰当生动(E02)，修辞手法(E05)和表达方式(E06)的综合运用能力较弱，表现手法也较为单一(E07)。"
150436,"文章在整体架构和主旨表达上表现较好，开篇能够有效设置情境，营造出灾难前后的对比(S11)，并且能够围绕中心选择和组织材料(C04)。文章的结构较为清晰，内容的前后衔接交代得比较清楚(S02)，段落之间也形成了紧密的逻辑关系(S08)，并通过恰当的过渡使得文脉流畅(S03)。各段落基本能够服务于舍己救人的主旨(S06)，同时作者能够从教师的牺牲和学校的演习等多个角度来思考主题，体现了一定的思辨能力(C06)。在表达上，综合运用了叙述和议论等多种表达方式(E06)，并借助比喻等修辞手法和表现手法来增强文章的感染力(E05)(E07)，语句也基本通顺完整(E01)。然而，文章在内容的深度和细节的刻画上存在不足。所选取的汶川地震教师救人的材料虽然具体，但挖掘不够深入，缺乏更多个性化的细节支撑，使得材料略显单薄(C02)，这也影响了文章思想的深刻性和原创性(C05)。在叙事过程中，对人物事件的细节关注不足(E11)，观察的层次感和主次顺序也有待加强(E12)，导致重点部分描写不够突出(S09)，而过渡性材料的处理也还可以更简洁(S10)。此外，段落内部的凝聚力有待提升，个别句子与段落中心句的联系不够紧密，例如第三段从地震精神到学校演习的转折略显生硬(S07)。结尾部分虽然呼应了主旨，但收束略显仓促，可以更有力(S12)。语言方面，词句的运用虽然基本恰当，但在生动性和优美性上还有提升空间(E02)。"
150437,"文章选取了车展走失这一具体的生活素材作为写作内容(C02)，但在围绕中心组织材料方面略显松散，前半部分对车展环境和看宣传片的铺垫过多，未能迅速切入“温暖”这一核心主题(C04)。思想内容较为常规，结尾的情感升华略显生硬，缺乏独特的思考(C05)。不过，作者能从环境氛围、内心焦急以及路人反应等多个角度来表现主题，特别是设置了冷漠路人与热心男子的对比，体现了一定的思考广度(C06)。在结构上，文章能够交代清楚事件的前因后果(S02)，段落之间使用了基本的时间词进行过渡，粘合度尚可(S03)。各段落内容基本能服务于主旨，段落间关系较为紧密(S06)(S08)。但在句段关联上，部分句子逻辑不够严密，如第一段对声音的描写较为混乱(S07)。详略安排方面，重点部分即“受助过程”描写不够细腻，反而是走失前的铺垫占比较大，详写重点能力有待加强(S09)，过渡性材料处理相对得当(S10)。开头部分入题较慢，语言表达稍显啰嗦(S11)；结尾虽然总结了全文，但语言较为平淡，缺乏力量感(S12)。语言表达是本文的薄弱环节。语句通顺度一般，存在多处语病和口语化表达，如“声非大”、“年轻的中年男子”等矛盾或不规范表述(E01)。词句运用不够恰当生动，部分成语使用不合语境，如“不管三七二一”(E02)。值得肯定的是，文中综合运用了比喻、夸张、排比等修辞手法，增强了画面的生动性(E05)，同时也运用了对比等表现手法来突出中心(E07)。在表达方式上，主要依靠叙述，稍微结合了心理描写(E06)。此外，作者关注到了人物心理变化和事件细节(E11)，并能按照事情发展的顺序有条理地进行观察和叙述(E12)。"
150438,"文章选取了上课忘带笔袋、同学及时借笔这一具体的生活事例，素材来源于真实生活，较为充实(C02)。但在材料的组织上，文章未能很好地围绕“善”这一中心进行剪裁(C04)，开头部分关于迟到、打车、赶路的叙述过于冗长，属于过渡性材料未能做到有效略写(S10)，而核心事件“借笔”的过程以及同学“善”的具体表现却一笔带过，未能对文章重点部分进行详写(S09)。在结构上，开篇逻辑关系较为混乱，关联词使用堆砌，导致入题较慢(S11)，且未能清晰交代前后内容的因果逻辑，如为何回家拿卡导致忘带作业和笔袋的过程表述不清(S02)。段落之间虽有一定联系(S08)，但部分段落内容与主旨关联不够紧密(S06)，句与句之间的衔接也较为松散(S07)。结尾试图升华主题，但成语“入木三分”使用不当，不够简洁利落(S12)。语言方面，整体语句尚算通顺(E01)，但词句缺乏生动优美感(E02)，表达方式较为单一(E06)。虽然尝试使用了比喻等修辞手法(E05)，但部分描写如“缅甸的红宝石”显得突兀。对于人物和事件的细节关注主要集中在自身狼狈的状态，缺乏对“救星”形象的深入刻画(E11)，观察的主次顺序也有待调整(E12)。立意方面较为常规，未能体现出独特的思想深度(C05)，思考角度也较为单一(C06)。"
150439,"文章能够围绕运动会中的“双人软排接力”这一中心事件来组织材料(C04)，并且能从赛前准备、个人参赛过程和赛后感悟等多个角度进行思考和表现(C06)。叙事过程中对事件和人物的观察细致入微(E11)，能按照清晰的顺序主次分明地呈现出来(E12)，例如对赛前紧张心理和与队友沟通协调的描写，都体现了较强的观察力。在文章结构方面，段落与主旨的关联紧密(S06)，段落内部的句子也能围绕中心句展开(S07)，使得前后内容的交代比较清楚(S02)，整体语句通顺完整(E01)。不足之处在于，虽然选取了具体的比赛作为材料，但在表现力上略显不足，材料的充分性有待加强(C02)，特别是对比赛核心环节的详写不够突出(S09)，这在一定程度上影响了文章思想的独特性与深刻性(C05)。此外，文章的开头较为平实，可以设计得更具吸引力(S11)，在语言表达上，词语的运用虽然基本恰当，但生动优美程度不足(E02)，综合表达方式的运用也较为单一，以记叙为主(E06)。"
150440,"文章选取了体育节运软排项目中同学受伤的具体事例，材料具体充分，具有一定的现场感(C02)。作者试图从旁观者的视角观察并结合心理活动进行叙述，体现了多角度思考主题并选用材料的意识(C06)。但在围绕中心组织材料方面略显松散，虽然题目提及“无私贡献”，文中主要描写的是受伤后的哭泣与被带回，对如何为了班级利益“坚持”的刻画不够聚焦(C04)，立意较为常见，缺乏深刻的独创性(C05)。在结构上，文章基本交代清楚了事情的起因、经过和结果(S02)，能够按顺序观察事件发展(E12)，并对过渡性材料进行了略写(S10)。开头交代背景尚属恰当(S11)，段落间关系基本紧密(S08)，过渡词句的使用中规中矩(S03)。然而，各段落与主旨的联系不够紧密，第一段铺垫的奖励机制在后文中呼应不足(S06)，句子与段落中心的联系也略显松散(S07)。对于重点部分虽有详写意图，但侧重点稍偏，未能淋漓尽致地展现“坚持”的细节(S09)，结尾的升华显得有些仓促且口语化，不够简洁利落(S12)。语言表达方面，语句基本通顺，意思完整(E01)，词句运用尚可(E02)，尝试使用了心理描写等表现手法(E07)。但在细节描写上还不够深入，对人物神态动作的刻画略显单薄(E11)。修辞手法运用较少(E05)，表达方式的综合运用也较为单一(E06)。"
150441,"作文选材围绕运动会中同学带伤坚持比赛的事例展开，材料本身具体且具有生活气息(C02)，但在围绕中心组织材料方面存在明显的逻辑断层(C04)。文章开头将“最疼的痛”定义为“不理解”，而正文叙述的却是关于集体荣誉与顽强拼搏的故事，两者未能形成有机统一，导致立意不够清晰深刻(C05)，未能有效地多角度呈现主题(C06)。在结构安排上，开头提出了论点但未统摄全文(S11)，结尾虽有升华但未能呼应开篇关于“痛”的思考(S12)。前后内容的衔接较为突兀(S02)，缺乏有效的过渡词句来粘合段落(S03)，导致段落与主旨的联系不够紧密(S06)，段与段之间的逻辑关系显得松散(S08)。段落内部，句意之间的衔接稍显跳跃，未能紧紧围绕段意展开(S07)。详略处理方面，对比赛背景的交代略显繁琐(S10)，而对核心事件“小杜受伤坚持”的描写虽有涉及，但挖掘不够深入(S09)。语言表达上，全文语句基本通顺(E01)，能够按照一定的顺序观察和叙述事件(E12)。但在词句的生动优美方面还有提升空间(E02)，对人物神态和动作的细节描写不够细腻(E11)。修辞手法(E05)、表达方式(E06)及表现手法(E07)运用较为单一，未能充分增强文章的感染力。"
150442,"学生作文《难忘的体育节》整体得分为9.0分，表现优秀。文章选取了体育节中滑板比赛的具体场景以及班长王池珊带伤坚持比赛的事例，材料具体充分(C02)，有效地围绕“难忘”和“团结拼搏”的中心进行组织(C04)。作者通过对滑板比赛紧张气氛的描写和班长带伤参赛的特写，展现了独特的视角，思想较为深刻(C05)。同时，文章从集体努力和个人表现两个角度思考主题，选材合适，体现了多角度思考的能力(C06)。在结构与条理性方面，文章开头引出体育节和班长，中间叙述比赛过程，结尾点明原因并升华主题，前后内容交代清楚(S02)。段落之间使用了自然的过渡语句，起到了粘合作用(S03)。各段落内容均紧扣主旨(S06)，段落内部句子之间逻辑关系较为紧密(S07)，段与段之间层层递进，关系紧密(S08)。文章重点描写了滑板比赛的过程和班长的表现，做到了详写重点(S09)，对其他项目则一笔带过，略写得当(S10)。开头直入主题(S11)，结尾总结全文并升华精神，简洁利落(S12)。在语言表达与描写方面，全篇语句通顺，意思完整(E01)。词句运用较为恰当，烘托了气氛(E02)。修辞手法使用相对较少，得分较低(E05)。文章综合运用了叙述、描写和议论的表达方式(E06)，表现手法上结合了侧面与正面描写(E07)。细节描写上，关注了班长的神态动作，刻画生动(E11)。观察有主次、有顺序，叙事条理清晰(E12)。"
150443,"文章选取了双人夹球、拉轮胎以及最后一项接力赛作为素材，内容具体，基本能够支撑起“特殊的运动会”这一架构(C02)。全篇围绕“团结”这一中心进行选材和组织，虽然中间部分对“团结”的演绎略显宽泛，但整体指向性明确(C04)。作者尝试从免作业的承诺、比赛过程的波折以及同学带伤坚持等多个角度来表现主题，体现了一定的思考广度(C06)，但在思想深刻性上，对“团结”的感悟停留在“大公无私”的层面，略显单薄(C05)。在结构上，文章能够交代清楚运动会的起因、经过和结果，叙事完整(S02)。段落之间使用了如“比赛开始了”、“能不能免作业就靠它了”等过渡句，起到了一定的粘合作用(S03)。文章按照比赛的时间顺序进行观察和叙述，条理较为清晰(E12)。但在详略安排上，重点部分即决胜局的描写虽然篇幅较长，但对“如何体现团结”的细节挖掘不足，详写不够到位(S09)，而前两项比赛作为过渡性材料，略写处理尚可(S10)。此外，第四段未明确交代比赛项目名称，导致句子与段落中心的联系显得突兀，紧密度欠佳(S07)，段落与主旨的粘连度也仅处于中等水平(S06)，段际关系有待进一步加强(S08)。开头采用常规的回忆式引入，较为平淡(S11)，结尾虽能总结全文，但简洁利落程度一般(S12)。语言表达方面，语句基本通顺，意思完整，但存在“汗流夹背”等错别字及部分语病(E01)。文中运用了比喻等修辞手法（如“像一个巨形大烤炉”、“像一匹饥饿的狼”），有一定的表现力(E05)，也能综合运用记叙和议论的表达方式(E06)。但在词句的生动优美程度上还有提升空间(E02)。作者关注到了杜知微受伤时的神态和动作细节，描写较为具体(E11)，并运用了一定的表现手法来增强文章感染力(E07)。"
150444,"文章选取了体育节中夹球跑、拖轮胎、滑滑板三个具体项目作为素材，材料充实(C02)，且能够紧紧围绕由“争取免作业”到“感悟真正团结”这一中心进行组织(C04)。作者不仅关注比赛结果，更能从同学受伤坚持比赛及赛后同学间的关怀等多角度思考，挖掘出比金牌更重要的友谊与感动，体现了一定的思想深度(C05)(C06)。在结构上，文章按时间顺序推进，前后内容交代清晰(S02)，利用“第一个项目”、“第二个项目”等过渡词句有效地粘合了相邻段落(S03)。各段落内容均紧扣体育节这一主线，与主旨联系紧密(S06)，句段间的逻辑关系也较为连贯(S07)，整体段落间关系紧凑(S08)。详略安排上，作者重点描写了滑板比赛中的意外插曲，突出了文章重点(S09)，而对前两个项目进行了相对略写，但在过渡性材料的处理上略显生硬(S10)。文章开头交代背景平实自然(S11)，结尾能够卒章显志，简洁利落地升华了主题(S12)。语言表达方面，全篇语句通顺流畅，意思完整(E01)，词句运用基本恰当，如“振奋人心”、“毫无悬念”等(E02)。但在修辞手法的运用上较为匮乏，仅见少量简单的比喻(E05)，表达方式也以平铺直叙为主，缺乏变化(E06)，表现手法相对单一(E07)。不过，作者在叙事中关注到了人物动作和心理活动的细节(E11)，并且能够非常有条理、有主次有顺序地观察和记录事件全过程，叙事逻辑极佳(E12)。"
150501,"这篇作文《一个帅气的男孩》聚焦于人物外貌描写，选取了“蘑菇头”、“龙图腾T恤”等具体且富有生活气息的材料，能够支撑起人物形象的构建(C02)。文章整体能够围绕“帅气”和“有特点”这一中心进行材料的组织(C04)，但在立意上较为常规，缺乏独特的思想深度或原创性视角(C05)。作者尝试从发型、五官、神态、衣着等多个角度来表现人物特点，选材较为合适(C06)。在结构方面，文章前后内容的交代基本清楚(S02)，能够使用如“说起……”、“尤其是……”等过渡词句来连接不同的描写对象(S03)。但在段落与主旨的紧密联系上略显松散(S06)，句子与段落中心的逻辑粘连度一般(S07)，段落间的内在逻辑联系也显得不够紧密(S08)。对于发型动态和衣着特征等重点部分进行了较为详细的描写(S09)，但对于非重点的过渡材料处理得不够精简(S10)。开头直接引入描写对象，较为恰当(S11)，但结尾收束显得仓促，仅以一个比喻句结束，不够简洁利落(S12)。语言表达上，语句通顺，意思表达完整(E01)。词句运用颇为生动优美，如“满面春风”、“别具一格”等成语的使用，以及对头发动态的生动描绘，都增强了文章的感染力(E02)。文中运用了比喻（如将头发比作伞）、对比（黑T恤与白图腾）等修辞手法(E05)，但在表达方式的综合运用上略显单一，主要以描写为主(E06)。表现手法上，能够结合动静描写来刻画人物(E07)。值得肯定的是，作者非常关注人物细节，如眼镜后闪亮的眼睛、T恤上的图腾等(E11)，并且观察具有一定的顺序性，从头部的发型、五官到身体的衣着、鞋子，层次分明(E12)。"
150503,"文章选取了卖糖葫芦老奶奶这一具体形象，材料充实且具有生活气息(C02)，所有描写均能围绕“温暖”与“乐观”这一中心进行组织，指向性明确(C04)。虽然立意在独特性上略显平实(C05)，但能从环境氛围、听觉声音及视觉外貌等多角度切入思考并选用材料(C06)。结构安排上，重点突出了老奶奶的面部细节与神态描写，详写得当(S09)，环境背景作为过渡性材料略写处理(S10)。开头以环境描写自然引入(S11)，结尾简洁收束(S12)，段落内容紧扣主旨(S06)，并运用了过渡词句粘合上下文(S03)，但在前后内容的交代清楚程度(S02)及句段间的逻辑紧密度(S07)(S08)上仍有打磨空间。语言方面表现出色，语句通顺流畅(E01)，词句生动优美，具有感染力(E02)；文中综合使用了比喻等多种修辞手法，如将皱纹比作网、身姿比作芦苇，形象生动(E05)，同时也体现了衬托等表现手法的运用(E07)。作者对人物面部及衣着细节关注细致(E11)，观察有主次、有顺序(E12)，若能综合使用更多样的表达方式(E06)，文章表现力将更强。"
150504,"文章在选材上表现出色，能够选取人物外貌、特长等具体充分的材料(C02)，特别是对人物衣着进行了极度详尽的描写，突出了文章的重点部分(S09)，显示出作者对人物细节的高度关注(E11)。叙述过程中，能够遵循从头到脚、由外及里的顺序进行观察(E12)，每一句话都紧密围绕段落中心展开(S07)，并能对非重点的过渡材料进行略写(S10)，材料的选择和组织基本围绕文章中心(C04)。然而，文章在思想深度上较为欠缺，缺乏独特性和原创性(C05)，多角度思考和选材的能力表现平平(C06)。在结构布局方面，开头较为平淡(S11)，结尾简洁但略显单薄(S12)，段落与段落之间的逻辑关系不够紧密(S08)，缺乏必要的过渡词句来粘合上下文(S03)，导致前后内容的交代不够清晰连贯(S02)，各段落与主旨的联系也显得不够紧密(S06)。语言表达上，语句通顺且意思完整(E01)，用词恰当生动(E02)，能够综合使用多种修辞手法(E05)、表达方式(E06)以及表现手法(E07)来增强文章的表现力。"
150506,"文章在材料选取上做得比较出色，能够选取具体且充分的材料来刻画人物形象(C02)，并且展现了细致的观察力，能够关注到人物和事件的细节(E11)，并按照一定的顺序有主次地进行观察和描写(E12)。在内容组织上，材料的选择与组织能够围绕文章的中心展开(C04)，也能从多个角度选用合适的材料来表现主题(C06)，使得段落与主旨、句子与段落中心句的联系都较为紧密(S06，S07)，对文章的重点部分也做到了详写(S09)。语言表达生动，词句选用较为恰当优美(E02)。然而，文章在篇章结构上存在明显的不足，全文只有一段，这导致段与段之间的关系无从体现(S08)，更严重的是文章没有结尾，无法形成一个简洁利落的收束(S12)，同时开头也显得较为普通(S11)。在思想深度方面，文章停留在肖像描写的层面，未能结合标题中的“神秘”进行更深入的挖掘，因此在思想的独特性与原创性上表现不足(C05)。此外，在一些技术性细节上仍有进步空间，例如个别语句的通顺度需要进一步打磨(E01)，前后内容的交代可以更清晰(S02)，过渡词句的使用(S03)、修辞手法(E05)、表达方式(E06)以及表现手法(E07)的综合运用也需加强。"
150507,"文章选取了眼睛、眉毛、神态反应、衣着打扮等非常具体且充分的材料来刻画班老师的形象(C02)，并尝试从静态外貌和动态神情等多个角度来表现主题(C06)。在语言表达上，语句通顺流畅(E01)，能够运用比喻、拟人等修辞手法(E05)，词句描写较为生动优美，如对眼神和眉毛的刻画(E02)，且综合使用了多种表达方式(E06)。对于文章的重点部分，即老师的外貌特征，进行了较为详细的描写(S09)，体现了一定的细节关注(E11)。开头直接切入外貌描写(S11)，结尾简洁地点明了人物身份(S12)。然而，文章在结构组织上存在明显不足，未能很好地围绕中心对材料进行更有序的组织(C04)，尤其是段落划分不清，段与段之间的关系不够紧密(S08)，各段落与主旨的联系有待加强(S06)。在叙述过程中，句子之间的衔接不够紧密(S07)，缺乏有效的过渡词句来粘合内容(S03)，导致前后内容的交代略显生硬(S02)。此外，观察顺序略显混乱，未能体现出有主次、有顺序的观察逻辑(E12)，对于过渡性材料的处理也较为粗糙(S10)。整体上，文章虽然缺乏深刻独特的思想(C05)和多样的表现手法(E07)，但基本完成了一次具体的人物画像。"
150508,"文章在材料选取与细节刻画方面表现突出，能够有主次有顺序地观察人物，从头发、脸颊、眼睛、牙齿写到腿脚，条理清晰(E12)，并为表现奶奶年迈的形象选取了具体且充分的材料(C02)。你对人物细节的捕捉是准确的(E11)，尤其体现在对奶奶取下假牙后面部变化的描写上，这部分作为重点内容得到了详写(S09)，所用词句也较为恰当生动(E02)，并综合运用了对比等表现手法(E07)。从篇章结构来看，所有材料都能围绕中心展开(C04)，使得段落主旨十分明确(S06)，内容之间的交代也比较清楚(S02)，过渡较为自然(S03)。然而，文章在思想的独创性与深刻性上存在不足(C05)，对主题的思考角度较为单一，未能跳出对外貌的纯粹描摹(C06)。同时，文章的开头与结尾处理略显平淡(S11)，结尾虽简洁但余味不足(S12)。部分句子与段落中心句的联系还可以更加紧密(S07)，以提升段落内部的逻辑性。"
150510,"在选材与立意方面，文章选取了表妹的外貌、穿着、性格变化及动作习惯等多方面素材，内容具体且充实(C02)，并能从多个角度来表现表妹“可爱、神气”的形象(C06)，材料组织基本能围绕这一中心展开(C04)。不过，题材选择上略显常规，主要停留在对人物表象的罗列，思想深度和独创性尚有提升空间(C05)。在结构布局上，叙述条理较为清晰，前后内容交代明白(S02)，句子间也能运用一定的过渡词语进行衔接(S03)。但文章在段落划分上较为薄弱，段与段之间的逻辑紧密度不够(S08)，各部分内容与主旨的粘合度及句段间的紧密性表现一般(S06，S07)。详略安排上，未能突出描写某一具体事例作为重点(S09)，过渡性材料的处理也较为生硬(S10)。开头直接入题，结尾总结全文，虽完整但略显平淡(S11，S12)。在语言表达与观察视角上，这是本文的亮点。作者观察细致，捕捉到了人物的大量细节，如眼神、马尾辫的摆动等(E11)，且观察顺序井然有序(E12)。语句通顺流畅(E01)，词汇运用恰当且生动优美(E02)，综合运用了比喻、引用等修辞手法(E05)以及描写、叙述等多种表达方式(E06)，使得人物形象活灵活现。表现手法上虽以白描为主，但已初具多样性意识(E07)。"
150511,"本文在材料选取与运用上表现突出，能够选择具体且充分的材料来刻画人物(C02)，并且所有材料都能紧密围绕中心展开(C04)，作者还能够从外貌、气味、家族特征等多个角度来表现，思考较为全面(C06)。语言表达上，能综合运用比喻等修辞手法，使描写生动形象(E05)，词语的运用也较为恰当(E02)。然而，文章的结构组织是主要的失分点，全文虽为一段，但内部逻辑的衔接不够紧密，例如在描述鼻子时插入的家族遗传部分与下文的嘴唇描述之间缺乏自然的过渡，未能清晰交代前后内容(S02)，这导致段落内部各部分关系松散(S08)，与主旨的联系不够紧密(S06)。同时，个别语句表达不够流畅，影响了文意的顺畅表达(E01)。最后，在思想内容上，文章的描写较为常规，缺乏更具独创性的思考或深刻的感悟(C05)。"
150512,"文章在选材方面表现优异，能够选取具体且充分的材料来塑造人物形象(C02)，特别是对朋友的外貌、衣着及舞蹈动作的刻画非常详尽，体现了对人物细节的高度关注(E11)。作者能够紧紧围绕“我的朋友”这一中心选择和组织材料(C04)，并尝试从日常装束、性格特征及舞台形象等多角度思考并选用材料(C06)。在叙述过程中，能够做到有主次、有顺序地观察(E12)，对重点的外貌描写进行了详写(S09)，而对过渡性材料进行了恰当的略写(S10)。在结构布局上，文章开头交代了朋友身份，切入恰当(S11)，但在行文逻辑的严密性上略显不足。虽然各句话与段落中心句能保持一定联系(S07)，但各段落（或层次）与主旨的紧密程度一般(S06)，段与段之间的逻辑关系显得不够紧密(S08)。文中缺乏足够的过渡词句来粘合相邻段落或层次(S03)，导致前后内容的交代在某些地方显得不够清楚连贯(S02)。结尾部分虽然总结了全文，但略显仓促简单(S12)。在语言表达层面，整篇文章语句通顺，意思表达完整(E01)，能够综合使用描写、叙述等多种表达方式(E06)以及比喻等修辞手法(E05)来增强文章的感染力。尽管词句运用基本恰当(E02)，也尝试使用了多种表现手法(E07)，但文章在思想内容的独特性和深刻性方面较为普通(C05)。"
150513,"本文在人物外貌刻画上表现突出，能够有主次有顺序地进行观察(E12)，并围绕中心选取了具体充分的材料来塑造人物形象(C02)，尤其注重对人物和事件细节的捕捉(E11)，能够多角度选用材料来表现主题(C06)。文章综合运用了比喻等多种修辞手法(E05)，对人物描写的重点部分也做到了详写(S09)，语句通顺(E01)，使得人物形象较为鲜明。然而，文章在结构安排与主题深化方面存在明显不足。全文仅为一段，这本身就造成了段落间关系的缺失(S08)，从静态的外貌描写到动态的跑步场景，前后内容的衔接交代得不够清晰(S02)，缺乏必要的过渡(S03)。这种结构问题导致各部分内容与文章主旨的联系不够紧密(S06)，标题中“跑场”与“小仙女”的有趣对比未能深入展开，在一定程度上影响了思想的独特性与深刻性(C05)。同时，虽然句子整体通顺，但在词句的恰当生动性上还有提升空间(E02)。"
150514,"本文在选材与人物刻画上表现突出，能够选取具体且充分的材料来描绘朋友的形象(C02)，所有材料均能围绕中心展开(C04)，并能对人物的眼睛、酒窝等重点部分进行细致入微的详写(S09)，体现了对人物和事件细节的敏锐捕捉力(E11)。文章观察有序，有主有次(E12)，从不同情境下描绘人物神态，显示出作者能从多角度思考主题(C06)，使人物形象生动独特，富有原创性(C05)。语言表达是本文的另一亮点，语句通顺(E01)，词句运用生动优美(E02)，并能综合运用修辞手法、表达方式与表现手法(E05，E06，E07)。然而，文章在篇章结构层面有待提升，开头较为平实(S11)，结尾的处理也不够简洁利落(S12)。尽管内容前后能够交代清楚(S02)，但段落内部以及段落之间的逻辑联系不够紧密(S08)，缺少必要的过渡词句进行有效粘合(S03)，导致各段落和主旨以及各句话和段落中心句的关联度略显松散(S06，S07)。"
150515,"文章能够紧紧围绕“我的朋友叶彤”这一中心，选取了人物的外貌特征和关于帽子的趣事作为素材，选材具体且方向明确(C02)(C04)。但在思想深度上较为常规，未能挖掘出人物独特的精神品质或深刻内涵(C05)，且思考角度主要局限于外在形象和单一事件，缺乏多维度的展现(C06)。从结构上看，开头直入主题，交代了人物姓名，符合常规写法(S11)。在行文过程中，能够对人物外貌这一重点部分进行详细描绘(S09)，对过渡性材料进行了略写处理(S10)。然而，文章内部的逻辑衔接有待加强，部分句子间的联系不够紧密(S07)，缺乏有效的过渡词句来粘合内容(S03)，导致前后内容的交代略显跳跃(S02)。段落与主旨虽然相关(S06)，但整体结构紧密度一般(S08)，结尾仅以感叹收束，显得较为仓促简洁(S12)。在语言和观察方面，展现了较好的观察能力，能够有顺序地对人物从头到脚进行观察(E12)，并捕捉到了“绿毛毛虫鞋”、“绘画痕迹”等生动细节(E11)。语句整体通顺，意思完整(E01)，使用了恰当的词语描绘人物神态(E02)，并运用了比喻等修辞手法增强了语言的感染力(E05)。同时也尝试使用了细节描写等表现手法(E07)，但在表达方式的综合运用上还有提升空间(E06)。"
150516,"文章围绕“火柴”这一人物形象选取了外貌特征和画画的生活片段作为素材，基本做到了围绕中心组织材料(C04)，但在展现题目“嘴硬心软”这一核心性格特征时，选取的具体材料略显单薄，支撑力度尚有欠缺(C02)。在立意上，文章侧重于外貌描摹，对人物内在品质的挖掘深度一般，独特性和原创性有待提升(C05)，且思考角度相对单一，未能充分利用多角度材料来立体化表现主题(C06)。从结构上看，文章开头直接切入外貌描写(S11)，结尾简洁收束(S12)，首尾呼应。段落之间能够运用过渡词句进行粘合(S03)，段际关系较为紧密(S08)，各段落内容也能保持与主旨的连贯性(S06)。但在具体叙述中，前后内容的逻辑交代还可以更加清晰(S02)，部分句子与段落中心的紧密度稍弱(S07)。详略安排上，作者浓墨重彩地详写了外貌细节(S09)，对过渡性材料进行了适当略写(S10)，但事件叙述比例偏少。语言表达与细节描写是本文的突出亮点。作者展现了极强的观察力，能够有主次、有顺序地对人物进行观察(E12)，高度关注人物的面部及手部细节，刻画细致入微(E11)。全文语句通顺流畅，意思完整(E01)，词句运用生动优美(E02)，综合使用了比喻等多种修辞手法(E05)，并结合多种表达方式(E06)和表现手法(E07)，使得人物形象鲜活生动，极具画面感。"
150517,"文章选取了包括体态、五官、衣着和礼貌行为在内的多方面素材来塑造人物，内容较为具体充实(C02)，且所有描写均紧紧围绕“介绍王奕熙同学”这一中心展开，材料组织方向明确(C04)。作者观察细致，能捕捉到“大脑袋”、“瘦身体”、“肌肉”等人物细节(E11)，并且描写顺序清晰，从整体身材到头部五官再到四肢衣着，体现了良好的观察条理性(E12)。在语言表达上，文句通顺流畅，意思完整(E01)，运用了“像小树”、“像个火球儿”等比喻及“炯炯有神”等成语，词句较为生动(E02)。结尾直接点出人物姓名，简洁利落(S12)。然而，文章在构思的独特性上略显不足，标题“小‘梅西’”暗示了足球特长，但正文仅提及肌肉和运动衣，未深入挖掘其足球技艺或拼搏精神，导致标题与内容的呼应不够紧密，思想深度一般(C05)，思考角度也主要局限于外貌，略显单一(C06)。结构上，全文仅一段，缺乏必要的段落划分，导致段落间关系无法体现(S08)，段落与主旨的层次感较弱(S06)，同时也缺乏段落间的过渡词句设计(S03)。虽然对外貌进行了详写(S09)，对礼貌行为进行了略写(S10)，详略意识尚可，但开头较为平铺直叙，吸引力不够(S11)。修辞手法主要依赖比喻，较为单一(E05)，表达方式和表现手法也多为直接描写，缺乏变化(E06)(E07)。此外，句与句之间虽有联系(S07)，但部分转换较为生硬，前后内容的衔接流畅度仍有提升空间(S02)。"
150521,"文章以“小树”为喻巧妙入题，开头形象生动，能迅速吸引读者注意(S11)。在内容上，作者能选取身材、外貌、特长等具体充分的材料(C02)，并紧密围绕人物特点这一中心进行组织(C04)，体现了从外在形态到内在才艺的多角度思考(C06)。尤为突出的是，作者观察人物有主次、有顺序，从整体身形到头部五官再到发型，层次分明(E12)，且极具敏锐度，关注到了“汪汪的大眼睛”、“红红的小嘴巴”等生动细节(E11)。在表达上，全篇语句通顺，意思完整(E01)，词句运用恰当且生动优美，如“火眼金睛”等词语增添了趣味性(E02)。作者能够详写外貌特征这一重点部分(S09)，略写过渡性材料(S10)，使得文章繁简得当。虽然综合使用了比喻等修辞手法(E05)和描写等表达方式(E06)，但表现手法的多样性仍有提升空间(E07)，文章的思想独特性和深刻性也较为一般(C05)。从结构来看，文章能够交代清楚前后内容(S02)，句段间的粘合程度尚可(S03)，各句话与段落中心句紧密相连(S07)。不过，各段落与主旨的紧密联系程度略显松散(S06)，段与段之间的逻辑关系还可以更加紧密(S08)。结尾虽然简洁利落(S12)，但若能进一步升华会更佳。"
150522,"文章能够围绕“强壮”这一中心选择和组织材料(C04)，通过抓杠后空翻这一事例，具体充分地展现了老师的形象(C02)，内容具有一定的独特性(C05)。文章开头能够较好地引出人物(S11)，结尾简洁有力(S12)，叙事线索清晰，能够交代清楚前后内容(S02)。全文语句通顺完整(E01)，在细节刻画方面表现突出，对老师的外形、动作有主次有序的观察和描写(E12)，能够关注到肌肉发力等细节(E11)，使得人物形象具体生动(E02)。然而，文章在内容的深度和结构内部的粘合上存在提升空间。对主题的思考角度略显单一，主要集中于外在的身体强壮(C06)。在段落内部，句与句之间的衔接可以更紧密(S07)，部分地方缺少必要的过渡词句(S03)，影响了段落内部关系的紧密性(S08)。语言表达上，综合运用修辞手法的意识不强(E05)，影响了语言的优美程度。"
150523,"学生选取了头发、皱纹、衣着等具体且充分的外貌特征材料(C02)，紧密围绕姥爷慈祥、爱笑这一中心形象进行组织(C04)。在观察方面，能做到有主次、有顺序地从面部特征描写到衣着配饰(E12)，并且特别关注了如“右手被硌得凸凹不平”这样的人物细节(E11)。语言表达上，语句通顺流畅(E01)，词句生动优美(E02)，综合运用了比喻等修辞手法，如将皱纹比作梯田、手比作山川(E05)，描写方式运用得当(E06)，表现手法丰富(E07)。结构上，能够交代清楚前后内容(S02)，句子间过渡自然(S03)，详写了面部细节这一重点部分(S09)，略写处理也尚可(S10)。开头直接点题(S11)，结尾简洁总结(S12)。不过，文章主要局限于外貌描写，思考角度相对单一(C06)，思想深刻性和独特性一般(C05)。由于文章未分段，各段落与主旨(S06)、各句话与段落中心(S07)以及段落间的关系(S08)体现不够明显。"
150524,"文章围绕班主任这一中心人物，选取了外貌、衣着、外号由来及性格反差等具体材料进行描写，内容充实且紧扣主题(C02)(C04)。作者观察人物有主次、有顺序，从面部特征写到衣着打扮，条理清晰(E12)，并关注了“小酒窝”、“小马尾”等生动细节，使人物形象更具画面感(E11)。开头直接入题描写人物外貌(S11)，结尾简洁点题，首尾呼应(S12)。详略安排上，重点突出了老师的形象特征，过渡性材料处理得当(S09)(S10)。但在结构布局上，段落与句子的衔接不够紧密，缺乏必要的过渡词句来粘合不同层面的描写(S03)，导致前后内容交代略显跳跃(S02)，句群之间的逻辑联系不够严密(S07)(S08)。虽然提出了“斑马”这一独特称呼，但仅停留在表层描写，思想深度和独特性略显不足(C05)。此外，文中虽运用了比喻、夸张等修辞手法(E05)，但部分语句表达（如“气质十分”）仍需推敲完善(E02)。"
150525,"文章选取了关于“小胖”外貌特征和写字姿势的具体材料，如眼睛、嘴巴、头发、肚子以及“一拳一尺一寸”的要求，内容较为充实(C02)。文章试图围绕人物形象组织材料，但前文大量外貌描写与结尾“热爱学习”的中心关联不够紧密，材料组织略显松散(C04)。思想内容主要停留在表象观察，缺乏独特的感悟或深刻的立意(C05)。不过，作者能从外貌特征和学习习惯两个角度来表现人物，体现了多角度思考的意识(C06)。在结构上，前后内容的衔接不够自然，例如从外貌描写跳跃到性格和写字习惯时缺乏铺垫(S02)，且缺乏有效的过渡词句来粘合上下文(S03)。虽然句子和段落基本围绕“小胖”这一主题展开(S06)(S07)，但整体逻辑关系不够紧密(S08)。详略处理上，外貌描写较为详细(S09)，其他方面相对简略(S10)。开头直接入题(S11)，结尾试图升华但略显生硬(S12)。语言方面，部分语句存在语病，如“头发的秀”、“快要到极端”，影响了通顺度(E01)。虽然尝试使用了“绿豆”、“红辣椒”等比喻使词句生动(E02)(E05)，但表达方式和表现手法较为单一(E06)(E07)。值得肯定的是，作者关注到了人物的头发触感、嘴巴颜色等细节(E11)，并能按照从头部到身体再到行为的顺序进行观察(E12)。"
150526,"这篇作文《我的弟弟》以人物外貌描写为主，选取了头发、眉毛、眼睛、嘴巴、脖颈、皮肤等多个具体的部位进行刻画，材料选取非常具体且充分(C02)，并且所有的描写都紧紧围绕“我的弟弟”这一中心展开，没有偏离主题(C04)。作者在观察人物时非常细致，能够捕捉到诸如“细密的小白牙”、“青绳子”般的血管等微小细节(E11)，并且基本遵循了从头到脚的观察顺序，条理较为清晰(E12)。对于外貌这一重点内容进行了详尽的描绘(S09)，而对于非重点的过渡性材料处理得当，没有冗余(S10)。然而，文章在内容的独特性上略显不足，多为常见的外貌描写，缺乏深刻的思想或独特的视角(C05)，思考角度也主要局限于外貌，不够多元(C06)。在结构方面，文章各个部分虽然都紧扣主旨(S06)，但句与句之间的衔接较为生硬，缺乏必要的过渡词句来粘合(S03)，导致句子间的逻辑联系不够紧密(S07)，前后内容的交代也不够清楚(S02)，段落之间的关系也显得不够紧密(S08)。文章开头直接描写外貌，较为平铺直叙(S11)，结尾戛然而止，缺乏总结或收束(S12)。在语言表达上，语句通顺流畅，意思完整(E01)。作者运用了“虎里虎气”、“肉嘟嘟”等生动恰当的词语(E02)，并综合使用了比喻、夸张等修辞手法(E05)，以及描写等表达方式(E06)和表现手法(E07)，使得人物形象鲜活生动。"
150527,"文章在选材与观察方面表现突出，能够选取具体且充分的材料来塑造人物形象(C02)，例如母亲严肃时眉毛成“V”字、笑时两腮像馒头等细节，都展现了有序且有主次的观察能力(E12)，并能对这些重点部分进行详写(S09)。文章材料的选择与组织能够紧密围绕“表情包妈妈”这一中心展开(C04)，并通过外貌、神态、动态等多个角度来表现主题(C06)，对人物事件细节的关注也较为到位(E11)。同时，文章综合运用了比喻等修辞手法与描写等表达方式，使得语言生动(E05，E06)，开头和结尾的写法也较为恰当简洁(S11，S12)。然而，文章的深层构思与篇章结构是主要失分点。首先，文章对主题的挖掘不够深入，停留在有趣的表面现象，因此在思想深刻性与独特性上表现平平(C05)，表现手法的运用也相对单一(E07)。其次，全文在结构组织上问题明显，内容块之间的前后关系交代不清(S02)，几乎没有使用必要的过渡词句进行粘合(S03)，导致段落之间关系松散(S08)，这影响了文章的整体性，尽管单个段落内部的句子与段落中心基本能保持关联(S06，S07)。最后，个别语句的表述尚欠通顺(E01)，部分词语的运用可以更加精准(E02)。"
150528,"这篇作文在选材方面表现出色，能够选取发型、五官、衣着等具体且充分的材料来刻画人物形象(C02)，并且这些材料都紧紧围绕文章描写人物外貌这一中心进行组织(C04)。但在思想深度和原创性上略显不足，立意较为常规(C05)，多角度思考主题的能力也有待提升(C06)。在结构逻辑方面，段落内部的组织非常严密，各部分内容与主旨紧密相连(S06)，每一句话都紧扣段落中心展开(S07)。文章详略得当，对重点部分描写细致(S09)，过渡性材料处理简洁(S10)。然而，文章在前后内容的交代上略显突兀(S02)，段落间的过渡词句使用较少(S03)，段落间的紧密程度一般(S08)。开头和结尾虽然具备，但相对平实，不够出彩(S11)(S12)。在语言表达方面，这篇作文表现极佳。语句通顺流畅，意思完整清晰(E01)，词句运用恰当生动，优美感强(E02)。文中综合使用了比喻等多种修辞手法(E05)，以及描写等多种表达方式(E06)和表现手法(E07)，使得人物形象栩栩如生。此外，作者非常关注人物细节(E11)，并且观察顺序井然有序，主次分明(E12)。"
150530,"文章在语言表达和材料选择上表现不错，语句基本通顺完整(E01)，能够运用一些生动恰当的词句进行描写，例如用“镶着”“搁着”等动词，使表达较为生动(E02)。作者善于观察，能够抓住人物的外貌与穿着特征，选取了具体充分的材料来刻画人物形象(C02)，并能关注到细节(E11)，观察也体现出了一定的顺序性(E12)，同时也能综合运用记叙、描写等表达方式(E06)。从篇章来看，能够交代清楚事情的背景(S02)，也使用了“后来”等过渡性词语(S03)，使得段落主旨与文章中心基本保持了一致(S06)，结尾也较为简洁(S12)，详略处理基本得当(S09)(S10)。然而，文章在结构组织上存在明显不足，全文只有一段，内部逻辑联系不够紧密，影响了段落间的关系(S08)，同时，段落内部的部分语句与其中心意思的关联性不强，例如将“小巧玲珑”与高大身形并列，造成了逻辑上的矛盾，削弱了句与段的联系(S07)。在内容深度与选材方面，虽然材料较为充分，但围绕中心的组织不够优化(C04)，思考角度也较为单一，主要停留在外貌观察上(C06)，这导致文章在思想的深刻性与独创性上表现平平(C05)。在表现手法和修辞运用上，虽然使用了比喻等手法(E05)，但综合表现手法的能力还有待提升(E07)，开头部分也略显平淡(S11)。"
150531,"这篇作文《风趣幽默的刘指挥》通过外貌、动作及台上台下的对比，生动刻画了一位个性鲜明的指挥老师形象。在材料选择与中心表达上，你选取了刘指挥的外貌特征、标志性穿着以及指挥时的神态动作等具体素材，内容充实(C02)。所有材料都紧紧围绕“风趣幽默的刘指挥”这一中心进行组织，无论是“像小金鱼”的滑稽神态，还是台下“孩里孩气”的亲和力，都服务于人物形象的塑造(C04)。虽然文章选材典型，但在立意深度和独创性上较为常规，更多是表层的形象速写(C05)。值得肯定的是，你尝试从“台上严肃疯狂”与“台下活泼可爱”两个角度切入，体现了多角度思考和选材的意识(C06)。在结构布局方面，文章段落内容与主旨联系紧密，始终聚焦于人物特点(S06)，段落内部的描写句也紧紧围绕“表情丰富”等中心句展开(S07)。详略处理得当，重点详写了指挥时精彩纷呈的动作神态(S09)，而对外貌穿着等次要信息则略写带过(S10)。结尾概括了人物的双重性格，简洁利落(S12)。开头直接入题进行外貌描写，虽切题但略显平淡(S11)。主要问题在于段落间的衔接，前后内容的交代略显突兀(S02)，缺乏有效的过渡词句来粘合相邻段落(S03)，导致段与段之间的逻辑联系显得不够紧密(S08)。在语言表达与观察描写上，你的语句通顺流畅，意思完整(E01)，词句运用生动恰当(E02)。最精彩之处在于修辞手法的运用，你综合使用了比喻和排比（“像小金鱼”、“像小熊”、“像豹子”、“像野马”），将指挥动作写得活灵活现，极富画面感(E05)。同时，你善于关注人物细节，如“嘟着嘴”、“眼神杀人”等描写非常传神(E11)，并且观察有主次、有顺序，从外貌到动作，从台上到台下，层次分明(E12)。此外，你也综合运用了描写、记叙和抒情等表达方式(E06)，虽然表现手法相对常规(E07)，但整体表达效果良好。"
150534,"文章在材料选取和语言表达上展现了较好的基本功，能够围绕“没有架子”的中心来选择外貌描写和“卖萌”的具体事例进行组织(C04)，选取的材料也较为具体充分(C02)，并通过多角度的刻画呈现了一个较为立体的学霸形象(C06)。语言层面，语句通顺完整(E01)，能够综合运用比喻等修辞手法来增强描写的生动性(E05)，对人物的动作神态有较为细致的观察与呈现(E11)。然而，文章的结构组织是主要的失分点，从静态的外貌罗列到动态的事件回忆，前后内容的衔接显得较为生硬突兀(S02)，这与过渡词句的运用不够纯熟有直接关系(S03)。同时，开篇对学霸近乎完美的肖像描写与主旨“没有架子”的关联性不够紧密，甚至在一定程度上塑造了距离感，削弱了段落与主旨的联系(S06)，导致段落内部不同部分的关系也显得松散(S08)。尽管重点部分有一定细节(S09)，但表达方式略显单一，以描写为主(E06)，思想的独创性与深刻性也有待提升(C05)。"
150535,"这篇作文在选材方面表现出色，能够选取具体且充分的外貌特征作为材料，如头发、眉眼、耳朵等(C02)，并且紧紧围绕描写父亲外貌这一中心来组织这些材料(C04)。作者展现了极佳的观察力，能够有主次、有顺序地对人物进行描摹(E12)，特别是在人物细节的刻画上非常到位，如“鬓角的白丝”、“像艺术品般的耳朵”(E11)。在语言表达上，整篇文章语句通顺流畅，意思完整(E01)，使用的词句恰当且生动优美，如“炯炯有神”、“白里透红”等(E02)。文章能够详写描写外貌这一重点部分(S09)，句子与中心联系较为紧密(S07)。不过，文章在开头(S11)和结尾(S12)的处理上较为常规简单。在结构方面，由于篇幅较短，关于交代前后内容(S02)、段落过渡(S03)、段落与主旨关联(S06)以及段落间紧密关系(S08)的表现相对平淡，略写过渡性材料的能力也属中等(S10)。此外，文章在思想的独特性和深刻性(C05)、多角度思考(C06)以及综合运用多种修辞(E05)、表达方式(E06)和表现手法(E07)方面还有提升空间。"
150536,"文章选取了丰富且具体的材料，涵盖了老师的外貌、衣着、处事风格及个人爱好等多个层面(C02)，显示出学生能多角度思考主题并选用合适的材料来表现人物形象(C06)。在描写过程中，能够有主次、有顺序地进行观察(E12)，特别是对老师的外貌特征和特长爱好等重点部分进行了详写(S09)，捕捉到了“跑马拉松”、“软笔书法”等具有独特性和原创性的细节(C05)。语言方面，词句恰当生动，如“温文儒雅”、“学文的仙女”等用词优美(E02)，并综合使用了比喻等修辞手法，使人物形象更加鲜活(E05)。开头切题恰当(S11)，行文中能够交代清楚前后内容(S02)，并尝试利用过渡词句粘合相邻部分(S03)。然而，文章在结构逻辑上存在不足，各句话和段落中心句的联系不够紧密(S07)，各段落与主旨的关联性显得松散(S06)，段与段之间的逻辑关系也较为薄弱(S08)。围绕中心选择和组织材料的能力尚需提升，部分材料堆砌感较强(C04)。结尾较为仓促，缺乏简洁利落的总结升华(S12)。此外，表达方式较为单一，多为静态描写，缺乏多种表达方式的综合运用(E06)，表现手法也相对常规(E07)。"
150537,"文章在选材与细节刻画上展现了作者不错的观察能力，能够选取具体事例来塑造人物形象(C02)，尤其体现在对外貌的描写上，做到了有主次有顺序地观察(E12)，并能关注到龟裂的手、下垂的眼皮等人物细节(E11)，对重点部分进行了较为详尽的描写，同时对次要信息处理得比较简洁(S09)(S10)。然而，文章在思想深度与结构组织上存在不足。尽管能够围绕中心选择材料(C04)并从多角度展开(C06)，但文章立意较为平实，未能挖掘出更具独特性和深刻性的思想内涵(C05)。从结构上看，文章内部的逻辑衔接是主要弱点，内容之间的转换交代不清(S02)，缺少必要的过渡词句(S03)，导致不同描写部分的关系不够紧密(S08)，虽然单个句子与段落中心基本关联(S07)，但整体的连贯性受到了影响。此外，文章的开头和结尾都比较平淡(S11)(S12)。语言表达方面，语句基本通顺完整(E01)，但词语的运用不够恰当生动(E02)，表达方式(E06)和表现手法(E07)也较为单一，缺少修辞手法的有效运用(E05)，使得文章的文学色彩不浓。"
150538,"文章在观察的细致性与顺序性上表现不错，能够由上至下地罗列法师的衣着与外貌特征(E12)，并关注到了刻纹、镀金等具体细节(E11)。所选取的材料也基本能够服务于塑造“帅气法师”这一中心形象(C04)，内容较为具体(C02)。然而，文章对主题的思考角度单一，仅停留在外貌的静态描摹上，未能从更多维度展开(C06)，这使得人物形象显得类型化，缺乏独特的思想内涵(C05)。结构方面的问题较为突出，全文由一系列描述性句子堆砌而成，句子之间虽然都与段落中心相关(S07)，但前后内容的逻辑勾连不够清晰(S02)，缺少必要的过渡词句(S03)，导致段落内部乃至全文的关系不够紧密(S08)。文章在详略处理上也存在不足，所有细节平均用力，未能突出重点进行详写(S09)，也未对次要信息进行略写(S10)。此外，开头和结尾的设计都显得较为平淡和仓促(S11)(S12)。语言表达是本文的亮点，语句基本通顺完整，表达清晰(E01)，能够使用一些具体的修饰词语和比喻等修辞手法来增强描写的生动性(E02)(E05)。但在表达方式和表现手法的综合运用上还显单一(E06)，基本停留在静态描写，缺乏其他手法的辅助(E07)。"
150539,"文章选取了人物外貌特征和体育课跑步的具体场景，材料较为充实(C02)，且紧紧围绕“充满活力”的中队长这一中心进行组织(C04)。虽然尝试表现人物的多个侧面，但主要集中在体育和性格上，思考角度尚可(C06)，内容的原创性和深刻度中规中矩(C05)。在结构上，开头直接描写外貌引入人物，切入恰当(S11)，但结尾仅停留在跑步场景的叙述，显得匆忙，缺乏简洁利落的总结(S12)。前后内容交代基本清楚(S02)，但段落之间缺乏必要的过渡词句(S03)，导致段落与主旨的联系不够紧密(S06)，段与段之间的逻辑关系也显得松散(S08)。此外，部分句子的衔接不够紧凑，标点使用影响了语意连贯(S07)。不过，文章能够详写跑步这一重点部分(S09)，略写背景介绍(S10)，详略安排得当。在表达上，作者能够有顺序地观察人物外貌(E12)，并关注到人物动作的细节(E11)。语句整体通顺(E01)，综合使用了叙述和描写的方式(E06)。虽然运用了比喻等修辞手法(E05)和常规的表现手法(E07)，但词句的生动优美程度一般(E02)。"
150540,"文章能够确立“可爱的学霸”这一明确的中心，并通过外貌描写来展开。作者能选取人物外貌、穿着等具体材料来表现人物“可爱”的一面(C02)，体现出对人物细节的关注(E11)。然而，文章在选材与中心思想的匹配度上存在不足，即所选材料过多地集中于“可爱”而忽略了对“学霸”属性的支撑，导致材料组织未能最优地服务于中心论点(C04)，这也使得文章在思想的独创性与深刻性上表现平平(C05)，虽尝试从多个角度刻画人物，但各角度的笔墨分配不均(C06)。结构上，文章的开篇能够有效引出话题(S11)，但内容之间缺乏清晰的逻辑联系，未能有效交代外貌的可爱与学霸身份之间的内在关联(S02)，导致段落主旨与文章核心主旨的连接不够紧密(S06)。详略安排失当，对次要的外貌信息进行了过度铺陈，而对关键的“学霸”事迹却一笔带过，未能详写重点部分(S09)，也未能恰当地略写辅助性材料(S10)。段落内部的句子之间缺少必要的过渡词句，衔接略显生硬(S03)。语言表达方面，基本语句通顺完整(E01)，但词语运用较为单调，尤其是“可爱”一词的反复使用显得词汇贫乏(E02)。表达方式以描写为主，手法较为单一(E06)，修辞手法的运用尚有提升空间(E05)。"
150541,"文章聚焦于人物“刘津恺”，选取了初识时的具体样貌作为主要材料，内容较为充实(C02)，并能对人物外貌这一重点部分进行详尽描写(S09)，同时略写了相识背景等过渡性材料(S10)。作者展现了较好的观察顺序，从整体身形到衣着再到五官细节，层次分明(E12)，且能从外貌、心理感受、气质等多个角度来表现人物(C06)，这种独特的描写视角体现了一定的原创性(C05)。然而，文章在材料组织上略显松散，部分外貌特征的堆砌感较强(C04)。结构方面，全文未分段，导致段落间的过渡(S03)、各段与主旨的联系(S06)以及段落间的紧密关系(S08)缺失，句与句之间的逻辑衔接也不够紧密(S07)，前后内容的交代略显跳跃(S02)。开头直陈其事(S11)，但结尾停留在描写上，缺乏必要的总结，不够简洁利落(S12)。语言上，语句通顺意思完整(E01)，使用了部分生动的词汇(E02)，但修辞手法(E05)、表达方式(E06)及表现手法(E07)运用较为单一。虽然关注了人物细节(E11)，但部分形容词的适用对象需进一步斟酌。"
150542,"文章在材料选择与观察方面表现突出，能围绕中心选取具体且充分的材料来刻画父亲形象(C02)，如对外貌、衣着、神态的描摹均服务于“我的爸爸”这一核心(C04)，且能从多个角度展开，兼顾了外在与内在(C06)。观察细致有序，能有主次地进行描绘(E12)，对眼镜镜片厚度、头发变少等细节的捕捉，展现了较好的观察力(E11)，并能从中生发出“心疼”的独特感受，使文章具备了一定的思想性(C05)。文章开头简洁明确(S11)，材料组织上也能做到对过渡性内容的简略处理(S10)。然而，全文不分段是结构上的主要问题，这直接导致段落与主旨、段落间的逻辑关系无法体现(S06，S08)，内容转换时也因此显得不够清晰(S02)，同时缺少必要的过渡词句进行衔接(S03)。在表达上，尽管语句基本通顺(E01)，但表达方式较为单一，基本停留在肖像描写的层面，缺少叙事等方式的综合运用(E06)，导致对重点部分的深入刻画不足(S09)。语言的生动性和文采有待提升(E02)，修辞(E05)与表现手法(E07)的运用尚不丰富。结尾部分总结略显平淡仓促，未能有效深化主旨(S12)。虽然整体围绕中心，但单一段落内的句间联系还可以更加紧密(S07)。"
150543,"文章选取了十分丰富且具体的材料来刻画人物形象，涵盖了从五官特征到服饰装扮的多个方面(C02)，并且特别关注到了诸如裙边花边、脖子上的小金猫等细微之处，细节描写相当充实(E11)。在描写过程中，能够按照从面部到身体、从上到下的顺序进行有条理的观察与叙述(E12)。语句整体通顺流畅，意思表达完整(E01)，文中运用了比喻的修辞手法，如将眼睛比作钻石、雪地比作白毯，增强了画面的生动感(E05)。虽然能够围绕“可爱”和“爱打扮”的中心去组织材料(C04)，但文章开头缺乏必要的背景交代，直接进入外貌描写显得有些突兀(S11)，结尾定格在脚印画面，收束较为仓促(S12)，导致前后内容的衔接和交代不够清晰(S02)。此外，全文仅由一个段落构成，在不同描写对象（如从五官转到服饰）之间缺乏明显的过渡词句进行粘合(S03)，表达方式也主要局限于描写，较为单一(E06)。"
150544,"文章选取了爷爷的眉毛、眼睛、皱纹、衣着、背包以及走路姿态等丰富细节，生动刻画了“笑弥勒”般的爷爷形象，选材具体且充分(C02)。内容紧紧围绕“爷爷像笑弥勒”这一中心展开，无论是面部特征的描写还是衣着风格的刻画，都服务于这一核心形象(C04)。开头直接点题，将爷爷比作弥勒佛，简洁明快(S11)；结尾总结爷爷虽高龄却精神矍铄，收束有力(S12)。重点部分如爷爷的面部特征描写得非常细腻，详略得当(S09)，对过渡性材料的处理也较为适度(S10)。在语言表达上，语句通顺流畅，意思表达完整(E01)。运用了“弯弯的月牙儿”、“一座小山”等比喻，词句生动优美，极具画面感(E02)。作者观察入微，捕捉到了“长寿毛”、“鱼尾纹”、“包上的补丁”等精彩细节(E11)，并且遵循了从面部到衣着再到体态的观察顺序，条理清晰(E12)。但在修辞手法的运用上主要依赖比喻，显得略微单一(E05)，表达方式也以描写为主，稍显局限(E06)。文章的主要不足在于结构安排。全文未分段，导致段落间的逻辑关系无法体现(S08)，各段落与主旨的联系也因结构缺失而难以界定(S06)。虽然句与句之间联系尚可(S07)，但缺乏明显的过渡词句来粘合不同层面的描写，使得从外貌转到衣着再到动作的衔接略显生硬(S03)，前后内容的交代也不够流畅(S02)。此外，文章虽然从外貌、衣着、动作多角度切入(C06)，表现手法尚可(E07)，但主要停留在表象描写，思想深度和独创性一般(C05)。"
150601,"作文围绕“游历BB-12星球”这一中心，选取了悬浮汽车、飞天火车、火山及外星人外貌等具体材料，内容较为充实(C02)(C04)。作者尝试从地球未来景象、太空旅途、异星景观及外星生物等多个角度进行构思，展现了一定的想象力(C06)。但在立意方面，诸如“大头细身”的外星人设定及“梦境醒来”的结尾较为常见，缺乏独特的原创性思考(C05)。在结构安排上，文章能够做到详略得当，重点描写了BB-12星球上的火山爆发和外星人特征(S09)，而对乘坐飞船的过程进行了适当的略写(S10)。各段落内容基本能服务于文章主旨(S06)，但在具体行文中，句子与段落中心意旨的紧密度不足，部分语句显得松散(S07)。此外，情节转换处的过渡词句使用较为生硬，导致段落间的粘合度不够理想(S03)。开篇直接叙述穿越，略显平淡(S11)，结尾以梦醒收束，虽然简洁但稍显仓促(S12)。语言表达方面，全文语句基本通顺(E01)，能够按照游览顺序有主次地进行观察与描写(E12)。作者关注到了外星人的外貌细节(E11)，并运用了比喻等修辞手法(E05)以及心理预设与现实反差的对比手法(E07)来增强表达效果，词句运用尚属恰当(E02)。总体而言，这是一篇叙事完整但细节打磨空间较大的习作。"
150603,"文章以“叮铃铃”的铃声开篇，迅速将读者带入神秘的魔法世界，开头设置极具吸引力(S11)。作者构思新颖，将现实与虚构巧妙结合，展现了独特的想象力与思想深度(C05)，并能从任务与诱惑的冲突角度切入，选材角度巧妙(C06)。在材料选择上，作者选取了具有代表性的魔法元素构建场景(C02)，并严格围绕“自制力”这一中心组织材料(C04)，观察顺序条理清晰(E12)。结构方面，段落之间关系紧密，情节推进环环相扣(S08)。作者对重点部分——面对美食诱惑时的表现进行了详尽描写(S09)，而对过渡性情节处理得简洁明快(S10)，详略得当。虽然前后内容的交代基本清楚(S02)，过渡词句的使用也起到了粘合作用(S03)，各段落(S06)及句子(S07)与主旨的联系也较为紧密，但在情节转折的细腻度上仍有打磨空间。结尾简洁利落，直接点明主旨，发人深省(S12)。语言表达上，全篇语句通顺流畅，意思完整(E01)。作者善用生动的词句描绘场景，如“滋滋冒油珠的烤鸡”，极具画面感(E02)。文中综合运用了多种修辞手法(E05)和表达方式(E06)，使得叙述生动有趣。虽使用了对比等表现手法(E07)，并关注了环境与动作细节(E11)，若能进一步挖掘心理变化的细节，文章将更具感染力。"
150604,"文章选取了瓦坎达的高科技飞船、伯尔赛金武器等具体材料，构建了一个充满科幻色彩的国度(C02)，且所有情节发展都紧紧围绕游历瓦坎达这一中心展开，材料组织较为集中(C04)。在叙事节奏上，能够对伯尔赛金的来源及博物馆见闻等重点内容进行详写(S09)，而对飞机遇袭等过渡性情节处理得较为简略(S10)。然而，文章的构思缺乏独创性，主要情节和设定明显借鉴了影视作品，思想深度不足(C05)，思考角度也较为单一，仅停留在表层的游览记录(C06)。在结构方面，开头入题过于直白，缺乏新意(S11)，全文分段意识薄弱，导致段落与主旨的联系不够紧密(S06)，段落间的逻辑关系也显得松散(S08)，但结尾以梦境收束，简洁利落(S12)。语言表达上，语句基本通顺(E01)，使用了简单的过渡词连接情节(S03)，也运用了一些修辞手法增强画面感(E05)，但词句缺乏生动性与优美感(E02)，表达方式较为单一(E06)。此外，虽然关注到了部分细节(E11)，但观察缺乏清晰的顺序和主次之分(E12)，前后内容的交代也略显突兀(S02)。"
150607,"文章构思了一座奇幻花园，其中关于仙子与七彩花树共生的设定，展现了想象力，选取的材料较为具体充分(C02)，并具备一定的独创性(C05)。语言方面，能够使用“姹紫嫣红”等词语，使部分词句显得较为生动(E02)。叙事线索基本清晰，能够交代清楚仙子与花树生长的前后过程(S02)，段落内部的句子联系也较为紧密(S07)。文章的主要问题在于材料的组织与主旨的关联度，花园的奇景与结尾揭示的“团体努力”主旨之间的逻辑联系不够紧密(C04)，导致各段落与主旨的关联性有所削弱(S06)。特别是从梦境描述到感悟的转折显得较为突然，段落间的关系衔接不够自然(S08)，缺乏必要的过渡词句(S03)。此外，文章主要运用了记叙和描写的表达方式，手法略显单一(E06)，且在详略处理上，未能突出文章的重点部分(S09)，例如可以详细描写仙子们如何“一起努力”或某个仙子没有努力而“挑起大祸”的具体情景，从而更好地服务主旨。"
150608,"本文选材具体，构建了霍格沃茨魔法学校的场景与飞行课情节，内容充实(C02)；文章能够围绕“神秘的魔法世界”这一中心展开叙述，主旨明确(C04)；但在立意上借用现成作品设定，独特性和思想深度略显不足(C05)。叙事条理清晰，能够按照时间顺序有主次地进行观察和描写(E12)；情节推进紧凑，各部分内容与主旨联系紧密(S06)，内在逻辑上的段落关系也较为紧密(S08)；善于运用过渡词句推进情节，使叙事流畅(S03)；详略处理得当，重点详写了飞行课的学习过程(S09)，略写了穿越和分院的过渡性情节(S10)。在结构完整性方面，开头较为常规，转折略显突兀(S11)，结尾简洁但收束稍显匆忙(S12)；前后内容的交代基本清楚，但逻辑衔接仍有提升空间(S02)；部分句子的紧密度一般(S07)。语言表达方面，语句通顺流畅，意思完整(E01)；用词恰当生动，如“悬着的心”、“斩钉截铁”等词语增强了表现力(E02)；综合运用了叙述、描写等多种表达方式(E06)以及心理衬托等表现手法(E07)，展现了多角度的思考(C06)；虽然修辞手法使用相对较少(E05)，且人物与事件的细节描写还有细化的余地(E11)，但整体叙述具有较强的感染力。"
150610,"文章的核心优势在于其出色的想象力和紧扣中心的选材能力，能够选取五线谱路、低音鼓楼、音符花草等一系列具体且丰富的材料来构建一个奇特的音乐王国(C02)，并且所有材料都能围绕“音乐王国”这一中心来展开和组织，展现了良好的主题聚焦能力(C04)。文章构思具有一定的独创性(C05)，能够从建筑、自然、动物等多个角度展开想象，选用合适的意象来表现主题(C06)，同时对事物细节的观察也较为有序和细致(E11，E12)，使得描写生动具体(E02)。从叙事层面看，文章从进入音乐王国到夜幕降临再到梦醒，交代清楚了前后内容(S02)，开头也能迅速将读者带入情境(S11)，语句基本通顺完整(E01)。然而，文章在结构和表达深度上存在明显不足。首先，内部结构松散，不同叙述部分之间缺乏紧密的逻辑关联(S08)，例如引用“稻花香里说丰年，听取蛙声一片”与音乐王国的主旨关联性不强，削弱了段落与主旨的紧密联系(S06)。文章整体呈现为现象的罗列，句子之间的粘合度不够，未能形成有机整体(S07)。其次，表达方式较为单一，以描述为主，缺少其他表达方式的综合运用(E06)，修辞手法的运用也不够丰富(E05)。在详略处理上，文章未能突出重点进行详写，所有景象平均用力，导致缺少核心的、深入刻画的场景(S09)，过渡性材料也未做到有效略写(S10)。结尾以梦境揭示真相，虽然完成了叙事闭环，但处理略显仓促，冲击力不足(S12)。"
150611,"文章展现了较好的想象力，能够围绕“泡泡世界”这一中心来组织和选择材料，搭建起一个初步的奇幻世界(C04)。叙事上，作者能按照一定的顺序进行观察，从宏观的天空、城堡到微观的泡星人外貌，条理较为清晰(E12)，并使用了一些过渡词句来连接事件，使得前后内容基本能够交代清楚(S03)(S02)。文章的整体构思具有一定的独特性(C05)，能够从环境和人物等不同角度来展现这个异世界(C06)，所选取的材料基本能够支撑文章内容(C02)。在语言表达方面，全文语句基本通顺，意思完整(E01)，也注意到了对人物和事件的细节进行描写，如泡星人尖耳朵、紫眼睛等特征(E11)。然而，文章在逻辑的深度和语言的精度上还有提升空间。首先，段落内部的联系不够紧密，特别是结尾处由“一村子的人建的”直接跳跃到“团结力量大”的感悟，显得较为突然，句子与段落中心句的关联性有待加强(S07)。其次，文章的详略处理不够均衡，进入泡泡世界的关键过渡部分描写得过于简略(S10)，而对核心部分的描写虽然有细节，但挖掘不够深入，可以更详尽(S09)。在语言层面，词句的运用还略显平实，不够生动优美(E02)，修辞手法和表达方式也较为单一，主要以叙述和描写为主，综合运用能力有待提高(E05)(E06)。"
150612,"文章的核心亮点在于其丰富的想象力和独特的构思，能够围绕“水果小屋”这一中心选择并组织材料，展现了较好的原创性思维(C05)，并能从外观、内部、功能乃至社会价值等多个角度来表现主题(C06)，使得全文的材料组织较为有序(C04)。观察的顺序清晰，从外到内，从整体到局部，体现出有主次有顺序的观察能力(E12)。结尾部分简洁地升华了主旨，从个人奇遇转向对山区儿童的关怀，收束有力(S12)。语言表达方面，语句基本通顺完整(E01)，并使用了一些如“红彤彤”、“晶莹透亮”等恰当生动的词句(E02)。然而，文章在结构和细节深化上存在不足。首先，全文只有一个段落，导致结尾处的思想转折显得较为突然，段落内部各部分与主旨的关联度因此减弱(S06)，句子之间的逻辑衔接也不够紧密(S07)，这反映了段落间缺乏紧密关系的普遍问题(S08)。其次，虽然选取了具体材料，但丰富性尚有提升空间(C02)，对重点部分的描写停留在罗列层面，缺乏更深入的细节刻画(S09)，例如对物品的触感、气味等具体感官细节关注不足(E11)。在表达方式上，全文以叙述和描写为主，手法较为单一(E06)，修辞手法的综合运用也有待加强(E05)。文章的开头较为平实(S11)，前后内容的交代基本清楚(S02)，但段落间的过渡技巧运用较少(S03)。"
150613,"文章选取了跟随牙牙进入禁林、目击黑影饮血等具体情节，材料较为充实(C02)，叙事始终围绕探索禁林这一中心展开，材料组织紧凑(C04)。结尾处通过独角兽的纯洁反衬邪恶，并引出关于爱的思考，体现了一定的思想深度(C05)，同时能从环境氛围、心理变化等多角度表现主题(C06)。开篇直接交代背景入题，较为恰当(S11)，结尾简洁有力，升华了主旨(S12)。在详略安排上，对于行进过程等过渡性材料略写得当(S10)，重点情节描写尚可(S09)。然而，文章整体缺乏清晰的分段结构，导致段落与主旨的关联性(S06)以及段落之间的紧密关系(S08)表现一般，部分句子间的逻辑衔接略显生硬(S07)，虽然前后内容交代清楚(S02)，过渡词句的使用也能基本粘合内容(S03)。语言方面，语句通顺流畅(E01)，词语使用恰当且生动，营造了神秘氛围(E02)。作者关注了牙牙的反应、黑影嘴角的血迹等细节(E11)，并能按照有主次、有顺序的方式进行观察描写(E12)。但在修辞手法(E05)、表达方式(E06)及表现手法(E07)的综合运用上显得略为单一。"
150615,"文章的构思具有较好的独创性，能在《流浪地球》的背景下展开新的想象，思考人类抵达新家园后可能面临的未知攻击与绝望境地，体现了对主题深刻性的追求(C05)，并能从灾难降临、科学探因、绝望逃离等多个角度来组织情节，选材较为合适(C06)。文章整体叙事脉络基本清晰，能够选取超新星爆发、科学家分析等具体情节作为材料(C02)，并围绕“新家园的毁灭”这一中心进行组织(C04)。开篇能快速交代背景，结尾则以“新一次航程”收束，言简意赅，引人深思(S11，S12)。叙事详略处理也较为得当，对关键的灾难场景和科学家对话进行了详写(S09)，对过程性内容则作了略写(S10)，观察也体现出一定的主次顺序感(E12)，并关注到了“光滑的海面瞬间碎裂”等细节(E11)。语言表达基本通顺，能够将意思完整地表达出来(E01)。然而，文章在结构衔接和语言锤炼方面存在明显不足。首先，情节之间的过渡显得较为生硬，例如从地球灾难直接跳转到“我”在飞船上，前后内容的交代不够清晰(S02)，也缺少必要的过渡词句进行粘合(S03)，导致段落与段落之间的关系不够紧密，影响了叙事的连贯性(S08)。同时，段落内部的凝聚力也有待加强，个别句子与其所在段落的中心句联系不够紧密，显得有些松散(S07)，虽然各段落大致与主旨相关，但关联性不够强(S06)。其次，语言表现力一般，词句的选择虽然基本恰当，但不够生动优美(E02)，叙述、描写等表达方式的综合运用尚显单薄(E06)。文中修辞手法的运用较少(E05)，除个别比喻外，缺少多样的表现手法来增强文章的感染力(E07)。"
150616,"文章的核心优势在于其出色的构思与选材，展现了丰富的想象力和一定的思想深度(C05)，能够从冰植物、和谐共处的动物及璀璨星空等多个角度取材，立体地表现“世外桃源”这一主题(C06)，所选取的材料具体且充分，如喂猫、动物和谐相处、五彩池水等场景都为文章中心服务(C02)，并能围绕文章中心对这些材料进行组织(C04)。文章的观察有序，遵循了由近及远、由地面到天空的空间顺序(E12)，并关注到了动物互动的细节(E11)。开篇直接点题，富有吸引力(S11)，结尾也能对全文进行总结并升华主旨(S12)。语言表达整体通顺(E01)，部分词句生动(E02)，综合运用了记叙、描写和议论等多种表达方式(E06)，表现手法较为丰富(E07)。然而，文章在结构组织上存在明显不足，各段落与其主旨的关联性不强，导致文章显得有些松散(S06)，虽然各句话能与段落中心句保持联系(S07)，但段落之间的逻辑关系不够紧密(S08)，前后内容的交代与衔接略显生硬(S02)，缺少必要的过渡词句(S03)。此外，文章在详略处理上可以优化，重点部分可以再深入挖掘(S09)，而过渡性材料可以更简练(S10)，修辞手法的运用也较为单一(E05)。"
150617,"文章选取了梦境中奇异的植物、动物、家具以及一场特别的足球赛作为素材，材料具体且充分(C02)，能够围绕“神秘的梦”这一中心进行组织(C04)；梦境中关于“坚持不懈”的感悟具有一定的独特性和原创性(C05)，体现了思想上的升华，虽涉及奇幻场景和体育比赛两个角度，但融合度尚可(C06)。在结构上，文章开头直接入梦(S11)，结尾总结感悟简洁利落(S12)，能交代清楚前后内容(S02)，使用了“第二天”等过渡词(S03)，句段连贯性尚可(S07)，详写了梦境奇景和足球赛过程(S09)，略写了过渡环节(S10)，但在段落与主旨的紧密程度(S06)以及段落之间的紧密关系(S08)上较弱，情节转换略显突兀。语言表达方面，语句通顺完整(E01)，使用了生动词句(E02)，运用了比喻等修辞手法(E05)，结合了描写、叙述和议论等表达方式(E06)，表现手法较为丰富(E07)，关注了梦境细节(E11)，并按时间顺序进行了观察描写(E12)。"
150621,"本文最大的亮点在于丰富的想象力和出色的构思，能够紧密围绕“起源岛”这一探险中心来选择和组织材料(C04)，展现出较好的个人独创性(C05)，并能从环境、生物等多个角度来构思情节(C06)。文章在材料选取上具体充分，引入了凝辉龙、人马、米诺陶等多种奇幻生物(C02)。文章的开头能迅速交代故事发生的背景，将读者带入情境(S11)，结尾也能对全文内容进行总结和收束(S12)。叙事时能够有主次有顺序地进行观察和描写(E12)。但文章的主要问题在于情节展开过于仓促，尤其是在核心情节的处理上详略不当，对于“帮助人马干掉牛头人”这一关键冲突部分没有进行详写(S09)，使得人物关系的转变显得突兀，而一些过渡性材料的交代则相对简略(S10)。在篇章结构方面，虽然使用了一些过渡词句来衔接上下文(S03)，但前后内容的交代依然显得比较粗略(S02)，导致段落与主旨(S06)、段落内部语句之间(S07)以及段落与段落之间(S08)的逻辑关系不够紧密。语言表达层面，语句基本通顺完整(E01)，也能注意到对事物的一些细节进行刻画(E11)，并选用了一些较为恰当生动的词语(E02)，但整体表现手法单一(E07)，综合表达方式的运用不足(E06)，也未能综合使用多种修辞手法来增强语言的表现力(E05)。"
150622,"文章开篇能够迅速入题，以梦境获得VR眼镜作为引子，交代了进入虚拟世界的缘由，开头部分写得比较恰当(S11)。全文的叙事流畅，语句通顺且意思完整(E01)，能够围绕“神秘的虚拟世界”这一中心来组织和选择材料(C04)，并能用较为恰当生动的词句进行描述(E02)。文章结尾以梦醒作结，简洁利落(S12)，且能够对过渡性材料进行略写，使得叙事节奏较为紧凑(S10)。然而，在内容的深度和表现力上存在不足。文章选取的材料虽然具体，但还不够充分，对未来世界的描绘停留在宏观景象上，缺乏更丰富的元素(C02)。因此，文章的思想性和独创性稍显平淡，未能从多角度对主题进行深入思考(C05，C06)。在结构衔接上，前后内容的交代基本清楚(S02)，段落与主旨、句子与段落中心句的关联度尚可(S06，S07，S08)，但过渡词句的使用还有提升空间(S03)。文章对重点部分的详写不够突出，例如对未来世界的奇特之处的描写可以更加细致，以增强读者的代入感(S09)。在写作手法方面，对人物和事件的细节关注不足(E11)，观察的层次感和顺序性有待加强(E12)，修辞手法和表现手法的综合运用也较为有限(E05，E07)。"
150626,"文章在内容选择与组织上表现突出，能够围绕“神秘的×星”这一中心，选取UFO状台子、履带式人行道、能量水等具体充分的材料来展现未来科技(C02)，并且这些材料都紧扣文章的中心思想(C04)，使得段落与主旨紧密相连(S06)，段落内部的句子也能围绕中心句展开(S07)。叙事上，文章能够交代清楚前后内容(S02)，观察有序(E12)，并能通过“我”的视角和心理活动关注到事件细节(E11)，做到了详略得当，既能详写重点部分(S09)，也能略写过渡性材料(S10)。文章开头能够较好地引出情境(S11)，结尾简洁利落(S12)，语句通顺完整(E01)，也运用了一定的表现手法(E07)。然而，文章在思想深度和结构层次上存在明显不足，文中所展现的科技想象较为常见，未能写出具有独创性的深刻思考(C05)，对主题的多角度思考也显欠缺(C06)。全文主体部分未进行分段，导致段落间的关系处理薄弱(S08)，同时段落间的过渡也较为生硬，缺少有效的过渡词句(S03)。在语言表达方面，词句的运用虽恰当但不够生动优美(E02)，综合运用的修辞手法较少(E05)，表达方式也略显单一(E06)。"
150634,"该生作文《我来到了神秘的桃花源》是一篇想象力丰富的记叙文。在选材与立意方面，学生巧妙地构建了一个穿越至“桃花源”的情境，选取了“时光空洞”、“桃花酿”、“偶遇故人”等具体且充分的材料(C02)，紧紧围绕“物是人非”与“珍惜当下”的中心思想组织内容(C04)。文章构思具有一定的独特性和原创性，通过“相识却无人识我”的设定引发深刻思考(C05)，并能从环境、人物、情感等多个角度表现主题(C06)。在结构布局上，文章开头以“机缘巧合”迅速切入，交代了进入桃花源的缘由，起笔恰当(S11)；结尾处通过情感升华，点明“惜于眼前”的主旨，简洁利落(S12)。叙事过程中，前后内容交代清楚(S02)，虽然全文仅为一个大段落，但在叙述逻辑上仍能体现出一定的过渡意识(S03)，句段之间联系较为紧密(S06，S07，S08)。文章详略处理得当，重点详写了与“神似好友的女子”及“七岁孩童”的互动细节(S09)，而对穿越过程等过渡性材料进行了略写(S10)。在语言表达方面，全篇语句通顺流畅，意思完整(E01)，词句运用恰当且具有古风韵味，如“碧玉女子”、“莞尔一笑”，语言生动优美(E02)。文中关注了人物的神态、动作以及环境细节，如“花瓣从头顶飘落”、“眼泪顿时夺眶而出”(E11)，并且观察有主次、有顺序(E12)。学生综合运用了比喻等修辞手法增强感染力(E05)。不过，在综合使用多种表达方式(E06)和表现手法(E07)方面略显单薄，主要依赖叙述，若能增加更多元的描写或议论会更佳。"
150636,"这篇作文《我来到神秘的梦幻校园》展现了极佳的想象力与语言基础。在内容选材上，你将校园想象为千岛湖，教室化作岛屿，跑道变成船道，这种构思极具新意，不仅体现了对主题的深刻理解(C05)，而且能够围绕“梦幻”这一中心，选取了快艇上学、游船做操等具体且充分的材料(C02)(C04)。你能从环境设施、交通工具到校园活动等多个角度来展现校园的“大变样”，思考维度丰富(C06)。在语言表达方面，全文语句通顺流畅，意思表达完整(E01)，使用了“遨游”、“形态不一”等生动恰当的词语描绘场景(E02)。特别值得肯定的是，你对人物和事件的细节关注到位(E11)，例如对快艇GPS导航功能的描写，既具体又有趣。开头能够迅速切入主题(S11)，结尾简洁利落并呼应了文题(S12)。在结构安排上，文章虽然有一定的时间顺序(E12)，也能区分详略(S09)(S10)，但在段落组织上略显薄弱。整篇文章未进行合理分段，导致段落与主旨、段与段之间的紧密程度得分不高(S06)(S08)。句子之间的衔接有时略显跳跃，不够紧密(S07)，虽然使用了部分过渡词句(S03)，但前后内容的交代还可以更加自然连贯(S02)。此外，修辞手法(E05)和表达方式(E06)(E07)的使用相对单一，若能综合运用更多手法，文章会更加出彩。"
150637,"文章构思新颖，将“拖延”这一抽象习惯具象化为“等一会儿”国度，立意具有一定的独特性(C05)。全篇紧紧围绕“改掉拖延习惯”这一中心来组织糖果城堡、游乐场和床等情节材料，主旨非常集中(C04)。开头直接切入梦境，简洁明快，具有吸引力(S11)。叙述语言通顺流畅，意思表达完整，体现了较好的语言基础(E01)。在叙事过程中，能够详写面对诱惑时的心理斗争这一重点内容(S09)，并对人物的心理细节有一定的关注(E11)。但在结构布局方面存在明显短板。文章缺乏合理的段落划分，导致段落与主旨的逻辑层次不够清晰(S06)，段与段之间的结构关系也因此显得松散(S08)。情节转换时，前后内容的交代不够充分，存在跳跃感(S02)，且在连接相邻情节时，过渡词句的使用较为生硬，粘合力不足(S03)。句与句之间、句与段中心之间的逻辑紧密度也有待加强(S07)。此外，结尾虽然总结了教训，但收束较为仓促(S12)。语言修辞和表达方式较为单一，缺乏生动优美的词句点缀(E02)(E05)。"
150638,"作文选取了穿越、偶遇法师、利用手机参与竞赛等具体材料(C02)，基本能围绕“魔法世界”这一中心进行组织(C04)，但在思想的原创性与深度上略显单薄(C05)，多角度思考的表现中规中矩(C06)。结构方面，开头较为突兀，缺乏必要的铺垫(S11)，结尾戛然而止且标点符号使用不规范(S12)。文章段落之间以及句子与段落中心之间的联系不够紧密(S08)(S07)，过渡词句的使用略显生硬，导致前后内容的交代不够清晰连贯(S02)(S03)，各段落与主旨的紧密度一般(S06)。在详略安排上，对于“比赛”这一重点情节描写过于简略(S09)，过渡性材料的处理相对得当(S10)。语言表达上，语句基本通顺(E01)，尝试使用了比喻等修辞手法(E05)及不同的表现手法(E07)，如“像钻石一样清澈透明”、“万龙戏珠”，但整体词句的生动优美程度有待加强(E02)，表达方式较为单一(E06)。不过，文章在关注人物和事件细节方面表现尚可(E11)，且能按照时间顺序有条理地进行叙述(E12)。"
150639,"该作文片段构建了“饼干王国”这一具体场景，包含饼干人、饼干建筑等元素，材料选取尚算具体(C02)，基本能围绕“零食大陆”这一主题展开叙述(C04)。虽然构思具备完整性，但设定较为常见，缺乏独特的创意或深刻的寓意(C05)。不过，作者能从视觉观察、情节冲突、人物互动等角度来表现主题，体现了一定的多角度思考能力(C06)。在结构方面，文章叙事线索清晰，从发现村庄到离开王国，前后内容交代清楚(S02)，并能运用“不一会儿”、“第二天一早”等过渡词句较好地粘合情节发展(S03)。然而，段落与主旨(S06)、句子与段落中心(S07)以及段落间的紧密程度(S08)表现一般，且全文仅一段，层次感不强。详略安排上较为平均，重点情节未能体现出明显的详写(S09)，过渡性材料的处理也不够简洁(S10)。开头部分显得较为突兀(S11)，结尾则略显仓促套路(S12)。语言表达上，语句通顺流畅，意思表达完整(E01)。但在词句的生动优美方面有所欠缺(E02)，修辞手法的使用也较为贫乏(E05)。表达方式以记叙为主，较为单一(E06)，表现手法也偏向常规(E07)。虽然作者按照游览顺序观察并描写了一些细节(E12)，但在人物和事件细节的刻画上还不够细腻深入(E11)。"
150640,"内容上，习作选取了《皮皮鲁和鲁西西》与《老人与海》作为具体材料，展现了书本人物与场景的互动，材料选取较为充分且具体(C02)；行文始终紧扣“图书世界”这一中心，表达了书是朋友、能解忧的主题，选材组织紧密围绕中心展开(C04)；构思具有一定的独特性，将书中人物具象化并赋予其生命力，体现了较好的原创性思维(C05)；作者能从人物互动、场景描绘及阅读感悟等多个角度思考主题，选材较为合适(C06)。结构上，文章前后内容的交代略显突兀，情节跳跃感较强，逻辑连贯性有待加强(S02)；句段之间缺乏有效的过渡词句进行粘合，导致行文流畅度受阻(S03)；段落划分不清晰，仅有一段的形式使得段落与主旨的紧密联系难以充分体现(S06)；部分语句与段落中心的联系尚可，但仍有提升空间(S07)；段落之间的逻辑关系不够紧密，结构显得较为松散(S08)；对于重点部分如与书中人物的互动描写不够详细，未能充分展开(S09)；过渡性材料的处理相对平淡，略写部分不够精炼(S10)；开头入题较为随意，缺乏足够的吸引力(S11)；结尾虽有升华意图但显得仓促，不够简洁利落(S12)。语言上，语句基本通顺，意思表达较为完整，但口语化表达较多(E01)；词句运用较为平实，缺乏生动优美的修饰(E02)；虽尝试运用拟人等修辞手法，但整体运用不够丰富和熟练(E05)；表达方式较为单一，未能综合运用描写、抒情等多种方式增强感染力(E06)；表现手法略显单薄，缺乏多样性(E07)；能够关注到海面颜色等细节，体现了一定的观察力(E11)；但在观察顺序的安排上较为随意，缺乏清晰的条理性(E12)。"
150641,"该生作文《我来到神秘的太平星》构建了一个科幻背景下的和平寓言。在选材与立意方面，文章能够选取地球毁灭寻找新家园的具体材料(C02)，并紧紧围绕“渴望和平”这一中心进行材料的组织(C04)，构思具有一定的独特性和原创性，体现了对人类未来的思考(C05)。但在思维广度上，对“太平”的理解主要停留在环境优美和不打仗的层面，多角度思考及材料选用的丰富性有待加强(C06)。在结构与逻辑方面，文章叙事流程基本完整，但前后内容的交代略显仓促，尤其是在星际跨越的情节上缺乏铺垫(S02)。段落与句子间的衔接不够自然，过渡词句的使用较为单一，粘合度一般(S03)。部分句子与段落中心的联系不够紧密，存在逻辑跳跃的情况(S07)，导致段落与段落之间的紧密程度受到影响(S08)，各段落对主旨的支撑作用也需进一步强化(S06)。在详略安排上，文章对太平星美好景象的重点部分描写尚显单薄，详写力度不足(S09)，而对于星际航行等过渡性材料的处理略显草率，略写技巧有待提升(S10)。开头部分直接切入但语言过于口语化，吸引力稍弱(S11)；结尾虽然做到了简洁利落并点明题旨，但升华不够有力(S12)。在语言表达方面，全文语句通顺，意思表达完整(E01)。作者尝试使用了排比、比喻等修辞手法，但运用的丰富度和熟练度不高(E05)，词句的生动优美程度一般(E02)。文章综合运用了记叙和议论的表达方式，但融合得不够自然(E06)，表现手法也较为常规(E07)。不过，作者在描写太平星时，能够关注到花、树、人等细节(E11)，并能按照从景到人的顺序进行观察与描写，条理尚可(E12)。"
150642,"文章素材选取较为具体，构建了一个充满奇幻色彩的梦境世界，体现了较好的想象力(C02)，内容具有一定的独特性和原创性，展现了作者独特的思维视角(C05)(C06)。开头入题迅速，情境设置恰当(S11)，结尾简洁利落，能从梦境回到现实并升华主题，结构完整(S12)。在叙述过程中，能够较好地处理详略关系，重点部分描写细致(S09)，过渡性材料处理得当(S10)。全篇语句通顺，意思表达完整流畅(E01)，对人物和事件的细节有一定关注，如对机器人夫妇外貌的刻画(E11)。但在结构安排上存在明显不足，段落划分不够清晰，段与段之间关系不够紧密(S08)，各段落与主旨的联系稍显松散(S06)。情节转换较为生硬，缺乏有效的过渡词句来粘合相邻内容(S03)，导致前后内容的交代不够连贯自然(S02)。虽然句子内部联系尚可(S07)，但围绕文章中心组织材料的能力仍需加强，部分情节与核心主题的关联度不够紧密(C04)。此外，语言表达略显平淡，词句的生动性和修辞手法的运用还有提升空间(E02)(E05)，表达方式和表现手法也较为单一(E06)(E07)。观察的顺序性和主次安排还可以更加条理化(E12)。"
150643,"文章的想象力值得肯定，能够从海底城市的奇景联想到现实的环境保护问题，体现了从多个角度思考主题的能力(C06)，使文章具备了一定的思想性和独创性(C05)。在具体写作中，优点在于语句通顺，意思表达完整清晰(E01)，并且能够抓住与国王对话这一重点情节进行详细描写(S09)，对次要的过渡性材料也能做到简要处理(S10)。同时，文章综合运用了记叙、描写和对话等表达方式(E06)，并能关注到珊瑚颜色、形状等细节(E11)，观察也具备一定的主次顺序(E12)。然而，文章的主要问题出在结构组织和内容衔接上。从“我”表明身份到国王开始倾诉环境污染问题，情节的转折交代得不够清楚(S02)，段落之间也缺少必要的过渡词句(S03)，使得上下文关系不够紧密(S08)。这直接导致结尾的环保呼吁显得较为突然，与故事主体未能很好地融合(S12)，开篇的引入也略显平淡(S11)。在内容方面，虽然选取了具体材料来支撑文章(C02)，但材料围绕中心的组织能力尚有欠缺(C04)，导致段落与主旨的关联度(S06)以及段内句子的凝聚力(S07)都有提升空间。语言层面，词句运用基本恰当(E02)，但修辞手法(E05)和表现手法(E07)的运用还比较单一，影响了语言的生动性和表现力。"
150644,"文章在选材与观察细节上表现突出，能够选取具体充分的材料来构建情节，如对洞穴环境和巨型蜘蛛的描写(C02)，并能有主次有顺序地展开观察(E12)，对人物惊恐时的生理反应等细节有较好的关注(E11)。同时，文章对重点部分的详写(S09)与过渡性材料的略写(S10)处理得当，使得叙事节奏较为清晰。在结构衔接上，能够交代清楚前后内容(S02)，也使用了一些过渡词句(S03)，语句也基本通顺完整(E01)。然而，文章的整体构思和主题深化是主要弱点，开头(S11)与结尾(S12)的处理略显平淡，未能形成有力的呼应。更关键的是，从洞穴惊魂到林中苏醒的情节转折缺乏铺垫，导致各段落与文章主旨的联系不够紧密(S06)，段落之间的逻辑关系也有待加强(S08)，这使得材料虽然具体，但在围绕中心进行组织方面做得不够(C04)，进而影响了句与段的粘合度(S07)。这也限制了文章在思想独特性(C05)与多角度思考(C06)上的表现。最后，在语言层面，词句的运用基本恰当但不够生动优美(E02)，修辞手法(E05)、表达方式(E06)及表现手法(E07)的综合运用较为匮乏，影响了文章的文学性和感染力。"
160101,"文章在材料选择与组织上展现了清晰的思路，能够围绕饲养鹌鹑这一中心事件选取具体且充分的生活素材(C02)，并且在叙述时做到了主次分明、顺序得当(E12)，对搭建鸟窝、喂食、清理等事件细节有较好的关注(E11)，使得文章主体部分能够围绕中心展开(C04)。结构方面，文章段落之间存在一定的过渡衔接(S03)，各段落内容也基本能与主旨相连(S06)，结尾部分形式简洁利落(S12)。语言表达上，能够综合运用记叙、描写等表达方式(E06)，部分词句的运用较为恰当生动(E02)。然而，文章在思想深度和结构完整性上存在明显不足。首先，文章结尾强行将养鹌鹑与老师育人联系起来，缺乏独创性和深刻性(C05)，也反映出对主题的多角度思考能力有待加强(C06)。其次，这种生硬的转折导致结尾与前文内容衔接不畅(S02)，段落间的内在逻辑关系不够紧密(S08)。文章对重点部分的详写不足，例如与鹌鹑的互动和情感体验等核心内容未能深入刻画(S09)，而一些过渡性材料的处理也较为平淡(S10)。此外，文章的开头较为套路化(S11)，段落内部的句子之间联系还可以更紧密(S07)。语言层面，语句基本通顺但不够精炼(E01)，修辞手法(E05)和表现手法(E07)的运用也相对单一。"
160103,"这篇文章选取了考场上同学拒绝作弊的具体事例，材料充实且紧紧围绕“诚实”这一中心展开(C02，C04)。作者不仅叙述了事件，还展现了对诚信主题的深刻思考和独到见解，体现了多角度的思维能力(C05，C06)。在结构上，文章开头运用比喻手法，新颖且恰当(S11)；全文脉络清晰，前后交代明确(S02)，段落间过渡自然紧凑(S03，S08)，各段落及句群均紧密服务于主旨(S06，S07)。叙事详略得当，对人物内心挣扎的重点部分进行了细致刻画(S09)，过渡性内容处理简洁(S10)，不过结尾部分相较于精彩的开头略显平淡(S12)。语言表达方面，语句通顺流畅(E01)，善于捕捉人物的神态、动作等细节(E11)，词句生动(E02)，并综合运用了比喻等修辞手法及多种表达方式(E05，E06)，结合对比等表现手法(E07)，展现了有主次、有顺序的观察视角(E12)。"
160104,"文章选取了“雨中跑步”和“烈日站军姿”两个典型场景，材料具体且充分，有力地支撑了军训锻炼意志这一主题(C02)。选材紧紧围绕“难忘的军训”这一中心进行组织，详略得当，重点突出(C04)。作者通过对生理感受的描写，表达了“战胜困难”的深刻感悟，具有一定的独特性(C05)。虽然主要从“苦”的角度切入，但选材合适，能够体现主题(C06)。在结构上，文章各段落紧密围绕主旨展开，整体框架清晰(S06)。重点部分如站军姿时的心理和生理反应描写得非常详细，突出了文章重点(S09)，而对于起床洗漱等过渡性材料则做到了略写(S10)。段与段之间虽然有时间顺序，但关系还可以更加紧密(S08)。不过，文章前后内容的交代略显生硬，如第二段开头较为突兀(S02)，段落间的过渡词句如“接着是”略显单调，粘合度一般(S03)。句与句之间的逻辑联系有时不够紧密(S07)。开头较为常规，缺乏吸引力(S11)，结尾总结简洁，但略显仓促(S12)。语言表达方面，部分语句存在语病，如“接着是我们觉得最令人难以忍受的是”，影响了通顺度(E01)。词句运用基本恰当，但不够生动优美(E02)。修辞手法运用较少，文采稍逊(E05)。表达方式以记叙为主，结合了议论，运用尚可(E06)。表现手法较为单一(E07)。值得肯定的是，作者非常关注细节，如对“小飞虫叮咬”、“忍痒”的描写生动真实，增强了文章的感染力(E11)。叙事条理清晰，有主有次，观察细致(E12)。"
160107,"该生作文《走绳网》选取了个人成长中克服恐惧的具体事例，材料选择充实且紧扣文章中心，能够围绕“熟能生巧”的主题组织素材(C02，C04)。在结构安排上，文章时间线索清晰，从“小时候”的回忆过渡到“现在”的从容，前后内容交代非常清楚(S02)。各段落与主旨联系较为紧密，段落间使用了时间词进行过渡，关系尚算紧密(S06，S08，S03)。开头以成长感悟引入，结尾简洁总结，首尾呼应(S11，S12)。在内容描写上，作者对走绳网的过程进行了重点描写，关注了绳子的晃动和内心的恐惧，体现了详写重点和关注细节的意识(S09，E11)。叙述过程有主次、有顺序(E12)。学生尝试运用比喻修辞（如“犹如一头猛兽”）和多种表达方式来丰富文章(E05，E06)，并试图从学习的角度对主题进行多维度的思考(C06)。然而，文章在思想深度和语言表达上仍有提升空间。立意虽完整但缺乏独特性和深刻性，属于较为常见的题材(C05)。段落内部句子的衔接不够紧密，部分过渡性材料的处理略显生硬(S07，S10)。表现手法较为单一(E07)。语言方面，虽然整体通顺完整(E01)，但词句不够生动优美，存在成语误用（如“轻易而举”、“生熟”）和错别字现象(E02)。建议在今后的写作中加强词汇积累，提升语言的准确性和文采。"
160109,"文章能够围绕中心选择并组织学骑车这一具体事件作为写作材料(C04)，内容选取具体充分，过程完整(C02)，并且能够从骑车摔倒这件事中提炼出“谦虚”与“骄傲”的思考，体现了多角度思考的能力(C06)。文章结构方面，各段落与主旨的联系较为紧密(S06)，段落间的关系也比较连贯(S08)，并能运用过渡词句来衔接上下文(S03)。在详略处理上，对加速骑行和摔倒等重点部分进行了描写(S09)，对非重点内容作了略写(S10)，使得叙事有主有次。语言表达基本通顺，意思完整(E01)，部分词句运用较为恰当(E02)。不足之处在于，文章的开头部分略显套路化，未能迅速吸引读者(S11)，结尾的议论虽然点明了主旨，但稍显仓促(S12)。从事件到感悟的升华略显直接和概念化，使得思想的独特性和深刻性打了折扣(C05)。叙事过程中，从摔倒到忍痛站起推车回家的情节转折交代不够清晰，前后内容的衔接稍有欠缺(S02)。在细节刻画方面，虽然关注到了人物和事件的细节(E11)，但观察的顺序性和层次感有待加强(E12)。同时，段落内部句子之间的联系可以更紧密一些(S07)，修辞手法(E05)、表达方式(E06)和表现手法(E07)的综合运用也还有提升空间。"
160110,"该生作文《指路》记叙了一次为陌生母子指路并提供建议的经历，不仅解决了对方的困难，更引发了关于人生方向的思考。在内容与立意方面，文章选取了具体的指路经历作为材料，内容充实(C02)，且所有情节均围绕“助人”与“成长”的中心展开，选材得当(C04)。作者并未局限于表面的指路，而是将其升华为“为人生指路”，立意深刻且具有独特性(C05)，体现了作者对主题的多角度思考(C06)。在结构布局上，开头引用名言引入话题，入题恰当(S11)，结尾呼应开头并升华主旨，简洁有力(S12)。文章叙事条理清晰，前后内容交代完整(S02)，段落间过渡自然(S03)，各段落紧密围绕主旨(S06)，句段联系紧密(S07)，段际关系逻辑性强(S08)。详略处理方面，重点详写了指路过程中的对话与心理变化(S09)，略写了背景交代等过渡性内容(S10)。在语言表达上，全文语句通顺，意思完整(E01)，用词生动恰当(E02)。作者观察细致，叙事有主次、有顺序(E12)，特别注重对人物神态、语言等细节的刻画(E11)。文章综合运用了多种表达方式(E06)和表现手法(E07)，虽修辞手法使用相对较少(E05)，但情感真挚，描写细腻。"
160111,"文章选取了拔牙这一具体且充实的生活素材(C02)，能够围绕拔牙的经历来组织材料(C04)，并尝试从环境、他人反应及自身心理等多个角度来表现主题(C06)，但题材的独特性和思想深度表现一般(C05)。结构上，段落之间关系紧密(S08)，各段落紧扣主旨(S06)，句段联系也较为紧密(S07)，能够按照有主次、有顺序的方式进行观察和叙述(E12)。文章开头直接切入(S11)，结尾简洁利落(S12)，前后内容交代基本清楚(S02)，段落过渡尚可(S03)。但在详略安排上，对于拔牙这一重点部分的描写不够细致(S09)，过渡性材料的处理稍显生硬(S10)。语言方面，语句基本通顺(E01)，尝试运用了比喻等修辞手法(E05)和多种表现手法(E07)，关注了人物和事件的细节(E11)。文中使用了大量成语试图使词句生动(E02)，但部分表达方式略显单一(E06)。"
160112,"文章的突出优点在于结构清晰，中心明确。全文能紧密围绕“坚持就是胜利”这一中心来选择和组织个人练舞的材料(C04)，段落之间的逻辑关系紧密(S08)，叙事顺序有条不紊(E12)，使得文章整体流畅易读，语句通顺完整(E01)。文章选取的练“竖叉”的材料具体且充分，能够支撑论点(C02)，开头和结尾也能做到基本恰当(S11，S12)。然而，文章在思想深度和语言表达上存在明显不足。首先，对主题的探讨仅停留在单一的个人经历层面，未能从更多角度展开思考，使立意略显单薄(C06)，思想的独创性与深刻性不足(C05)。其次，文章对重点部分的刻画不够深入，例如对练习的艰辛与成功的喜悦等关键情节缺乏细节描写(S09，E11)，导致感染力不强。这主要源于语言表达的平实，词语运用不够生动优美(E02)，且几乎没有综合运用修辞手法或多样的表达方式来增强表现力(E05，E06)。"
160113,"文章选取了日常生活中锁箱子忘记密码这一具体事例，材料真实具体且生活气息浓厚(C02)。叙事过程中，能够围绕“遇事需冷静”这一中心进行组织，虽过渡稍显突兀但整体逻辑尚可(C04)。立意方面，通过小事悟出“戒骄戒躁”的道理，引用名言增加了文章厚度，但思想深度属常规范畴，独特性一般(C05)。作者通过对比慌乱时的无措与冷静后的成功，从正反两方面思考主题，体现了多角度的选材能力(C06)。在结构安排上，文章清楚交代了事情的起因、经过和结果(S02)。段落之间使用了过渡词句进行连接，整体较为流畅(S03)。各段落内容基本能围绕主旨展开，首尾段与中间叙事段的联系较为紧密(S06)。句与句之间的衔接基本顺畅，但在描写焦急心理时部分语句逻辑稍显跳跃(S07)，叙事段与议论段之间的转换略显生硬(S08)。详略处理方面表现较好，重点详写了焦急心理及尝试解开密码的过程(S09)，对收拾行李等背景交代则进行了恰当的略写(S10)。开头运用比喻引出话题，优美且切题(S11)；结尾引用名言升华主旨，并照应开头，简洁利落(S12)。语言表达上，全文语句通顺流畅，意思表达完整清晰(E01)。文中使用了“热锅上的蚂蚁”等比喻，词句较为生动(E02)。修辞手法主要运用了比喻，种类尚不够丰富(E05)。表达方式以记叙为主，议论稍显单薄(E06)，表现手法相对单一(E07)。但在细节描写上表现出色，对人物心理变化和动作细节刻画到位(E11)，且叙事条理清晰，能够按时间顺序有主次地进行观察和描写(E12)。"
160115,"文章的核心优点在于选材与立意，能够选取初次骑马时马匹倔强不走和受惊坐倒这两个具体情节作为核心材料，内容充分且具有代表性(C02)，并围绕“马也有情感”这一中心来组织叙事，使文章主线清晰(C04)。作者能够从勇敢的战马、倔强不走的马和胆小受惊的马等多个角度来思考和表现“马”这一对象，体现了观察的全面性(C06)。文章最大的亮点是从骑马的经历中感悟出与人相处的道理，这种思想的提炼与升华使文章具备了超越一般记叙文的独特性与深刻性(C05)。在结构方面，文章开头以成吉思汗的战马切入，与后文形成有效对比，开头设置得当(S11)，主体段落与主旨关联紧密(S06)，段落内部的句子也能围绕中心展开(S07)，段与段之间关系较为紧密(S08)。叙事时对马匹不走这一重点部分有详写(S09)，对学骑马前的准备等内容则能作略写处理(S10)，详略得当。对马匹“瞪着我”和突然坐倒等细节的捕捉较为准确(E11)，观察也基本做到了有主次有顺序(E12)。但在行文的连贯性上存在不足，部分内容的前后交代不够清晰(S02)，段落间的粘合有时依赖内容逻辑而非明确的过渡词句(S03)。结尾虽然点明了主旨，但“恍然大悟，陷入了沉思”的表述略显仓促和套路化，收束力度不足(S12)。语言表达整体通顺，意思完整(E01)，但词句的生动性和优美性有待提升(E02)，修辞手法(E05)、表达方式(E06)以及表现手法(E07)的综合运用也较为有限，导致文采稍显平实。"
160116,"文章能够围绕友谊这一中心选择并组织个人经历作为写作材料(C04)，所选取的画画事件具体且充分，支撑了主旨的表达(C02)，并通过开篇的“无色芬芳的花朵”之喻和结尾的议论抒情，从不同角度对主题进行了思考与表现(C06)。文章在构思上有一定的独特性，将友谊的考验与绽放联系起来，体现了对主题的思考深度(C05)。结构方面，开篇能以比喻和引言恰当入题(S11)，结尾则简洁利落地引用诗句并点明主旨，深化了文章的意蕴(S12)。主体段落之间关系紧密(S08)，能够交代清楚事件的前后发展过程(S02)，且各段落乃至各语句都能与主旨或段落中心紧密相连(S06，S07)，段落间的过渡也较为自然(S03)。在表现手法上，文章对人物和事件的细节有很好的关注(E11)，例如朋友归来时“灰朦朦的眼睛亮起来”和“血珠在我的手上打转，但它是甜的”等细节，都体现出有主次、有顺序的观察与描绘(E12)，对朋友回来帮忙这一重点部分也进行了详写(S09)。然而，文章在叙事节奏上存在不足，对于朋友为何离开又为何回来这一关键的过渡性情节交代得过于简略(S10)，削弱了情节的合理性与情感的冲击力。语言表达上，语句基本通顺完整(E01)，但词句的恰当性与生动性有待提升(E02)，个别修辞手法的运用略显生硬(E05)，综合表达方式与表现手法的运用还不够娴熟(E06，E07)。"
160118,"文章选取了参加全国航海模型锦标赛的具体经历，详细列举了船模型号、工具种类以及三天比赛中的具体操作步骤，材料选取充实且具体(C02)。叙事过程中，作者能够有主次、有顺序地观察比赛进程，清晰地记录了从准备到完工的时间线(E12)。特别是在描写比赛波折时，对甲板变形、零件崩飞以及利用短棍修补等细节的刻画十分生动，体现了对事件细节的敏锐捕捉(E11)。同时，文章不仅记录了制作过程，还融入了心理活动和赛后反思，展现了多角度的思考(C06)。从结构上看，开头点明时间、地点和事件，切入迅速且恰当(S11)；结尾总结成绩并引申出对学习态度的思考，简洁有力(S12)。文章段落之间使用了明显的时间词和过渡句进行粘合，使得行文流畅自然(S03)，前后内容逻辑连贯，交代清楚(S02)。各段落均紧扣比赛这一核心主题，与主旨联系紧密(S06)(S08)，段内的句子也都能围绕段落中心展开(S07)。作者能够围绕中心思想有效地组织材料(C04)，在详略处理上，略写了工具准备等背景信息(S10)，详写了比赛中遇到的突发困难及解决办法，重点较为突出(S09)。语言方面，全文语句通顺流畅，意思表达完整(E01)。但在文采上略显平淡，词句的生动性和优美度有待提升(E02)。修辞手法的运用较少，缺乏丰富的修辞来增强文章的表现力(E05)。表达方式略显单一，主要依靠记叙，描写和抒情的成分较少(E06)，表现手法也较为常规(E07)。思想层面，虽然结尾提出了“人生不是彩排”的感悟，具备一定的思考性(C05)，但若能进一步结合制作过程中的具体心路历程进行深度挖掘，文章会更具感染力。"
160119,"文章选取了骑平衡车摔倒受伤、忍痛处理伤口以及负伤坚持打球这三个具体事件作为材料，内容充实(C02)。这些材料紧密围绕“坚强”与“拼搏”这一中心进行组织，逻辑清晰(C04)。作者能够从日常的生活琐事中提炼出关于学习态度和人生哲理的感悟，思想具有一定的独特性和深刻性(C05)。文章不仅叙述了事件本身，还延伸思考了面对困难和嘲笑时的态度，体现了多角度思考主题的能力(C06)。文章开头设置悬念，以“牛排”引出话题，新颖且恰当(S11)。结尾将具体事件升华为人生感悟，简洁有力，深化了主题(S12)。在详略安排上，详写了摔伤后的心理活动和处理伤口的疼痛细节(S09)，略写了去球场的路途等过渡性内容(S10)，处理得当。虽然前后内容交代基本清楚(S02)，且各段落与主旨联系较为紧密(S06)，段内句子也能围绕段落中心展开(S07)，但在段落之间的过渡上略显生硬，缺乏足够的过渡词句来粘合相邻段落(S03)，导致段与段之间的逻辑紧密度有待加强(S08)。语言表达方面，全文语句通顺，意思完整(E01)，词句运用较为恰当生动(E02)。但在修辞手法的运用上较为单一，不够丰富(E05)。表达方式以记叙为主，夹杂议论，综合运用程度一般(E06)。表现手法方面相对常规(E07)，不过作者敏锐地捕捉到了人物受伤时的心理和动作细节(E11)，叙事过程条理清晰，体现了有主次有顺序的观察(E12)。"
160120,"该生作文《被萤火虫指引的经历》选取了暑假游玩迷路并利用自然知识脱困的具体事例，材料充实(C02)，紧紧围绕“指引”这一中心组织情节(C04)，并能从单纯的游玩经历延伸至学习态度的思考，体现了较好的原创性(C05)和多角度思考能力(C06)。文章开头化用名篇句式，入题恰当(S11)，结尾总结升华，简洁有力(S12)，整体结构完整，前后交代清楚(S02)，段落间过渡自然(S03)，且段际关系较为紧密(S08)。叙事详略得当，重点详写了迷路后发现萤火虫及辨别方向的过程(S09)，略写了游玩前的准备等过渡性材料(S10)。但在段落与主旨的紧密度上略显不足，尤其是感悟段的转折稍显突兀(S06)，句段间的逻辑联系尚可(S07)。语言方面，语句通顺(E01)，词汇运用较为生动优美(E02)，综合运用了比喻、引用等修辞(E05)及记叙、议论等表达方式(E06)，表现手法多样(E07)。此外，作者敏锐捕捉了萤火虫飞舞的细节(E11)，观察具有一定的主次顺序(E12)。"
160121,"文章能够围绕“筛子”这一核心意象展开，立意具有一定的独创性和思考深度(C05)，并且能从生活经历和学习考试两个不同层面来思考主题(C06)。你选取了暴风雨中上课的经历作为支撑材料，内容具体且有说服力(C02)，使得材料的选择与中心主旨的表达能够紧密结合(C04)。在叙事层面，事件的记叙顺序清晰，主次分明(E12)，开头和结尾的设计也较为完整(S11，S12)。文章的主要问题体现在结构衔接与细节刻画上，从叙事到议论的转换显得较为仓促，缺乏必要的过渡词句来粘合段落(S03)，导致段落间的关系不够紧密(S08)。同时，作为思想升华的议论部分篇幅过于简略(S10)，这使得段落与主旨的关联以及段落内部句子的关联都显得有些松散(S06，S07)。在语言层面，你的语句通顺，意思完整清晰(E01)，但对人物和事件的细节刻画尚显不足(E11)，且较少综合运用多种修辞手法(E05)和表达方式(E06)，这限制了文章的文学性和感染力。"
160122,"该生作文围绕为母亲制作节日礼物这一中心事件展开叙述，选材较为具体(C02)，能够围绕中心组织材料，逻辑清晰(C04)。文章通过烤红薯失败却意外获得母亲赞赏这一情节，表达了亲情的可贵，具有一定的思想性和独创性(C05)，并能从子女和母亲两个角度来展现主题(C06)。开篇以“‘黑薯’养成记”为题，并用设问引出下文，较有新意(S11)。在结构上，文章能够交代清楚事件的前后经过(S02)，各段落与主旨的联系也较为紧密(S06)。叙事过程中，对挑选红薯、烤制过程等重点部分进行了详写，对时间过渡等则进行了略写，主次分明(S09)(S10)。然而，文章结尾对母亲吃完红薯后的情景描写较为仓促，未能很好地深化主题，略显不足(S12)。语言表达方面，语句基本通顺(E01)，但部分词语如“俺”“说罢”等略显口语化，不够精炼(E02)，修辞手法和表达方式的运用也较为单一(E05)(E06)。在细节刻画上，对母亲吃红薯的动作描写较为生动(E11)，但对人物心理活动的挖掘不够深入。段落之间的衔接主要依靠事件的自然顺序，过渡词句的使用尚有提升空间(S03)。同时，部分段落内部句子之间的逻辑联系可以更加紧密(S07)(S08)。"
160123,"文章能够围绕中心选择和组织材料(C04)，通过从早到晚的不同劳动场景，多角度地展现了主题(C06)，选取的挖土豆、割韭菜等生活场景具体且充分(C02)。全文结构是其突出优点，开篇能够恰当地切入主题(S11)，以时间为序的写作使得段落之间关系紧密(S08)，前后内容的交代清晰连贯(S02)。在段落内部，各段落和主旨紧密相连(S06)，各句话和段落中心句也联系紧密(S07)。文章详略处理得当，对挖土豆这一重点部分能够详写(S09)，对过渡性材料则能够略写(S10)，显示出较好的叙事节奏感。细节描写方面，能有主次有顺序地观察(E12)，并关注到人物和事件的细节(E11)。语言表达流畅(E01)，词句的运用也较为恰当生动(E02)。主要问题在于思想深刻性不足，对乡村生活意义的挖掘停留在较普遍的层面，缺乏独特性与原创性(C05)。此外，表达方式略显单一，综合运用多种表达方式的能力有待提升(E06)，修辞手法(E05)与表现手法(E07)的运用也较少。结尾部分对主旨的升华略显仓促，收束不够利落(S12)，段落间的过渡有时也依赖于时间词，可以更自然一些(S03)。"
160124,"文章的核心优点在于能围绕中心选择并组织材料(C04)，选取了备考这一具体事件来诠释“付出与收获”的主题，材料选取较为充分(C02)，并能从自身努力与他人鼓励等角度展开思考(C06)，使主题的呈现具有个人体验的独特性(C05)。在具体写作中，文章对关键情节的详写处理得当(S09)，尤其对埋头苦读过程的刻画较为细致(E11)，叙事有主次先后顺序(E12)，同时开头与结尾的设置也比较恰当(S11，S12)。然而，文章在结构衔接上存在明显不足，主要体现在将多个事件和心理活动都集中于一个长段落中，导致前后内容交代不够连贯(S02)，段落之间缺乏必要的过渡词句(S03)，使得段与段的关系不够紧密(S08)，影响了各段落与主旨的紧密关联性(S06)，尽管段落内部的句子联系尚可(S07)。语言表达方面，语句基本通顺(E01)，部分词句运用恰当(E02)，也使用了比喻等修辞手法(E05)，但整体表达方式较为单一，主要以记叙为主(E06)，在表现手法的综合运用上还有提升空间(E07)。"
160125,"这篇作文选取了跳绳比赛失利后重新努力并获得成功的经历作为素材，材料具体且较为充分，能够支撑文章的叙事框架(C02)。文章始终围绕“失败后重新站起”这一中心来组织材料，无论是心理变化还是训练过程，都服务于这一主题(C04)。作者由跳绳延伸至学习态度的思考，体现了一定的思想性，但观点的独特性和深刻度尚有提升空间(C05)。在思考角度上，主要局限于个人单一视角的经历叙述，多角度挖掘主题的能力表现一般(C06)。在结构安排上，文章按时间顺序叙事，能够交代清楚事情的起因、经过和结果(S02)。段落之间使用了如“但就在我心灰意冷时”等过渡词句，起到了一定的粘合作用(S03)。各段落内容均紧扣主旨展开，整体联系较为紧密(S06)。句段内部的逻辑联系基本清晰，但部分句子的衔接略显生硬(S07)。段落间的推进逻辑清晰，关系紧密(S08)。在详略处理上，对暑假训练的过程有所侧重，但重点部分的细节描写还不够丰满(S09)；对于过渡性的情节（如第一次比赛断绳）略写得当，但略显仓促(S10)。开头直抒胸臆，引出对象，较为恰当(S11)；结尾由事入理，总结全文，简洁利落(S12)。语言表达方面，部分语句存在语病和标点使用不规范的情况，通顺度有待加强(E01)。词句表达较为朴实口语化，生动性和优美感略显不足(E02)。修辞手法的运用较少，未能有效增强文章的感染力(E05)。文章主要运用记叙和议论的表达方式，但结合得不够自然娴熟(E06)。表现手法较为单一，缺乏变化(E07)。在细节描写上，虽然有动作描写，但对人物心理和场景的刻画还不够细腻(E11)。值得肯定的是，文章叙事条理清晰，有主次、有顺序地进行了观察和记录(E12)。"
160126,"文章围绕“小小解说员”的活动经历选取了具体且充分的材料，内容充实(C02)，且所有素材均紧密围绕文章中心展开，主旨明确(C04)。作者能够多角度思考，不仅记录了活动流程，还细致描绘了心理变化及突发状况，选材得当(C06)。在结构上，各段落与主旨联系紧密(S06)，句段之间逻辑连贯(S07)(S08)，能够交代清楚前后内容(S02)，并使用过渡词句衔接段落(S03)。详略安排合理，重点详写了讲解环节的心理活动与突发事件(S09)，略写了铺垫性的培训内容(S10)。开头引用恰当(S11)，叙述中有主次、有顺序(E12)，关注了人物心理和事件细节(E11)，综合运用了多种表达方式(E06)。但在语言层面存在明显不足，语句中存在多处语病和错别字，通顺度欠佳(E01)，词句缺乏生动性和文采(E02)，修辞手法和表现手法运用单一(E05)(E07)。结尾虽然提供了总结，但稍显仓促(S12)，且感悟缺乏独特性和深刻的思想(C05)。"
160127,"文章选材具体充分，选取生病头晕到下楼呼吸新鲜空气的经历，支撑起了文章架构(C02)。内容紧紧围绕“尝试”这一中心进行组织，从抗拒到实践再到感悟，脉络清晰(C04)。作者能从日常小事中提炼出“不去尝试就永远解不开难题”的深刻哲理，体现了思想的独特性(C05)，并能从生理感受和心理变化多角度思考主题(C06)。开头通过描写噩梦和身体不适直接切入，引人入胜(S11)，结尾将具体事件升华为人生感悟，简洁有力(S12)。文章详写了身体的不适感和下楼后的舒畅感，重点突出(S09)，但对于从室内到室外的过渡过程略写稍显生硬(S10)。段落间虽有时间线索，但过渡词句的使用还可以更加自然粘合(S03)，段落间的紧密程度尚可(S08)。句与句之间联系较为紧密(S07)，各段落也能服务于主旨(S06)，但在叙述逻辑上，如“妈妈出门”与“耳朵受不了”之间的因果关系交代不够清晰，前后内容的逻辑衔接有待加强(S02)。语言表达通顺完整(E01)，词句生动优美，如将脑子混乱比作“乱糟糟的头发”(E02)。综合运用了比喻、通感等多种修辞手法，增强了表现力(E05)。文章结合了记叙、描写和议论多种表达方式(E06)，并运用对比等表现手法突出了尝试前后的反差(E07)。作者对生病时的细节描写十分到位(E11)，对下楼后感官变化的描写体现了有顺序的观察(E12)。"
160128,"本文的优点在于叙事清晰，结构完整，且能围绕中心进行阐述。开篇通过比喻句引出“自信”这一主题，但排比句式略显套路化，新意不足(S11)。主体部分，作者选取了奥数考试这一具体事例，详略得当地记叙了自己从焦虑到沉着，最终通过努力克服难题并获奖的过程，展现了重拾自信的心路历程。这一选材具体充分，能够支撑文章中心(C02)，并能围绕“找回自信”这一核心组织材料(C04)。叙事过程中，作者能够详写解题时的心理活动和行为细节，如“抓耳挠腮”、“飞速地记录”、“听不见”周围的声音等，这些细节描写增强了文章的真实感和感染力(S09)(E11)，对次要环节如领奖则处理得较为简略(S10)。文章各段落能够紧扣“自信”的主旨展开(S06)，段落内部的句子也能围绕段落中心句进行组织(S07)。段落间的衔接也比较自然，通过事件发展的内在逻辑实现了内容的连贯(S02)(S08)，并运用了一些过渡性词句(S03)。从多角度思考方面，文章不仅写了失利后的不自信，也写了努力过程中自信的萌生，还写了成功后对自信的感悟，体现了一定的思考层次(C06)。语言表达流畅通顺(E01)，词句运用也较为生动，如“心急如焚”等(E02)。文章综合运用了记叙、议论和抒情等表达方式(E06)，并使用了比喻、引用等修辞手法(E05)以及心理描写等表现手法(E07)，观察细致有序(E12)。结尾部分，通过对1卢比的感悟，点明并深化了主题，与开头形成呼应，但引用爱因斯坦名言略显生硬，对自信的升华还可以更深刻一些，因此在原创性和思想深刻性上还有提升空间(C05)(S12)。"
160129,"文章能够围绕中心选择并组织记叙生病住院这一具体事件作为材料(C04)，从身体的病痛和心理的煎熬等多角度取材来表现主题(C06)，内容具体充分(C02)，结尾简洁有力地总结并升华了全文主旨(S12)。文章在结构组织上表现出色，段落与段落之间关系紧密(S08)，各段落均能紧密围绕主旨展开(S06)，段落内部的句子也能围绕中心句来写(S07)，并且能够运用过渡词句使上下文衔接自然(S03)。在写作技巧方面，详略得当，对住院期间的经历进行了重点描写(S09)，对其他部分则能作概括性交代(S10)，同时对人物和事件的细节有很好的关注与呈现(E11)，观察有序(E12)。语言表达流畅通顺(E01)，词句运用较为生动(E02)，并能综合运用比喻、引用等修辞手法(E05)。然而，文章的开头部分略显平淡，未能迅速吸引读者(S11)，从心情不好到恍然大悟的转变过程交代不够清晰，略显突然(S02)。此外，文章在思想内容的深刻性和独创性方面还有提升空间，目前的主题提炼较为常见(C05)，叙述、议论等表达方式的综合运用以及表现手法的多样性也可以进一步加强(E06)(E07)。"
160130,"文章围绕“音乐之行”这一中心，选取了街头演唱、正式比赛和金色大厅颁奖三个核心事件作为材料，内容具体充分，且能围绕主题进行组织(C02)(C04)。全文能够从游玩的快乐与比赛的紧张等多个角度来展现此次音乐之旅的精彩，体现出较好的构思能力(C06)。文章结构层次清晰，段落之间衔接较为紧密(S08)，并能使用“然而”等过渡词句使上下文转接自然(S03)，各段落内容也基本能与主旨紧密相连(S06)。结尾部分对全文进行总结并点题，显得简洁有力(S12)。整体语句通顺，意思表达完整(E01)，叙事也能按照时间顺序展开，有主有次(E12)。但在一些方面还存在不足：首先，文章在思想深刻性上表现一般，对于音乐的魅力、团队协作的感悟停留在较浅的层面，缺乏独创性的见解(C05)。其次，在结构细节上，开头部分稍显平淡，未能迅速吸引读者(S11)，个别地方的内容交代不够清晰，如从游玩到比赛的转折略显突然(S02)。在详略处理上，作为核心事件的比赛过程描写不够突出，缺乏对演唱细节的刻画，未能详写重点部分(S09)，而对赛前训练的介绍则可以作为过渡性材料进行略写(S10)。再次，在语言表达和表现手法上，虽然词句使用基本恰当(E02)，但对人物和事件的细节刻画不足，如对观众的反应、获奖时的心情等描写较为笼统(E11)。文章综合运用的修辞手法不多(E05)，表达方式也以叙述为主，略显单一(E06)，未能综合运用多种表现手法来增强文章的感染力(E07)。最后，段落内部的句子之间虽然连贯，但围绕段落中心句的组织还可以更加紧密(S07)。"
160131,"文章能够围绕游览天津这一中心选择和组织材料(C04)，选取了古文化街和袁世凯故居等内容，材料具体且充分(C02)。在结构安排上，各段落能够紧密连接主旨(S06)，段落内部的句子也能围绕中心句展开(S07)，并且能够详写重点部分(S09)，略写过渡性材料(S10)。全文按照游览顺序进行观察记叙，条理清晰(E12)，结尾部分简洁利落(S12)。同时，文章也使用了过渡词句来粘合段落(S03)，使得前后内容的交代基本清楚(S02)。然而，文章在思想深度上稍显不足，虽然能对历史人物进行多角度思考(C06)，但得出的感悟缺乏独创性与深刻性(C05)。在结构方面，开头略显平淡(S11)，段落之间的逻辑关系还可以更加紧密(S08)。语言表达上，全文语句通顺完整(E01)，也能关注到人物和事件的细节(E11)，但词句的生动优美程度有待提升(E02)，综合使用的修辞手法(E05)、表达方式(E06)和表现手法(E07)也较为有限。"
160132,"文章的优点在于能够围绕中心选取一件具体的生活小事作为核心材料，即买早餐忘带钱获得老板娘微笑帮助的经历，这使得文章内容显得具体而充分(C02)。在叙事过程中，能够详写自己的心理活动与老板娘的言行，突出了文章的重点部分(S09)，并且对老板娘微笑时“眼睛眯成了一条缝”的细节描写也比较到位(E11)。文章整体结构较为完整，能够交代清楚事件的前后经过(S02)，段落与主旨、句子与段落中心句的联系都比较紧密(S06)(S07)，记叙、描写、议论等表达方式也得到了综合运用(E06)。然而，文章在思想深度上略显不足，选材和立意较为常见，缺乏一定的独创性(C05)。开头和结尾的处理显得有些模式化，未能给读者带来惊喜(S11)(S12)，结尾的排比句虽然点明了主旨，但与前文故事的衔接略显生硬，未能做到详略得当中的“略写”过渡(S10)。此外，语言表达方面是主要的失分点，语句基本通顺但不够精炼优美(E01)(E02)，修辞手法的运用也比较单一，主要集中在结尾，未能贯穿全文(E05)。"
160134,"文章选取钢琴考级前夕心态变化与刻苦练习的经历作为写作材料，内容具体且较为充分(C02)，并能围绕“为自己的行为买单”这一中心来组织材料，展现出事件与主旨的关联(C04)，同时文章也体现了从老师、妈妈、妹妹等多个角度对自身行为后果的思考(C06)。结构上，文章开头能点明主旨并引出下文(S11)，主体部分能清晰交代事件的前后发展脉络(S02)，段落间的衔接也使用了有效的过渡(S03)，使得各段落能够与主旨紧密相连(S06)，段落内部的句子组织也较为有序(S07)，从而保证了段落间的关系紧密，整体结构严谨(S08)。本文在详略处理上表现突出，能够对考前14天的心理挣扎与行动进行重点详写(S09)，并对其他背景信息进行略写(S10)。表达层面，文章语句基本通顺完整(E01)，能够综合运用记叙和议论等表达方式(E06)，并通过心理描写等表现手法来刻画人物(E07)，尤其对“心如刀绞”、“泪水拍打琴键”等人物和事件细节的描写很成功(E11)，观察也体现出主次和顺序(E12)。但在语言的锤炼上仍有空间，词句的选用虽恰当但不够生动优美(E02)，修辞手法的运用也较为有限(E05)，这在一定程度上影响了思想的深刻性与独创性表达(C05)。结尾部分简洁地回应了主题，完成了结构上的闭环(S12)。"
160136,"文章选取了暑假学习自由泳这一具体事例作为核心材料，内容充实且紧扣题目(C02)。叙述过程始终围绕“伴我一生的本领”这一中心展开，选材组织严密(C04)。虽然立意较为常规，思想深度和独创性一般(C05)，但能从动作技巧掌握和心理变化等角度切入，体现了一定的思考维度(C06)。结构上，开头引用俗语引出主题，入题恰当(S11)，结尾简洁有力地总结了收获与感悟，收束利落(S12)。行文能够清晰交代学习过程的前因后果(S02)，并熟练运用“可是”、“接下来”等过渡词句连接情节，使叙事流畅自然(S03)。段落主旨明确(S06)，句与句之间联系较为紧密(S07)，段落间的逻辑推进也基本合理(S08)。在详略安排上表现优异，对打腿困难、换气技巧等重点环节进行了细致描写(S09)，而对掌握较快的手部动作等过渡性内容则一笔带过，处理得当(S10)。语言方面，语句通顺流畅(E01)，用词基本恰当(E02)，使用了比喻等修辞手法增强形象感(E05)。叙述中关注了“看柱子换气”、“耳朵进水”等具体细节(E11)，并按照学习步骤有主次、有顺序地进行了观察与描写(E12)，综合运用了心理描写和动作描写等表现手法(E07)，但在表达方式的丰富性上仍有提升空间(E06)。"
160137,"文章选取了参观机器人大会的过程作为主要内容，涵盖了抢票、入场、观看汽车人模型及不同类型的机械臂等具体情节，材料较为充实且紧扣“机器人大会”这一主题(C02，C04)。叙事脉络清晰，能够按照参观的时间顺序交代前后经过，特别是在描写机械臂时，能按照大、中、小的顺序进行有条理的观察(S02，E12)。在详略安排上，作者将笔墨重点放在了机械臂的展示与功能上，而对抢票等过渡性环节进行了概括，做到了详略得当(S09，S10)。然而，文章在立意上较为常规，缺乏独特的感悟或多角度的思考，仅停留在表面的记录(C05，C06)。结构上，段落间的过渡较为生硬，句段与主旨的紧密度一般，尤其是开头和结尾过于简单直白，缺乏吸引力和余味(S03，S06，S07，S08，S11，S12)。语言方面，虽然语句通顺(E01)，但表达较为平淡，缺乏生动的词句和修辞手法的运用，对人物和事件细节的刻画也不够深入，导致画面感不强(E02，E05，E06，E07，E11)。"
160138,"文章选取了四年前在香港机场购买X-box游戏机的具体往事作为素材，事件完整，情节具体，能够支撑起对往事的回忆与反思(C02)。在叙事过程中，能够紧紧围绕“那时”的任性与现在的感悟这一中心来组织材料，主旨较为明确(C04)。但在选材的独特性上稍显欠缺，属于常见的“误解-反思”模式，思想深度有待进一步挖掘(C05)。虽然尝试从自我反思的角度切入，但观察和思考的角度还可以更加多元化(C06)。在结构安排上，文章表现出色，能够非常清楚地交代事情的前因后果，叙事条理清晰(S02)。特别是在段落衔接方面，巧妙运用“那时”、“那天”、“四年了”等时间词汇，有效地粘合了相邻段落，使文章过渡自然流畅(S03)。段落之间关系紧密，整体结构严谨(S08)。各段落内容基本能紧扣主旨展开(S06)，句与句之间的逻辑联系也较为紧密(S07)。文章详略处理得当，对购买礼物时的心理纠结等重点部分进行了详写(S09)，对行程等过渡性材料进行了适当略写(S10)。不过，开头部分较为平淡，入题方式较为常规(S11)；结尾虽然试图升华，但引用季羡林先生关于“子欲养而亲不待”的沉重话语来类比一次购物的不愉快，在情感分量上略显失衡，简洁有力方面仍有提升空间(S12)。语言表达方面，语句通顺流畅，意思表达完整，显示出良好的语言基础(E01)。能够关注到人物的心理变化和事件细节，特别是对“选择困难症”和面对价格时的心理活动描写得比较细腻(E11)。叙事遵循了清晰的时间顺序，条理分明(E12)。但在词句的生动性和优美度上还有发挥余地(E02)。修辞手法的运用相对较少(E05)，表达方式以记叙为主，议论和抒情的结合还可以更加自然融洽(E06)。整体表现手法较为传统，若能尝试更多样的写作技巧，文章会更具感染力(E07)。"
160139,"文章以“星夜虫语”为题，选取了入住童话树屋、观赏漫天繁星以及聆听夏夜虫鸣等具体材料，内容充实且富有生活情趣(C02)。行文紧紧围绕文章中心进行选材和组织，主次分明，重点突出(C04)。作者能从视觉的星空和听觉的虫鸣两个角度思考主题，选用的材料恰当且具有表现力(C06)，体现了独特的原创性思考和较为深刻的思想立意(C05)。在结构安排上，文章开头从童话故事引入，自然过渡到现实中的树屋，入题恰当且引人入胜(S11)；结尾简洁利落，由景及理，升华了主题(S12)。行文过程中，作者能够按照时间推移和游踪顺序交代清楚前后内容(S02)，并熟练运用“不久”、“不知不觉”等过渡词句粘合相邻段落，使文章脉络清晰(S03)。段与段之间关系紧密(S08)，各段落均与主旨紧密相连(S06)，段落内部的句子也能紧紧围绕段落中心展开(S07)。作者处理详略得当，能够详写夜晚观星听虫这一重点部分(S09)，而对路途和屋内设施等过渡性材料进行了合理的略写(S10)。在描写方面，作者观察细致，有主次、有顺序地对景物进行了描绘(E12)，特别关注了星光的形态和虫鸣的配合等细节(E11)。全文语句通顺，意思完整(E01)，词句恰当生动，具有一定的美感(E02)。尤为突出的是，作者综合使用了比喻、拟人、排比等多种修辞手法，将星空比作宝石，将虫鸣比作交响曲，极大地增强了语言的感染力(E05)。虽然在表达方式(E06)和表现手法(E07)的多样性上还有提升空间，但整体上成功营造了优美的意境。"
160140,"作文选材源于亲身经历，围绕中关村二小合唱团在金色大厅夺金的具体事件展开，素材真实且具有感染力(C02)，并能紧紧围绕“努力与收获”这一中心组织内容，主旨明确(C04)。开头以惊叹句先声夺人，直接点出比赛结果，极具冲击力，非常恰当(S11)；结尾结合夜景抒发感悟，简洁利落，升华了主题(S12)。叙事条理清晰，能够按照时间顺序交代清楚从备赛、练习到获奖的全过程(S02)，观察视角有主次、有顺序(E12)。在结构方面，虽然整体流程通畅，但段落之间、句子之间的逻辑紧密度有待加强。部分段落与主旨的直接关联感稍弱，段落内部的聚合力不够(S06)(S07)，段落间的过渡衔接也显得略微生硬，不够紧密(S03)(S08)。在详略安排上，文章虽然提及了高强度的练习，但对“万滴汗水”的具体细节描写还不够丰满，重点部分的刻画力度尚显不足(S09)(S10)，对人物和事件细节的关注度还可以进一步提升(E11)。在语言表达上，全文语句基本通顺，意思完整(E01)，但部分词句的运用不够精准生动，如“巴沙色肉里挑大刺”的比喻略显突兀(E02)。此外，文章在修辞手法(E05)、表达方式(E06)及表现手法(E07)的综合运用上较为单一，若能增加细腻的心理描写或环境烘托，文章的独特性和深刻性(C05)以及多角度表现力(C06)将会有更好的呈现。"
160141,"文章能够从一次旅行经历切入，通过是否参观乔尔玛烈士陵园的行程选择，展现出对主题的多角度思考(C06)。你选取了独库公路的险峻形态和筑路工人的艰辛事迹作为核心材料，内容较为具体(C02)，并且能够围绕着“路”的感悟这一中心来组织和安排(C04)。结尾将修路之难与人生之路的开拓联系起来，使文章具备了一定的思想性，但在立意原创性上还有提升空间(C05)。结构上，文章开头能直接引出记叙对象(S11)，结尾简洁有力地升华了主旨(S12)，叙事线索也比较清晰，能够交代清楚前后内容(S02)。对公路见闻和陵园感触等重点部分做到了详写，对行程规划等次要信息则进行了略写，详略处理得当(S09，S10)。然而，文章的内部逻辑衔接是主要弱点，段落之间的关系不够紧密(S08)，尤其是第二段内容融合了路景描写、行程决策和陵园感想，导致段落中心不够集中，内部句子间的联系也因此显得松散(S07)，使得段落与主旨的关联性减弱(S06)，若能使用一些过渡词句会使衔接更自然(S03)。语言方面，语句基本通顺完整(E01)，能够有主次有顺序地进行观察和描写(E12)，并关注到了“油灯，镐子”这样的细节(E11)。但词句的生动性和美感不足(E02)，修辞手法(E05)、表达方式(E06)和表现手法(E07)的运用比较单一，限制了文章的感染力。"
160143,"文章选取了“捉养麻雀”这一具体的生活事例作为写作材料，内容充实且具体(C02)，能够紧密围绕“自己的命运自己掌握”这一中心进行选材和组织(C04)。虽然仅从麻雀这单一角度切入，缺乏多维度的论证(C06)，但作者能从麻雀绝食以求自由的行为中延伸出对命运掌控权的思考，立意具有一定的独特性和深度(C05)。在结构上，文章叙事完整，事情的起因、经过和结果交代得十分清楚(S02)。段落之间过渡自然，利用回忆将现实与往事巧妙粘合(S03)，各段落均紧扣主旨展开(S06)，段落内部句子衔接紧密(S07)，段与段之间逻辑关系紧密(S08)。开头采用触景生情的方式引入，较为恰当(S11)；结尾简洁利落，直接点明了文章的主旨(S12)。叙事详略得当，重点详写了麻雀在笼中的表现及作者心理变化(S09)，略写了其他过渡性内容(S10)。语言表达方面，全文语句通顺，意思表达完整清晰(E01)。虽然在词句的生动优美(E02)及修辞手法的多样性(E05)上表现一般，表达方式也相对传统(E06)，但作者胜在观察细致，能够关注到人物动作（如姥爷的“窜”、“扣”）和麻雀神态（如“左顾右盼”、“奄奄一息”）的细节(E11)，并能进行有主次、有顺序的观察描写(E12)。此外，文章通过麻雀笼内外的状态对比，体现了一定的表现手法运用能力(E07)。"
160144,"文章最大的优点在于选材新颖独特，能够围绕“不一样”的旅程中心选取火山温泉、战地越野车、热瀑布和火山泥沙浴等具体而充分的材料来展开叙述(C02)，并且这些材料的组织基本能够服务于文章的中心思想(C04)。从结构上看，文章叙事线索清晰，能够交代清楚前后内容(S02)，并使用“终于”“又去了下一站”等词句来粘合段落，起到了过渡作用(S03)。同时，文章能够从交通工具的奇特、自然体验的神奇等多个角度来表现主题，体现了一定的思考(C06)，各段落内容也基本能与主旨建立联系(S06)。然而，文章在思想的独创性上略有不足，结尾的感悟较为套路化，未能将独特的体验升华为深刻的个人见解(C05)。在篇章的细部构建上，段落之间的逻辑关系可以更紧密(S08)，段落内部也存在部分句子与段落中心句联系不够紧密的问题(S07)。文章对重点部分的详写程度有待加强，例如沙浴过程的感受描写可以更深入(S09)，而对过渡性材料的处理则显得过于简略(S10)。此外，文章的开头较为平实，吸引力不足(S11)，结尾的议论也显得有些仓促，未能与前文的独特经历形成良好的呼应(S12)。在语言层面，语句基本通顺(E01)，但词语的运用不够生动优美(E02)，对细节的观察和呈现有待提高(E11)，观察的顺序性尚可(E12)。整体来看，文章主要依靠叙述和描写，表达方式(E06)、表现手法(E07)和修辞手法(E05)的运用都比较单一，限制了文章的文学性和感染力。"
160201,"文章在细节观察与呈现上表现突出，能够有主次有顺序地观察并描摹事件(E12)，例如对医生外貌和包扎动作的刻画细致入微，体现了对人物事件细节的关注(E11)。在叙事结构方面，文章能够交代清楚事件的前后经过(S02)，段落之间关系较为紧密(S08)，并能使用过渡词句进行衔接(S03)，使得各段落能与记叙医生帮助这一主旨产生关联(S06)。然而，文章在选材与立意的结合上存在不足，虽然选取了具体的生活事件作为材料(C02)，但材料的组织未能紧密围绕一个鲜明的中心展开(C04)，导致文章思想的原创性与深刻性不足(C05)，也未能体现出对主题的多角度思考(C06)。在篇章布局的细节处理上，开头部分略显套路化(S11)，结尾虽力求简洁但升华不够自然(S12)，同时段落内部句与句的联系不够紧密，有时会偏离段落中心句(S07)，重点部分的详写与过渡性材料的略写之间的平衡仍有提升空间(S09，S10)。语言表达方面，文章综合运用了记叙与描写等表达方式(E06)，并尝试运用一些表现手法(E07)，部分词句的选择也较为恰当生动(E02)，但句子的通顺度与完整性有待加强，存在语病或表达不流畅之处(E01)，修辞手法的运用也较为单一和有限(E05)。"
160203,"这篇作文以“一碗‘冒牌’的方便面”为线索，选取了童年时期姥姥为了孙辈健康偷换面饼这一具体且充满生活气息的材料，内容充实感人(C02)。文章始终紧扣“姥姥深沉的爱”这一中心来组织材料，从最初的任性索要到后来的真相大白，逻辑严密(C04)。这种以小见大、通过“欺骗”来表现爱的立意，体现了作者独特的观察视角和深刻的情感体验(C05)。作者不仅描写了事件本身，还结合了自身的成长变化（从“豆芽菜”到健康成长）以及心理感悟，多角度地展现了主题(C06)。在结构上，文章起承转合自然，前因后果交代得非常清楚(S02)。利用“小时候”、“有一天”、“过了许多年”等时间词作为过渡，有效地粘合了相邻段落，使叙事流畅(S03)。每一个段落都紧紧围绕着亲情这一主旨展开，无枝蔓感(S06)。段落内部的句子衔接紧密，紧扣段落中心(S07)，段与段之间层层递进，关系紧密(S08)。文章重点详写了小时候吃面时的情景以及姥姥的细节表现(S09)，而对成长过程中的其他琐事则进行了恰当的略写(S10)。开头运用排比和设问引发读者兴趣，切入自然(S11)；结尾将爱比作“水蒸气”，既照应了煮面的场景，又升华了情感，简洁而富有余味(S12)。语言表达方面，全文语句通顺，意思表达完整清晰(E01)。词句运用恰当，如用“豆芽菜”、“纸片人”形容瘦弱，生动形象(E02)。作者熟练运用了比喻、排比、设问等多种修辞手法，增强了语言的感染力(E05)。文章综合使用了记叙、描写、抒情和议论等表达方式，特别是结尾的议论抒情起到了画龙点睛的作用(E06)。表现手法多样，如通过姥姥神态的细节描写来侧面烘托人物心理(E07)。作者非常善于捕捉细节，如姥姥“抿着嘴，皱着眉头”的神态以及“夹青菜”的动作，都刻画得细致入微(E11)。叙事过程条理清晰，观察视角有主有次，展现了良好的观察力(E12)。"
160204,"文章能够选取一次受伤后母亲照料的经历作为核心材料，这一材料具体且充分，足以支撑母爱的主题(C02)，并且能围绕中心来组织叙事(C04)，使得各段落与主旨紧密相连(S06)；同时，叙事观察有序，主次分明，能够按照事件发展顺序进行描写(E12)。然而，文章在思想深度和独创性上表现不足，所选事件和立意较为常见，缺乏独特的个人感悟(C05)，也未能从多角度对主题进行思考和拓展(C06)。结构方面，开头和结尾均略显套路化(S11，S12)，重点部分虽有描写但不够详尽(S09)，而一些过渡性材料的处理则不够简略(S10)，段落之间、句与句之间的衔接有时不够紧密自然(S08，S07)，前后内容的交代存在不够清晰的地方(S02)，过渡词句的运用也比较基础(S03)。语言表达上，部分语句不够通顺，存在语病(E01)，词句的运用虽基本恰当但不够生动优美(E02)，对人物事件的细节刻画不足(E11)，修辞手法的运用较为单一(E05)，叙述、描写、抒情等多种表达方式的综合运用不够纯熟(E06)，导致整体表现手法比较简单(E07)。"
160207,"该生作文《雨后的温暖》选取了雨天同学共伞这一具体的生活事例，材料充实且贴合学生生活实际(C02)，并能紧紧围绕“关爱”这一中心进行组织，主旨明确(C04)。虽然题材较为常见，思想深度和原创性表现尚可但不够突出(C05)，不过能从个人经历延伸至社会层面的思考，体现了一定的多角度审视能力(C06)。在结构上，文章叙事完整，前因后果交代清楚(S02)，段落间使用了基本的过渡词句进行粘合(S03)，各段落与主旨联系较为紧密(S06)，句段内部逻辑基本连贯(S07)，段落间关系也较为紧凑(S08)。详略处理方面，重点情节“共伞”有一定的描写但还可以更细腻(S09)，过渡性材料处理得当(S10)。开头通过设问引出主题，较为恰当(S11)，结尾引用歌词升华主旨，简洁有力(S12)。语言方面，语句通顺流畅(E01)，使用了如“孙猴子的脸”、“热锅上的蚂蚁”等生动的比喻(E02)(E05)，综合运用了记叙、议论等表达方式(E06)，但在表现手法的多样性上略显单薄(E07)。此外，文章关注了人物动作和心理细节(E11)，并按照时间顺序有条理地进行了观察和叙述(E12)。"
160209,"文章在整体构思与结构安排上表现出较好的水平，开头能够对主旨进行阐释并引出下文(S11)，结尾简洁有力地收束全文并深化主题(S12)。文章选取了雨中获得同学帮助这一具体事件作为写作材料，内容较为充分(C02)，并且能够从冒雨的焦灼与获得帮助的温暖这一对比角度来思考和表现主题(C06)，尤其是在情节上设置了与同学刚吵完架的背景，使得主题的表达具有一定的独特性和深度(C05)。在结构层面，文章叙事线索清晰，能够交代清楚事件的前后发展(S02)，段落之间使用了恰当的过渡词句，衔接自然(S03)，各段落内容均能围绕主旨展开(S06)，段落内部的句子之间也联系紧密(S07)，从而保证了段落间的关系是紧密的(S08)。语言表达方面，语句基本通顺完整(E01)，词语运用也较为恰当生动(E02)，同时能够关注到人物的心理和动作细节(E11)，并按照事件发展的顺序进行观察和叙述(E12)。然而，文章在材料的组织与详略处理上存在提升空间，尽管选择了合适的材料，但材料与中心思想的结合可以更加紧密，例如前文与同学的矛盾与后文的和解之间的关联铺垫不足，影响了材料对中心的支撑力度(C04)。在详略处理上，对次要情节的交代比较得当(S10)，但对于核心情节，即同学出现后“我”的心理转变以及两人共撑一伞的温暖场景，描写不够深入细致，未能进行充分的详写(S09)。此外，在表现手法的运用上还略显单一，虽然使用了一些修辞手法(E05)，但综合运用的能力有待加强，表达方式也以叙述为主，可以尝试更多样化的融合(E06)，表现手法的丰富性也有待提高(E07)。"
160210,"该作文选取了泰国轮船上哄小孩的具体事例，材料充实且紧扣“关爱”这一中心主题，体现了选材的针对性(C02，C04)。虽然主题较为常见，思想深度表现一般(C05)，但在表现时能顾及周围乘客的反应与自身行动的对比，体现了多角度思考(C06)。结构上，开头排比句式引入自然(S11)，结尾引用歌词升华主题简洁有力(S12)。文章叙事逻辑清晰，前后交代明白(S02)，段落间过渡自然(S03)，且各段落与主旨联系紧密(S06，S08)，句与句之间逻辑连贯(S07)。详略安排得当，重点描写了哄小孩的过程，略写了行程背景(S09，S10)。语言表达上，语句通顺流畅(E01)，用词生动，如“雷电似”、“破涕为笑”等增强了画面感(E02)。在描写中关注了声音、神态等细节(E11)，并按照事情发展顺序进行了有条理的观察与叙述(E12)。虽然运用了夸张等修辞，但修辞手法的丰富性尚有提升空间(E05)，不过能综合运用记叙与议论的表达方式(E06)，并使用了对比等表现手法来突出主题(E07)。本文取材于真实的旅行经历，选取了“轮船上哄小孩”这一具体且充实的事例作为核心内容(C02)。整篇文章紧紧围绕“关爱”这一中心进行选材和组织，主旨非常明确(C04)。虽然文章立意较为传统，在思想的独特性和深刻性上表现中规中矩(C05)，但你能从周围乘客的厌恶、家长的焦急以及“我”的主动援手等多个角度来表现主题，丰富了文章层次(C06)。在结构安排上，开头运用排比句式引出话题，入题恰当(S11)；结尾引用歌词升华情感，简洁利落(S12)。文章把事情的前因后果交代得十分清楚(S02)，并能利用过渡词句自然地粘合相邻段落，使行文流畅(S03)。各段落内容均与主旨紧密相连(S06)，段与段之间逻辑关系严密(S08)，段落内部的句子也紧扣中心意图(S07)。在详略处理上，你将“用手机放鸡叫”和“做鬼脸”哄小孩的过程进行了详写(S09)，而对旅行的过渡性情节进行了略写，重点突出(S10)。语言表达方面，全篇语句通顺，意思表达完整(E01)。用词恰当且生动，如形容哭声“像雷电似”，描写孩子“破涕为笑”，具有较强的感染力(E02)。你非常善于捕捉细节，对声音和人物神态的刻画细致入微(E11)，并且能够有主次、有顺序地进行观察和描写(E12)。文中综合运用了记叙和议论的表达方式(E06)，并采用了对比（众人冷漠与作者热心）的表现手法(E07)。虽然运用了比喻和夸张，但在修辞手法的综合运用上还可以更加丰富多样(E05)。"
160211,"该习作通过三个“镜头”分别选取了家庭、同伴、师生三个维度的素材，选材具体且较为充分(C02)，能够从多角度思考主题并选用合适的材料来表现“关爱无处不在”这一中心(C06)，且材料组织紧紧围绕文章主旨(C04)。文章结构上采用了小标题形式，条理清晰，开头运用比喻排比点题，入题恰当(S11)，结尾总结全文，简洁利落(S12)，各段落内容与主旨联系紧密(S06)，前后内容交代尚属清楚(S02)。然而，在结构衔接与详略安排上存在明显不足。由于过分依赖小标题，段落之间缺乏必要的过渡词句进行粘合(S03)，导致段与段之间的内在逻辑关系不够紧密(S08)。更为关键的是，文章未能做到详略得当，三个事例平均用力，未能详写重点部分，使得情感表达略显单薄(S09)，尽管过渡性材料略写尚可(S10)。在段落内部，部分句子与段落中心句的紧密度也有待加强(S07)。语言表达方面，整体语句通顺，意思完整(E01)，词句基本恰当(E02)。但在表达技巧上较为单一，综合使用多种修辞手法(E05)、多种表达方式(E06)以及多种表现手法(E07)的能力较弱，主要以平实的记叙为主。虽然尝试关注细节，如父亲教做操的穴位名称，但整体对人物和事件的细节刻画不够生动深入(E11)，观察叙述的主次顺序也不够鲜明(E12)。此外，文章立意虽正确，但选材较为常规，在独特性和思想深刻性上还有提升空间(C05)。"
160212,"文章选取了拉丁舞课上因表现不佳受到老师惩罚，课后老师谈心化解委屈这一具体事件，材料充实且生活气息浓厚(C02)；整体叙事紧紧围绕“特殊的关爱”这一中心展开，材料组织方向明确(C04)；立意上将严厉的管教视为关爱，虽符合题意，但属于较为常规的构思，创新性与深刻度尚有提升空间(C05)；叙述视角较为单一，主要集中在“我”的心理变化，若能增加对老师神态或动作的多角度捕捉会更佳(C06)。文章结构基本完整，起因、经过、结果交代清楚(S02)；段落之间能利用情节发展自然过渡，但显性的过渡词句运用较少(S03)；各段落内容均指向“关爱”这一主旨，核心明确(S06)；句段内部逻辑尚可，但部分情绪转折处的语句衔接稍显生硬(S07)；段落间的紧密度一般，中间叙事段落篇幅过长，略显臃肿(S08)；在详略安排上，对于“受罚”的过程描写较细，但对于“顿悟”这一重点心理变化过程铺垫不足，略显仓促(S09)；背景性交代的过渡材料处理得当(S10)；开头采用对比手法引出话题，较为恰当(S11)；结尾呼应标题，升华主题，简洁利落(S12)。语言表达方面，全文语句通顺流畅，叙述清晰(E01)；运用了“眼泪就像坏了的水龙头”等比喻句，使表达具备一定的生动性(E02)；修辞手法相对单一，主要依赖比喻，丰富度不够(E05)；综合运用了记叙、描写、议论等表达方式(E06)；采用了欲扬先抑的手法以及环境描写（阳光）来烘托心情变化(E07)；能够关注到“啪啪两声”、“眼泪滴在衣服上”等细节，增强了真实感(E11)；叙事顺序井然有序，条理分明(E12)。"
160213,"文章在内容选择与中心确立上表现出色，能够选取一件具体的校园事件作为核心材料，内容详实充分(C02)，并能紧密围绕“关爱需要考虑他人感受”这一中心来组织材料(C04)。作者能够跳出自我视角，从自己和同学两个角度来反思事件，体现了较好的多角度思考能力(C06)，但在思想的原创性与深刻性上还可以进一步挖掘，使主题得到升华(C05)。结构上，文章整体布局完整，开头能恰当引入思考(S11)，结尾能简洁有力地收束全文并点明感悟(S12)，前后内容的衔接也比较清晰(S02)。段落之间通过过渡词句实现了较好的粘合(S03)，关系紧密(S08)，段内句子也能围绕中心句展开(S07)，但个别段落与全文主旨的关联可以更直接紧密一些(S06)。文章在详略处理上颇具功力，能够详写同学写字受挫和“我”出手相助的核心场面(S09)，同时对背景环境等次要信息则进行了略写(S10)。语言表达是本文的亮点，语句通顺流畅(E01)，观察细致有序(E12)，尤其对人物的神态、动作等细节刻画十分到位，富有画面感(E11)。词句的运用较为生动(E02)，并能综合使用比喻等修辞手法增强表达效果(E05)。主要的不足在于表达方式的综合运用上，文章以记叙为主，议论抒情融合得不够充分(E06)，表现手法的多样性也有待加强(E07)。"
160215,"文章选取了“爸爸连夜赶回帮我戴眼镜”和“自学笔记辅导我奥数”两个具体事例，材料选择充分且贴切(C02)，始终紧紧围绕“爸爸的爱”这一中心来组织材料(C04)，能够从生活关怀和学习支持两个角度来表现主题(C06)。在结构上，各段落与主旨联系紧密(S06)，段落之间的逻辑关系也十分紧凑(S08)，特别是对第一件事进行了详写，突出了文章重点(S09)。结尾处将父爱比作“平淡无奇的书”和“包装普通的硬糖”，简洁利落(S12)，体现了作者对父爱独特的感悟和深刻的思考(C05)。叙事过程中，语句通顺流畅(E01)，能够按顺序有主次地展开描写(E12)，并关注了人物额头的汗珠以及“我”焦急的心理活动等细节(E11)。不过，文章在修辞手法的综合使用上略显单薄(E05)，部分语言的生动优美程度还有提升空间(E02)。此外，虽然开头中规中矩(S11)，但段落间的过渡词句有时略显生硬，粘合度不够自然(S03)，关于“戴眼镜”的具体背景若能交代得更清楚，前后内容的逻辑会更顺畅(S02)。"
160216,"文章以现实中母亲的咳嗽声为引子，自然切入对往事的回忆，开头设置巧妙，引人入胜(S11)。在内容选材上，你选取了四岁时发高烧、父母冒雨送医以及母亲彻夜照顾的具体事例，材料充实且极具代表性(C02)。全篇紧紧围绕“母爱”这一核心主题展开，无论是回忆中的悉心照料，还是现实中的感恩反思，都服务于中心思想的表达，主旨鲜明(C04)。虽然“生病送医”是常见的题材，但你通过真挚的情感赋予了文章动人的力量，体现了一定的思想深度(C05)。你善于从不同侧面挖掘素材，如风雨中的护佑、医院里的按摩、深夜的哄睡等，多角度地刻画了母亲无私奉献的形象(C06)。在结构安排上，文章采用了倒叙的手法，现实与回忆穿插自然，前后内容交代得非常清楚(S02)。文中巧妙使用了“我想起”、“到了医院”、“而现在”等过渡词句，使得段落之间的衔接流畅自如(S03)。各段落紧紧围绕主旨铺排(S06)，段落内部句子逻辑严密(S07)，段与段之间层层递进，结构十分紧凑(S08)。叙事详略得当，对母亲在医院按摩和回家哄睡的细节进行了浓墨重彩的描写(S09)，而对路途等过渡性情节则做了恰当的略写(S10)。结尾处引用诗句升华主题，表达了对母亲的感激与报答之情，简洁有力，余味无穷(S12)。语言表达方面，全文语句通顺流畅，意思完整(E01)。你特别擅长捕捉人物细节，对母亲“轻柔的手”、“疲惫闭上的眼睛”、“红肿如包子的手腕”等细节的刻画入木三分(E11)，观察细致且有条理(E12)。同时，文中运用了比喻等修辞手法，如将风雨比作海浪和利剑，增强了画面的生动性(E05)，词句选用恰当优美(E02)。此外，你还综合运用了记叙、描写、抒情等多种表达方式(E06)以及对比等表现手法(E07)，使得文章情感饱满，具有很强的感染力。"
160218,"文章开头以旁观者的视角切入，设置悬念引出“奉粥”活动，入题自然恰当(S11)，结尾运用排比和比喻句式升华主题，收束简洁利落(S12)。全文结构严谨，能够运用“后来”、“一个周六的早上”等过渡词句有效地粘合相邻段落(S03)，使得前后情节交代清楚(S02)，段与段之间逻辑关系紧密(S08)，且各段落内容均与“爱心传递”的主旨紧密相连(S06)。在选材上，作者紧紧围绕中心思想组织材料(C04)，选取了准备工作、手语操仪式、奉粥互动及爱心人士捐米等具体情节(C02)，并展现了良好的详略安排能力，重点详写了奉粥时的互动场景(S09)，略写了过渡性的背景材料(S10)。叙事过程中，作者能够按照时间顺序有条理地观察和记录事件发展(E12)，语句通顺，意思完整(E01)，并综合使用了记叙、描写、抒情等多种表达方式(E06)。不过，文章在人物和事件的细节刻画上还有提升空间，对人物细微动作和神态的捕捉不够深入(E11)，虽然结尾使用了修辞，但文中修辞手法的丰富度还可以加强(E05)。"
160219,"文章围绕“关爱他人得来祝福”的主题，选取了作者在国外留学期间资助乞讨者的具体事例，材料选取充分且具体(C02)，能够紧密围绕文章中心进行组织(C04)。作者展现了多角度思考的能力，结合特定的环境背景选材来表现主题(C06)。在结构布局上，文章开头运用排比句式恰当引入(S11)，结尾总结全文简洁利落(S12)，各段落与主旨联系紧密(S06)，段落之间关系紧凑(S08)，前后内容交代清楚完整(S02)。叙事详略得当，能够详写施舍过程这一重点部分(S09)，略写过渡性材料(S10)。作者观察事物有主次、有顺序(E12)，语言表达通顺完整(E01)，部分词句运用恰当生动(E02)，综合使用了记叙、议论等表达方式(E06)。但在思想的独特性和深刻性方面略显平淡(C05)，修辞手法(E05)及表现手法(E07)的运用较为单一，细节描写虽有涉及但仍有提升空间(E11)，句段间的过渡衔接也可进一步打磨(S03)(S07)。"
160220,"文章选取了独自乘坐地铁时遭遇小偷并获得陌生人善意关怀的具体材料，内容充实且贴近生活(C02)，在叙述中能够很好地详写地铁上的互动过程，略写背景交代，做到了主次分明(S09)(S10)。作者善于捕捉人物和事件的细节，对老奶奶的笑容、小伙子的装束动作描写细腻(E11)，并且能够按照时间发展和观察视角的转换，有条理、有主次地进行叙述(E12)。文章完整地交代了事件的起因、经过和结果，前后内容逻辑自洽(S02)，段落之间运用了有效的过渡词句，保证了行文的连贯性(S03)。各段落紧密围绕“关爱”这一主旨展开(S06)，段落内部的句子联系也较为紧密(S07)，段际关系处理得当(S08)。在立意上，文章透过失窃的表象挖掘出人际温情的内核，思想具有一定的深度和独特性(C05)，能从不同人物的角度切入来表现主题(C06)。语言方面，语句通顺流畅(E01)，词句运用恰当且具有一定的生动性(E02)，综合使用了多种修辞手法(E05)和表现手法(E07)来增强感染力。开头以歌词引入回忆，切题恰当(S11)，结尾简洁地总结全文并升华了主题(S12)。但在围绕中心组织材料时，部分情节与“默默”这一限定词的契合度略显勉强(C04)，表达方式的综合运用上也有待进一步打磨(E06)。"
160221,"文章能够围绕中心选择并组织公交车让座这一具体材料(C04)，事件本身是完整且充分的(C02)，通过保安、自我与“黑衣小伙”的行为对比，体现出了一定的独立思考(C05)，但整体上对主题的探讨角度较为单一(C06)。结构方面，文章开头引用名言入题(S11)，结尾总结并发出呼吁(S12)，叙事线索清晰(S02)，段落之间及段落内部的句子都与主旨有所关联(S06，S07)，衔接也基本到位(S03，S08)，观察亦有主次顺序(E12)。问题在于详略处理不当，作为核心冲突的抢座与解决过程描写过于简略(S09)，而前期铺垫性内容则稍显拖沓(S10)。语言表达上，基本做到了语句通顺，意思完整(E01)，也注意到对人物和事件的细节进行刻画(E11)，但词语运用不够精当，存在同义词堆砌的现象(E02)，修辞手法和表达方式较为单一，主要以记叙为主(E05，E06，E07)。"
160222,"文章选取了“公交车让座”这一具体事例来表现关爱主题，材料具体且较为充分(C02)，能够紧密围绕文章中心进行组织(C04)。虽然题材较为常见，思想深度和原创性表现中规中矩(C05)，但能尝试从心理和行动多角度表现主题(C06)。叙事过程中，前后内容交代清楚(S02)，使用了“记得很久以前”等过渡词句粘合段落(S03)，各段落与主旨联系紧密(S06)，段落内句子逻辑清晰(S07)，段际关系紧密(S08)。在详略处理上，重点详写了让座时的心理斗争和对话(S09)，略写了过渡性材料(S10)。开头排比入题，较为恰当(S11)，结尾总结升华，简洁利落(S12)。语言方面，语句通顺流畅，意思完整(E01)，词句运用基本恰当(E02)。修辞手法(E05)和表达方式(E06)的综合运用相对基础，略显单一，但能运用一定的表现手法(E07)。文中关注了人物外貌和动作细节(E11)，观察叙述有主次、有顺序(E12)。"
160223,"文章选取了日常校园生活中的具体事例，通过“老大爷”的咆哮与学生滑倒事件来表现主题，材料选取较为具体(C02)，并且能够从“讨厌”到“理解”的前后对比角度来思考主题，体现了作者对生活的一定观察(C06)。文章开头通过刻画人物形象设置悬念(S11)，结尾能够简洁利落地总结全文并点明主旨(S12)，前后内容交代得比较清楚(S02)，且能运用过渡词句使段落衔接自然(S03)，段落之间的逻辑关系较为紧密(S08)。但在材料组织上，详略安排有待优化，文章花费了大量笔墨描写同学玩“盲人摸象”的游戏细节，而对于体现“严厉关爱”的核心情节——即“老大爷”闻讯赶来后的具体言行及“我”心理转变的触发点——却叙述得过于简略(S09)(S10)，这使得部分段落内容与主旨的联系不够紧密(S06)，中心思想的表达略显单薄，缺乏足够的独特性和深度(C05)。在语言表达方面，全文语句通顺流畅(E01)，对玩游戏时的动作细节描写较为生动(E11)，观察具有一定的条理性(E12)，也能运用欲扬先抑等表现手法(E07)，但在修辞手法的运用上较为单一(E05)，词句的生动优美程度还有提升空间(E02)。"
160224,"文章选取了“捐书”这一具体的生活事件作为素材，内容具体充分(C02)，并且能够紧紧围绕“理解赠予的真谛”这一中心来组织心理变化的过程(C04)。作者不仅停留在捐书的行为上，更深入反思了“己所不欲，勿施于人”的道理，指出将不喜欢的物品送人实则是伤害他人自尊，思想具有一定的独特性和深刻性(C05)。在思考主题时，能结合俗语、联想故事及自身经历等多角度进行阐述(C06)。在结构方面，文章前后内容交代比较清楚(S02)，使用了过渡词句连接段落，但自然度尚可(S03)。各段落内容均能紧扣主旨展开(S06)，段与段之间关系较为紧密，逻辑递进清晰(S08)。但在具体语段中，部分句子与段落中心的联系不够紧密，思维跳跃性稍大(S07)。详略安排上，作者着重描写了挑选书籍时的心理斗争，详写得当(S09)，但在过渡性材料的处理上略显生硬(S10)。开头引用俗语提出疑问，中规中矩(S11)，结尾通过感悟升华并自我致歉，简洁有力(S12)。语言表达上，全文语句通顺，意思完整，阅读感较好(E01)。词句使用基本恰当，但文学色彩稍淡(E02)，修辞手法运用较少，缺乏丰富性(E05)。作者综合运用了记叙、议论和内心独白等多种表达方式(E06)，并巧妙运用了欲扬先抑和联想等表现手法来突显心理转变(E07)。文章关注了人物的心理细节(E11)，并能按照事情发展和心理变化的顺序有条理地进行观察和叙述(E12)。"
160225,"文章能够围绕中心选择并组织材料(C04)，选取了自己生病时父母照顾这一具体事件来表现主题(C02)，开篇也做到了直接切题(S11)。叙事部分基本交代了事情的前后经过(S02)，能够按照一定的顺序进行观察和记叙(E12)，段落之间也保持着主题上的基本关联(S08)。然而，文章在思想的独创性与深刻性上表现不足(C05)，对父母关爱这一主题的探讨较为常见。结构方面，段落间的过渡显得生硬(S03)，段落与主旨的联系不够紧密(S06)，尤其在第二段中，从叙事到议论的转换削弱了句与句之间的逻辑连贯性(S07)，结尾也显得仓促且未能有效深化中心(S12)。在内容呈现上，对父母照顾的核心情节描写不够详尽(S09)，缺少对人物与事件的细节刻画(E11)，导致情感表现力不足，而对非重点部分的交代也缺乏简略处理的意识(S10)。语言表达方面，部分语句的通顺度有待提升(E01)，用词较为平实，缺乏生动优美的词句(E02)，修辞手法和表现手法的运用也比较单一(E05，E07)，记叙与议论等表达方式的结合略显生硬(E06)。"
160226,"文章选取了自己在过街天桥偶遇乞丐并最终决定捐出零花钱的具体事例，材料选取非常充实且具体(C02)，并且能够紧紧围绕“关爱他人”这一中心进行组织，主旨明确(C04)。在叙事过程中，作者对事件的观察有主次、有顺序，逻辑清晰(E12)，特别是在处理文章结构时，能够将内心挣扎与捐款行动作为重点进行详写(S09)，而将路人捐款等过渡性情节进行了恰当的略写(S10)，详略布局十分得当。同时，文章对人物形象和事件细节的关注度很高，如对乞丐外貌的刻画以及自己在捐款前后的心理活动描写都颇为细腻(E11)，体现了多角度思考主题的能力(C06)，各段落内容也都能紧密围绕主旨展开(S06)。文章的前后内容交代得比较清楚(S02)，段落之间使用了过渡词句进行粘合，关系较为紧密(S03)(S08)。不过，文章在立意上较为常规，独特性和思想深度尚显不足(C05)。开头采用了比喻排比句式引入，结尾引用歌词升华，虽然恰当且简洁，但稍显套路化，创新性一般(S11)(S12)。在语言表达方面，语句基本通顺(E01)，能够综合运用记叙、议论等表达方式(E06)以及一定的修辞手法(E05)和表现手法(E07)，但在词句的生动优美程度(E02)以及句与句之间的紧密逻辑连接(S07)上还有提升空间。"
160227,"文章在立意选材上体现出一定优势，能够选取一次具体的公益活动来展开，材料较为充分(C02)，并能从多个不同角色的视角来思考和表现“关爱”这一主题，具备一定的思考深度(C06)，思想内容有一定独特性(C05)。文章的整体结构较为清晰，段落之间的关系比较紧密(S08)，能够交代清楚前后内容的联系(S02)，结尾也处理得简洁利落(S12)。在细节刻画方面，作者能够关注到人物和事件的细节(E11)，并进行有主次有顺序的观察(E12)。然而，文章在结构和语言的精细打磨上存在不足，主要体现在段落内部的凝聚力上，部分句子未能和段落中心句紧密相连(S07)，同时对过渡性材料的处理也显得过于简略(S10)。在语言表达上，虽然语句基本通顺(E01)，但词句的选用不够恰当生动(E02)，综合运用修辞手法的能力较弱(E05)，影响了文章的感染力。"
160228,"本文在选材上表现出色，能选取父亲送回执这一具体且充分的生活实例来表现“隐形的爱”这一主题(C02)，并且能够围绕文章中心来组织和安排这一材料(C04)。文章结构完整，开头能恰当引入主题(S11)，结尾也能简洁利落地进行总结和升华(S12)，各段落均能紧密围绕主旨展开(S06)，段落内部的句子之间联系也较为紧密(S07)。在叙事上，文章做到了主次分明，能够详写父亲送回执过程中的关键情节(S09)，并对次要部分进行了略写(S10)，使得事件的前后交代清晰明了(S02)，段落间的衔接与过渡也比较自然(S03)(S08)。语言表达是本文的亮点，语句通顺完整(E01)，词语运用也颇为恰当生动(E02)，作者善于捕捉并描绘细节(E11)，例如父亲额头的汗珠和冻红的鼻子，这些有顺序的观察(E12)使得情感的转变真实可信，同时文章综合运用了叙述、描写等多种表达方式(E06)及表现手法(E07)，增强了文章的感染力，但在修辞手法的综合运用上还有提升空间(E05)。从思想内容上看，文章能够多角度地思考父爱如山亦如水的主题(C06)，但立意和思考的独创性与深刻性方面还可以进一步挖掘(C05)。"
160229,"文章选取了“给眼睛打针”这一极具生活实感且独特的具体材料，内容充实，令人印象深刻(C02)。全文紧紧围绕“关爱”这一中心来组织和安排材料，主旨明确(C04)。作者不仅叙述了事件过程，还从自己的心理感受、身体痛感以及父母的言行举止等多个角度思考并选用材料，立体地表现了主题(C06)。虽然亲情题材较为常见，但因选材新颖，体现了一定的独特性和原创性(C05)。结构方面，开头运用连续设问迅速吸引读者注意并点明题旨，写法恰当(S11)。结尾虽然总结了全文，但语言略显口语化，简洁利落程度稍有欠缺(S12)。文章叙事条理清晰，前后内容交代明白(S02)，段落之间运用了过渡词句进行粘合，自然流畅(S03)。各段落内容紧扣主旨(S06)，段与段之间逻辑关系紧密(S08)。在详略安排上做得非常好，重点详写了打针时的紧张过程(S09)，而对病情背景和回家后的情况进行了恰当的略写(S10)。不过，部分句子与段落中心的紧密度还可以进一步加强(S07)。语言表达上，全文语句通顺，意思表达完整(E01)。但在词句的生动优美方面还有提升空间，部分用语较为直白(E02)。修辞手法的运用较少，使得语言色彩稍显单调(E05)。表现手法相对单一(E07)，表达方式以记叙为主，辅以心理描写(E06)。最值得称赞的是对细节的关注，如“妈妈手心全是汗”、“眼角有泪水”等描写非常生动传神(E11)，并且能够按照事情发展的顺序有主次地进行观察和记叙(E12)。"
160230,"文章叙事完整，中心明确，以老奶奶救助流浪猫的故事为核心，选取了具体生动的生活素材，内容充实(C02)。全文能紧密围绕“爱给喵星人一个家”这一中心来组织材料，从发现、观察到高潮事件的展开，脉络清晰(C04)，并且能够从“我”的观察视角、老奶奶的行动视角等多个角度来展现主题，思考较为全面(C06)。结构方面，文章开头以名言引出主题，简洁有效(S11)，内容前后衔接自然(S02)，段落之间通过“日复一日”、“从那以后”等词句进行过渡，逻辑关系紧密(S03，S08)，各段落也都能服务于主旨的表达(S06)。尤其突出的是，文章能够详写猫妈妈生产这一核心情节，通过对老奶奶动作的细致描绘，使故事达到高潮(S09)，同时对时间的流逝等次要内容则能做到简要处理(S10)。叙事过程中，作者注重对人物和事件细节的观察与呈现，例如老奶奶的外貌和为猫接生时的具体行为，都增强了文章的真实感(E11)，观察也体现了主次和顺序(E12)。然而，文章在思想深度和语言表达上还有提升空间。文章的主题虽然感人，但在思想的独创性与深刻性上稍显不足，结尾的感悟略显宽泛和口号化，未能从故事本身提炼出更具个性化的见解(C05)，这也导致结尾部分的力量感有所削弱(S12)。同时，个别段落内部的句子与段落中心句的联系可以更紧密一些，以增强段落的凝聚力(S07)。语言表达上，文章语句基本通顺完整(E01)，但词语的运用不够生动优美，表现力一般(E02)，叙述、描写等表达方式的综合运用尚有欠缺(E06)。最主要的问题在于表现手法的单一(E07)和修辞手法的匮乏(E05)，文章多为平实记叙，若能增加比喻、拟人等修辞，将极大提升文章的文采和感染力。"
160231,"文章选取了探访孤儿院这一具体且充分的材料，通过描写与残疾儿童互动的过程，有力地支撑了关爱他人的主题。全文紧紧围绕“关爱”这一中心进行选材和组织，叙事集中。开头运用排比和比喻的修辞手法引出话题，切题迅速且恰当。叙事过程中，能够清楚交代时间、地点及人物背景，前后内容衔接自然。在描写探访过程时，能够利用空间转移作为线索，用过渡词句有效粘合相邻段落，使行文流畅。段落之间关系紧密，层层递进地推动情感发展，各段落内容均与主旨紧密相连。但在详略安排上略显不足，虽然重点描写了白化病女孩，但挖掘力度尚有提升空间，过渡性材料的略写处理也较为一般。文中对白化病女孩的描写体现了作者有主次、有顺序的观察能力，关注了人物的外貌和动作细节，具有一定的画面感。语言表达通顺，意思完整，能够综合运用记叙、描写和抒情等多种表达方式来增强感染力。结尾简洁利落，通过引用歌词升华了主题。不过，文章在思想深度上较为常规，独特性和原创性略显不足，除开头外，修辞手法的运用较少，表现手法也较为单一。这是一篇情感真挚的记叙文，选材具有典型性，能够选取具体充分的材料来表现主题(C02)。小作者能围绕文章的中心“关爱”来选择和组织材料，叙事脉络清晰(C04)。开头运用了一组排比句式，能写出恰当的开头，引出下文(S11)。在叙事过程中，能够交代清楚前后内容，让读者对事件背景一目了然(S02)。在结构安排上，文章段落之间关系紧密(S08)，能够用过渡词句粘合相邻段落，如从一间活动室走向另一间，转换自然(S03)。各段落和主旨紧密相连，没有偏离核心话题(S06)，段落内的各句话也和段落中心句紧密相连，逻辑通顺(S07)。但在详略处理上，虽然重点描写了与白化病女孩的互动，但对心理变化的刻画还不够细腻，能够详写文章的重点部分方面得分一般(S09)，对于过渡性材料的略写处理也显得较为平淡(S10)。在描写方面，作者有主次有顺序地观察了活动室内的场景(E12)，特别是关注人物和事件细节，如对小女孩白色睫毛、面无表情的描写十分生动(E11)。全篇语句通顺意思完整(E01)，词句运用较为恰当生动(E02)。作者综合使用了多种表达方式，将叙事与抒情结合(E06)。结尾引用歌词，提供简洁利落的结尾，升华了情感(S12)。不足之处在于，文章立意较为常规，未能写出有独特性原创性或思想深刻的见解(C05)。虽然体现了多角度思考主题并选用合适的材料(C06)，但除开头外，未能综合使用多种修辞手法来增强文采(E05)，学生能使用多种表现手法方面也略显薄弱(E07)。"
160232,"文章选取了刘阿姨暗中帮助桐奶奶的具体事例，材料充实，能够有力地支撑起“傻人不傻”这一中心论点(C02)(C04)。作者观察细致，能够按照事情发展的顺序，有条理地捕捉到刘阿姨支伞、掏眼镜等一系列动作细节(E11)(E12)。在表现主题时，文章巧妙地结合了旁人的误解与“我”的亲眼所见，多角度地塑造了人物形象(C06)。文章整体结构完整，起因、经过、结果交代得比较清楚(S02)，段落之间能利用过渡词句进行衔接(S03)，各段落内容均紧密围绕主旨展开(S06)(S08)。开头采用议论引入，结尾进行总结升华，虽较常规但符合规范(S11)(S12)。但在写作技巧上仍有提升空间，重点部分的描写虽有细节但感染力尚可加强(S09)，过渡性材料的处理略显拖沓(S10)。语言表达方面，部分语句存在明显的编辑错误，如第三段出现了重复的句子，影响了阅读流畅度和句段的紧密度(E01)(S07)。此外，文章主要依靠叙述和议论(E06)，修辞手法和表现手法运用得较为单一(E05)(E07)，词句表达虽有成语点缀但整体生动性一般(E02)，思想深度主要停留在好人好事的层面(C05)。"
160234,"该生作文选取了钢琴考级失败后在朋友和家人的鼓励下重获信心的具体事例，材料选择具体且充分，能够有力支撑文章主题。文章紧紧围绕“被爱照亮”这一中心进行选材和组材，无论是朋友折千纸鹤还是母亲的陪伴，都服务于这一核心。作者从同伴友谊和亲情两个角度切入，体现了多角度思考主题的能力，但在题材的独特性和思想深刻度上略显常规。结构上，开头运用比喻手法引出主题，结尾升华主旨，首尾呼应且简洁利落。叙事过程中，前因后果交代清楚，段落间过渡自然，能够通过详写朋友间的互动细节和略写考级过程来突出重点。各段落与主旨联系紧密，但在个别段落内部，句与句之间的逻辑衔接还可以更紧密。语言方面，语句高度通顺，毫无语病，词语使用恰当生动，综合运用了比喻、环境描写等修辞手法和表现手法，增强了文章的感染力。特别是在人物对话和心理活动的细节描写上非常出色，观察事物有主次、有顺序，情感表达真挚。文章在选材上能够选取钢琴考级受挫后在朋友与家人的鼓励下重获信心的具体事例，材料充实充分(C02)。全篇叙述始终紧扣“爱照亮前行之路”这一中心，选材和组织剪裁都非常得当(C04)。作者不仅写了朋友的千纸鹤，还写了母亲和妹妹的陪伴，体现了能多角度思考主题并选用合适材料的表现力(C06)。但在题材的创新性上，考级与鼓励的搭配较为常见，思想深度的挖掘还有提升空间(C05)。在结构布局方面，开头以明灯和烛火设喻，切题迅速且恰当(S11)；结尾将具体事例升华为对“爱”的感悟，简洁利落(S12)。文章对考级失败到再次成功的经过交代得非常清楚(S02)，并能熟练运用过渡词句粘合相邻段落，使行文流畅(S03)。在详略安排上，重笔描绘了折千纸鹤的温情细节(S09)，而对过渡性的第二次考级过程进行了略写(S10)。各段落与主旨的联系十分紧密(S06)，段与段之间的逻辑关系也处理得很好(S08)，只是部分段落内句子间的逻辑紧密度稍弱(S07)。在语言表达上，全文语句通顺流畅，意思表达完整，展现了极佳的语言功底(E01)。用词恰当且生动优美，如对天气和心理的描写(E02)。文中综合使用了比喻、拟人等修辞手法(E05)，并运用了情景交融等表现手法(E07)，但在表达方式的综合运用上显得略微单一，以记叙为主(E06)。特别值得肯定的是，文章极度关注人物对话和动作等细节(E11)，并且观察事物有主次、有顺序，层次分明(E12)。"
160236,"作文选材具体且充分，选取了朋友生病这一生活化的事例，内容充实(C02)；叙事过程紧紧围绕“关爱”这一中心展开，材料组织严密(C04)；立意上从“爱人者人恒爱之”出发，升华到“关爱他人就是关爱自己”，思想深刻且具有正能量(C05)。作者能从心理、行动以及环境描写等多角度思考主题，表现力强(C06)。叙事观察顺序清晰，主次分明(E12)，对人物声音、神态等细节的关注也较为到位(E11)。结构方面，开头运用排比和引用名言，入题恰当且有文采(S11)；结尾引用名言总结全文，简洁利落，深化了主题(S12)。文章段落之间关系紧密(S08)，各段落均与主旨紧密相连(S06)，句段逻辑严谨(S07)。叙事过程中，前后内容交代清楚(S02)，并能熟练运用时间词进行段落过渡(S03)。在详略安排上，重点详写了探望和关心同学的过程(S09)，对病情经过等过渡性材料进行了略写(S10)，剪裁得当。语言表达上，语句通顺流畅，意思完整(E01)；词句运用恰当生动，特别是文中用环境描写（如乌鸦鸣叫）来烘托心情，语言优美(E02)。虽然在综合使用多种表达方式(E06)和表现手法(E07)上得分一般，且修辞手法的运用密度不算太高(E05)，但整体叙述质朴感人，已能很好地服务于文章主题。"
160237,"文章围绕中心选取了老师雨中送伞这一具体事例作为核心材料(C02)，并能基本围绕关爱这一中心来组织叙述(C04)，从老师帮助自己和自己看到老师淋雨两个角度展开思考，体现了一定的多角度取材能力(C06)。叙事是本文的突出优点，事件的前后经过交代得非常清晰(S02)，尤其体现在对重点情节的把握上，例如对找伞时的焦急心理和动作进行了详写(S09)，而对拿到伞后回家的过程则处理得较为简略(S10)，使得叙事节奏感较好。同时，文中对老师借伞时的微笑和后来在雨中发抖等细节的刻画，说明具备了关注事件细节和有序观察的能力(E11，E12)。然而，文章在结构和思想深度上存在不足，虽然段落间的叙事联系紧密(S08)，但段落与主旨的逻辑关联不够紧密(S06)，段落间的衔接也缺少必要的过渡词句(S03)。结尾部分对主旨的升华显得仓促，未能形成一个简洁有力的收束(S12)，导致思想的独创性和深刻性稍显不足(C05)。语言表达方面，部分语句的连贯性和完整性有待提升(E01)，词语选用基本恰当，有生动之处(E02)，但修辞手法(E05)、表达方式(E06)和表现手法(E07)的综合运用能力较弱，使文章的文学色彩打了折扣。"
160238,"文章能够围绕公交车让座这一事件展开叙述，选取的材料具体且较为充分(C02)，并且能够通过对比不同乘客的行为来尝试多角度表现主题(C06)，整体材料的组织基本服务于中心论点(C04)。从结构上看，文章叙事线索清晰，能够交代清楚事件的前后发展过程(S02)，段落之间也使用了“就在这时”等词语进行连接，衔接较为自然(S03)，各段落基本能与主旨产生关联(S06)，段与段之间的关系也因此显得比较紧密(S08)。在细节刻画方面，作者能够有主次有顺序地观察并描述车厢内的情景(E12)，对老人、青年、中年男子等人物的外貌和行为也进行了一定的细节关注(E11)。然而，文章在思想深度和语言表达上存在不足。文章对“真正的关爱”这一主题的探讨不够深入，观点略显普通，缺乏独创性(C05)。在详略处理上，对核心冲突和人物心理活动的刻画不够突出，未能详写重点部分(S09)，而对一些过渡性情节的交代也较为平淡(S10)。结尾部分对主旨的揭示过于直白和说教，显得不够简洁有力(S12)。同时，段落内部的个别句子与段落中心句的联系不够紧密(S07)。语言表达方面，语句基本通顺(E01)，但词语运用较为平实，不够生动优美(E02)，修辞手法的运用较少且效果不佳(E05)，叙述、描写、议论等表达方式的综合运用也略显生硬(E06)。"
160239,"文章开篇以排比和比喻句式引出对爱的思考，开头恰当且富有文采(S11)，结尾引用名言总结全文，简洁利落有力(S12)。在选材上，选取了“车辆礼让老人”的具体事例，材料具体充分(C02)，基本能围绕中心进行组织(C04)，并体现出一定的思想独特性(C05)，能从观察者、当事人和环境等多个角度思考并选用材料(C06)。结构安排严谨，前后内容交代清楚(S02)，过渡词句运用得当，有效粘合了相邻段落(S03)，段落与主旨紧密相连(S06)，段与段之间关系紧密(S08)，特别是各句话紧密围绕段落中心展开，逻辑性极强(S07)。叙事详略处理得当，对老人过马路和心理活动的重点部分进行了详写(S09)，对放学路上的环境等过渡性材料进行了略写(S10)。语言表达上，语句通顺流畅，意思完整无误(E01)，词句生动优美，歇后语的运用增强了表现力(E02)，综合使用了比喻、引用等修辞手法(E05)以及叙述、议论等多种表达方式(E06)。写作手法上，能够运用对比等多种表现手法突显主题(E07)，观察事物有主次、有顺序(E12)，且特别关注人物动作和事件发展的细节，描写细腻(E11)。"
160240,"文章能够围绕母亲的关爱这一中心来选择和组织材料(C04)，选取了母亲日常的辛劳和专程来校送回执两个具体事件作为支撑(C02)，并能从常规家务和突发状况两个角度来展现主题(C06)，但在思想的独创性与深刻性上表现平平，对母爱如天使这一立意的挖掘不够深入(C05)。结构方面，文章对忘记签回执这一核心事件进行了详细叙述(S09)，对母亲的日常忙碌则处理为略写(S10)，做到了主次分明，叙事观察也体现出清晰的先后顺序(E12)，段落之间存在一定的关联(S08)。然而，文章的整体衔接存在明显不足，开篇的议论与后续的记叙内容未能有效勾连(S02)，段落间的转换也缺少必要的过渡词句，显得较为生硬(S03)。同时，结尾部分对全文的总结显得仓促，力量不足(S12)，而开头虽然点题但与正文的融合度不高(S11)。部分段落与主旨的关联以及段落内部句子的组织还可以更加紧密(S06)(S07)。语言和表达层面，文章能够运用心理独白等表现手法(E07)，并关注到了母亲手心的温度等细节(E11)。但语言的流畅度有待提升，部分语句表达不够通顺完整(E01)，词语的运用也较为平实，缺乏生动优美的色彩(E02)。修辞手法的运用种类较少(E05)，且全文以记叙为主，表达方式略显单一(E06)。"
160241,"文章开篇能运用比喻和设问引入主题，起笔得当(S11)，并且能够围绕“外套”传递“关爱”这一中心来选择和组织记叙的事件(C04)。文章构思体现了从接受关爱到传递关爱的双向思考，具备一定的多角度思维能力(C06)。然而，文章的结尾部分显得较为仓促和套路化，未能深化主题(S12)，并且个别段落，如去书店的情节，其设置与主旨的关联不够紧密，稍显突兀(S06)。在内容选择上，文章选取了校园生活中借与还外套的具体事件作为材料，基本是充分的(C02)，但思想的独创性与深刻性略有不足，停留在对善良行为的简单传递上，未能深入挖掘(C05)。从结构逻辑上看，事件的前后衔接交代得不够清晰，例如同学为何恰好有两件外套、自己刚获得温暖就立刻转送他人的心理动机等缺乏铺垫(S02)。段落之间也缺少必要的过渡词句，使得情节转换略显生硬(S03)。尽管单个段落内部的句子组织尚可(S07)，段落之间的叙事顺序也基本合理(S08)，但文章对重点部分的详写处理不足，尤其是传递外套时的内心活动刻画不够深入(S09)，对次要情节的略写也未做到简练高效(S10)。语言表达方面，语句基本通顺完整(E01)，对人物和事件的细节有一定程度的关注和按序观察(E11，E12)。问题在于词语的运用不够恰当生动(E02)，修辞手法的综合运用较少(E05)，且全文以记叙为主，表达方式单一，缺少描写、议论等手法的有效融合(E06)，表现手法也同样显得单薄(E07)。"
160243,"文章选取了雪天小男孩帮助清洁工爷爷扫地这一具体事例，材料能够支撑文章中心，但在素材的新颖度和丰富度上表现中规中矩(C02，C04)。值得肯定的是，作者并未止步于赞美，而是通过反思自己的行为产生了思想上的延伸，展现了一定的独特性和思想深度(C05)，尽管思考角度相对单一，主要集中在这一件事例上(C06)。在结构方面，段落与段落之间关系紧密，逻辑连贯性较强，各段落主旨均能服务于全篇中心(S06，S08)。文章清楚地交代了事件的前因后果(S02)，并能运用过渡语句衔接叙事与议论(S03)。结尾简洁有力，点明主旨(S12)，相比之下，开头略显平淡常规(S11)。在详略安排上，作者略写了作为背景的下雪过程(S10)，详写了核心事件，但在重点部分的笔墨铺陈上还有提升空间(S09)。句段之间的紧密程度尚可，但部分逻辑连接略显生硬(S07)。语言表达方面，文章关注了小男孩的外貌和动作细节，描写较为具体(E11)，词句运用具有一定的生动性(E02)。然而，语句通顺度有待提高，存在明显的语病（如“雪越马上停了”）(E01)。此外，修辞手法、表现手法以及表达方式的综合运用较为匮乏(E05，E06，E07)，观察顺序的层次感也不够鲜明(E12)。这是一篇结构紧凑、立意积极但语言表达尚需打磨的习作。文章能够选取具体的生活事例来表现“将爱传递”的主题，材料选择基本得当(C02)，能够围绕中心展开叙述(C04)。难能可贵的是，你在结尾处没有流于空泛的赞美，而是结合自身产生了“后悔”的内省，体现了思想的独特性和深刻性(C05)，虽然仅从单一事例切入，角度略显单一(C06)。结构上，各段落与主旨联系紧密，段落间的逻辑关系也非常紧凑(S06，S08)。你能清楚交代事件的前后经过(S02)，并使用了恰当的过渡词句粘合段落(S03)。结尾简洁利落，有力地升华了主题(S12)，但开头较为常规，吸引力稍弱(S11)。在详略处理上，你能略写下雪背景等过渡性材料(S10)，对重点部分有一定的描写，但还可以更加浓墨重彩(S09)。部分句子与段落中心的连接还可以更加紧密(S07)。语言方面，你关注了人物的外貌和动作细节，描写较为生动(E11，E02)。但语句的通顺度有待加强，存在明显的语病，如“雪越马上停了”(E01)。此外，修辞手法和表现手法的运用较为单一(E05，E07)，表达方式也以记叙为主，缺乏变化(E06)，观察的顺序和层次感还有提升空间(E12)。"
160244,"文章以个人经历切入，探讨“关爱”的真谛，立意具有一定的独创性和思想深度(C05)。开篇能直接点明主旨，提出对“关爱”一词的思考，是一个恰当的开头(S11)。文章最大的亮点在于能够围绕中心思想来选择和组织材料(C04)，作者从童年骑象的兴奋和成年后观看纪录片的震撼这两个不同角度进行思考，展现了对主题的多角度审视能力(C06)。在叙事中，能够选取具体且充分的材料(C02)，例如对骑象时炎热环境、象夫用钩子打象等细节的描写，体现了对人物和事件细节的关注(E11)，观察也具备一定的主次和顺序(E12)，所使用的词句也较为恰当生动(E02)，使得文章具备了较好的可读性。文章的结构也较为清晰，能够交代清楚前后内容的变化(S02)，并使用了“渐渐的”等过渡词句来粘合相邻段落(S03)，整体表达流畅，语句通顺，意思完整(E01)。通过前后经历的对比，也体现出了一定的表现手法运用能力(E07)。然而，文章在结构和表达的精细度上还有提升空间。首先，各段落虽然能与主旨产生联系(S06)，但段落之间的关系还可以更加紧密(S08)，导致整体感稍弱。其次，在详略处理上，作为文章重点的观看纪录片后的内心转变部分，其描写略显不足，未能充分详写(S09)，而一些过渡性材料的叙述则可以更精炼(S10)。部分段落内部的句子之间联系不够紧密，未能句句都围绕段落中心句展开(S07)。结尾部分虽然对主旨进行了重申，但略显仓促，可以更简洁利落一些(S12)。最后，在表达方式上，文章以记叙为主，综合运用多种表达方式的能力尚有不足(E06)，修辞手法的运用也相对单一(E05)。"
160301,"文章能够围绕友谊这一中心选择和组织材料(C04)，从友谊建立、破裂到修复等多个角度展开思考(C06)，结构上段落与主旨及段落之间关系紧密(S06，S08)，句间联系也较为顺畅(S07)。叙事有主有次，顺序清晰(E12)，并能关注到事件细节(E11)，结尾运用比喻升华了主题，简洁有力(S12，E05)，整体语句通顺(E01)，词句使用也较为恰当(E02)，并运用了象征的表现手法(E07)，主次详略的处理也基本得当(S09，S10)。不足之处在于，文章所选取的材料虽然具体，但略显单薄，未能充分支撑起深刻的立意，导致思想的原创性不足(C02，C05)。开头部分交代背景较为平实(S11)，在叙事过程中，对前后内容的交代有时不够清晰(S02)，段落间的粘合缺少必要的过渡词句(S03)，表达方式也较为单一，以叙述为主，其他表达方式运用不足(E06)。"
160303,"文章选取了摔坏小木船这一具体且典型的冲突事件作为核心素材，内容充实，紧紧围绕“迈出那一步”的主题展开，选材十分精准(C02)(C04)。作者不仅叙述了事件经过，还深入挖掘了内心因未能及时道歉而产生的愧疚与悔恨，体现了深刻的思想内涵和独特的感悟(C05)，并能从事件发生、事后冷战及最终离别等多个角度来表现主题，思考全面(C06)。在结构上，文章起承转合自然流畅，前后内容交代得非常清楚(S02)，段落之间使用了恰当的过渡词句，使得文章脉络清晰(S03)。各段落紧密围绕主旨，句与句之间联系紧密，段落间逻辑关系严谨(S06)(S07)(S08)。开头直接切入冲突场景，极具画面感和冲击力，非常精彩(S11)；结尾简洁有力，呼应标题并升华了主题，虽略显直白但情感真挚(S12)。叙事详略得当，对冲突现场的描写浓墨重彩(S09)，而对冷战期间的过渡则处理得简洁明快(S10)。语言方面，语句通顺流畅，用词生动(E01)(E02)，巧妙运用了比喻等修辞手法增强了表达效果，如将隔阂比作“肥皂泡”，形象生动(E05)。文章综合运用了记叙、描写和议论等多种表达方式(E06)，并结合了心理描写等表现手法，增强了感染力(E07)。特别值得称赞的是，作者对人物动作和神态的观察细致入微，如对陈明“咬下唇”、“攥拳头”等细节的刻画，既有主次又有顺序，极大地增强了文章的真实感和画面感(E11)(E12)。"
160304,"文章选取了小木船被摔坏这一具体且充实的事件作为核心材料，构建了完整的故事框架(C02)，并能紧紧围绕友谊这一中心主题来组织情节发展(C04)。虽然在多角度思考主题方面表现尚有提升空间(C06)，但整体内容体现了一定的独特性和思想性(C05)。在结构上，文章开头较为平实(S11)，但结尾引用名言升华主题，简洁有力(S12)。叙事过程中，作者能够对修船、赠别等重点部分进行详写(S09)，不过对于过渡性材料的略写处理较为一般(S10)。整体而言，文章前后内容交代清楚(S02)，能够运用过渡词句连接段落(S03)，段落之间关系较为紧密(S08)，各段落与主旨(S06)、各句子与段落中心(S07)的联系也十分紧密。语言表达方面，语句通顺且意思完整(E01)，用词恰当生动(E02)，综合运用了多种修辞手法(E05)和表达方式(E06)，展现了丰富的表现手法(E07)。此外，作者观察事物有主次、有顺序(E12)，并能细腻地关注人物动作和事件发展的细节(E11)。"
160307,"这篇作文以续写《小木船》为题，讲述了“我”与陈明发生冲突后，经历内心挣扎最终和解的故事。在内容选材上，文章选取了争吵、心理斗争、道歉和解等具体情节，材料较为充实，能够支撑起叙事框架(C02)。虽然整体能围绕“友谊珍贵”这一中心展开，但在情节转折的逻辑铺垫上略显生硬，导致中心表达的深刻性一般(C04)。立意方面，采用了常规的“冲突-反思-和解”模式，虽然尝试运用“友谊小船”的比喻，但整体构思中规中矩，独特性和多角度思考方面表现平稳(C05，C06)。在结构安排上，文章详略处理得当，能够对“我”内心的善恶斗争这一重点部分进行详细描写，体现了对重点内容的把握能力(S09)。然而，段落内部的逻辑组织存在明显不足，部分语句之间的衔接不够紧密，导致段落中心不够突出，这是需要改进的地方(S07)。虽然使用了时间词进行段落过渡，但连接略显生硬，段落间的紧密程度有待提升(S03，S08)。开头直接入题，结尾总结主旨，结构完整但略显平淡(S11，S12)。语言表达方面，全文语句通顺，意思表达完整，显示出良好的语言基础(E01)。但在词句的生动性和修辞手法的运用上较为普通，多为口语化表达，缺乏文学色彩(E02，E05)。虽然运用了心理描写和比喻等手法，但丰富度和细腻度还有提升空间(E06，E07)。对于人物神态的细节描写虽有涉及，但不够深入(E11)。整体而言，这是一篇叙事完整、重点突出，但在逻辑严密性和语言文采上仍需打磨的习作。"
160309,"文章选取了摔碎小木船这一具体且充分的材料来构建情节(C02)，能够紧紧围绕友谊这一中心进行选材和组织(C04)。对于友谊失而复得的思考具有独特性，体现了思想的深度(C05)，且能从矛盾发生、激化到化解多角度思考主题并选用合适材料(C06)。开头交代人物关系恰当自然(S11)，结尾简洁利落，升华了主题(S12)。故事的前因后果交代得比较清楚(S02)，相邻段落间使用了非常有效的过渡词句进行粘合，使得情节推进流畅(S03)。各段落内容与主旨联系紧密(S06)，段落内部的句子也能较好地围绕中心句展开(S07)，段与段之间逻辑关系紧密(S08)。在重点部分如冲突爆发和心理反思上描写详尽(S09)，过渡性材料的处理也基本得当(S10)。全文语句通顺，意思表达完整(E01)，词句运用生动，如声嘶力竭、粉身碎骨等词语恰当优美(E02)。综合运用了叙述、描写等表达方式刻画人物心理(E06)，并使用了多种表现手法增强感染力(E07)。能关注人物动作、语言及心理细节(E11)，观察事物有主次、有顺序(E12)。不过在修辞手法的综合运用上略显单薄，丰富度有待提升(E05)。"
160310,"本文以寓言形式探讨安全主题，中心明确，能够很好地围绕文章中心来选择和组织材料(C04)，事件的前后交代清晰连贯(S02)，且开头简洁入题(S11)，结尾亦能点明主旨(S12)。从内容上看，文章选取了小牛与卡车比赛这一具体事件，材料较为充分(C02)，并通过对比展现出对主题的多角度思考，具备一定的独创性(C05)(C06)。在结构方面，各段落与主旨的关联较为紧密(S06)，段落间的关系也比较清晰(S08)，能够运用过渡词句实现衔接(S03)，对比赛这一重点部分进行了详写，对次要信息处理得当(S09)(S10)。语言层面，全文语句通顺完整(E01)，使用了部分恰当生动的词句(E02)，对人物和事件的细节有一定关注(E11)，观察也具备主次顺序(E12)。不足之处在于，段落内部的句子与段落中心句的联系还可以更加紧密(S07)，同时在表达技巧上，修辞手法的综合运用不够丰富(E05)，表达方式和表现手法的多样性有待加强(E06)(E07)。"
160311,"文章选取了争吵与赠别两个核心场景，材料具体充分，能够支撑起叙事框架(C02)。全文紧紧围绕友谊与谅解这一中心组织材料，主旨明确(C04)。虽然题材较为常见，思想深度一般(C05)，但能从事件发展的不同阶段思考主题，选材较为得当(C06)。叙事过程基本完整，前后内容交代尚属清楚(S02)，但在段落间的过渡衔接上略显生硬，缺乏巧妙的过渡词句(S03)。各段落与主旨联系紧密(S06)，段内语句逻辑关系较好(S07)，段际关系也较为清晰(S08)。详略安排上，重点描写了冲突与和解过程(S09)，过渡性材料处理得当(S10)。开头直接入题略显仓促(S11)，结尾简洁且富有余韵(S12)。语言方面，语句基本通顺但存在标点和用词错误(E01)，词句生动性有待提高(E02)。修辞手法运用较少(E05)，表达方式(E06)和表现手法(E07)较为单一。虽有一定的人物细节描写(E11)，观察顺序也较为清晰(E12)，但整体描写深度仍有提升空间。"
160312,"文章通过一个核心物品“小木船”串联起友谊波折与重归于好的完整过程，选材具体且能够支撑主题(C02)，并能围绕友谊这一中心来组织叙事(C04)。文章的结构安排体现了较好的逻辑性，段落之间层层递进，从产生隔阂到朋友主动示好，再到“我”发现真相并最终道歉，关系紧密，因果清晰(S08)，显示出叙事观察的主次分明与先后顺序(E12)。尤其值得肯定的是，作者能够抓住关键情节进行详写，如对内心孤独、恐惧感受的刻画，以及对朋友赠船后流泪细节的捕捉，都处理得非常细致(S09)，而对时间的推移等次要信息则能进行略写(S10)。这些详略得当的安排使得故事具有较强的可读性。在思想内容上，文章通过“唯一的木船”这一关键情节，使常见的同学矛盾题材获得了一定的深度和独特性(C05)，也能从“我”和朋友两个角度来思考和表现友谊(C06)。结尾部分对主旨进行了总结和升华，处理得较为简洁(S12)。语言表达整体通顺(E01)，并使用了一些生动的词句来增强感染力(E02)，对人物和事件关键细节的关注值得肯定(E11)。然而，文章在一些方面也存在提升空间。首先，开头部分显得较为突兀，事件的起因交代不足，影响了情节的自然展开(S11)。其次，虽然段落之间关联紧密，但段落内部个别句子与段落中心句的联系不够紧密，稍显松散(S07)。在事件前后内容的交代上，第一段与第二段的衔接可以更清晰一些(S02)。此外，尽管使用了心理描写和比喻等手法，但在修辞(E05)、表达方式(E06)和表现手法(E07)的综合运用上还不够丰富和纯熟。"
160313,"文章在材料选取上表现出色，能够通过回忆“打游戏”、“讨价还价”、“做午饭”等具体生活场景来充实内容，材料选取具体且充分(C02)；不仅关注当下的冲突，还通过回忆过往情谊以及观察对方外貌特征等多角度来思考和表现主题(C06)。整篇文章紧紧围绕“挽救友谊”这一中心进行材料的组织与剪裁(C04)，但在题材的独特性和思想的深刻性上略显常规(C05)。在结构安排上，文章开头直接描写“气急败坏”的动作瞬间，入题迅速且恰当(S11)；结尾虽做到了总结点题，但形式相对简洁常规(S12)。前后内容交代清晰，情节发展逻辑顺畅(S02)；段落之间通过时间词实现了自然的过渡(S03)，且各段落内容均与主旨紧密相连(S06)，段与段之间呈现出紧密的逻辑关系(S08)。在详略处理上，作者能够对心理斗争和眼神交流等重点部分进行详写(S09)，而对冲突的具体起因等过渡性材料进行了恰当的略写(S10)。句子与段落中心及其前后的衔接也较为紧密(S07)。语言表达方面，全文语句通顺，意思表达完整清晰(E01)；词句运用恰当，如“杏眼”、“清瘦”等词语使描写较为生动(E02)。特别值得肯定的是，作者非常关注人物和事件的细节，如“胶水印迹”、“两手一僵”等细节描写极具画面感(E11)，且观察具有一定的主次和顺序(E12)。文章综合使用了记叙、描写、抒情等多种表达方式(E06)以及回忆、对比等表现手法(E07)，但在修辞手法的综合运用上相对较少，略显单薄(E05)。"
160315,"文章以奇幻叙事来表现友谊主题，构思具有一定的独特性和原创性(C05)，且能够围绕中心选择和组织材料(C04)。结构层面，开篇悬念设置成功(S11)，结尾点题干脆利落(S12)，段落之间关系紧密(S08)，各段落也能服务于主旨(S06)，整体语句通顺完整(E01)。不足之处首先体现在内容的衔接与详略处理上，现实与幻境的转换交代不够清晰(S02)，而作为文章重点的战斗场面描写不够详细，削弱了紧张感(S09)。其次，在材料的选取和呈现上，虽然选用了具体材料(C02)，但对人物和事件的细节刻画仍有提升空间(E11)，观察的顺序性和主次感可以更强(E12)。最后，语言表现力是主要短板，词句虽恰当但不够生动优美(E02)，尤其是在修辞手法(E05)、表达方式(E06)和表现手法的综合运用上显得非常单一。"
160316,"文章通过一次同学间的矛盾与和解，成功地探讨了“退后一步”的主题，选取的校园生活事件作为材料是具体且充分的(C02)，并且能够紧密围绕文章的中心思想来组织和安排这些叙事材料(C04)。作者能够从冲突、冷战、反思到和解等不同阶段来展现对主题的多角度思考(C06)，但在思想的原创性与深刻性上，结尾的感悟略显套路化，可以挖掘更独特的个人体验(C05)。从结构上看，文章的叙事线索清晰，能够清楚交代事件的前后发展脉络(S02)，各段落的功能明确，均能服务于主旨的表达(S06)，段落内部的句子也能围绕中心句展开，联系紧密(S07)。文章的开头能迅速将读者带入核心冲突情境(S11)，结尾则对主旨进行了简洁有力的升华(S12)。然而，段落之间的衔接有时依赖于简单的时间词(S03)，这使得段与段的关系虽然清晰但不够紧密流畅(S08)。在详略处理上，对冲突和反思过程有一定描写(S09)，对中间的冷战阶段则进行了简要处理(S10)，但核心的心理转变过程若能再详尽些会更有说服力。在语言层面，文章对人物动作和心理的细节有较好的关注(E11)，观察和叙述也体现了主次和顺序(E12)，词句的运用较为恰当生动(E02)，整体语句通顺完整(E01)。作者综合运用了记叙、描写等表达方式，并能使用心理描写等表现手法(E07)，但在修辞手法的多样性上表现不足(E05)，且结尾的议论抒情与前文的叙事融合得可以更自然(E06)。"
160318,"文章选取了公交车让座这一具体且生活化的事例，材料充实，能够有效支撑文章主题(C02)；叙事紧紧围绕“关爱是一种美德”这一中心展开，指向性明确(C04)。但在选材的创新性上略显不足，题材较为传统，思想深度和独特性有待挖掘(C05)，未能尝试从更多元的角度来表现主题(C06)。结构方面，开头引用名言结合生活实际，切题迅速且恰当(S11)；叙事过程条理清晰，事情的前因后果交代得非常清楚(S02)。文章详略得当，对让座的核心过程进行了详写(S09)，对过渡性背景材料进行了略写(S10)。段落之间能够运用过渡词句进行衔接(S03)，各段落与主旨(S06)、各句子与段落中心(S07)以及段与段之间(S08)都保持了较为紧密的逻辑联系。结尾进行了总结，虽然简洁但略显常规(S12)。语言表达上，全文语句通顺流畅，意思完整，展现了良好的语言基础(E01)；词句运用恰当，能够生动地描绘情境(E02)。作者观察事物有主次、有顺序(E12)，并关注到了人物的外貌和动作细节(E11)。叙述中综合运用了记叙、描写和议论等多种表达方式(E06)，但在修辞手法(E05)和表现手法(E07)的运用上较为单一，丰富度稍欠缺。"
160319,"文章选取了摔船引发冲突直至同学转学这一具体事件，材料充实且具有情节张力(C02)，叙事始终围绕“学会包容”这一核心主题展开，选材剪裁得当(C04)。作者并未停留在简单的道歉和好，而是设计了转学这一不可挽回的后果来凸显包容的重要性，体现了思想的独特性与深刻性(C05)，同时能从自我反思、他人反应及旁观者点拨等多角度表现主题(C06)。文章开头直接切入冲突场景，虽无铺垫但迅速抓住读者注意力(S11)，结尾通过校长的哲理性话语升华主旨，简洁有力且意蕴深远(S12)。在叙事节奏上，重点详写了摔船时的动作神态及心理变化，突出了矛盾冲突(S09)，而对等待陈明等过渡性情节进行了合理的略写处理(S10)。段落之间运用了恰当的过渡词句，使得情节推进较为流畅(S03)，各段落内容均紧密服务于文章主旨(S06)，句与句之间逻辑连贯(S07)，叙事脉络基本清晰(S02)。不过，从冲突直接跳跃到转学，再到校长的一番宏论，段落间的内在逻辑衔接略显生硬，紧密度有待加强(S08)。全文语句通顺流畅，意思表达完整(E01)，使用了诸如“失去母亲的小熊猫”等生动形象的比喻，词句具有感染力(E02)。文中综合运用了比喻、排比等修辞手法(E05)，将记叙、描写与抒情议论相结合(E06)，并采用了心理描写、语言描写等多种表现手法刻画人物(E07)。特别是在描写摔船一幕时，对人物动作、神态及心理活动的细节捕捉十分到位(E11)，观察视角主次分明且顺序井然(E12)。"
160320,"文章选取了小木船被摔坏引发冲突、好友转学离别、梦中重逢和解等具体情节，材料充实且具有生活气息(C02)。叙事过程紧紧围绕“友谊”这一中心，从破坏到修复，选材切题(C04)。特别值得一提的是，文章结尾以“这个梦好静好纯”揭示重逢或许是梦境，虚实结合的处理方式颇具匠心，体现了独特的构思(C05)。作者不仅描写了友谊的甜蜜，也触及了家庭背景差异、冲动后的悔恨等层面，体现了多角度的思考(C06)。在结构上，文章开头简明扼要地交代了人物关系及陈明的家庭背景，为后文埋下伏笔(S11)。故事的前因后果交代得比较清楚，情节发展脉络清晰(S02)。重点部分如摔船冲突和重逢场景描写细致(S09)，而转学期间的过渡则处理得较为简洁(S10)，做到了详略得当。段落之间关系紧密，共同服务于文章主旨(S06)(S08)。尽管使用了时间词进行过渡，但部分段落间的粘合还可以更加自然(S03)。结尾处议论升华主旨，并用梦境收束，简洁利落且余味无穷(S12)。语言表达方面，语句通顺流畅，意思表达完整(E01)。作者善于捕捉人物和事件的细节，如“惊的一抖”、“豆大的泪珠”、“哆哆嗦嗦”等神态和动作描写十分生动(E11)，词句运用恰当优美(E02)。文中综合运用了比喻、夸张等修辞手法，增强了表现力(E05)。叙述有条理，观察有主次(E12)。虽然综合使用了记叙、描写、议论等表达方式(E06)，且尝试了梦境这种表现手法(E07)，但情感转折处若能更细腻些会更好。整体而言，这是一篇情感真挚、构思巧妙的佳作。"
160321,"文章叙事基本清晰，能够按照事件发展的先后顺序进行观察和记述(E12)，语句通顺完整，保障了基本的阅读流畅性(E01)。在构思上，你能尝试通过一个戏剧性的外部冲突来化解朋友间的内部矛盾，这体现了一定的思考角度和独创性(C06)(C05)，所选取的抢劫事件作为核心材料也较为具体(C02)。然而，文章的主要问题在于材料的组织与主旨的关联度。抢劫事件与开篇的小木船矛盾之间缺乏自然的铺垫和衔接，导致段落间的关系显得松散(S08)，未能紧密地围绕友谊和解这一中心进行组织(C04)，使得各段落和主旨的联系不够紧密(S06)。在叙事节奏上，重点情节的详写程度还有待加强(S09)，而一些过渡性环节则交代得过于简略(S10)，结尾的处理也显得仓促，未能形成一个简洁有力的收束(S12)。语言表达方面，词语的运用基本恰当(E02)，但整体上修辞手法的运用较少(E05)，使得文章的文学色彩不足。"
160323,"该作文以“小木船”引发的冲突为切入点，选取了争吵、冷战、借胶水、道歉等具体情节，材料充实且具有生活气息(C02)。全文紧紧围绕友谊的波折与修复这一中心来组织材料，主线清晰(C04)。结尾处作者没有停留在事件本身，而是将友谊升华为“宽容”的力量，体现了思想的一定深度与原创性(C05)。叙述中融合了事件过程与内心活动，能够从行为和心理多角度表现主题(C06)。在结构上，文章情节发展连贯，基本交代清楚了冲突的前因后果(S02)。段落间使用了“从那以后”、“不知怎么”等过渡词句，使文章衔接自然(S03)。各段落内容均紧扣“友谊”这一主旨(S06)，段落内部句子之间围绕中心意图展开，联系紧密(S07)，段与段之间逻辑顺畅(S08)。作者详写了激烈的冲突场面和感人的和解过程(S09)，略写了中间冷战的时光，详略处理得当(S10)。开头直接描写冲突现场，入题迅速且恰当(S11)；结尾虽做到了简洁利落，但升华略显仓促(S12)。语言表达方面，全篇语句通顺，文意完整(E01)。文中运用了比喻、夸张等修辞手法(E05)，如“嘴张得比西瓜还大”，虽略显夸张但增强了表现力，不过部分词句的生动性和优美度仍有提升空间(E02)。文章综合运用了记叙、描写、议论等多种表达方式(E06)，并采用了心理描写等表现手法(E07)。作者关注到了人物的神态、动作等细节(E11)，叙事过程有主次、有顺序，观察较为细致(E12)。"
160324,"文章在内容层面表现出一定的优势，能够选取朋友冒雨送来粘好的船模这一具体事件作为核心材料，使友谊的主题得以具象化呈现(C02)，并且在结尾处将这一经历提炼为“友谊像小船要经过暴风雨的打击才能更坚固”的感悟，体现出一定的思想独特性(C05)。同时，叙事过程中对“湿淋淋的身子”等细节的关注是到位的(E11)，观察也基本能做到主次分明有顺序(E12)。全文语句通顺，意思表达完整清晰(E01)，结尾的提炼简洁有力，是文章的一个亮点(S12)。在结构方面，各段落能够与友谊这一主旨紧密相连(S06)，段落之间的关系也比较紧密，形成了“冲突-发展-和解”的完整链条(S08)。然而，文章在叙事节奏和内部逻辑上存在不足。例如，从生气扭头就走到第二天事件传遍班级，其间的情节交代不够清晰(S02)，段落间的衔接也缺少必要的过渡词句(S03)。虽然整体材料能围绕中心，但组织得不够严密(C04)，且未能从多角度展开思考(C06)。部分段落内部的句子之间联系松散，削弱了段落的集中性(S07)。在表现力上，文章对和解这一重点部分的详写不足，未能充分展开心理活动(S09)，而对次要情节的处理也显得不够简练(S10)。开篇直接切入矛盾，但略显平淡(S11)。语言表达基本准确，但词句的生动优美程度有待提升(E02)，修辞手法(E05)和表现手法(E07)运用单一，尤其是在表达方式上，全文以记叙为主，缺乏其他方式的综合运用(E06)。"
160325,"文章围绕伙伴之间的矛盾与和解展开，能够围绕中心选择和组织材料(C04)，开篇直接切入事件，制造了有效的矛盾起点(S11)。叙事上，全文按照事件发展的先后顺序展开，主次分明，做到了有顺序地观察和记叙(E12)，段落之间的逻辑关系也较为紧密(S08)，并能通过“后来”、“第一点”、“第二点”等词句进行段落粘合(S03)，显示出对文章重点部分的把握(S09)。然而，文章在内容的深度和表达的丰富性上存在不足，选取的材料虽然具体但不够充分，缺乏生动的细节支撑(C02)，同时事件本身和主题思想也显得较为常规，原创性和深刻性不足(C05)，思考角度也比较单一(C06)。在结构上，部分内容的交代不够清晰(S02)，段落内部的句子之间以及段落与主旨的联系有时不够紧密(S06，S07)，对非重点内容的省略处理也显得有些仓促(S10)，结尾虽然点明了主旨但略显平淡(S12)。语言表达方面，语句基本通顺(E01)，但词语的选择比较平实，缺乏生动优美的词句(E02)，对人物和事件的细节刻画不足(E11)，表达方式较为单一(E06)，尤其在修辞手法(E05)和表现手法(E07)的综合运用上明显欠缺，影响了文章的感染力。"
160326,"文章以小木船为线索，选取了朋友间从争吵决裂到追逐和解的具体事件作为核心材料，内容具体充分(C02)，并能围绕友谊这一中心进行组织(C04)，多角度地展现了友谊的波折与珍贵(C06)，但在思想深度与独创性上表现稍显平实，主题挖掘不够深刻(C05)。结构方面，文章以冲突开篇，能迅速吸引读者(S11)，情节前后交代清晰(S02)，段落间的衔接过渡自然(S03)，逻辑关系紧密(S08)，各段落也能紧扣主旨(S06)，段内句子围绕中心句展开，关联性较好(S07)，同时在叙事节奏上处理得当，能详写矛盾与和解的关键部分(S09)，略写中间冷战的过渡阶段(S10)，但结尾部分稍显仓促，梦境与名言的引用与前文的情感铺垫结合不够紧密，力量有所削弱(S12)。语言表达上，全文语句通顺完整(E01)，综合运用了叙述、描写、对话等多种表达方式(E06)与比喻等修辞手法(E05)，并能运用一定的表现手法丰富文章(E07)，对人物动作、神态等细节有主次分明且有序的观察与呈现(E11，E12)，但在词语的运用上还可以更加生动优美，以增强表现力(E02)。"
160327,"文章选取了制作、摔坏小木船以及重新制作送给朋友等具体情节，材料选取充分，有效支撑了友谊这一主题(C02)，并且材料的组织紧密围绕文章中心，展现了友谊经历波折后的修复过程(C04)。作者在叙事中融入了对于主动修补友谊的思考，体现了一定的思想独特性(C05)。在语言表达方面，全文语句通顺，意思完整流畅(E01)，词句运用生动形象，特别是对人物神态的描写颇具感染力(E02)。文章特别关注人物和事件的细节，如对陈明“眼睛一亮”、“笑成一条缝”以及“扣衣服”等动作神态的刻画非常细腻(E11)，且叙事过程有主次、有顺序，条理清晰(E12)。在结构上，各段落内容与主旨紧密相连(S06)，段落之间的逻辑关系也较为紧凑(S08)，结尾简洁利落，通过比喻升华了主题，收束有力(S12)。不过，部分句子与段落中心的联系不够紧密，例如文中关于衬衫扣子的细节描写虽然生动，但与当时冷战的段落氛围关联度略弱(S07)。前后内容的交代基本清楚(S02)，但在段落间过渡词句的使用上较为常规(S03)，过渡性材料（如获得多余材料的情节）处理得略显生硬(S10)。文章虽然对重点部分进行了详写(S09)，但人物心理变化的转折略显仓促。开头部分中规中矩，能引出下文(S11)。此外，文章主要依赖单一视角叙事，在多角度思考主题(C06)以及综合使用多种表现手法(E07)、修辞手法(E05)和表达方式(E06)方面表现一般，层次感有待丰富。"
160328,"文章选取了小船风波、冷战僵局、纸条道歉以及最后的相视一笑等具体情节，材料充实且具有生活气息(C02)。所有情节都紧紧围绕“友谊的波折与修复”这一中心展开，从冲突到和解的脉络清晰，材料组织严密(C04)。虽然“误会与和解”是常见题材，但作者通过细腻的心理刻画赋予了文章独特的真情实感(C05)。文章主要从“我”的视角出发，同时也关注了朋友的状态，选材能够较好地表现主题(C06)。在结构上，文章起承转合自然，从摔船的愤怒到冷战的疏离，再到和解的感动，前后内容交代得非常清楚(S02)。段落之间利用时间节点和心理转折进行了有效的过渡粘合(S03)。各段落始终紧扣友谊这一主旨，无枝蔓横生(S06)。句与句之间逻辑连贯，特别是心理活动的描写层层深入，紧扣段落中心(S07)。段落间的情节推进紧凑，关系紧密(S08)。作者对“发现纸条”及“内心悔悟”的重点环节进行了浓墨重彩的详写(S09)，而对冷战期间的漫长过程则进行了恰当的略写，详略得当(S10)。开头直接描写冲突现场，入题迅速且吸引人(S11)；结尾以“含泪一笑”定格画面，简洁有力且余韵悠长(S12)。语言方面，全文语句通顺流畅，叙事完整(E01)。词语使用恰当且生动，如“百感交集”、“电影倒带”、“不仅……还……”等句式增强了表达效果(E02)。文中运用了比喻等修辞手法，如将回忆比作电影倒带，形象贴切(E05)。文章综合运用了语言、动作、神态和心理描写等多种表达方式，尤其是心理描写极具感染力(E06)。表现手法多样，通过细节捕捉和情感变化的对比来增强文章张力(E07)。作者非常关注细节，如“皱巴巴的纸条”、“淡淡的泪痕”等描写极富画面感(E11)。观察细致入微，对人物神态和动作的刻画有主次、有顺序(E12)。"
160329,"文章能够选取一次因小木船而起的冲突作为核心事件，材料具体充分(C02)，并且能紧密围绕友谊这一中心来选择和组织材料(C04)，从冲突、冷战、反思到和解，体现了多角度的思考(C06)。在结构层面，文章叙事脉络清晰，能够交代清楚前后内容(S02)，段落间的关系紧密(S08)，并能使用“这件事发生以后”等词句进行有效过渡(S03)。全文详略得当，对冲突与和解的过程进行了重点描摹(S09)，对中间冷战的几周则作了概括性处理(S10)，开头直奔主题(S11)，结尾简洁点题(S12)，各段落与主旨的联系也比较紧密(S06)。在语言表达上，全文语句通顺完整(E01)，能够综合运用记叙、描写、对话等表达方式(E06)，关注到了人物和事件的细节(E11)，观察有主次有顺序(E12)，结尾的比喻也较为恰当(E05)。文章的主要不足体现在两个方面：首先，在思想内容上，朋友间因误会而和解的题材较为常见，本文的呈现方式未能展现出独特的思考或深刻的见解(C05)；其次，在语言和手法层面，词句的锤炼尚有空间，部分表达可以更生动优美(E02)，段落内部个别语句的组织可以更凝练(S07)，同时除了叙述之外，综合使用的表现手法不够丰富(E07)。"
160330,"文章选取了误伤朋友导致绝交以及梦醒后倍加珍惜的具体材料，内容充实(C02)，始终围绕“友谊万岁”这一中心进行组织(C04)。作者能从失去友谊的痛苦和失而复得的庆幸等多角度思考主题(C06)，但在立意的独特性和思想深刻方面还有提升空间(C05)。叙事上，前因后果交代得非常清楚(S02)，段落之间使用了恰当的过渡词句，衔接自然(S03)，各段落与主旨联系紧密(S06)，段际关系逻辑清晰(S08)。对于心理描写等重点部分进行了详写(S09)，过渡性材料略写得当(S10)。开头设置悬念，入题迅速(S11)，结尾通过议论升华主题，简洁利落(S12)。虽然个别句子与段落中心的联系稍显松散(S07)，但整体语句通顺流畅(E01)，词句运用较为生动(E02)，综合运用了比喻、排比等修辞手法(E05)以及记叙、议论等表达方式(E06)。此外，文章关注了人物语言、动作及心理细节(E11)，叙事条理分明(E12)，表现手法运用尚可(E07)。"
160331,"文章在叙事结构和材料组织上表现出色，能够围绕友谊这一中心选择和组织具体事件，逻辑清晰(C04)，并选取了从争吵、冷战到和解的完整过程作为核心材料，内容具体充分(C02)，使得文章的重点部分得到了详尽的展现(S09)。作者对人物的动作和心理细节有敏锐的观察力，如朋友道歉时“面色通红”和“小到让人听不见的声音”，以及“我”内心的天人交战，都体现了对细节的关注(E11)，并且能够按照时间顺序和心理变化顺序进行有序记叙(E12)。文章的段落之间衔接紧密(S08)，各段落也能紧密围绕主旨展开(S06)，结尾部分简洁有力地升华了主题，表达了悔意与感悟(S12)，整体语句通顺完整(E01)。然而，文章在思想深度和表达技巧上还有提升空间，主题虽然处理得当，但在原创性与思想深刻性方面可以进一步挖掘(C05)，目前通过内心矛盾展现的多角度思考还略显单一(C06)。叙事、描写、议论等表达方式运用尚可(E06)，过渡性材料的略写也基本做到位(S10)，段落间的过渡也较为自然(S03)。问题在于，部分情节的衔接略显突兀，如朋友突然转学的情节设置，使得前后内容的交代不够圆润(S02)，同时个别段落内部的句子与段落中心句的关联性有待加强(S07)。作为续写，文章的开头直接进入矛盾，但作为独立部分来看铺垫不足(S11)。语言表达方面，词句的运用虽然恰当，但不够生动优美，显得较为平实(E02)，修辞手法的综合运用较少(E05)，表现手法的多样性也有所欠缺(E07)。"
160332,"文章的核心优势在于叙事清晰、结构完整。开篇即设置激烈冲突，能迅速抓住读者注意力(S11)。全文围绕“木船”这一核心事件选取材料，具体且充分(C02)，并能将争吵、后悔、误会加深和最终和解等情节紧密围绕友谊这一中心进行组织(C04)。从结构上看，文章段落间的逻辑关系紧密(S08)，过渡自然(S03)，每个段落都服务于主旨的表达(S06)，段落内部的句子也能围绕段落中心展开(S07)，使得前后内容交代清楚(S02)。在表现手法上，文章能够综合运用叙述、描写和心理活动等多种表达方式(E06)，对人物情绪变化的细节有较好的关注(E11)，对事件的观察也体现出主次和顺序(E12)，且能够对重点部分进行详写，对过渡性材料进行略写(S09，S10)。然而，文章在思想深度和语言表达的艺术性上存在提升空间。文章对友谊的探讨触及了误会与和解，但整体思考未能展现出超越同龄人的一面，独创性与深刻性稍显不足(C05)。结尾部分虽然点明了主旨，但议论抒情略显模式化，力量感稍弱(S12)。语言表达整体通顺流畅(E01)，但词语的选择和锤炼不够精当生动(E02)，修辞手法的运用较为单一且集中在结尾，略显刻意(E05)，整体表现手法的丰富性不足(E07)。"
160334,"文章语言流畅自然，句意完整，展现了扎实的语言基本功(E01)。遣词造句生动优美，特别是对人物神态和动作的描写极具感染力(E02)。作者极具画面感地捕捉了人物和事件的细节，如对朋友流泪、眼角的痣以及冰凉手感的刻画十分到位(E11)。叙事过程中，观察顺序井然有序，主次分明，使得情节推进合乎逻辑(E12)。文中综合运用了描写、记叙、议论等多种表达方式，使文章内容丰满立体(E06)。修辞手法的运用较为娴熟，如将友谊比作花朵，增强了文章的文学色彩(E05)。多种表现手法的结合使用，有效增强了文章的艺术感染力(E07)。在结构方面，文章前后内容交代得十分清楚，逻辑严密(S02)。段落之间使用了恰当的过渡词句，使得行文连贯自然(S03)。各段落内容紧紧围绕主旨展开，没有偏离中心(S06)。句与句、段与段之间联系紧密，中心句支撑有力(S07)，段落间的逻辑关系十分紧凑(S08)。作者能够熟练掌握详略得当的写作技巧，对矛盾爆发和化解的重点部分进行了细致描写(S09)，而对等待的过渡性材料则进行了简洁的略写(S10)。结尾部分简洁利落，升华了主题，给人留下了深刻印象(S12)。不过，开头的写法虽然直接入题，但在铺垫和吸引力方面略显单薄，仅达到基本要求(S11)。在选材与立意上，作者能够从多角度思考友谊的主题，并选用了合适的冲突情节来表现(C06)。材料的组织紧密围绕文章中心，服务于主题表达(C04)。文章在单纯的叙事之外，融入了对友谊失而复得的深刻思考，具有一定的独特性(C05)。但在材料选取的丰富度和具体性上稍显常规，选材的充分程度还有提升空间(C02)。"
160336,"文章以一件具体的生活小事作为切入点，选材真实而又充分，能够很好地支撑说理(C02)，并且整个事件的记叙与反思都紧密围绕着友谊与自我检讨这一中心展开，材料组织有序(C04)。作者能从自身、朋友以及旁观者等多个视角来审视这次冲突，使得思考具有一定的层次性(C06)，最终通过双方互相道歉的情节，将主题深化为双向奔赴的珍贵友谊，而非单方面的过错，体现了思想的独特性(C05)。叙事上，文章综合运用了记叙、描写和议论抒情等多种表达方式(E06)，并借助对话、心理活动和行动描写等多种表现手法来刻画人物、推进情节(E07)。尤其对人物神态、事件经过的细节描摹非常到位(E11)，观察有序且重点突出(E12)，使得故事的代入感很强。全文结构完整，情节的前后衔接交代清晰(S02)，段落间的逻辑关系紧密(S08)，这得益于“就在这时”等过渡词句的有效运用(S03)。文章的主体部分能够做到详略得当，对冲突爆发和和解过程进行了重点刻画(S09)，对回家路上的思索等过渡性内容则处理得较为简略(S10)。各段落的功能明确，均能服务于主旨的表达(S06)。语言表达整体通顺流畅(E01)，也运用了一些修辞手法增强了生动性(E05)，但个别词语的运用还可以再作推敲，以求更加精准优美(E02)。不足之处在于，段落内部个别语句与段落中心句的关联不够紧密，略显松散(S07)；文章的开头过于平铺直叙，显得比较普通(S11)；结尾则直接点明道理，议论部分显得说教意味过浓，削弱了故事本身带给读者的余韵，不够简洁有力(S12)。"
160337,"文章选取了朋友间因小木船产生冲突直至和解的具体事件，材料尚算充实(C02)，全篇叙述始终紧扣友谊波折这一中心，主旨明确(C04)。各段落内容与文章主旨联系紧密(S06)，并能运用一定的过渡词句推进情节发展(S03)，对于争执这一重点部分进行了较为详细的描写(S09)。在表达上，作者关注到了人物动作和语言的细节，还原了当时的冲突场景(E11)，叙事顺序也较为清晰(E12)，语句基本通顺(E01)。然而，文章在结构安排上存在不足，开头较为平淡(S11)，结尾处理显得仓促且略带形式化(S12)，前后情节的交代不够充分，使得情感转折略显突兀(S02)。段落内部句子间的逻辑紧密度有待加强(S07)，段落之间的联系也显得不够紧密(S08)，过渡性材料的处理较为一般(S10)。此外，立意较为常规，缺乏独特性和思想深度(C05)，未能从多角度深入挖掘主题(C06)。语言表达方面，词汇略显贫乏(E02)，极少使用修辞手法(E05)，表达方式(E06)和表现手法(E07)较为单一，影响了文章的感染力。"
160338,"文章的核心亮点在于能从一次具体的冲突事件中提炼出关于复仇与宽恕的思考，并最终升华至“与人为善”的主题，这体现了具有一定深度的原创性思考(C05)。全文能够围绕这一中心来选择和组织朋友受伤、内心愧疚及最终和解等材料(C04)，并能从“我”的复仇心理和担忧心理等多个角度来展开叙述(C06)。然而，用于支撑观点的具体材料还不够充分，例如冲突的起因、朋友受伤后的具体情状等细节有待补充(C02)。结构方面，文章能够交代清楚事件的前后发展过程(S02)，各段落也基本能与主旨紧密相连(S06)，段落间的关系也较为紧密(S08)，但衔接有时依赖简单的过渡词句，略显生硬(S03)。问题在于，部分段落内部的句子之间联系不够紧密，显得有些松散(S07)。在详略处理上，文章对家长到来等过渡性材料做到了略写(S10)，但对于医院场景等重点部分的刻画还不够深入，未能充分展开详写(S09)。此外，文章的开头直接进入事件高潮，稍显突兀(S11)，结尾则较为简洁地总结了主旨(S12)。语言表达上，语句基本通顺完整(E01)，观察事物时能有主次有顺序地进行(E12)，并关注到了一些人物和事件的细节(E11)。但词句的运用还不够恰当生动(E02)，表达方式上以叙述为主，手法较为单一(E06)，修辞手法和表现手法的综合运用也比较有限(E05)(E07)。"
160339,"这篇文章在结构与叙事上表现突出，事件的前后交代清楚(S02)，段落间的关系紧密(S08)且能使用过渡词句有效粘合(S03)，同时段落内部的句子也能紧密围绕中心(S07)，对冲突的核心部分能做到详写(S09)而对过渡性材料则处理得当(S10)，对人物和事件细节的捕捉十分到位(E11)。内容方面，文章能从多个角度思考主题并选用合适的材料来表现(C06)，选取的“小木船”事件具体充分(C02)，能够支撑起观点，并体现出一定的独特性思考(C05)，开头与结尾的设置也较为恰当(S11，S12)。然而，材料的组织与中心观点的结合还可以更加紧密(C04)，个别段落与主旨的关联性也略有不足(S06)。语言表达层面，全文语句通顺完整(E01)，词句运用基本恰当生动(E02)，观察有序(E12)，也能综合使用修辞手法(E05)，但在表达方式的综合运用上略显单一(E06)，表现手法的丰富性尚有提升空间(E07)。"
160340,"文章能够围绕友谊这一中心选择一次与同学的冲突事件作为写作材料(C04)，事件本身是具体且完整的，体现了对素材的基本选取能力(C02)，并且在叙述时能按照事件发展的先后顺序有主次地展开(E12)。文章的整体段落关系基本是紧密相连的(S08)，各段落也都能和主旨产生联系(S06)，结尾部分简洁地点明了主旨(S12)。然而，文章在思想深度上挖掘不足，对友谊的思考停留在较浅的层面，未能展现出独创性的见解(C05)，同时对主题的思考角度也较为单一(C06)。结构方面，文章的开头显得有些仓促(S11)，事件的转折，如从负气出走到找老师求助，其间的心理过程交代不够清晰(S02)，段落之间也缺少必要的过渡词句(S03)，导致情节推进略显生硬。文章对冲突高潮和心理活动等重点部分的描写不够充分(S09)，而道歉和解等环节又处理得过于简略(S10)，使得人物情感变化缺乏支撑。语言表达上，语句基本通顺(E01)，但词语的运用不够恰当生动(E02)，表达方式较为单一，以叙述为主，缺少丰富的描写(E06)，修辞手法(E05)和表现手法(E07)的运用也比较有限，对人物和事件的细节刻画不足(E11)，影响了文章的感染力。"
160341,"作文选取了摔船、赔船及毕业赠礼等具体材料构建故事框架(C02)，并能从冲突爆发、冷战延续到毕业和解等不同时间节点切入，尝试多角度表现主题(C06)，但在围绕中心组织材料方面，中间的情感转折略显生硬(C04)，题材较为常规，独创性尚有提升空间(C05)。在结构上，文章能利用“第二天”、“许多天以后”等时间词作为过渡，有效粘合相邻段落(S03)，段落间的逻辑关系也较为紧密(S08)，结尾简洁有力，点明了友谊的主题(S12)；然而，开头直接切入对话缺乏必要的背景铺垫(S11)，导致前因后果交代不够清楚(S02)，且部分段落内容与主旨的紧密度稍弱(S06)，虽然对冲突过程进行了详写(S09)，对过渡性材料进行了略写(S10)，但句与句之间的逻辑连贯性仍需加强(S07)。在语言表达方面，作者关注人物语言和动作细节(E11)，并能按时间顺序有序展开叙述(E12)，综合运用了比喻等修辞手法增强了画面的形象感(E05)(E06)(E07)；不过，文中存在明显的笔误，影响了语句的通顺度(E01)，部分词语搭配略显生硬，词句的生动优美程度有待提高(E02)。"
160343,"文章围绕一次同学间的矛盾展开，选材具体，能够通过争吵、反思与和解的完整事件来支撑论点(C02)，并且最终的感悟“乌鸦站在煤炭上，看得见别人黑，看不见自己黑”体现了一定的思想深刻性(C05)。从结构上看，各段落围绕“换位思考”的主旨展开，段落之间按照事件发展顺序衔接，逻辑关系紧密(S06，S08)，对核心冲突过程的详写也比较突出(S09)。然而，文章在材料的组织与呈现上存在一些不足，例如开篇直接切入争执，显得较为突兀，未能写出恰当的开头(S11)；王东作为关键的转折人物，其相关情节作为过渡性材料处理得过于简略(S10)，使得“换位思考”的领悟过程交代不够清晰(S02)。虽然文章尝试从“我”和“陈明”两个角度思考，但整体的思辨层次还不够丰富(C06)。语言表达方面，基本做到了语句通顺(E01)，但词语的运用不够生动，例如用“灯泡”比喻眼睛显得不太恰当，影响了词句的表达效果(E02)，对人物神态、动作的细节刻画也有待加强(E11)。同时，文章主要依赖叙述这一种表达方式，修辞手法和表现手法的运用都比较单一(E06，E07)，使得文采有所欠缺。"
160344,"文章选取了“摔船”引发冲突这一具体事件，内容充实，能够支撑起关于友谊波折的叙述(C02)。材料的选择和组织整体上围绕“冲动与反思”的中心展开，主旨较为明确(C04)。但在立意上，使用“梦境反转”虽有构思，但属于较为常见的套路，思想深度和原创性方面还有提升空间(C05)，且思考角度主要局限于“我”的单一视角，若能多维审视冲突会更深刻(C06)。在结构安排上，开头直接入题，制造悬念，非常吸引人(S11)，结尾总结道理，简洁有力(S12)。段落之间使用了恰当的过渡词句，使得情节从冲突转向反思的过程较为流畅(S03)，段与段之间关系紧密，层层递进(S08)。对于摔船时的心理和动作进行了详写，突出了重点(S09)，而对梦醒后的和好过程处理简洁，略写得当(S10)。不过，开篇情节切入略显突兀，前后交代的平滑度稍缺(S02)，且梦境的设计在逻辑上对主旨的支撑紧密度略有不足(S06)，部分句间的逻辑联系还可以更加紧密(S07)。语言表达是本文的亮点。语句通顺流畅，意思完整(E01)，用词极其生动精准，如“亲吻地板”、“无罪的木船遗迹”等表达极具表现力，语言优美(E02)。综合运用了拟人、比喻等多种修辞手法，增强了文章的感染力(E05)。同时，结合了记叙、描写和议论等多种表达方式(E06)，并采用了虚实结合的手法(E07)。在细节描写上，对人物动作和心理的捕捉十分敏锐(E11)，叙事条理清晰，观察有主次、有顺序(E12)。"
160401,"该作文以《音乐的魅力》为题，记叙了作者赴国家大剧院观看歌剧的经历。在选材上，作者选取了观看歌剧这一具体且充分的材料来支撑主题(C02)，基本能围绕中心组织材料(C04)，但在思想深度和选材的独特性上表现平平(C05)，多角度思考主题的能力也有待加强(C06)。结构方面，文章能够交代清楚事件的前因后果(S02)，使用了过渡词句连接段落(S03)，各段落与主旨联系较为紧密(S06)，段落间关系也比较紧凑(S08)。但在句段内部逻辑上，部分句子与段落中心的联系不够紧密(S07)。详略安排上，作者对歌剧表演这一重点部分进行了详写(S09)，但对过渡性材料的处理略显一般(S10)。开头部分略显仓促，吸引力不足(S11)，结尾引用名言总结，简洁利落(S12)。语言表达方面，整体语句通顺，意思完整(E01)，但词句不够生动优美，存在一些语病和错别字(E02)。文中运用了比喻等修辞手法(E05)，综合使用了记叙、描写等表达方式(E06)，表现手法也体现了一定多样性(E07)。作者关注到了人物和事件的细节(E11)，并能按一定顺序进行观察和叙述(E12)。"
160403,"文章能够围绕“扼住命运的喉咙”这一中心，将贝多芬的经历、个人感悟与《命运交响曲》的听感体验三者有机结合(C04)，所选材料具体且具有说服力(C02)。作者从音乐、人物和自我三个角度切入，对主题进行了多维度的思考(C06)，并将个人体验与音乐鉴赏相融合，最终升华出对命运的深刻思考，体现了较好的思想原创性(C05)。结构方面，文章开篇有力(S11)，前后内容的衔接与交代十分清晰(S02)，段落间的关系紧密(S08)，句间逻辑顺畅(S07)，并且能有效运用过渡词句使行文自然流畅(S03)。文章对聆听乐曲的核心部分进行了充分的详写(S09)，对个人背景的交代则处理得当，做到了主次分明(S10)。美中不足的是，个别段落与主旨的关联稍显松散(S06)，结尾部分的力量感相较于主体段落也有所减弱，可以更凝练一些(S12)。语言表达上，全文语句通顺完整(E01)，词语的运用较为恰当生动(E02)，能够有顺序地描摹听曲时的感受变化(E12)，并综合运用了记叙、描写和议论等多种表达方式来丰富文章内容(E06)。但在修辞手法的运用上可以更加多样化(E05)，表现手法的丰富性也有待提升(E07)，同时对音乐的描摹若能加入更具象的细节，将使文章的感染力更进一步(E11)。"
160404,"文章选取了梵高名画《星空》作为核心素材，材料具体且充分(C02)，行文紧紧围绕“我与《星空》”这一中心展开，组织有序(C04)。作者不仅描绘了画作表象，还尝试解读画家内心的苦闷与人类的挣扎，体现了一定的思想深度与独特性(C05)，并能从视觉呈现到精神内涵多角度思考主题(C06)。结构上，文章前后内容交代基本清楚，但在逻辑衔接上略显生硬(S02)，段落间使用了过渡词句进行粘合(S03)，各段落均紧密围绕主旨(S06)。主体段落内部，各句与段落中心联系紧密(S07)，段际关系也较为紧凑(S08)。作者重笔描绘画面细节，详写得当(S09)，但在过渡性材料的处理上稍显粗糙，略写部分不够精炼(S10)。开头通过列举名作自然引出主题，恰当得体(S11)；结尾虽试图升华，但稍显仓促，简洁度尚可(S12)。语言方面，语句通顺流畅，意思完整(E01)，使用了诸如“海浪般的山丘”、“葱郁与闪耀的乐曲”等生动优美的词句(E02)。文中综合运用了比喻等修辞手法(E05)以及描写、议论等多种表达方式(E06)，表现手法多样(E07)。作者细致观察了星云、柏树等画面细节(E11)，且观察视角有主次、有顺序，层次分明(E12)。"
160407,"文章开头以排比句式引出生活中的艺术，点明“用心倾听”的主题，入题迅速且观点鲜明，展现了极佳的开篇技巧(S11)；结尾处再次呼应开头，将具体的练琴感悟升华为对艺术魅力的普遍思考，总结简洁利落，有力地收束了全文(S12)。在内容选材上，作者选取了练习《天空之城》这一具体的生活实例，材料充实且具有生活气息(C02)；全文始终围绕“用心倾听”这一中心展开，从技巧熟练但情感匮乏的困惑，到老师点拨后的顿悟，材料组织严谨，紧扣主旨(C04)。作者能够通过音乐联想到具体的电影画面，这种将听觉转化为视觉的独特体验，体现了思想的独特性和原创性(C05)，同时也展示了作者能从多角度思考主题，巧妙选用联想材料来表现音乐之美(C06)。从结构上看，文章起因、经过、结果交代得非常清楚，叙事逻辑连贯(S02)；段落之间运用了“一天下午”、“第1遍时”等时间词进行过渡，有效粘合了相邻段落，使文章脉络清晰(S03)。各段落内容均紧紧围绕主旨铺陈(S06)，段落内部句子之间的衔接也十分紧密，特别是描写想象画面时，情节推进流畅(S07)。整体上，段与段之间联系紧密，构成了一个有机的整体(S08)。详略安排方面，作者浓墨重彩地描写了脑海中浮现的“天空之城”画面，详写了重点部分，突出了情感融入的过程(S09)；而对于练琴前的准备等过渡性材料则一笔带过，略写得当，使得文章重点突出(S10)。语言表达方面，全文语句通顺流畅，意思表达完整，没有明显的语病，展现了扎实的语言功底(E01)；成语如“滚瓜烂熟”、“百思不得其解”运用恰当，对画面的描写也颇为生动(E02)。文章综合运用了叙述、描写和议论等多种表达方式，特别是将音乐旋律具体化为故事情节的描写手法运用得当(E06)。在细节描写上，既关注了练琴时的心理变化，也描绘了想象中的生动场景，细节丰富(E11)；叙事过程有主次、有顺序，体现了良好的观察力(E12)。不过，虽然运用了联想等手法，但在修辞手法的综合运用上相对简单(E05)，表现手法的多样性也有待进一步丰富(E07)。"
160409,"这篇作文选材具体且充分，通过回忆学琴经历及演奏《初雪》的具体场景来表现主题(C02)，始终紧紧围绕“钢琴之魂”这一中心组织材料，情感指向明确(C04)。文章不仅记录了演奏过程，更融入了对艺术与生活的深刻思考，立意具有一定的独特性和深度(C05)，且能从现实演奏、联想画面及哲理感悟等多个角度来表现主题(C06)。在结构布局上，文章前后内容交代清楚，脉络清晰(S02)，段落之间过渡自然，巧妙运用了过渡词句粘合上下文(S03)。各段落与主旨联系紧密，共同服务于核心思想(S06)，段落内部的句子也紧密围绕中心句展开，逻辑严密(S07)，段与段之间关系紧凑(S08)。作者处理详略得当，详写了演奏时联想到的雪景画面，突出了文章重点(S09)，对过渡性的背景材料则进行了适当略写(S10)。开头直抒胸臆，切题恰当(S11)，结尾简洁利落，有力地升华了主题(S12)。语言表达方面，全文语句通顺流畅，意思表达完整(E01)，词句生动优美，如“盈盈亮亮”、“凄凉而美丽”等词语极富感染力(E02)。文中综合运用了比喻、拟人、排比等多种修辞手法，增强了画面的生动性(E05)，同时也结合了记叙、描写、抒情和议论等多种表达方式(E06)。通过虚实结合的联想描写，体现了多样的表现手法(E07)。此外，作者在描写雪景时关注细节，刻画细腻(E11)，且观察描写具有清晰的主次和顺序，层次分明(E12)。"
160410,"文章在选材上表现突出，能够围绕观复博物馆的三大镇馆之宝选取具体且充分的材料展开叙述(C02)。全文语句通顺，意思表达完整清晰(E01)，并且在描写文物时能够关注到纹饰、釉色、雕刻人物数量等具体细节(E11)，观察也具备一定的主次和顺序(E12)。从结构上看，文章前后内容交代清楚(S02)，段落之间通过内容衔接形成了较好的关联(S08)，并使用了必要的过渡词句(S03)，使得各段落与主旨的联系较为紧密(S06)。结尾部分能够对全文进行总结，较为简洁利落(S12)。文章对重点部分的详写也基本到位(S09)，综合运用了记叙、描写、议论等多种表达方式(E06)与表现手法(E07)。然而，文章在组织材料以服务中心方面尚有提升空间，三个文物的介绍略显并列，未能完全围绕一个更深层次的中心展开(C04)。部分段落内部的句子之间联系不够紧密，有时只是信息的罗列，未能句句紧扣段落中心句(S07)。文章的思想深刻性与独创性略显不足，结尾的感悟较为常见，未能提出更具个性化的见解(C05)。在语言表达上，词句的运用基本恰当(E02)，但修辞手法的综合运用较少，语言的生动性有待加强(E05)。此外，文章的开头部分显得较为平实，可以设计得更具吸引力(S11)，同时对非重点的过渡性材料可以处理得更简略，以突出核心内容(S10)。"
160411,"文章选取了从小学习绘画以及具体画鲁迅侧面像的经历作为主要素材，内容充实具体，能够支撑起“我与艺术”这一主题(C02)。整篇文章紧紧围绕“我对绘画的热爱与坚持”这一中心进行材料的组织与编排，主旨明确(C04)。虽然开头引用了关于艺术深刻定义的语句，但后文结合自身经历的感悟主要停留在喜爱和调节情绪的层面，思想的独特性和深刻性略显不足(C05)。作者试图从艺术定义、具体实践、情绪调节以及与其他才艺对比等多个角度来表现主题，思路较为开阔(C06)。在结构上，文章开头引用名言切入，起点较高，能迅速吸引读者注意(S11)；结尾直抒胸臆，表达对绘画的执着，简洁利落且呼应了开头(S12)。文章前后内容交代基本清楚，叙事脉络尚可(S02)，段落内部句子之间的逻辑联系较为紧密(S07)，段落之间的逻辑递进关系也比较清晰(S08)。但在段落衔接上，过渡词句的使用略显生硬，段落间的粘合度还有提升空间(S03)。虽然各段落大体围绕主旨，但个别段落（如第二段）略显单薄，与核心主旨的紧密度稍弱(S06)。在详略安排上，画鲁迅像作为重点部分描写略显平淡，未能充分展开细节(S09)，而过渡性材料的处理则中规中矩(S10)。语言表达方面，语句整体通顺，意思完整(E01)，但在词句的生动性和优美度上表现一般(E02)。修辞手法使用较少，除了开头的引用外，文中缺乏丰富的修辞点缀(E05)。表达方式以叙述为主，描写和抒情较为直白单一(E06)，表现手法也相对常规(E07)。特别是在细节描写上，对人物绘画过程的动作、神态以及观察顺序的刻画不够细致深入，使得画面感不强(E11)(E12)。"
160412,"文章最突出的优点在于对画面的观察细致且极富条理，能够由整体到局部、由远及近地展开描述，体现了优秀的观察与组织能力(E12)。基于此，你能选取画中的彩虹、牛羊、飞鸟、人物神态与衣着补丁等大量具体细节作为写作材料(C02)，并紧密围绕“盲女不盲”这一颇具独创性的中心思想来组织这些材料，通过描绘盲女的倾听姿态与小女孩的讲解，成功表现了深刻的主题(C04，C05)。文章对画作的解读也展现了多角度思考，兼顾了画面色彩、故事情节与人物内心(C06)，对画面的核心描述部分也做到了详写突出(S09)。行文基本流畅，语句通顺完整(E01)。然而，在结构衔接的精致度上尚有提升空间，文章的开头结尾虽简洁，但略显平实，可以进一步增强其吸引力和余韵(S11，S12)。段落之间的联系虽然存在，但从主体描述段到结尾议论的过渡稍显直接，若能使用更自然的过渡词句，文章的整体感会更强(S02，S08，S03)。主体段落内部的句子组织可以更加严谨，以强化句与句之间的逻辑关联(S07)。在语言表达层面，词语的运用基本恰当，但还可以追求更生动优美的表达效果(E02)，并尝试综合运用更多样的修辞手法与表达方式，以增强文章的感染力(E05，E06)。对人物神态等细节的捕捉虽已到位，但可以尝试做更深一层的想象与刻画，使人物形象更加丰满(E11)。"
160413,"本文选取了作者学习拉丁舞六年及一次比赛失利的具体经历作为素材，材料充实具体(C02)，且紧紧围绕“努力”与“时间积累”这一中心进行选材和组织，逻辑线索清晰(C04)。作者并未局限于传统俗语的表面含义，而是通过反思提出“用心对待”才是关键，展现了独特的思考深度(C05)，并能从时间跨度、临场表现、心理反思等多角度思考主题(C06)。结构上，文章前后内容交代清楚，起承转合自然(S02)，使用了有效的过渡词句粘合段落(S03)，各段落均紧扣主旨展开(S06)。但在局部，个别句子与段落中心的联系还可以更紧密(S07)，段落间的逻辑衔接也有进一步提升的空间(S08)。详略处理上，过渡性材料略写得当(S10)，但重点部分的心理剖析若能更详尽些会更好(S09)。开头引用俗语入题恰当(S11)，结尾升华主题，简洁有力(S12)。语言方面，语句通顺(E01)，词句生动优美，如“风吹雨打般”等比喻新颖(E02)，综合运用了比喻、设问等修辞(E05)及记叙、议论、描写等表达方式(E06)，对比手法的运用增强了表现力(E07)。此外，作者关注了比赛环境及心理变化的细节(E11)，观察细致有序(E12)。"
160415,"文章选取了庙会见闻、泥人张作品特征及与老板对话等具体材料，内容较为充实(C02)。全文紧扣“泥人张之关羽”这一核心对象，围绕发现生活艺术与文化传承的中心组织材料，主旨明确(C04)。作者能从卢浮宫对比、实物观察、历史联想及文化思考等多个角度切入，体现了较好的思维广度(C06)，但在思想深度和独特性上表现中规中矩，立意较为常规(C05)。文章开头以卢浮宫引出庙会，切入点恰当(S11)，结尾通过对话升华主题，简洁有力(S12)。段落之间通过“突然”、“这时”等过渡词句进行了有效粘合(S03)，前后内容交代清晰(S02)，段与段之间逻辑关系紧密(S08)。各段落均紧密围绕主旨展开(S06)，段内各句也能紧扣段落中心(S07)。在详略安排上，略写了卢浮宫及泥人张背景等过渡性材料(S10)，详写了关羽泥人的外貌特征及感悟，但在重点部分的描写细腻度上仍有提升空间(S09)。全文语句通顺，意思完整，阅读流畅(E01)。观察细致，能按照从整体到局部、由外而内的顺序进行描写(E12)，捕捉到了人物服饰、神态等细节(E11)。综合运用了记叙、描写、议论等表达方式(E06)以及联想等表现手法(E07)，并使用了比喻等修辞(E05)，词句运用基本恰当，但部分成语使用略显套路化，生动优美程度一般(E02)。"
160416,"该作文在内容选材上能够选取练琴过程中的具体曲目《北风吹·扎红头绳》作为核心材料，内容充实且紧扣“钢琴曲的感召力”这一中心。作者不仅叙述了学琴的艰辛与收获，还展现了对音乐画面感的独特联想，体现了思想的深度与多角度思考的能力。在结构上，文章前后内容交代清晰，时间线索明确，段落间使用了恰当的过渡词句，使得行文流畅自然。开头简明扼要，结尾总结升华，详略得当，重点描绘了音乐引发的想象画面，而略写了换老师等过渡性情节。语言表达方面，语句极其通顺，词汇生动优美，综合运用了比喻、拟人等修辞手法以及记叙、描写等表达方式，将听觉转化为视觉形象，表现手法丰富。作者对音乐故事中的人物细节捕捉到位，且按照音乐旋律发展的顺序进行了有条理的观察与描写。这是一篇情感真挚、描写细腻的佳作，具体点评如下：在内容与立意方面，你选取了从枯燥练习到深情演绎的具体事例，材料选择充分且具有代表性(C02)，始终紧紧围绕“钢琴曲的感召力”这一中心组织素材(C04)。难能可贵的是，你不仅写了学琴的经历，更将音乐转化为具体的画面和故事，体现了独特的感悟与深刻的思想(C05)，能够从学琴的苦与乐、听觉与视觉等多个角度思考并表现主题(C06)。在结构与条理方面，文章清楚地交代了从幼时听曲、枯燥练琴到领悟音乐的前后过程(S02)，并熟练运用过渡词句将各段落紧密粘合(S03)，段与段之间逻辑关系严密(S08)。各段落内容均紧扣主旨(S06)，段落内部的句子之间也联系紧密(S07)。你处理详略得当，对《北风吹》的画面联想进行了精彩的详写(S09)，对换老师等背景进行了必要的略写(S10)。开头开门见山(S11)，结尾简洁有力地回应了主题(S12)。在语言与手法方面，全文语句通顺流畅，意思完整(E01)，词句运用恰当且生动优美，如“手指在琴键上跳起舞来”(E02)。你综合使用了多种修辞手法增强感染力(E05)，并将叙述与描写等表达方式有机结合(E06)。通过通感将听觉转化为视觉形象，展现了多样的表现手法(E07)。此外，你关注到了音乐故事中“红头绳”、“补丁”等人物细节(E11)，并能随着乐曲的起伏，有主次、有顺序地进行观察和描绘(E12)。"
160418,"文章选取了“模型船摔坏”这一具体且充分的材料来演绎友谊波折，内容充实(C02)；能够从冲突、冷战、和解等多角度思考主题并选用材料(C06)；各段落内容紧紧围绕“友谊”这一主旨，联系紧密(S06)。但在围绕中心组织材料时，部分情节衔接稍显生硬(C04)；题材较为常规，缺乏独特的思想深度(C05)。从结构上看，开头能交代背景，切入恰当(S11)；故事的前后经过交代得非常清楚(S02)；段落间使用了有效的时间过渡词句(S03)；对过渡性的冷战期进行了合理的略写(S10)。不过，结尾略显仓促，虽有总结但不够有力(S12)；段落间的内在逻辑联系还可以更紧密(S08)；部分句子与段落中心的关联度有待加强(S07)；重点部分如和解过程的心理描写不够详尽(S09)。在表达上，作者观察细致且有主次顺序，对船只损坏情况的描写条理分明(E12)；综合使用了记叙、描写、议论等多种表达方式(E06)；运用了对比等表现手法增强感染力(E07)；全篇语句通顺，意思表达完整(E01)。但在修辞手法的综合运用上较为欠缺(E05)；词句表达虽恰当但生动性与优美度一般(E02)；对人物和事件细节的捕捉与刻画尚有提升空间(E11)。"
160419,"本文核心优点在于选材与组织，能够围绕“我与艺术”的中心，选取参观阿布扎比卢浮宫这一具体经历作为核心材料(C02)，并且所有叙述都紧密服务于这一中心，展现了优秀的材料组织能力(C04)。文章从宏观的艺术感悟切入，再到具体的游览经历，最后聚焦于一幅画作进行细致描摹，体现出多角度观照主题的构思能力(C06)。在结构层面，文章开篇立论明确(S11)，段落之间衔接自然，逻辑推进有序(S08)，各段落主旨也与文章中心紧密相连(S06)。尤其对《拿破仑穿越阿尔卑斯山》这幅画的详写处理得当，构成了文章的重点部分(S09)。语言表达整体通顺流畅(E01)，并能综合运用叙述、描写、议论等多种表达方式(E06)，通过场景烘托等表现手法增强了文章的现场感(E07)。观察细致，能有主次、有顺序地展开描写(E12)，并关注到画作中人物神态、着装等细节(E11)。存在一些可以提升的方面：首先，文章在思想的独创性与深刻性上稍显不足，对艺术的感悟可以挖掘得更深(C05)。其次，结构上，虽然前后内容交代清晰，但个别地方的衔接略有生硬(S02)，过渡词句的运用尚可但不够圆熟(S03)，段落内部个别句子与段落中心句的关联度有待加强(S07)，对排队等过渡性材料的处理可以更简洁(S10)，结尾部分虽然对全文有所总结，但力度稍弱(S12)。最后，在语言层面，部分词句的选择可以更生动优美(E02)，修辞手法的运用也可以更加丰富和纯熟(E05)。"
160420,"文章选取了考级受挫后前往奥地利旅行的具体事例作为材料(C02)，能够紧密围绕“旅行给我的启示”这一中心来组织和安排情节(C04)，将旅行体验上升到对艺术初心的思考，立意深刻且具有独特性(C05)。作者善于从心理变化与环境氛围等多角度思考主题并选用合适的材料(C06)。在结构上，文章前后内容交代得非常清楚，逻辑连贯(S02)，使用了恰当的过渡词句粘合相邻段落(S03)，各段落内容与主旨联系紧密(S06)，句与句、句与段之间的逻辑关系也处理得十分紧凑(S07)，不过段与段之间的衔接紧密度还可以进一步加强(S08)。叙事详略得当，能够详写流浪老人拉琴这一重点部分(S09)，略写飞机行程等过渡性材料(S10)。开头设置悬念，引入自然(S11)，结尾简洁利落，升华了主题(S12)。语言表达方面，语句通顺，意思完整(E01)，词句运用恰当且较为生动(E02)，综合使用了比喻、排比等修辞手法(E05)以及记叙、描写、议论等多种表达方式(E06)，表现手法丰富多样(E07)。此外，作者关注了人物外貌和音乐意境的细节(E11)，但在观察的顺序和条理性上还有细化的空间(E12)。"
160421,"文章选取了宫殿排队盛况、内部艺术气息、琥珀屋细节、外部花园景致及宫顶建筑特色等具体材料，内容充实(C02)。所有素材均紧紧围绕叶卡捷琳娜宫的神秘与美丽这一中心进行组织(C04)。作者展现了多维度的观察视角，从侧面的人群烘托到内部的色彩氛围，再到具体的房间陈设与外部自然景观，选材角度丰富且合适(C06)。但在思想深度和独创性方面，文章主要停留在游记层面的描绘，略显常规(C05)。在结构上，文章开头通过描写蓝天白鸽与排队人海，侧面引出宫殿的吸引力，入题恰当且富有画面感(S11)。行文中能够交代清楚游览的前后顺序(S02)，特别是段落间使用了如“刚一进门”、“不只宫中有美丽之处”等明显的过渡词句，极好地粘合了相邻段落，使文脉流畅(S03)。段落与主旨联系紧密，共同服务于表现宫殿之美(S06)，段与段之间逻辑关系严密(S08)。对于重点部分如琥珀屋进行了详细描写，突出了其富丽堂皇的特点(S09)，而对于过渡性材料的处理虽基本得当，但个别叙述略显重复(S10)。结尾简洁利落，通过对比手法升华了主旨(S12)。语言表达方面，整体语句通顺，意思表达完整(E01)。文中使用了“浓郁”、“精美绝伦”、“光彩夺目”等恰当且生动的词语描绘景物(E02)。虽然运用了比喻等修辞手法(E05)以及侧面描写等表现手法(E07)，但表达方式和修辞的丰富性仍有提升空间(E06)。值得肯定的是，作者非常关注细节，如琥珀屋的重量、花园中的小动物等，描写细腻(E11)，并且观察顺序清晰，做到了主次分明(E12)。句子与段落中心的连接整体紧密，个别之处可更凝练(S07)。"
160423,"文章围绕“学钢琴”这一中心，选取了从幼儿园萌发兴趣到小学刻苦练习的具体材料，内容充实(C02)(C04)。作者不仅记录了学艺的过程，更能从兴趣、挫折、顿悟等多个角度进行思考(C06)，最终提炼出“做事不要急于求成”的深刻道理，体现了思想的独特性(C05)。在结构上，文章开头追忆往事自然引入(S11)，结尾总结感悟简洁利落(S12)。行文中，通过“上了小学”、“后来”等过渡词句，使前后内容衔接自然(S02)(S03)，段落之间关系紧密(S08)，且每一段都紧紧扣住文章主旨(S06)(S07)。作者处理详略十分得当，详写了练琴受挫后改正方法、刻苦练习的重点部分(S09)，略写了背景交代等过渡性材料(S10)。语言表达方面，全文语句通顺，意思完整(E01)，叙事有主次、有顺序(E12)。作者特别善于捕捉细节，如对练琴时“汗像下雨一样”的生理描写以及老师幽默批评的语言描写，生动还原了当时的情境(E11)。虽然文中运用了比喻等修辞和恰当的成语(E02)(E05)，并综合运用了记叙、议论等表达方式(E06)，但在表现手法的多样性上稍显不足，略显平铺直叙(E07)。"
160424,"文章选取了初学素描受挫和后来获奖两个具体材料，内容充实(C02)，紧紧围绕“美术之路”上的挫折与成长这一中心组织材料(C04)，并能从受挫与成功两个角度表现主题(C06)。开头以“绊脚石”设喻引出下文，切题恰当(S11)，结尾升华主旨，简洁有力(S12)，各段落与主旨联系紧密(S06)，段落间关系也较为紧凑(S08)。但在情节衔接上，从“两年没画”到“半年前获奖”的跨度较大，中间缺乏具体的奋斗过程交代(S02)，导致重点部分的详写主要集中在受挫，而对如何克服困难的描写稍显不足(S09)，过渡性材料的处理也略显简单(S10)，段落间的过渡词句粘合度一般(S03)。语句整体通顺流畅(E01)，词句表达较为生动(E02)，对受挫时的细节有一定关注(E11)。但在修辞手法的运用上较为单一(E05)，表现手法不够丰富(E07)，句子与段落中心的紧密度还有提升空间(S07)。"
160425,"作文选材方面，文章选取了与父亲对话及老师讲解蒙娜丽莎两个事例，材料虽具体但对艺术内涵的支撑略显单薄，且“彩蛋”一说缺乏严谨性(C02)；文章整体能围绕“懂得欣赏艺术”这一中心组织材料，从不解到领悟的脉络基本清晰(C04)；但在思想深度上，对艺术的理解仅停留在表面信息，未能真正挖掘“用心感受”的深意，独特性不足(C05)；作者尝试结合个人视角与他人引导进行多角度叙述，体现了一定的思考意识(C06)。结构安排上，文章时间线索明确，但前后内容的逻辑衔接略显生硬，特别是父亲的话在后文中的呼应不够自然(S02)；段落间使用了时间词过渡，但粘合不够紧密流畅(S03)；各段落基本指向主旨，但最后一段情感升华略显突兀，联系不够紧密(S06)；句段内部逻辑较为松散，部分语句关联性不强(S07)(S08)；详略处理上，重点详写了课堂感悟，略写了背景，安排尚可(S09)(S10)；开头直入主题较为恰当(S11)，结尾虽有总结但略显仓促，余味不足(S12)。语言表达方面，语句基本通顺，意思表达完整，但存在个别表述不当之处(E01)；词汇较为口语化，缺乏生动优美的词句点缀(E02)；修辞手法运用较少且部分比喻（如“货船”）不够贴切(E05)；表达方式以平铺直叙为主，缺乏丰富的表达技巧(E06)；表现手法较为单一，未能有效增强文章感染力(E07)；虽有一定细节描写，但在观察的主次和顺序上仍需加强(E11)(E12)。"
160426,"文章在叙事结构和材料组织上表现出色，开篇能直接切入主题，交代自己考级失败源于骄傲(S11)，主体部分则围绕考级失败这一核心事件选取了具体而充分的材料，如练琴过程中从自大到失落再到骄傲的心理变化以及最终获得“差”的成绩(C02)，并且能够按照时间顺序交代清楚事件的前因后果，逻辑清晰(S02)，通过“冬天来了”“冬去暑来”等词语实现了段落间的顺畅衔接(S03)，使得各段落关系紧密(S08)，并都服务于“骄傲导致失败”的主旨(S06)。文章详略得当，能够详写备考过程中的波折(S09)，略写此前的成功经历(S10)，展现了有主次有顺序的观察与叙述能力(E12)。同时，文章能够关注到个人心理活动和关键事件的细节(E11)，并综合运用了记叙、议论等多种表达方式(E06)。美中不足的是，虽然文章能围绕中心组织材料(C04)，也尝试从不同阶段展现“骄傲”这一状态(C06)，但对“骄傲”主题的思考深度不足，最后的感悟流于普遍性说教，缺乏独创性与深刻性(C05)，结尾部分也因此显得较为平淡，未能有力地升华主旨(S12)。语言表达方面，语句基本通顺(E01)，段内句子也能围绕中心意思展开(S07)，但词语的运用不够生动优美(E02)，修辞手法的运用也较为单一，表现力有待提升(E05)。"
160427,"文章的整体框架清晰，展现了作者在舞蹈学习中的成长历程。作者能够选取个人经历中从队伍边缘走向舞台中心、以及一度想要放弃却最终坚持下来的具体事件作为写作材料，内容较为充分(C02)。这些材料紧密围绕着“我与舞蹈”这一中心进行组织，服务于表现个人成长的主题(C04)，各段落与主旨的关联度也比较高(S06)。文章从多个角度展开叙述，涵盖了兴趣的萌发、技艺的进步和心态的转变，体现了对主题的多角度思考(C06)。文章的叙事线索明确，段落之间按照时间顺序展开，逻辑关系紧密(S08)，开头能有效引出话题(S11)，结尾也能对全文进行概括总结(S12)。然而，文章在思想深度上稍显不足，对艺术的理解和感悟停留在较为普遍的层面，未能展现出更具独创性的思考(C05)。在叙事节奏的把握上，文章对于作为过渡的背景材料处理不够简练(S10)，而在描写从“过度疲倦”想要放弃到“开始喜欢上舞蹈”这一关键转变时，过程交代不够清晰(S02)，详略处理有待提升。虽然有基本的过渡词句连接段落(S03)，但部分段落内部的句子之间联系不够紧密，略显松散(S07)。文章的语言表达是其突出优点，语句通顺，意思完整清晰(E01)，用词也基本恰当(E02)。但在表达方式上，全文以记叙为主，描写等其他手法的综合运用不足(E06)，修辞手法(E05)和表现手法(E07)的运用也较为单一。虽然提及了进步和挫折，但对事件和人物的细节刻画不够深入(E11)，观察的重点不够突出(E12)，未能将重点部分的描写做实做细(S09)，从而削弱了文章的感染力。"
160428,"文章选取达·芬奇的《哺乳圣母》作为核心素材，对画作中的人物神态、衣着色彩进行了极为细致的描绘，材料充实且具体(C02)。全文紧密围绕“赞颂母爱”及“艺术与生活的关系”这一中心组织材料，无论是画面描写还是情感分析都服务于主旨(C04)。作者不仅还原了画面，还从色彩象征（红色的感性与蓝色的理性）及艺术哲学层面进行了独特思考，展现了一定的思想深度(C05)。能够从视觉观察、情感体验、艺术理论等多角度切入主题，选材恰当(C06)。结构上，开头以比喻引入，自然引出鉴赏对象，入题恰当(S11)。结尾简洁有力，将具体画作上升到艺术理论的高度，收束利落(S12)。文章前后内容交代清晰，逻辑连贯(S02)。段落间过渡自然，如从神态描写转入衣着分析，再进阶到艺术感悟，衔接顺畅(S03)。各段落均紧扣主旨层层递进(S06)，段落内部各句也紧密围绕段意展开，如第二段聚焦神态，第三段聚焦衣着(S07)，段际关系紧密(S08)。重点详写了画面的细节与寓意(S09)，略写了背景引入，详略布局合理(S10)。语言方面，语句通顺流畅，意思表达完整(E01)。词句生动优美，如“绸缎似的头发”、“矜持的理性”等用词精准(E02)。综合运用了比喻、排比等修辞手法，增强了语言感染力(E05)。巧妙结合了描写、抒情与议论等多种表达方式(E06)，表现手法丰富(E07)。作者对人物细节观察入微，如对眼神、嘴唇微妙变化的捕捉非常到位(E11)，且观察顺序井然有序，从头部细节延伸至整体衣着(E12)。"
160429,"这篇作文《我的舞台》紧扣“学舞”这一核心事件，选取了“劈叉”、“靠墙压腿”等具体且充分的训练细节作为支撑材料(C02)，所有的叙述都紧紧围绕“坚持与热爱”这一中心进行组织(C04)。虽然题材较为常见，但作者结合了真实的痛感体验与心理变化，体现了一定的思想独特性(C05)，并能从身体感受与精神动力多角度思考主题(C06)。文章结构清晰，前后内容交代清楚(S02)，使用了“上第一节课的时候”、“越往下学”等过渡词句有效粘合了相邻段落(S03)。各段落始终紧扣主旨(S06)，段落内部语句逻辑严密(S07)，段际关系紧凑(S08)。在详略安排上，作者能够对“靠墙压腿”的细节进行详写(S09)，而对过渡性情节进行略写(S10)。开头直接切入向往之情(S11)，结尾简洁利落地点明“只因为我喜欢”的主旨(S12)。语言方面，语句通顺流畅(E01)，词句生动优美，如“心驰神往”、“咬紧牙关”(E02)，综合使用了比喻、排比等修辞手法(E05)以及记叙、议论等表达方式(E06)。文章善于运用心理描写与动作描写相结合的表现手法(E07)，特别关注了“剧痛无比”、“汗都出来了”等人物与事件细节(E11)，且叙事有主次、有顺序(E12)。"
160430,"文章能够围绕中心，选取学习钢琴这一亲身经历作为核心材料，内容具体且组织有序(C02)(C04)，各段落也能紧扣主旨展开，段落间的衔接较为紧密(S06)(S08)。开头和结尾的设置都比较恰当，结构完整(S11)(S12)。文章的语言基础扎实，语句通顺完整(E01)，词语运用也基本生动准确(E02)，尤其是在描写弹琴心不在焉时的感受，能够关注到细节(E11)。然而，文章在思想深度上略显不足，从厌烦到热爱的转变过程是常见的生活体验，未能挖掘出更具独创性的思考(C05)。叙事逻辑上，考级失败到幡然醒悟的转折部分交代得不够清晰，心理变化的铺垫不足，导致前后内容的连接稍显生硬(S02)。在表达层面，尽管运用了一些修辞手法和表达方式，但综合运用的能力还有待提升，表现手法也显得比较单一，主要以记叙为主(E05)(E06)(E07)。"
160431,"文章的中心明确，能够围绕艺术体验这一主旨选取观看音乐会的具体材料，内容充分(C02)，且材料的组织也紧扣中心(C04)。全文结构完整，开头能恰当引出话题(S11)，结尾也能对主旨进行呼应和总结(S12)。在段落构建上，各段落和文章主旨的联系是紧密的(S06)，段内句子的组织也有效服务于段落中心句(S07)。作者能够从音乐本身和作曲家精神等多个角度来展开思考并选择材料(C06)，观察事物时也体现出主次分明、顺序清晰的特点(E12)。语言表达流畅，语句通顺完整(E01)，词句的运用也较为恰当生动(E02)。文章在详略处理上基本得当，对核心的听音乐感受部分能够进行详写(S09)，对堵车等次要信息进行了略写(S10)。在篇章的连贯性方面，内容的前后交代比较清楚(S02)，也使用了一些过渡词句来连接段落(S03)，段落间的关系也较为紧密(S08)。同时，文章注意到了对人物和事件细节的描写(E11)，并综合运用了记叙、描写等表达方式(E06)。主要的提升点在于思想的深度和手法的运用，文章对艺术的感悟尚停留在普遍认知，缺乏更具独创性的深刻思考(C05)，在写作中综合运用多种修辞手法的能力较弱(E05)，也未能有效运用更多表现手法来增强文章的艺术感染力(E07)。"
160432,"文章开篇直接点题，清晰交代了与绘画结缘的契机(S11)。全文能够围绕中心选择和组织材料(C04)，例如通过自学漫画、用完多个素描本以及朋友在墙壁作画等事例，从情感寄托和技艺探索等多个角度来表现主题(C06)，选取的材料具体且充分(C02)。结构方面是本文的优势，段落间的关系紧密(S08)，能够交代清楚前后内容(S02)，并使用了一些过渡词句来粘合段落(S03)，使得文章脉络清晰。作者在材料处理上能够做到详略得当，对核心的绘画经历进行了详写(S09)，而对钢琴、书法等其他爱好则进行了略写(S10)，形成了有效的对比。同时，文中也能关注到朋友作画时“大胆、粗犷的线条”这类细节(E11)，并能有主次有顺序地进行观察(E12)。然而，文章在思想深刻性上存在明显不足，对绘画与自我关系的探讨停留在较为普遍的层面，缺乏原创性的见解(C05)。语言表达上，语句基本通顺完整(E01)，也综合运用了记叙和抒情等表达方式(E06)，但词句的锤炼不足，不够生动优美(E02)，修辞手法(E05)和表现手法(E07)的运用也较为单一。此外，虽然各段落和主旨的联系紧密(S06)，但段落内部个别句子与其中心句的关联度有待加强(S07)。结尾部分虽然对全文进行了回顾，但力量稍显平淡，未能对主旨做进一步的升华(S12)。"
160434,"文章能够将“艺术即灵魂”这一核心主旨进行具象化和个性化的表达，思想具有独特性和深刻性(C05)。全文紧密围绕中心选择并组织材料，逻辑清晰(C04)，尤其是选取了演出时手起血泡仍坚持演奏这一核心事件，材料具体且充分，极具说服力(C02)。从多角度思考了艺术之于“我”的意义，探讨了光鲜表象与背后艰辛的辩证关系(C06)。结构方面，开篇立意鲜明，结尾深化主旨，首尾呼应有力(S11)(S12)。段落间的衔接紧密，主旨明确(S08)(S06)，并能有效运用过渡词句实现内容的自然流转(S03)，前后内容交代清晰(S02)。对核心事件的详写与背景材料的略写处理得当，使得文章重点突出(S09)(S10)。语言表达上，语句通顺完整(E01)，能够综合运用多种修辞手法和表现手法增强文章的感染力(E05)(E07)，观察有序且主次分明(E12)。但在细节刻画上尚有提升空间，例如对疼痛的感受、琴声的变化等可以有更深入的描摹，从而更好地服务于人物塑造与事件呈现(E11)；个别句子与段落中心句的关联不够紧密，略显游离(S07)；在叙事、描写与议论抒情的结合上还可以更加圆融，以增强表达的整体性(E06)；部分词语的运用可以更加精准生动，以提升文采(E02)。"
160436,"该生作文结构严谨，展现出良好的谋篇布局能力。文章开头入题迅速，结尾则能有效回扣并深化主旨，首尾呼应，结构完整(S11，S12)。全文围绕“艺术来源于生活”这一中心展开，各段落均能紧密服务于主旨(S06)，段落间的衔接紧密自然(S08)。叙事线索清晰，能够清楚交代事件的前后发展(S02)，并借助过渡词句实现了段落间的顺畅连接(S03)，句内与句间的逻辑关系也处理得当(S07)。文章的核心思想，即通过个人学习书法的经历来阐释艺术与生活的关系，体现了一定的思考深度与独创性(C05)，能够围绕中心组织材料(C04)，并从个人视角对主题进行探讨(C06)。在详略处理上，对遇到瓶颈并获得老师点拨的核心情节进行了详细描写(S09)，而对时间过渡等部分则处理得较为简洁(S10)。语句表达基本通顺完整(E01)，也能注意到对人物和事件的细节进行有主次的观察与描绘(E11，E12)。然而，文章在材料的选取上存在明显不足，尤其是在论证核心观点时，仅提到“认真留心生活中的艺术”后便诞生了作品，却未能提供任何具体的观察实例及其如何转化为书法创作的材料，导致论据不够充分具体(C02)。此外，在语言表达的丰富性上尚有提升空间，词语的运用可以更加生动优美(E02)，修辞手法(E05)、表达方式(E06)和表现手法(E07)的综合运用略显单一，限制了文章的感染力。"
160437,"这篇作文《我与古筝》总体得分6.0，属于中等水平。在选材上，作者能够选取学习古筝的经历作为具体材料(C02)，并能围绕“我与古筝结下不解之缘”这一中心来组织内容(C04)，展现了从排斥到适应再到痴迷的过程，体现了一定的思考角度(C06)。但在思想深度和原创性上略显不足，立意较为常规(C05)。结构方面，文章能够交代清楚时间发展脉络，前后内容连贯(S02)，段落间也能使用过渡词句进行粘合(S03)。然而，段落与主旨的联系不够紧密(S06)，段落内部句子的逻辑性较弱，部分句子与段意关联不大(S07)，导致段际关系也显得松散(S08)。详略处理上存在明显欠缺，对于“迷上古筝”的关键转折点和“拼尽全力”的表演细节描写过于简略，未能突出重点(S09)，而对上课形式等次要内容的叙述不够精简(S10)。开头较为直接但稍显平淡(S11)，结尾虽然表达了情感但略显仓促(S12)。语言表达上，语句基本通顺(E01)，但词汇较为贫乏，不够生动优美(E02)，修辞手法(E05)和表达方式(E06)运用单一，表现手法不够丰富(E07)。虽然观察顺序较为清晰(E12)，但对人物心理和事件细节的刻画不够细腻(E11)，缺乏感染力。"
160438,"文章选取了卢浮宫的地理位置、历史背景以及“断臂维纳斯”和“蒙娜丽莎”两件展品作为主要写作素材，材料较为具体，能够支撑起参观游记的基本框架(C02)。但在围绕中心组织材料方面略显薄弱，虽然题目宏大为“艺术的殿堂”，但实际内容多为走马观花式的记录，未能深入挖掘“艺术”的内涵，材料与中心的凝聚力有待加强(C04)。文章立意较为普通，缺乏独特的个人见解或深刻的思想感悟，属于常规的游记模式，原创性和思想深度一般(C05)。在选材角度上主要依赖时间线索平铺直叙，未能从历史、审美、文化等多个角度对主题进行立体展现(C06)。在结构逻辑上，文章按照参观的时间顺序展开，从介绍背景到排队入场，再到参观具体展品，前后内容交代得比较清楚(S02)。段落之间使用了如“等呀等终于到我们了”、“第二个主要的艺术品就是……”等过渡词句，能够起到连接上下文的作用，使文章脉络基本连贯(S03)。各段落内容虽然都与卢浮宫相关，但部分段落（如背景介绍段）与主旨的结合不够紧密，略显游离(S06)。句与句之间的逻辑联系尚可，但部分句子表达略显松散，与段落中心句的紧密度有待提升(S07)。段落之间的衔接基本紧密，遵循了游览的自然顺序(S08)。在详略安排上，对于重点部分即艺术品的描写显得过于简略，未能充分展现其艺术魅力(S09)；而对于排队等过渡性环节的叙述相对较多，详略处理不够得当，未能突显重点(S10)。开头采用设问方式引入话题，中规中矩(S11)；结尾表达愿望并引用俗语，简洁利落但缺乏深层次的升华(S12)。在语言表达方面，整体语句通顺，意思表达完整，但存在少量语病和口语化表达(E01)。词汇运用较为贫乏，缺乏生动优美的描写性语言，导致对艺术品的呈现不够形象感人(E02)。修辞手法运用较少，仅在描写排队人群时使用了比喻，整体文采不足(E05)。表达方式以记叙说明为主，描写和抒情成分较少，表达方式较为单一(E06)。表现手法缺乏变化，未能有效增强文章的感染力(E07)。在细节描写上，作者注意到了维纳斯雕像衣服的质感细节，体现了一定的观察力(E11)。观察顺序清晰，基本按照参观路线进行，条理尚可(E12)。"
160439,"文章结构完整，开头能交代缘起，结尾能点明主旨(S11，S12)，并且能围绕学艺之路的中心来选择与组织材料(C04)，选取初次练习基本功的事件作为核心，内容具体充分(C02)，也能从观众和学习者的双重角度来表现主题(C06)。在篇章布局上，文章做到了前后内容的清晰交代(S02)，段落间的衔接与过渡较为自然(S03，S08)，段落与主旨、句子与段落中心句之间都保持了紧密的联系(S06，S07)。从详略安排看，文章对七年学舞的长期过程处理得当，进行了有效的略写(S10)，同时对练习基本功的痛苦过程给予了细致的描写，关注到了动作与感受的细节(E11)。但在重点部分的刻画上，详写程度还可以再深入一些以增强感染力(S09)，观察的层次与顺序性也有提升空间(E12)。语言层面，词句运用基本恰当且具有一定的生动性(E02)，语句整体通顺，但个别表达还可以更精炼(E01)，修辞手法的综合运用略显不足(E05)，表达方式上以记叙和描写为主，显得较为单一(E06)，表现手法的多样性有待加强(E07)。最后，文章主旨明确，但对艺术魅力的思考可以更深入，以写出更具独创性的见解(C05)。"
160440,"文章选取了幼儿园时期爱唱歌、小学音乐课测试入选合唱团以及合唱团训练等经历，材料尚算具体，能够支撑“艺术之路”的主题(C02)。叙事基本围绕“唱歌”这一中心展开，但部分素材如幼儿园时期的叙述稍显流水账，对“艺术之路”艰辛与成长的体现不够深入(C04)。题材较为常见，关于学艺苦乐的感悟虽有个人体验，但挖掘不够深刻，缺乏独特的思想深度(C05)。主要依循时间顺序单线叙述，角度较为单一，未能从多维度深入表现主题(C06)。文章按时间顺序叙述，情节发展基本清晰(S02)。但段落间过渡较为生硬，如“进入了我的第二阶段”略显刻意，缺乏自然的承接(S03)。部分段落对主旨的支撑力不足，尤其是第四段过于简略(S06)。段落内部逻辑有时显得松散，例如第三段中插入“交了两个好朋友”与该段核心关联不大(S07)。段落之间缺乏紧密的逻辑联系，特别是入选合唱团后直接跳到“练好了”，中间缺乏过程衔接(S08)。文章最大的问题在于重点不突出，开头提到的“开窍”本应是重点，但在正文中仅一笔带过，详略严重失当(S09)。对于早期的铺垫略显冗长，略写处理不够得当(S10)。开头引用老师的话设置悬念本是不错的切入点，但标点使用混乱且后文未有效呼应(S11)。结尾试图升华主题，但语言干瘪，且与前文内容脱节，显得空洞(S12)。整体语言表达流畅，意思表达清楚(E01)。词汇较为贫乏，多为口语化表达，缺乏生动优美的描写(E02)。修辞手法运用极少，仅有个别比喻，整体语言缺乏文采(E05)。以记叙为主，缺乏细腻的描写和深刻的议论抒情(E06)。表现手法单一，未能有效增强文章的表现力(E07)。虽有少量细节描写，但关键的“练唱”细节及心理细节缺失(E11)。叙事顺序基本清晰，符合时间逻辑(E12)。"
160441,"文章选取了《清明上河图》中的虹桥、酒楼、防火亭等具体景物作为素材，内容较为充实(C02)。在描写过程中，作者关注到了画中人物的神态以及城楼无士兵防备等细节，观察细致(E11)，并且能够按照从中央虹桥到左侧酒楼的顺序进行有主次地观察(E12)。文章整体能够围绕介绍画作内容及感悟这一中心来组织材料(C04)，开头直接引入画作数据和基本情况，切题恰当(S11)，结尾总结了画作对“我”的影响，简洁利落(S12)。段落内部，特别是描写酒楼人物神态时，各句话与段落中心句联系紧密，逻辑清晰(S07)，段与段之间也保持了较紧密的逻辑关系(S08)。作者尝试从繁华景象和潜在危机两个角度思考主题(C06)，并结合了排比、联想等修辞手法(E05)以及描写、议论等表达方式(E06)。然而，文章在详略安排上略显失衡，对于重点画面和“我”的独特感悟描写不够充分，详写力度不足(S09)，过渡性材料的处理也较为生硬(S10)。段落之间缺乏有效的过渡词句进行粘合(S03)，导致前后内容的交代不够流畅(S02)，各段落与主旨的紧密程度也有待加强(S06)。语言表达方面，存在明显的错别字（如“纪录”、“难在”）和病句，语句通顺度有待提高(E01)，词句的生动优美程度一般(E02)。虽然作者试图挖掘画作背后的社会危机，但思想的独特性和深刻性尚显不足(C05)，表现手法也较为单一(E07)。"
160443,"文章选取了贝多芬《命运交响曲》这一具体材料来阐述“艺术源于生活”的主题(C02)，选材和组织紧紧围绕中心，逻辑清晰(C04)；通过联想将抽象的音乐转化为具体的画面，体现了独特的构思和原创性(C05)，思考角度较为恰当(C06)。结构方面，段落之间联系紧密(S08)，各段落均能紧扣主旨展开(S06)，句与句、句与段之间的逻辑关系也较为紧密(S07)；详略处理得当，详写了听音乐时的联想画面，略写了过渡内容(S09)(S10)；结尾简洁有力，升华了主题(S12)，开头中规中矩(S11)，但在段落过渡的衔接上略显生硬(S03)，前后内容的交代还可以更自然(S02)。语言表达上，语句通顺流畅(E01)，大量运用比喻、拟人等修辞手法增强了文章的感染力(E05)，并通过丰富的细节描写(E11)和有条理的观察顺序(E12)，成功运用联想手法将听觉转化为视觉形象(E07)；表达方式运用尚可(E06)，但词句的生动性和优美度略显不足，部分语言较为口语化(E02)。"
160444,"文章在内容层面表现出色，能够选取学画过程中从沾沾自喜到遭遇困难，再到观察他人后自我醒悟的经历作为材料，内容具体充分(C02)，并能围绕“内心力量”这一中心来选择和组织材料(C04)。从学画经历中提炼出“美术是内心的战场，要打胜先要赢了自己的心”的感悟，体现了深刻且具原创性的思考(C05)，同时能从自己画不好的埋怨、观察姐姐画画的专注以及最终自我反思等多个角度来表现主题(C06)。结构方面，文章能够交代清楚前后内容(S02)，并运用了过渡词句来衔接段落(S03)，对次要材料的处理也做到了略写(S10)，但在整体的紧密度上存在不足，部分段落与主旨的关联不够紧密(S06)，段落内部个别句子与段落中心句的联系也稍显松散(S07)，使得段落间的关系不够紧密(S08)。同时，文章的开头与结尾设计较为平淡(S11)(S12)，对于自己如何受启发后“一笔一画的将它画好了”这一重点部分的详写处理略显不足(S09)。语言表达上，语句整体通顺，意思完整(E01)，词句运用较为恰当生动(E02)，并能综合使用一些修辞手法(E05)，在观察姐姐画画时，能够关注人物和事件细节(E11)，并做到了有主次有顺序的观察(E12)，但在表达方式的综合运用(E06)与表现手法的多样性上(E07)仍有提升空间。"
160501,"文章选取了春节包饺子这一具体生活场景，涵盖了采购、擀皮、听传说、包馅料、吃饺子等环节，材料选取具体且较为充分(C02)。在重点部分的描写上，作者详细刻画了擀饺子皮时的身体感受以及吃饺子时寻找硬币的心理活动，体现了详写重点的能力(S09)。对于人物和事件的细节关注较好，如描写手掌发痒像“毛毛虫在蠕动”以及“手起筷落”夹饺子的动作，增强了画面的生动感(E11)。结尾简洁利落，将家庭的欢声笑语与春节的热闹喜庆相结合，有效地升华了主题(S12)。各段落紧紧围绕“包饺子的习俗”这一主旨展开，主题集中度较高(S06)。段落内部的句子也能较好地服务于段落中心，如第三段集中阐述不同馅料的寓意，逻辑紧密(S07)。词句运用上，部分描写生动优美，如对吃饺子动作的描写，富有生活气息(E02)。文章开头中规中矩，直接点题并阐述寓意，属于恰当的开头(S11)。在多角度思考方面，文章结合了劳动的辛苦、传说的趣味和寓意的吉祥，尝试丰富主题的表现力(C06)。叙事顺序上，按照事情发展的先后顺序有主次地进行了观察和记录(E12)。然而，在围绕中心组织材料时，关于“年”的传说插入略显生硬，与前文手疼的关联不够自然(C04)。文章虽然完整，但在思想深度和独特性上较为常规，属于常见的春节题材写作(C05)。前后内容的交代基本清楚，但部分情节转换（如从听传说到继续干活）略显突兀(S02)。段落间的过渡词句虽然存在，但较为单一，粘合力一般(S03)。段与段之间的逻辑关系主要依赖时间推进，紧密度尚可但缺乏深层联系(S08)。对于过渡性材料如去超市采购的过程，略写得还不够精简，略显拖沓(S10)。语句整体通顺，意思完整，但存在少许标点使用不当的情况(E01)。修辞手法上运用了比喻（如像元宝、像毛毛虫），有一定的综合运用意识(E05)。表达方式上结合了记叙和描写，并辅以对话，运用较为综合(E06)。表现手法上主要依靠直叙和感官描写，相对基础(E07)。"
160503,"文章在内容选择上表现出色，选取了与部队官兵共度春节包饺子的经历作为材料，这一选材具体而充分，具有独特性与思想深度(C02，C05)，并且能围绕“年味”与“奉献”这一中心进行组织(C04)，体现了作者从个人体验、传统文化、家国情怀等多角度思考主题的能力(C06)。结构方面，文章脉络清晰，能够清楚交代事件的前后发展(S02)，并借助“大年三十的晚上”“随着妈妈的一声吆喝”等过渡词句实现了段落间的自然粘合(S03)，各段落及段内句子均能紧密围绕主旨展开，保证了段与段之间的紧密联系(S06，S07，S08)。开头部分能恰当引入情境，点明背景(S11)，对包饺子、吃饺子等重点部分进行了详写，突出了文章核心(S09)。语言表达整体通顺，意思完整(E01)，词句运用较为恰当生动(E02)，并综合运用了比喻等修辞手法(E05)与记叙、描写、议论等多种表达方式(E06)。然而，文章在一些方面仍有提升空间，例如对饺子寓意等过渡性材料的处理可以更简洁(S10)，结尾的议论抒情略显直白，可以更简洁含蓄(S12)。同时，在表现手法的综合运用上还不够丰富(E07)，对人物事件的细节刻画，如战士哥哥姐姐们的群像描写，可以更深入(E11)，观察的层次感与主次详略还可以进一步打磨(E12)。"
160504,"文章选取了美食区的烤羊肉串、观戏区的耍猴表演以及娱乐区的打靶游戏等丰富素材，内容具体充实(C02)，且所有材料均能紧紧围绕“逛庙会”这一中心展开(C04)。作者能够从味觉、视觉、心理体验等多个角度切入，展现了庙会的热闹景象(C06)，并在结尾处尝试将个人体验上升到对老北京传统文化传承的思考，体现了一定的思想深度(C05)。在结构上，文章开头引用诗句点题，入题恰当(S11)，结尾简洁利落且有力地升华了主题，收束全文效果极佳(S12)。叙事过程中，能够清楚交代游览的时间线索(S02)，并运用“吃饱喝足后”、“看完了表演”等过渡词句自然地粘合相邻段落(S03)，使得段与段之间关系紧密(S08)。各段落内部的句子也能围绕段意展开(S07)。然而，虽然各段落都在记叙庙会见闻，但中间主体部分侧重于单纯的游玩体验，与结尾突然拔高的“文化传承”这一深层主旨之间的内在逻辑联系显得不够紧密，导致段落对主旨的支撑略显脱节(S06)。在详略安排上，虽然对耍猴等重点部分进行了描写(S09)，但对于一些过渡性材料或非核心环节（如排队时的心理活动）处理不够精炼，略写部分显得有些拖沓(S10)。语言表达方面，文章关注到了猴子扔帽子、打靶时的心理变化等人物和事件细节，描写较为生动(E11)。整体语句基本通顺(E01)，也能运用一定的表现手法增强文章感染力(E07)。但在词句的锤炼上还有提升空间，部分用词不够准确优美(E02)，修辞手法的运用也相对单一(E05)。此外，虽然综合运用了记叙和议论的表达方式(E06)，但在观察事物的顺序和主次安排上还可以更加细致(E12)。"
160507,"文章选取了山东莱西“豆面灯”这一具体民俗作为写作素材，特别是对制作“小猴子”面灯的过程进行了细致描绘，材料选取充实(C02)。作者能够从宏观的民俗背景和微观的制作体验两个角度来表现主题，体现了多角度选材的能力(C06)。但在围绕中心组织材料时，背景介绍与核心事件的融合度尚可，紧密度有待提升(C04)。文章立意中规中矩，虽有文化传承意识，但未能体现出独特的原创性或深刻的思想(C05)。结构方面，开头引用诗句引出家乡习俗，切题恰当(S11)，结尾总结全文并以诗句收束，简洁有力(S12)。行文过程中，前后内容交代清晰(S02)，利用过渡词句有效地粘合了相邻段落，如从习俗介绍转入姥姥教做灯(S03)。各段落紧扣主旨(S06)，段内的句子也能紧密围绕段落中心展开(S07)，段与段之间逻辑关系紧密(S08)。详略处理上，作者浓墨重彩地详写了做面灯的步骤这一重点部分(S09)，而对于过渡性的民俗背景材料虽有略写意识，但处理得不够精炼(S10)。语言表达上，语句极为通顺，意思完整清晰(E01)。词语使用恰当，描写生动优美，如对小猴子成品的刻画(E02)。文中引用古诗词，显示了修辞手法的运用(E05)。在描写制作过程时，作者极具耐心地关注了人物动作和事件发展的细节(E11)，并且运用了表示先后顺序的词语，观察细致且有条理(E12)。不过，文章在表达方式的综合运用上以叙述说明为主，略显单一(E06)，表现手法的多样性也还有发挥空间(E07)。"
160508,"该作文以时间为序，选取了贴春联、团圆饭、看春晚、抢红包、吃饺子等具体且充分的生活素材，内容充实(C02)。文章紧紧围绕“大年三十”的欢乐团圆这一中心进行选材和组织，主旨明确(C04)。作者能够从饮食寓意、家庭氛围、娱乐活动等多个角度表现主题(C06)，但立意较为传统，在思想的独特性和深刻性上表现一般(C05)。结构上，文章按照早晨、下午、晚上、午夜的时间顺序展开，前后内容交代清楚(S02)，段落之间利用时间词语进行了自然的过渡(S03)，段与段之间联系紧密(S08)。各段落均紧扣春节热闹的主旨(S06)，段内句子也能围绕中心句展开(S07)。详略安排得当，重点详写了年夜饭和饭后娱乐，略写了白天的准备过程(S09)(S10)。开头中规中矩地引入主题(S11)，结尾简洁利落，总结全文(S12)。语言方面，语句通顺流畅，意思表达完整(E01)，词句运用较为恰当(E02)。作者关注了人物活动和事件细节，如菜肴的寓意和抢红包的神态(E11)，观察有主次、有顺序(E12)。虽综合运用了叙述、说明等表达方式及一定的修辞手法(E05)(E06)(E07)，但在文采修饰上仍有提升空间。选材与立意方面，你能选取大年三十全家团聚的具体场景，如姑姑家张灯结彩的布置、丰盛的年夜饭菜肴以及饭后抢红包的趣事，材料充实且具有生活气息(C02)。整篇文章紧紧围绕“热闹、隆重、快乐”这一中心来组织材料，主旨非常集中(C04)。你尝试从环境布置、饮食文化、家庭互动等多个角度来表现春节的主题(C06)，不过在立意上多停留于对传统习俗的复述，若能融入更独特的个人感悟，思想会更深刻(C05)。结构与条理方面，文章按照时间顺序，从早晨到午夜，清晰地交代了前后内容的发展(S02)。文中使用了“吃过早饭”、“下午”、“6：00多”、“年夜饭后”等过渡词句，使相邻段落的衔接自然流畅(S03)，段与段之间关系紧密(S08)。每一个段落都紧密围绕着“大年三十”的主旨展开(S06)，段落内的各句话也都能服务于段落中心(S07)。在详略安排上，你将笔墨重点放在了年夜饭的菜肴寓意和饭后的娱乐活动上，做到了详写重点(S09)，而对午餐等过渡性材料进行了恰当的略写(S10)。开头介绍了春节的背景，切入自然(S11)，结尾简洁利落地总结了全文，点明主题(S12)。语言与表达方面，你的语句通顺流畅，意思表达完整，阅读感很好(E01)。文中运用了“张灯结彩”、“欢声笑语”等恰当的词语，语言较为生动(E02)。你关注到了人物和事件的细节，例如对每道菜寓意的解释以及大家“一心多用”抢红包的描写(E11)，并且能够有主次、有顺序地进行观察和叙述(E12)。文章综合使用了记叙和说明的表达方式(E06)，也运用了引用（如菜的寓意）等修辞手法(E05)以及多种表现手法来丰富文章内容(E07)。"
160509,"文章开篇引用俗语切入，自然引出内蒙古除夕的独特风俗，开头写法恰当且富有文化气息(S11)。整体选材具体充分，涵盖了买年货、包饺子、吃饺子、放烟花等多个场景(C02)，紧紧围绕“内蒙古的除夕”这一中心进行组织(C04)，并能从视觉、味觉、听觉等多角度表现节日氛围(C06)。在结构安排上，文章详略得当，着重描写了包饺子时的动作细节及关于硬币、红糖的习俗对话，突出了重点(S09)，而对买年货等过渡性材料进行了合理的略写(S10)。段落之间利用“早上”、“回到家时”、“后来”等时间词语进行了极佳的过渡粘合(S03)，使得各段落关系紧密(S08)，且紧密服务于主旨(S06)。叙述过程中，能按照时间顺序有条理地展开观察(E12)，对包饺子的动作和吃饺子的感受等细节捕捉较为到位(E11)，前后内容交代清楚(S02)。语言方面，全篇语句通顺流畅，意思完整(E01)，词语使用恰当生动，如“晶莹剔透”、“垂涎欲滴”等(E02)，并综合运用了记叙、描写等表达方式(E06)。但在修辞手法的使用上略显单一，虽然使用了比喻，但多样性和新颖度仍有待加强(E05)。结尾引用古诗收束全文，简洁利落且点明了主题(S12)。这是一篇具有一定生活气息和独特地域风情(C05)的佳作。"
160510,"文章以山东过年祭祖习俗为切入点，选取的家庭亲身经历作为核心材料具体而充分(C02)，并能从个人行动、他人观察和长辈阐述等多个角度来表现主题(C06)。文章开篇直接点题，明确了写作对象(S11)，结尾则对祭祖文化进行了解读和升华，收束有力(S12)。结构上，段落间的逻辑关系紧密(S08)，段落内部的句子也都能围绕中心展开(S07)，使得全文与主旨的联系非常紧密(S06)。作者善于运用细节描写，如对祭祖人群神态的观察和对祭拜仪式的具体呈现，体现了有主次、有顺序的观察力(E11)(E12)。语言表达流畅通顺(E01)，词语运用也较为恰当生动(E02)，段落间的衔接自然(S03)。然而，在材料组织方面，虽然内容都与中心相关，但各部分材料服务于中心思想的逻辑可以更加优化(C04)。文章对祭祖的思考落脚于“孝”，立意不错但深度和独创性方面尚有提升空间(C05)。叙事过程中，前后内容的交代基本清晰，但个别连接处的处理还可以更顺畅(S02)。文章对祭拜过程这一重点部分的详写程度可以进一步加强，而对上山过程等次要环节的略写可以更精炼，从而使详略处理更为得当(S09)(S10)。此外，文章主要运用了记叙和描写的表达方式，综合运用其他表达方式的意识不强(E06)，修辞手法(E05)和表现手法(E07)的运用也相对单一。"
160511,"这篇作文以“包饺子”为题，详细记录了春节期间全家一起包饺子的过程，选取的材料非常具体且充实，涵盖了从备料到品尝的全过程(C02)，并且能够紧紧围绕春节包饺子这一中心事件来组织和安排材料，主旨明确(C04)。在结构上，文章能够交代清楚事情的前因后果，叙事条理基本清晰(S02)，段落之间和各段落与主旨的联系也比较紧密(S06，S08)，使用了适当的过渡词句来连接段落，使文章脉络连贯(S03)。不过，文章在开头部分略显生硬，引用诗句后转入正题不够自然(S11)，结尾虽然进行了总结但升华略显空泛(S12)。在详略安排上，重点部分如包饺子的具体动作描写还可以更加细腻深入(S09)，而对于一些过渡性的习俗介绍则可以更加简洁(S10)。语言表达方面，语句基本通顺但存在少量语病和语序不当的情况(E01)，词句的生动性和优美程度还有提升空间(E02)，修辞手法的使用相对单一(E05)，导致文章的原创性和思想深度显得较为普通(C05)。此外，虽然关注了人物动作，但细节描写还不够传神(E11)，表现手法也较为传统(E07)。"
160512,"该生作文基础扎实，语句通顺流畅，表达清晰完整(E01)，文章开篇点题，结尾简洁有力，体现出较好的谋篇布局能力(S11)(S12)。内容上，能围绕春节主题选取制作珍珠丸子、包饺子、吹糖人等具体事例，材料选取较为充分(C02)，且能将这些材料围绕中心进行组织(C04)，使得各段落主旨明确，与文章中心联系紧密(S06)，记事过程中也能关注到事件细节并按顺序观察(E11)(E12)。然而，文章在思想深度与结构技巧上存在不足，尽管材料丰富，但对主题的多角度思考不够深入，独创性与深刻性略显欠缺(C05)(C06)。结构方面，主体部分将多个事件置于一个段落中，事件间的转换缺乏有效的过渡词句进行连接(S03)，导致段落间关系不够紧密(S08)，前后内容的交代有时不够清晰(S02)，同时对重点部分的详写与次要部分的略写把握不够精准，详略处理有待加强(S09)(S10)。此外，段落内部的句子组织可以更紧凑(S07)。语言表达上，词句的选用虽恰当但不够生动优美(E02)，且文章基本以记叙为主，表达方式较为单一(E06)，修辞手法和表现手法的综合运用不足，影响了文章的文学色彩与感染力(E05)(E07)。"
160514,"文章以引用诗句开篇，自然引出小年话题，开头写法恰当(S11)。全文紧紧围绕家庭“知识大赛”这一中心组织材料(C04)，构思具有一定的独特性(C05)，能够从传说、习俗等多角度选取材料表现主题(C06)，选材尚算具体(C02)。在结构上，前后内容交代清楚(S02)，句与句之间联系紧密(S07)，段落之间逻辑关系紧凑(S08)，各段落也能紧扣主旨(S06)，并运用过渡词句衔接(S03)。叙述中能够详写关于春联等重点内容(S09)，略写过渡性情节(S10)，结尾简洁利落并升华了主题(S12)。语言方面，语句通顺且意思完整(E01)，综合运用了叙述和对话等表达方式(E06)，关注了人物对话等细节(E11)，观察具有一定的顺序(E12)。不过，文采方面略显平实，词句的生动性(E02)、修辞手法的运用(E05)以及表现手法的多样性(E07)均处于基础水平。"
160515,"文章开篇引用诗词，能够恰当地引出主题(S11)，结尾则能总结全文并进行呼吁，提供了简洁利落的收束(S12)；全文能够围绕春节风俗这一中心来组织和选择材料，逻辑主线清晰(C04)，并且能够将包饺子的个人体验与对内在品质的思考联系起来，体现出一定的思想独特性(C05)；在语言表达方面，句子通顺且意思完整(E01)，部分词句的运用也较为恰当生动(E02)，同时综合运用了记叙、议论等多种表达方式(E06)；在段落内部，各句话能够与段落的中心句紧密相连(S07)，对传说等过渡性材料的处理也做到了简略得当(S10)；然而，文章在选材的充分性上仍有提升空间，如包饺子的核心事件可以提供更丰富的材料支撑(C02)，虽然涉及了传说、食物等多个角度，但各部分之间的融合度不足，未能充分展现多角度思考的优势(C06)；从结构上看，段落之间前后内容的交代基本清楚(S02)，但段与段之间的关系紧密度和过渡词句的运用还可以加强(S08)(S03)，导致部分段落与主旨的关联显得不够紧密(S06)；在详略处理上，作为文章重点的包饺子过程描写不够深入细致，未能充分详写(S09)，对人物和事件细节的刻画(E11)以及观察的层次性(E12)也停留在基本层面；此外，文章在修辞手法的综合运用(E05)以及表现手法的多样性(E07)方面表现较为薄弱，语言的文采和表现力有待提高。"
160516,"文章选取了剪窗花、包饺子、家人团聚这三个具有代表性的春节活动作为素材，内容具体且充实(C02)，这些材料紧紧围绕“风俗的意味”这一中心进行组织(C04)，体现了学生能从多个角度思考主题并选用合适材料的能力(C06)，虽然立意较为传统，但也表现出了一定的思想深度(C05)。在结构上，开头直截了当点明主题(S11)，结尾简洁利落且具有升华意义(S12)，前后内容交代清楚(S02)，各段落与主旨紧密相连(S06)，段落内的句子也紧紧围绕段落中心展开(S07)，段落之间关系较为紧密(S08)，但在使用过渡词句粘合段落方面还可以更加自然(S03)。详略安排上，能够详写重点部分(S09)，略写过渡性材料(S10)。语言表达方面，语句通顺流畅，意思完整(E01)，词句恰当且生动优美(E02)，特别是在描写剪窗花和包饺子的过程中，高度关注人物和事件的细节，如“毛毛草草”的花边、“压厚压薄”的饺子皮等(E11)，观察有主次有顺序(E12)。文章综合使用了多种表达方式(E06)，但在综合使用多种修辞手法(E05)和表现手法(E07)方面略显单薄。"
160518,"文章选取名画《拿破仑穿越阿尔卑斯山》作为核心写作对象，不仅细致描绘了画中人物与场景，还加入了合理的联想与感悟，选材具体且充分(C02)。全篇紧紧围绕画作这一中心进行组织，从视觉观察延伸至艺术思考，主旨聚焦(C04)。难能可贵的是，作者不仅关注画面的静态呈现，还通过联想构建了动态的战争图景，并最终升华至对艺术魅力的独到理解，体现了思想的独特性与深刻性(C05)，展示了多角度思考主题的能力(C06)。在描写方面，作者展现了极佳的观察力，对人物的服饰、神态以及马匹的动作、毛色等细节关注得细致入微(E11)，并且遵循了从远景到近景、从整体到局部的观察顺序，层次感极强(E12)。语言表达上，语句通顺流畅(E01)，大量运用“威风凛凛”、“膘肥体壮”、“风驰电掣”等成语及生动的形容词，使得画面感呼之欲出(E02)。文中还恰当使用了比喻、拟人等修辞手法，增强了文章的感染力(E05)。结构上，各段落内容均紧扣主旨(S06)，段落间关系较为紧密(S08)。文章重点详写了画面的细节部分，突出了核心内容(S09)，而开头引入与结尾感悟则处理得简洁明快，略写得当(S10)。开头迅速入题，交代清楚(S11)，结尾简洁利落，有力地收束了全文(S12)。不过，在从画面描写转入内心联想时，前后内容的交代还可以更加自然顺滑(S02)，段落间的过渡词句略显生硬，衔接不够紧密(S03)，部分段落内部句子之间的逻辑联系也有待进一步加强(S07)。综合运用多种表达方式(E06)和表现手法(E07)的能力尚有提升空间。"
160521,"文章能够围绕“苗族过年习俗”这一中心来选择和组织材料，使文章主旨明确(C04)，结尾部分能从个人体验上升到对民族文化多样性的思考，立意得到升华，简洁有力(S12)，且全文语句基本通顺，意思表达完整(E01)。文章的主要问题在于对核心体验部分的描写不够深入，虽然选取了斗牛赛马、跳芦笙、打糍粑等具体材料(C02)，但大多停留在罗列名称的层面，未能对这些活动和食物进行具体生动的描绘，导致文章的重点部分不够突出，显得单薄(S09)。这一问题也影响了段落与主旨的紧密度，如第三段对活动和美食的罗列就显得有些松散，未能充分表现习俗的内涵(S06)。同时，由于缺乏细致的描绘，文章在观察的顺序性和主次性上表现一般(E12)，语言的生动性(E02)以及综合运用修辞(E05)和多种表达方式(E06)的能力也因此受到限制。尽管文章开头能够引入正题(S11)，前后内容衔接基本清晰(S02)，段落之间也有过渡(S03，S08)，并注意到了人物和事件的某些细节(E11)，也尝试从历史和现实等不同角度进行思考，体现了一定的独特性(C05，C06)，但详略不当是本文最需改进之处。"
160524,"文章从一个北方女孩的独特视角切入，开头交代背景清晰，能够吸引读者(S11)。在内容选择上，能够选取具体且具有代表性的材料来表现早茶文化，例如对茶点外观和味道的描写，以及对饮茶环境的刻画，都体现了对生活细节的关注(E11)，使得文章内容较为充实(C02)。语言表达上，一些描述性词语的使用较为生动，增强了文章的画面感(E02)。同时，文章能够从饮食、环境、南北对比等多个角度来组织材料，思考维度较为丰富(C06)，对重点部分的详写也比较到位(S09)。然而，文章在结构和思想深度上存在明显的问题。虽然前半部分对早茶体验的记叙和描写能够围绕中心展开，但结尾部分突然拔高到国家、民族团结的宏大主题，与前文的个人体验衔接生硬，导致文章后半部分的材料组织未能很好地服务于中心(C04)。这种主题的跳跃使得文章的思想深度流于表面化和口号化，缺乏由具体体验生发出的独特感悟(C05)。这种断裂感也体现在结构层面，前后内容的衔接不够清晰自然(S02)，段落之间的逻辑关系显得松散(S08)，尤其欠缺必要的过渡性材料来实现从个人饮食体验到宏大主题的平稳过渡(S10)，结尾也因此显得有些空泛，未能与主体内容形成良好呼应(S12)。在句子层面，个别语句的表达不够流畅完整，存在语病(E01)，修辞手法的运用也相对单一(E05)。"
160525,"文章能够围绕“自己包饺子”这一中心事件来选择和组织材料(C04)，选取了买肉、备料、等待、学习等具体情节，使事件过程具备了基本框架(C02)，并且能够通过“照猫画虎”等细节来详写学包饺子的重点部分(S09)，也关注到了自己从期盼到失望再到欣喜的心理变化细节(E11)。但在思想内容的挖掘上，文章停留在对事件的简单记叙，未能展现出更深刻或独特的感悟(C05)，叙事也基本是单线推进，缺少多角度的观察与思考(C06)。结构方面的问题较为突出，结尾部分完全脱离包饺子的主题，转而谈论环保，显得突兀且损害了文章的整体性，导致段落与主旨的关联度降低(S06)，也未能形成一个与开头和正文内容相呼应的有效结尾(S12)；同时，文章的开篇表达较为平淡，未能有效吸引读者(S11)。在段落衔接上，多以事件的自然顺序推进，缺少必要的过渡词句(S03)，使得段落间的关系不够紧密(S08)，叙事前后内容的交代有时也不够清晰(S02)，不过段落内部的句子基本能围绕段落中心展开(S07)。语言表达方面，语句基本通顺，但不够流畅，存在少量语病(E01)，词语运用较为平实，不够生动优美(E02)。文章主要运用了记叙和抒情的表达方式(E06)，也尝试运用了比喻等修辞手法(E05)，但综合运用技巧的能力不强，表现手法略显单一(E07)。此外，文章对事件的观察基本按照时间顺序进行，主次不够分明(E12)，对过渡性材料的处理也只是简单带过，不够精炼(S10)。"
160526,"文章选取了舞龙和放烟火这两个极具春节特色的活动作为主要内容，材料选取具体且非常充分，能够很好地支撑起文章的主题(C02)。作者不仅描写了活动本身，还关注了环境布置和文化习俗，从多个角度展现了春节的热闹氛围，体现了多角度思考的能力(C06)。文章紧紧围绕“在姥姥家过年”这一中心进行组织(C04)，并尝试在结尾通过引用诗句探讨文化传承，显示出一定的思想深度和独特性(C05)。在结构方面，文章段落之间的过渡非常自然，使用了恰当的过渡词句将不同场景有机粘合在一起(S03)，各段落与主旨的联系也十分紧密(S06)。文章的时间线索清晰，前后内容交代得比较清楚(S02)，段落间的逻辑关系也较为紧密(S08)。不过，在段落内部的组织上，部分语句与段落中心的联系不够紧密，例如第二段从描写建筑物突然跳跃到发红包、舞龙，逻辑上略显跳跃(S07)。在详略安排上，虽然对舞龙进行了较多描写，但重点部分的细节刻画还可以更深入(S09)，过渡性材料的处理也较为常规，略写不够精简(S10)。开头采用了定义式引入，略显平淡(S11)，结尾虽然简洁并试图升华，但与前文的衔接稍显生硬(S12)。在语言表达上，全文语句通顺，意思表达完整(E01)，使用了“喜气洋洋”、“锣鼓喧天”等恰当且生动的词语(E02)。作者综合运用了比喻、排比等修辞手法，增强了画面的生动感(E05)，并采用了动静结合等表现手法来描绘场景(E07)。文章对舞龙时的挂龙红等细节给予了关注(E11)，观察过程有主次、有顺序(E12)。但在表达方式的综合运用上，议论与记叙的融合还可以更加自然(E06)。"
160529,"文章选取了看春晚、放烟花、包硬币饺子等具体充分的材料来表现春节习俗(C02)，整体能够紧密围绕“民风民俗”这一中心进行选材与组织(C04)。文中对于包“钱饺子”的描写体现了一定的独特性和生活情趣(C05)，且能从除夕守岁到家庭互动等多角度思考并选用合适材料(C06)。开头直入主题，点明传统节日背景，写法恰当(S11)。行文过程中，前后内容交代清楚，时间线索明确(S02)，使用了如“回到家”等过渡词句有效地粘合了相邻段落(S03)，使得段落之间关系紧密(S08)，各段落内容均与主旨保持了紧密联系(S06)。但在段落内部，部分句子的衔接不够紧密，逻辑链条稍显松散(S07)。详略安排上尚显平均，虽然叙述了包饺子的过程，但对重点部分的渲染力度还可以加强(S09)，对过渡性材料的略写处理也不够明显(S10)。结尾简洁利落，呼应了开头(S12)。语言方面，语句通顺流畅，意思表达完整(E01)，使用了“热锅上的蚂蚁”、“胖肚子将军”等恰当且生动的词句(E02)。文章体现了有主次、有顺序的观察方法，从除夕夜的焦急等待到包饺子的具体步骤，条理清晰(E12)，并综合使用了叙述、描写等多种表达方式(E06)。不过，在修辞手法的运用上较为单一，多为基础的比喻(E05)，表现手法的丰富性也有待提升(E07)。此外，虽然有心理描写和动作描写，但对人物和事件细节的关注度还可以进一步深入，以增强感染力(E11)。"
160530,"文章选取了北京禁放烟花导致失望、梦见烟花、去美国迪士尼看烟花等具体材料，内容充实(C02)，且所有材料都紧紧围绕“烟花梦”这一中心展开，组织较为有序(C04)。作者从古人习俗、个人情感、现实禁令、异国体验等多个角度切入，材料丰富且视角多样(C06)，将对烟花的喜爱提升到民俗文化认同的高度，体现了独特的个人思考(C05)。开头引用古语引出话题，切题迅速(S11)，结尾总结全文并升华主题，强调烟花对中华民族的意义，简洁有力(S12)。全文叙事脉络清晰，前后内容交代明确(S02)，段落之间按照时间顺序推进，逻辑关系紧密(S08)，并使用了恰当的时间词和过渡句进行连接(S03)，各段落均紧扣主旨(S06)，观察视角条理分明(E12)。但在详略安排上存在不足，重点部分即在迪士尼看烟花的场景描写过于匆忙，缺乏对烟花形态及具体感受的细腻刻画(S09)，而去美国的经过等过渡性材料处理得不够精简(S10)。语言方面，全文语句通顺流畅，意思表达完整(E01)，结合了记叙、议论和抒情多种表达方式(E06)，但词句略显口语化，生动优美程度一般(E02)。此外，文章在修辞手法的运用上较为单一(E05)，表现手法不够丰富(E07)，对人物和事件的细节捕捉也不够充分(E11)，部分段落内部句与句之间的逻辑衔接略显跳跃(S07)。"
160531,"文章选取了“贴春联”这一典型民俗活动作为素材，内容具体且充实，有效地支撑了写作意图(C02)。全文紧紧围绕“春节民俗”这一中心进行材料的组织与剪裁，主旨明确(C04)。难能可贵的是，作者没有停留在表面的活动记录上，而是通过爷爷之口融入了春联起源、平仄规则等文化知识，体现了较好的思想深度与独特性(C05)。在结构布局上，文章段落之间过渡自然，利用时间词和关联词有效地粘合了相邻段落，使行文流畅(S03)。各段落内容均与主旨紧密相连，无枝蔓横生之感(S06)。详略安排上，重点详写了祖孙对话探讨春联知识及贴春联的过程，突出了文章核心(S09)。结尾处由点及面，引用俗语升华主题，简洁利落且富有深意(S12)，相较之下开头虽切题但略显平实(S11)。此外，第二段虽内容丰富，但在叙述节奏上稍显拖沓，各句与段落中心的紧密度有待加强(S07)。语言表达方面，全篇语句通顺流畅，意思表达完整清晰(E01)。作者善于运用恰当的词语描写动作和神态，如“摩挲”、“若有所思”等，语言生动自然(E02)。叙述过程中，能够有主次、有顺序地观察并记录事件发展(E12)，并关注到了人物动作等细节，增强了画面的真实感(E11)。不过，文章在修辞手法的运用上较为单薄，缺乏比喻、拟人等手法的综合运用，略微影响了语言的文学色彩(E05)。"
160532,"文章选取了“冰糖葫芦”这一极具代表性的传统小吃作为切入点，材料选取具体且非常充分(C02)，能够从历史渊源、现实乱象以及未来传承等多个角度对主题进行深入思考(C06)，展现了作者对于传统文化在现代社会中逐渐变质、流失的深刻忧虑，体现了较强的思想性和独特性(C05)。全篇紧紧围绕“保护传统民俗”这一中心组织材料，主旨鲜明(C04)。在结构上，各段落与主旨联系紧密(S06)，段落之间能够熟练运用过渡词句进行粘合，如“就说磁器口吧”、“据我了解”等，使得行文流畅自然(S03)，段与段之间关系紧密(S08)，前后内容交代清楚(S02)。但在局部逻辑上，部分段落内部的句子与段落中心句的紧密度稍欠火候(S07)，详略安排上虽能侧重重点，但过渡性材料的处理还可更精简(S09)(S10)。开头从宏大历史切入，虽恰当但略显常规(S11)，结尾呼吁情感真挚，稍显简洁不足(S12)。语言方面，语句通顺流畅(E01)，用词生动，如“晶莹剔透”等(E02)，能够关注到糖葫芦的外形、制作等细节(E11)，观察具有一定的条理性(E12)。表现手法上运用了对比等手法(E07)，修辞手法的使用尚可(E05)，但表达方式的综合运用较为单一，主要侧重记叙与议论，描写与抒情的融合度有待提高(E06)。"
160533,"文章在内容选择上表现不错，能够选取做“果”和上坟这两件家乡习俗作为核心材料，内容具体且充分(C02)，并且这些材料能够紧密围绕“家乡习俗”这一中心来展开和组织(C04)，同时还能从亲身参与和成长感悟等不同角度来呈现主题(C06)。但在思想深度上略显不足，结尾对习俗传承的感悟停留在较为普遍的认知层面，缺乏更具独创性的见解(C05)。结构方面，文章开头能恰当引入主题(S11)，段落内部的句子组织也较为紧密，能够围绕段落中心句展开叙述(S07)。然而，文章的段落衔接是主要弱点，从写做“果”到写上坟的转换显得较为生硬，缺乏必要的过渡词句(S03)，导致两个核心事件之间的逻辑关系不够清晰紧密(S02)(S08)，尽管各段落内容本身与主旨的关联性尚可(S06)。在详略处理上，文章能够详写上坟的过程(S09)，略写其他背景信息(S10)，重点比较突出，结尾也能对全文进行收束(S12)。语言表达是本文的亮点，语句通顺完整，表达清晰流畅(E01)，对上坟过程的描写能关注到清理杂草、画圈等细节(E11)，并按照时间顺序有条理地呈现(E12)。但在语言的文采上还有提升空间，词语的运用虽恰当但不够生动优美(E02)，综合运用的表达方式以叙述和描写为主(E06)，修辞手法(E05)和表现手法(E07)的使用较少。"
160536,"文章选取了除夕夜看春晚、倒计时、放鞭炮以及吃饺子等具体且充分的材料(C02)，并且能够从视觉、听觉以及心理感受等多角度思考主题，选材得当(C06)。全文紧紧围绕“除夕之夜”这一中心进行组织，主旨明确(C04)，对于烟花寓意“绽放自己”及“驱赶负面情绪”的解读体现了一定的独特性和思想深度(C05)。开头引用名言自然引入主题(S11)，结尾运用排比总结全文并照应题目，简洁利落(S12)。行文严格按照时间顺序推进，从八点到午夜再到吃饺子，前后内容交代清楚(S02)，段落之间使用了恰当的过渡词句进行粘合，使得文脉贯通(S03)。各段落内容紧密围绕主旨展开(S06)，句段之间联系紧密(S07)，段落间的逻辑关系也十分紧凑(S08)。在详略安排上，能够对放鞭炮这一重点部分进行详细描写(S09)，同时也对看春晚等过渡性材料进行了略写处理(S10)。语句通顺流畅，意思表达完整(E01)，使用了“琳琅满目”、“争芳斗艳”等生动优美的词句增强了画面的既视感(E02)。文中综合运用了比喻、拟人等修辞手法增强感染力(E05)，结合了叙述与抒情等多种表达方式(E06)，并运用了象征等表现手法来升华主题(E07)。此外，作者关注了饺子的形状、烟花的形态等人物和事件细节(E11)，并且能够依照时间脉络有主次、有顺序地进行观察与描写(E12)。"
160540,"文章围绕“放风筝”这一民俗活动展开，选取了制作风筝和放飞风筝的具体过程作为主要材料(C02)，材料组织基本紧扣寄托愿望这一中心(C04)。在结构上，文章开头引用诗句引出话题，较为恰当(S11)，结尾尝试对主题进行升华，简洁利落(S12)；能够按照时间顺序交代清楚制作到放飞的前后内容(S02)，段落之间使用了过渡词句进行粘合(S03)，且能做到详写放飞时的心理活动与愿望(S09)，略写制作前的准备等过渡性材料(S10)，各段落与主旨联系较为紧密(S06)。在内容细节上，作者关注了制作时的心理变化及放飞时的情景细节(E11)，观察具备一定顺序(E12)。语言方面，整体语句通顺，意思表达完整(E01)。然而，文章在思想深度上略显不足，立意较为常规，缺乏独特的原创性思考(C05)，虽然尝试多角度思考但融合度一般(C06)。在语言修饰上，词句较为朴实，生动优美程度有待提升(E02)，修辞手法的使用较为单一(E05)，表达方式和表现手法也略显单薄(E06)(E07)。此外，部分句段内部的逻辑连接不够紧密(S07)，段落间的深层逻辑关系也需进一步加强(S08)。"
160543,"文章能够围绕春节习俗这一中心，选取贴福字、讨论“福”字贴法、包饺子、看春晚等具体材料，内容较为充分，且能围绕主旨进行组织(C02)(C04)。文章的结构安排体现了较强的逻辑性，段落之间关系紧密，衔接自然(S08)，同时各段落及段内语句也能紧密围绕主旨和段落中心句展开(S06)(S07)。作者能够运用详略得当的写法，对贴福字时遇到的困难及与父亲的对话进行了详细描写，对其他活动则作了简要交代，使文章重点突出(S09)(S10)。开篇引用童谣，能够较好地引出主题(S11)。在表现手法上，文章通过与父亲的对话，展现了对习俗文化的多角度思考(C06)，并能结合记叙、描写等多种表达方式(E06)。然而，文章在思想的独创性与深刻性方面表现一般，所选材料和感悟较为常见(C05)。在细节刻画上，对人物和事件的描绘还有提升空间，可以更深入地挖掘细节(E11)。语言表达方面，语句基本通顺(E01)，部分词句运用较为生动(E02)，但修辞手法的综合运用尚显不足(E05)。此外，文章的结尾部分处理得较为仓促，仅为简单概括，缺乏余味(S12)，且内容之间的过渡有时略显生硬，连接词句的使用可以更加圆熟(S02)(S03)。"
160601,"文章能够围绕成为科学家的中心理想展开，并围绕此中心选择和组织材料(C04)，整体框架具备逻辑性，各段落主旨也与文章中心紧密相连(S06)。文章的亮点在于对个人经历的记叙，科学课上回答问题的场景被作为重点部分进行了详写(S09)，其中对老师提问、同学反应和自身思考的刻画包含了较为丰富的事件细节(E11)，观察也基本遵循了主次顺序(E12)，同时能从需要具备的品质和个人努力等多个角度来构思，展现了一定的思考层次(C06)。然而，文章在思想的独创性上表现平平，所选取的牛顿事例和课堂经历等材料虽然具体(C02)，但例子本身较为常见，限制了思想的深刻性(C05)。同时，作为论据的牛顿事例在文中被反复提及，未能做到作为过渡性材料的略写处理，显得有些冗余(S10)。语言表达方面，全文语句基本通顺，意思表达完整(E01)，但词语的运用较为平实，缺少生动优美的色彩(E02)，修辞手法的运用也相对单一(E05)。文章综合运用了记叙、议论等表达方式(E06)，但整体表现手法不够丰富(E07)。结构上，文章的开头和结尾均发挥了应有功能，但尚欠精炼(S11，S12)，段落之间能够通过一些过渡词句进行衔接(S03)，前后内容也得以交代(S02)，但段落间的关系还可以更加紧密自然(S08)，段落内部的句子大体能围绕中心句展开，但部分语句的组织还可以更紧凑(S07)。"
160603,"文章立意独辟蹊径，将“理想”定义为“永远当一个学生”，超越了常规的职业规划层面，展现了对人生终身学习价值的深刻洞察，具有极强的独特性和思想深度(C05)。围绕这一核心观点，作者选取了职场浮沉、人生暮年等不同阶段的学习内容，以及“砖块与城堡”的比喻作为论据，材料具体充实且紧紧围绕中心展开(C02)(C04)。作者不仅论述了学习的重要性，还从积累基础、学习态度、学以致用等多个维度进行了思考，体现了多角度选材的能力(C06)。在篇章结构上，文章逻辑严密，各段落均紧扣“终身学习”这一主旨，联系紧密(S06)，段落内部的语句围绕中心句展开，条理清晰(S07)，段落之间层层递进，关系十分紧密(S08)。作者善于运用“至于”、“此外”、“所以”等过渡词句，有效粘合了相邻段落，使得前后内容交代清楚，行文流畅(S02)(S03)。开头通过对常规理想观点的转折引出主题，切入恰当(S11)，结尾引用名言并呼应前文，简洁利落(S12)。在详略处理上，重点详写了对学习内涵的理解及比喻论证部分(S09)，过渡性材料则略写，处理得当(S10)。语言表达方面，全篇语句通顺，意思完整(E01)。文中运用了形象的比喻（如将知识比作砖，梦想比作城堡）和恰当的引用，词句生动优美(E02)，修辞手法的综合运用增强了论证的说服力(E05)。虽然文章主要侧重于议论，在综合使用多种表达方式和表现手法上还有提升空间(E06)(E07)，但作者能关注到如“一棵草”等具体事物的细节来辅助说理(E11)。尽管在有主次有顺序的观察方面体现不够显著(E12)，但整体论证逻辑依然清晰。"
160604,"文章能够围绕个人理想的树立过程展开叙述，选取了夏令营乱扔垃圾导致同伴受伤这一具体事件作为核心材料，内容较为充分(C02)。文章的开头和结尾部分处理得比较得当，能够点明主旨并形成呼应(S11，S12)。在叙事过程中，作者能够分清主次，对同伴受伤这一关键情节进行了较为详细的描写(S09)。然而，文章在材料的组织和提炼上存在不足，将个人理想的萌发和后续的集体大扫除活动简单地前后衔接，未能深刻地围绕中心思想来组织材料，导致事件的记叙与思想的升华结合得不够紧密(C04)。同时，对主题的思考角度也显得比较单一，未能从更多层面展开论述(C06)。在篇章结构层面，虽然段落之间能够前后衔接(S08)，但段落内部的句子之间联系松散，有时会出现逻辑跳跃，影响了段落中心的表达(S07)。语言表达是本文最主要的失分点，许多语句不够通顺，意思表达不完整(E01)，用词也较为平淡，缺乏恰当生动的词汇来增强文章的感染力(E02)。"
160607,"文章的优点在于结构较为清晰，思路连贯，能够围绕成为歌手这一中心理想来组织材料(C04)，各段落的主题也与文章总的主旨紧密相连(S06)，同时段落内部的句子也能围绕中心句展开(S07)，使得全文语句通顺，意思完整(E01)。文章的主要问题在于内容层面，选取的材料不够具体和充分(C02)，例如作者多次提到为了理想而“练习”和“放弃”，但缺少对练习过程、遇到的具体困难或内心挣扎的细节描写(E11)，导致文章的重点部分不够突出，未能进行有效的详写(S09)，而一些可以简化的部分则处理得不够精炼(S10)。这种材料的笼统使得文章的思想性和独创性未能得到充分展现(C05)。在语言表达上，文章主要运用了记叙的表达方式，手法略显单一(E06)，虽然词句使用基本恰当，但生动性和感染力不足(E02)，未能将对音乐的热爱和唱歌带来的快乐更形象地传递给读者。"
160608,"文章选取了会唱歌的衣服、自卫鞋和方便裤这三个具体且充分的材料来阐述发明创造的设想(C02)，紧紧围绕“做一名发明家”的中心进行选材和组织(C04)。作者展现了较强的原创性思维，设计出的产品具有独特的想象力(C05)，并能从娱乐、安全、便利等多个角度思考主题，选材视野开阔(C06)。在结构安排上，文章前后内容交代清楚，逻辑连贯(S02)，各段落内容均紧密围绕主旨展开(S06)，段与段之间关系紧密，层次分明(S08)。详略处理得当，重点详写了三项发明的具体功能(S09)，略写了过渡性材料(S10)。开头引用名言引出理想，切题恰当(S11)；结尾简洁利落，呼应开头(S12)。但在段落衔接上，虽使用了连接词，部分过渡仍显生硬(S03)；段落内部个别句子与中心句的联系紧密度稍欠缺(S07)。语言表达方面，全文语句通顺流畅，意思表达完整(E01)，词句使用恰当生动(E02)。作者关注到了发明物的具体细节，如方便裤的保护机制，描写细腻(E11)，并且叙述条理清晰，有主次之分(E12)。但在修辞手法的运用上较为单一(E05)，表达方式(E06)和表现手法(E07)的多样性也有待加强。"
160609,"文章在选材方面表现出色，能够选取三年级考试失利和鸭妈妈带小鸭子跳台阶这两个具体且充分的材料来支撑论述(C02)，并且这些材料都紧紧围绕“为理想努力”这一中心进行组织(C04)。作者不仅从个人经历出发，还结合了外部观察和引用古诗，体现了多角度思考和选材的能力(C06)，这种由物及人的联想也展示了一定的思想深度和独特性(C05)。在结构上，开头运用排比比喻句引出话题，十分恰当且引人入胜(S11)，结尾简洁有力，呼应开头，升华了主题(S12)。文章段落之间关系紧密(S08)，能够利用过渡词句有效粘合相邻段落(S03)，使得前后内容交代清楚，逻辑顺畅(S02)。各段落均能紧扣主旨(S06)，句与句之间也紧密围绕段落中心展开(S07)。在详略安排上，作者对小鸭子跳台阶的过程及心理变化进行了详写(S09)，而对过渡性材料处理得非常简洁(S10)，详略得当。语言方面，语句通顺流畅，意思完整(E01)，词句运用恰当且具有一定的生动性(E02)，综合运用了比喻、引用等修辞手法增强了表现力(E05)。同时也注意到了人物心理和事件的细节描写(E11)，观察事物有主次、有顺序(E12)。表现手法较为多样(E07)，但在综合运用记叙、描写、议论等多种表达方式上略显单薄，还可以进一步丰富(E06)。"
160610,"文章立意高远，将理想设定为教育部长，并从个人价值与社会进步的高度探讨教育意义，展现出思想的深刻性与原创性(C05)。选材上，作者选取了贫困山区孩子求学艰难的具体事例作为切入点，材料充实具体(C02)，且能够多角度思考，从现状痛点到未来施政方针，选材均紧紧围绕中心主题展开(C04)(C06)。在结构布局方面，文章开头通过连续发问引出主题，形式恰当(S11)，结尾总结全文并升华主旨，简洁有力(S12)。行文过程中，前后内容交代清晰(S02)，段落间使用了有效的过渡词句进行粘合(S03)，使得段与段之间关系紧密(S08)。各段落内容均与主旨保持高度一致(S06)，特别是句与句之间逻辑严密，紧扣段落中心，体现了极佳的逻辑性(S07)。详略安排得当，对山区孩子困境及未来规划进行了详写(S09)，对过渡性材料进行了略写(S10)。语言表达上，全文语句通顺流畅，意思完整清晰(E01)。词句运用恰当生动，如“寒风刺骨”“蹒跚前行”等词汇增强了感染力(E02)。文中综合运用了排比、引用等修辞手法(E05)，以及记叙、议论、抒情等多种表达方式(E06)，表现手法丰富(E07)。在描写山区孩子上学场景时，关注了人物动作和环境细节(E11)，观察具有主次和顺序，画面感强(E12)。"
160611,"文章选取了受梵高画作启发、参加培训班练习以及画人像克服困难等具体事例，材料较为充实(C02)，且这些材料均能紧密围绕“想当画家”这一中心进行组织(C04)，体现了作者从起因、过程到挫折等多角度思考主题的能力(C06)。在结构上，开头运用排比句式引出话题，切题恰当(S11)，各段落紧扣主旨(S06)，并能运用“从此”、“实现梦想的道路上”等过渡词句粘合段落(S03)，使得前后内容交代清楚(S02)，段落与句子间的逻辑关系较为紧密(S07)(S08)。叙事过程中体现了一定的观察顺序(E12)。然而，文章在详略安排上仍有改进空间，重点部分如画人像的过程描写不够细腻深入(S09)，过渡性材料的处理不够精炼(S10)，结尾虽然总结了全文但显得较为常规(S12)。语言表达方面存在明显不足，文中存在多处语病和用词不当，如“真得”、“画的像”等助词混淆及句子成分残缺，影响了语句的通顺与完整(E01)。虽然尝试运用了比喻、排比等修辞手法(E05)及多种表现手法(E07)，但词句的生动优美程度一般(E02)，对人物和事件细节的刻画不够具体(E11)，表达方式较为单一(E06)，思想内容的独特性和深刻性也有待提升(C05)。"
160612,"文章选取了自幼结缘唱歌、合唱团的残酷竞争、为练歌牺牲娱乐时间、克制饮食保护嗓子等具体充分的材料(C02)，紧密围绕“理想需要努力”这一中心组织内容(C04)，开头引用名言并直抒胸臆，切题迅速且恰当(S11)。作者能从幼儿园到小学的时间跨度以及得失转换的多角度思考主题(C06)，体现了对坚持与成长的独特感悟(C05)。叙述中关注了对着钢琴识谱、夏天忍住不吃甜品等人物和事件细节(E11)，且观察叙述有主次、有顺序(E12)。全文语句通顺，意思完整(E01)，结尾简洁利落，再次点题(S12)。但在结构上，第三段篇幅过长，虽然详写了重点(S09)并略写了过渡材料(S10)，但若能将不同层面的努力过程分段叙述，各段落与主旨的联系会更紧密(S06)，段落间的逻辑关系也会更清晰(S08)。在语言表达上，虽然交代了前后内容(S02)并使用了过渡词句(S03)，但在词句的生动优美(E02)、修辞手法的丰富性(E05)以及多种表达方式的综合运用(E06)方面得分略低，表现手法相对单一(E07)，句段间的紧密程度也有待加强(S07)。"
160614,"文章从“明星的闪光点”引申出对教师职业的思考，立意切入点有一定独特性(C05)，并能从职业要求、个人经历等多个角度展开思考(C06)。结构方面，开篇运用一组连续的比喻，形式较为工整(S11)，结尾总结感悟并点题，简洁有力(S12)；叙事能够交代清楚前后内容(S02)，并按照时间顺序展开，主次分明(E12)。文章选取了两次管理平板的经历作为支撑理想的具体材料(C02)，对第二次成功的经历进行了相对详细的描写(S09)，也关注到了同学反应等事件细节(E11)，两次经历形成对比，运用了基本的表现手法(E07)。然而，文章的核心问题在于材料与中心的关联度不足，管理平板的经历主要论证了“领导力”的重要性，但未能充分阐释它与“当老师”这一理想之间的必然联系，导致材料的组织未能完全服务于中心论点(C04)，部分段落和主旨的关联因此显得松散(S06)。在语言层面，全文语句通顺(E01)，词句使用基本恰当(E02)，但修辞手法的运用不够丰富，主要集中在开头部分(E05)，表达方式也以记叙和简单议论为主，不够多样(E06)。段落之间通过“直到下学期”等词句进行了衔接(S03)，段内句子也能围绕段落中心句展开(S07)，段落间的递进关系是清晰的(S08)，过渡性材料的篇幅也比较合理(S10)。"
160615,"文章选取了刘慈欣科幻小说中的具体概念作为触发理想的材料，内容较为具体且充分(C02)，并能紧紧围绕“成为发明家”这一中心进行材料的组织和选择，无论是理想的来源、对未来的畅想还是如何实现，都服务于这一主旨(C04)。理想设定为受科幻文学启发，致力于人类文明发展，具有一定的独特性和思想深度，体现了原创性(C05)，且能从个人兴趣、科学探索、人类文明进程、具体行动方案等多个角度思考主题(C06)。文章开头运用排比句式引出话题，并点明自己的理想，写法恰当(S11)，结尾处引用名言升华主题，简洁利落(S12)。文章整体能够交代清楚前后内容(S02)，并使用过渡词句粘合相邻段落(S03)，各段落内容基本围绕主旨展开，联系较为紧密(S06)。详写了重点部分即“为什么想当发明家”和“如何实现”(S09)，对于过渡性材料的处理也尚可(S10)。然而，部分段落内部句子与中心句的联系不够紧密，例如第四段关于文明进程的论述略显突兀(S07)，段与段之间的逻辑推进关系有时跳跃感较强，紧密程度一般(S08)。语句整体通顺，意思表达完整(E01)，但语言较为平实，生动优美程度一般(E02)，修辞手法(E05)、表达方式(E06)及表现手法(E07)的多样性有待加强。虽然关注了科幻小说中的技术细节(E11)，但观察事物的顺序性和主次感缺乏深入的层次感(E12)。"
160616,"文章的核心立意十分突出，能够将“去看海”这一具体事件升华为对成长、责任和家庭情感的深刻体悟，思想具有独特性和深度(C05)。为了表现这一主题，小作者选取了独自在家承担家务这一核心事件作为材料，内容具体且具有说服力(C02)，并能始终围绕“去看海”的约定来组织情节，使得材料与中心结合得非常紧密(C04)，展现了从孩童的期盼到少年的理解这一多角度的思考过程(C06)。在文章结构方面，叙事线索清晰，从提出想到接受考验再到获得感悟，前后内容交代明确(S02)，段落之间的逻辑关系紧密，推进了情节的自然发展(S08)。文章的详略处理得当，对独自做家务遇到的困难进行了细致的详写，突出了成长的考验(S09)，而对背景的交代则相对简略(S10)。整体来看，各段落都紧扣主旨(S06)，段内句子的组织也较为集中(S07)，开头引用诗歌引出愿望(S11)，结尾则深化主题，形成呼应(S12)，不过段落间的衔接过渡还可以更自然一些(S03)。语言表达是本文的亮点，语句通顺流畅，意思表达完整准确(E01)，词语的运用生动而恰当，例如用“针一样刺着”来形容水冷，显示了较好的语言功底(E02)。作者善于通过细节来刻画体验，比如手被烫肿、水刺痛皮肤等细节描写增强了文章的真实感(E11)，对事件的观察和记叙主次分明，顺序清晰(E12)。同时，文章综合运用了记叙、描写和抒情等多种表达方式(E06)，并借助象征手法赋予“海”更丰富的内涵(E07)，但在修辞手法的多样性上还有提升空间(E05)。"
160621,"文章选取了儿时理想的演变以及想发明时光机去弥补家庭遗憾、辅助考古、规劝帝王等具体材料(C02)，内容始终紧紧围绕“成为发明家”这一中心进行组织(C04)。作者希望通过发明时光机来抚平他人的伤痛并弥补历史遗憾，这一构思体现了较好的独特性和思想深度(C05)，但在多角度发散思考方面还有提升空间(C06)。在结构上，文章按照时间顺序和逻辑发展交代了理想的确立过程(S02)，叙述条理清晰(E12)。文中能够运用“后来”、“从此”等过渡词句较好地粘合相邻段落(S03)，各段落与主旨联系紧密(S06)。文章详写了发明时光机的动机与愿景(S09)，略写了过渡性的背景材料(S10)，结尾简洁有力地表达了决心(S12)，但开头引用名言略显常规(S11)。此外，部分段落内部句子间的逻辑紧密度稍弱(S07)，段落之间的跳跃感有时较强(S08)。语言方面，全文语句通顺，意思表达完整(E01)。虽然词句基本恰当(E02)，但修辞手法运用较少(E05)，且对人物和事件的细节描写不够充实(E11)，综合运用多种表达方式(E06)和表现手法(E07)的能力也有待加强。"
160624,"文章选取了留守儿童图片和自身练习美术的经历作为素材，材料具体且较为充分(C02)，并能紧紧围绕“教留守儿童绘画”这一中心理想进行组织(C04)。作者从理想的定义、缘起、奋斗过程及未来寄语等多角度思考主题，选材切题(C06)，关注留守儿童这一群体体现了较好的社会责任感，具有一定的思想性(C05)。在结构上，开头运用排比句式引出主题，写法恰当(S11)，结尾“仰望星空，脚踏实地”简洁利落，有力地升华了主旨(S12)。文章各段落主旨鲜明，与文章中心紧密相连(S06)，段落间运用设问和名言引用等方式过渡，粘合效果好(S03)，段与段之间关系紧密(S08)。但在内部逻辑上，部分情节的时间线表述稍显跳跃，前后交代不够严密(S02)，部分句子间的逻辑衔接也略显松散(S07)。文章详写了理想产生的原因和奋斗历程，重点突出(S09)，过渡性材料处理得当(S10)。语言方面，整体语句通顺，意思完整(E01)，词句运用较为生动，如“爱心筑起梦想的高楼”等表达具有感染力(E02)。但在修辞手法(E05)、表达方式(E06)及表现手法(E07)的综合运用上较为单一，主要依赖叙述和直抒胸臆。作者关注到了留守儿童和自身练习时的细节(E11)，观察有主次、有顺序(E12)，若能进一步打磨语言细节和逻辑连贯性，文章会更加出色。"
160625,"文章能够围绕“理想”这一中心来选择和组织记叙的事件(C04)，各段落内容基本能与主旨产生联系(S06)，并且开头段能使用比喻引出观点，形式较为完整(S11)。文章的主要问题在于，为表现理想而选取的训练与比赛材料写得不够具体充分(C02)，尤其对比赛过程和人物心理的细节刻画不足(E11)，这使得文章在思想的独特性与深刻性上表现平平(C05)，虽然涉及了个人努力与同伴互助，但对主题的多角度思考仍有待加强(C06)。在结构方面，文章对前后内容的交代不够清晰，例如比赛的失败与赛后的感悟之间缺乏必要的铺垫(S02)，导致段落之间的关系显得不够紧密(S08)，尽管使用了一些过渡词句，但粘合效果不佳(S03)。同时，段落内部的句子之间也存在联系松散的问题(S07)。文章在叙事详略处理上意识尚可，但对比赛这一重点部分未能详写(S09)，而对训练过程的略写又显得有些仓促(S10)，结尾部分对开头的呼应略显简单，未能有效深化主旨(S12)。语言层面，部分语句存在口语化问题，影响了整体的通顺度(E01)，词句的运用也较为平实，不够生动优美(E02)。此外，文章的修辞手法运用单一(E05)，表达方式以记叙为主(E06)，整体表现手法比较单调(E07)。"
160626,"文章主题明确，在内容选择上能够围绕“军人理想”这一中心展开，选取了晨练和沙漠CS比赛这两个个人经历作为支撑材料，使得文章内容具体且较为充分(C02)，并且能从身体锻炼和模拟实践等不同角度来表现主题(C06)，材料的组织也基本服务于中心论点(C04)。然而，文章对于“军人”这一理想的思考深度略显不足，感悟停留在较为普遍的层面，未能展现出更具独创性的深刻见解(C05)。结构方面，文章整体框架清晰，开头能够直接点明主旨(S11)，结尾也能进行总结和号召(S12)，段落之间衔接自然，逻辑关系紧密(S08)，能够有效使用过渡词句(S03)，各段落内容与文章主旨的关联度很高(S06)，前后内容的交代也比较清楚(S02)。但在详略处理上存在不足，作为核心体验的沙漠CS比赛本应是详写部分，但其过程和感悟的描写不够深入细致(S09)，而一些过渡性内容则可以更加简略(S10)，同时个别段落内部的句子与段落中心句的联系还可以更紧密一些(S07)。语言表达上，语句基本通顺，意思完整(E01)，能够综合运用记叙和议论等表达方式(E06)，并注意到对事件细节的观察与呈现(E11)(E12)。但语言的文采和表现力有待提升，词语运用不够恰当生动(E02)，修辞手法的运用也较为单一和有限(E05)，整体表现手法不够丰富(E07)。"
160629,"文章的优点在于能够为自己的理想选择一个非常具体且充分的材料来进行阐述(C02)，即通过观看《生命缘》节目来引出对医生这一职业的思考，并且能从救治病人和应对压力等多个角度来选用材料，体现了较为立体的思考(C06)，其中关于医生心理承受能力的思考也让文章具备了一定的独特性(C05)。在叙述电视节目内容时，能够按照事件发展的先后顺序进行观察和记录，主次分明(E12)。文章结构方面，开头结尾均较为完整(S11，S12)，段落之间有过渡意识(S03)，各段落内容也基本能与主旨和段落中心句保持关联(S06，S07，S08)，词语运用也较为恰当(E02)。然而，文章的主要问题在于详略不当。作为核心的个人感悟与思考部分着墨过少，未能进行详写(S09)，而作为支撑材料的电视节目情节复述却占据了过大篇幅，未能做到略写(S10)。这种失衡导致文章在围绕中心组织材料方面显得不够成熟(C04)，电视节目情节与个人理想之间的内容衔接交代得不够清晰自然(S02)。同时，虽然能够关注到事件细节，但描摹不够深入，更偏向于情节概述(E11)。语言表达上，个别语句的流畅度和完整性有待提升(E01)，修辞手法、表达方式和表现手法的运用也相对单一，不够丰富(E05，E06，E07)。"
160630,"文章整体思路清晰，开篇能以名言引出个人经历，结尾又能回扣主旨并对名言进行改造，首尾呼应，结构完整(S11，S12)。文章能够围绕“不可破灭的理想”这一中心来选择和组织材料，从梦境的触动到现实的实践，脉络分明(C04)，段落之间衔接自然，逻辑关系紧密(S08)，段落内部的句子与段落中心也结合得较好(S07)。作者能从个人经历、哲学思考等多个角度切入主题，选用了梦境和童年实验这两个具体且充分的材料来支撑观点，使理想的由来显得真实可感(C02，C06)，并且在叙述梦境时，能按顺序观察并交代清楚事件的前后经过，体现出对细节的关注(E11，E12，S02)。然而，文章在思想深度和详略安排上存在不足。虽然“研制长生不老药”的理想颇具独特性，但论述略显稚嫩，未能就其可能性与伦理意义展开更深刻的探讨(C05)。在内容详略处理上，作为缘起的梦境描写篇幅过长，而作为文章重点的“如何为理想奋斗”部分则描写不足，显得不够充实(S09)，导致作为过渡性材料的梦境反而有喧宾夺主之嫌(S10)。在语言表达层面，文章语句基本通顺(E01)，也综合运用了记叙、议论等表达方式(E06)，但词语运用尚欠精当优美(E02)，修辞手法和表现手法的运用也较为单一，影响了文章的文学性和感染力(E05，E07)。"
160632,"文章围绕“成为画家”的理想，选取了童年对风景的憧憬、坚持练习动漫绘画以及参观画展等具体材料，内容较为充实(C02)，且所有素材均能紧密围绕中心进行组织(C04)。文章结构清晰，开头直接点题(S11)，段落之间通过“小时候”、“慢慢的”、“后来”等时间词巧妙过渡，有效粘合了相邻段落(S03)，使得各段落与主旨联系紧密(S06)，段与段之间关系紧密且呈现出清晰的成长脉络(S08)，前后内容交代清楚(S02)，段落内部句子间的逻辑也较为连贯(S07)。在语言表达方面，全文语句通顺，意思完整，阅读体验流畅(E01)，能够有顺序地观察事物的变化(E12)，并关注到了一定的心理和事件细节(E11)，表现手法运用尚可(E07)。然而，文章在详略安排上仍有提升空间，对于学习绘画过程中遇到的“千磨万难”这一重点部分描写不够详细，缺乏具体的困难情境和克服过程的细节支撑(S09)，过渡性材料的略写也不够精炼(S10)。此外，文章虽然表达了真情实感，但思想深度和原创性较为一般(C05)，多角度思考主题显得不够开阔(C06)，修辞手法使用不够丰富(E05)，词句的生动优美程度有待加强(E02)，表达方式也较为单一(E06)。结尾虽然简洁利落(S12)，但力量感稍显不足。"
160633,"文章在选材方面表现优异，能够引用黑死病、伦琴发现X射线、居里夫妇提炼镭等具体且充分的事例来支撑观点(C02)。学生展现了多角度思考的能力，从疾病对人类的危害、医学发现需要的特质以及个人奋斗的重要性等不同层面展开论述(C06)，并且能够紧密围绕“我的理想”这一中心来组织材料(C04)，虽然立意的独特性和深刻性处于中等水平(C05)，但逻辑构建稳健。在结构布局上，开头直入主题(S11)，结尾简洁利落(S12)，各段落与主旨联系紧密(S06)，段落之间以及句子与段落中心句之间的逻辑关系紧凑(S07，S08)，前后内容交代清楚(S02)。文章对重点部分进行了详写(S09)，但在过渡性材料的略写处理上略显生硬(S10)，段落间的过渡词句粘合度还可以进一步提升(S03)。语言表达方面，语句通顺流畅，意思完整(E01)，这是文章的一大亮点。然而在文采方面略显平淡，词句的生动优美程度(E02)、修辞手法的综合运用(E05)以及表达方式的多样性(E06)均有待加强。表现手法较为单一(E07)，对于人物和事件细节的关注(E11)以及观察的主次顺序(E12)也显得较为常规。这是一篇逻辑清晰、论据充实的习作。在内容选材上，你做得非常出色，能够选取黑死病的历史背景、伦琴发现X射线以及居里夫妇提炼镭等具体充分的材料，有力地支撑了你的观点(C02)。同时，你能从疾病的危害、医学家所需的观察力以及实现目标所需的坚持等多个角度思考主题，选材视野开阔(C06)。整篇文章始终围绕“成为医生”这一中心进行组织，材料服务于主题的意识很强(C04)，虽然思想的独特性和深刻性还有挖掘空间(C05)，但整体立意是积极向上的。结构方面，文章条理分明。开头直抒胸臆，恰当地引出了理想(S11)，结尾简洁利落，再次呼应主题(S12)。各段落与主旨紧密相连(S06)，段与段之间、句与句之间的逻辑关系也十分紧密(S07)(S08)，能够把前后内容交代得清清楚楚(S02)。你能够详写文章的重点部分，如对医学家事例的分析(S09)，但在处理过渡性材料时略显生硬(S10)，若能更巧妙地使用过渡词句粘合相邻段落(S03)，文章的起承转合会更加自然。语言表达上，你的语句通顺，意思表达完整，阅读感很好(E01)。不过，在词句的生动优美方面还可以再下功夫(E02)。目前文章多以叙述和议论为主，若能综合使用多种修辞手法(E05)和多种表达方式(E06)，会让语言更有感染力。此外，在表现手法的使用(E07)以及对人物事件细节的刻画(E11)和有主次顺序的观察(E12)上，也还有提升的余地。"
160636,"该生作文选取了自己五年级患流感就医的具体经历作为素材，素材内容充实且紧贴“白衣天使”这一理想主题，体现了选材的针对性。文章从自身患病的痛苦写到医生给予的救治与关怀，从而引出职业理想，这种由己及人的思考路径具有一定的独特性和思想深度，展现了多角度思考主题的能力。在结构上，文章开头运用排比句式引入，结尾简洁有力地表达决心，首尾呼应。叙事过程中，前后的因果关系交代得十分清楚，段落之间使用了恰当的过渡语句进行衔接，使得整篇文章结构紧凑，各段落及段内语句均紧紧围绕中心主旨展开。详略安排得当，重点描写了医院候诊及打针时的心理活动，略写了患病初期的经过。语言表达方面，语句通顺流畅，词汇运用生动形象，如“长龙”“火水”“鼓点”等比喻修辞的运用增强了画面的感染力。文章综合运用了叙述和描写等表达方式，观察细致有序，对人物动作和心理细节的刻画较为到位，但在更高阶的表现手法运用上略显单一。文章选材具体且充实，能够结合亲身经历的流感事件来阐述确立理想的过程(C02)，所有的叙述都紧紧围绕“白衣天使”这一中心主题展开，主旨明确(C04)。从患者的无助到医生的救助，再到确立志向，这种情感与认知的转变体现了作文的思想深度与独特性(C05)，展现了你从受助者到立志成为助人者的多角度思考(C06)。行文逻辑清晰，事情的前因后果交代得十分清楚(S02)。开头运用排比句式引出“理想”的话题，入题恰当且有气势(S11)。文中运用“通过一年前的这一场大病”等过渡性语句，有效地粘合了相邻段落(S03)，使得段与段之间联系紧密(S08)。每一段落都紧扣文章主旨(S06)，段落内的每一句话也都围绕段意展开(S07)，结构严谨。详略处理得当，重点描写了医院就诊时的心理变化和医生的治疗过程(S09)，而对生病初期的过程则进行了略写(S10)。结尾简洁利落，再次点明了为理想奋斗的决心(S12)。语言表达流畅，句意完整(E01)。用词生动优美，如“心急如焚”“和蔼可亲”等成语以及对心理状态的细腻描摹(E02)。文中综合使用了比喻（如“排得像一条长龙”、“像节奏越来越快的鼓点”）等修辞手法，增强了语言的感染力(E05)。文章结合了叙述与描写等多种表达方式(E06)，按照事情发展的顺序进行了有条理的观察(E12)，并关注了医生动作、神态以及自己心理活动的细节(E11)。虽然表现手法有一定的运用，但相对得分略低，显示在技法多样性上还有提升空间(E07)。"
160640,"文章立意积极，关注社会民生，试图从社会现象、亲人言行及国家政策等多个维度探讨“让所有人脱离贫穷”这一理想，体现了多角度思考主题的意识(C06)，选取的材料涵盖了贫困现状、爷爷的善举等，内容尚算具体(C02)。然而，材料的组织不够严密，围绕中心进行的剪裁和编排略显松散(C04)，部分段落如第二段对于贫穷定义的阐述较为冗长，未能很好地处理详略关系(S10)，且段落内部句子间的逻辑联系不够紧密，中心句不够突出(S07)。在结构上，文章使用了基本的过渡词句连接段落(S03)，开头直接点题(S11)，结尾简洁并呼应了主题(S12)，基本交代清楚了前后内容(S02)。但在思想深度上，对于理想的探讨多停留在表面，缺乏独特的见解(C05)，段落与主旨的紧密度以及段落间的逻辑递进关系仍有提升空间(S06，S08)。语言表达方面，语句基本通顺(E01)，但词汇较为贫乏，缺乏生动优美的词句(E02)，修辞手法(E05)和表现手法(E07)运用较少，表达方式较为单一(E06)。此外，对人物和事件的细节描写不够深入(E11)，观察的主次顺序也需进一步明确(E12)，重点部分的刻画还需加强(S09)。"
160643,"该作文能围绕文章的中心选择和组织材料，立意明确(C04)，选取了发烧目睹急救和住院看到锦旗两处具体充分的材料(C02)。叙事过程中有主次有顺序地观察(E12)，关注人物和事件细节，如对急救场景的描写(E11)，体现了学生能多角度思考主题并选用合适的材料来表现(C06)。文章能写出恰当的开头，引用名言引出下文(S11)，能够交代清楚前后内容(S02)，能够用过渡词句粘合相邻段落(S03)，段与段之间的关系紧密(S08)，语句通顺意思完整(E01)。但在结构和表达的精细度上仍有提升空间。各段落和主旨、各句话和段落中心句的联系紧密度一般(S06，S07)，能够详写文章的重点部分但深度略显不足(S09)，略写过渡性材料的能力较弱(S10)，未能提供简洁利落的结尾，最后一段略显拖沓(S12)。语言表达上，词句恰当生动优美程度不够(E02)，未能综合使用多种修辞手法(E05)和表达方式(E06)，表现手法较为单一(E07)，导致未能写出有独特性原创性或思想深刻的作文(C05)。"
160701,"文章能够围绕友谊这一中心，选取《夏洛的网》的故事情节和个人生活经历作为材料，做到了从文学和现实两个角度来思考主题(C06)，材料的选择是具体且充分的(C02)，并且能够围绕中心进行组织(C04)。然而，文章思想的深刻性与独创性略显不足，主要是因为个人经历与夏洛用生命诠释的友谊在内涵深度上存在差距，未能挖掘出更独特的感悟(C05)。在结构上，文章从概括书本内容到联系个人实际的过渡是清晰的(S02)，段落之间也使用了恰当的语句进行衔接(S03)，各段落主旨与文章中心联系紧密(S06)。但文章在详略安排上存在失衡，对书本内容的复述篇幅过长，属于次要材料，处理得不够简略(S10)，而作为核心部分的个人感悟与反思则描写不够深入，未能进行详写(S09)，这使得两部分内容的内在逻辑关系显得不够紧密(S08)。同时，在个人经历的叙述段落中，个别句子之间的衔接不够流畅自然(S07)。文章的开头部分显得较为平淡(S11)，结尾则能够简洁地总结全文(S12)。语言表达方面，文章能够关注并写出事件的关键细节(E11)，但观察的层次和主次不够分明(E12)。个别语句存在语病或表述不清的问题，影响了整体的通顺度(E01)，词语的运用也较为平实，不够生动优美(E02)。文章综合运用修辞手法(E05)、表达方式(E06)和表现手法(E07)的能力还有待提升。"
160703,"文章选取了《狼王梦》中紫岚培育狼子失败的具体情节作为素材，内容充实且具有代表性(C02)，紧密围绕“错误的教育方式导致悲剧”这一中心进行组织(C04)。作者不仅复述了故事，更从动物世界联想到人类社会的家庭教育，指出了家长急功近利和方法错误的病态现象，思想深刻且具有原创性(C05)，能够从爱与害、动物与人类等多角度深入思考主题(C06)。在结构上，文章开头以比喻入题，引出书名，切题恰当(S11)，结尾总结全文并引发读者思考，简洁利落(S12)。叙述故事时，按照大狼儿到小狼儿的顺序，前后内容交代得十分清楚(S02)，段落之间逻辑紧密，层层推进(S08)，并使用了有效的过渡词句如“读完这书”来粘合记叙与议论部分(S03)。各段落均紧扣感悟主旨(S06)，段内句子逻辑连贯，紧密围绕段落中心展开(S07)。在详略安排上，详写了紫岚丧子的经过及作者的深刻反思(S09)，略写了引入部分的过渡性材料(S10)。语言表达方面，全篇语句通顺流畅，意思完整(E01)，词句运用恰当且具有一定的生动性，如“滋养”、“奴性”等词准确传神(E02)。文中综合使用了比喻、设问等修辞手法增强了表达效果(E05)，并结合了记叙与议论多种表达方式(E06)，通过联想和对比等表现手法深化了主题(E07)。此外，叙述中关注了人物命运的细节(E11)，并能有主次、有顺序地对原著情节进行观察和重组(E12)。"
160704,"文章能选取原著中“刷墙”、“目睹凶杀案”、“山洞历险”等具体充分的材料(C02)，并关注到了人物和事件的细节(E11)，体现了对原著的熟悉程度。在读后感部分，能从当时美国社会缩影、正义战胜邪恶以及坚持不懈等多个角度思考主题(C06)，展现出了一定的思想深度和独特性(C05)，各段落内容与主旨联系紧密(S06)。但在结构安排上，文章前后内容的交代不够清晰(S02)，段落之间缺乏必要的过渡词句进行粘合(S03)，导致段际关系不够紧密(S08)，观察和叙述的顺序也有待梳理(E12)。同时，文章在详写重点部分(S09)和略写过渡材料(S10)方面处理得还不够得当，开头显得较为仓促(S11)，结尾虽有总结但不够简洁利落(S12)。语言表达方面，整体语句尚算通顺(E01)恰当(E02)，综合使用了叙述和议论的表达方式(E06)，但修辞手法(E05)和表现手法(E07)运用较少，句与句之间的逻辑联系还可以进一步加强(S07)。"
160707,"文章选取了书中帕克寻亲及祖母莫卡森的故事线作为主要素材，内容具体充实(C02)。全文始终围绕《木屋下的守护者》的读后感悟这一中心进行组织(C04)。作者能从故事情节概括、写作特色赏析以及人生哲理感悟三个角度切入思考，视角较为丰富(C06)，但在思想深度上，对于“尊重”与“坚持”的感悟略显常规，独特性和深刻性有待提升(C05)。从结构上看，各段落紧扣文章主旨，无游离内容，表现出色(S06)，段落内部的句子也能紧密围绕段意展开(S07)。行文前后内容交代清楚，情节概括完整(S02)，段落之间衔接自然，关系紧密(S08)，过渡词句运用得当(S03)。开头引用名言自然引入主题(S11)，结尾总结感悟，简洁利落(S12)。在详略安排上，故事梗概占比较大，而作为读后感重心的“感”的部分描写不够详尽(S09)，过渡性材料处理尚可(S10)。语言表达通顺流畅，意思完整(E01)，词汇运用恰当(E02)。叙述复述时有条理(E12)，但在修辞手法的运用上较为单一(E05)，表达方式以叙述为主，议论抒情较少(E06)，表现手法也较为朴实(E07)，对细节的抓取和刻画还不够深入(E11)。这是一篇结构清晰、层次分明的读后感。在内容上，你选取了书中帕克寻亲及祖母莫卡森的关键情节作为素材，内容具体充分(C02)，并且能够紧紧围绕“读后感”这一中心来组织材料(C04)。难能可贵的是，你能从故事情节、写作特色（神态外貌描写）以及人生哲理三个角度进行思考，体现了多维度的阅读体验(C06)。不过，感悟部分的思想深度尚可挖掘，目前的观点略显常规，原创性稍显不足(C05)。在结构方面，文章表现优异。各段落与主旨紧密相连(S06)，段内的每一句话也都紧扣段落中心(S07)，段与段之间逻辑关系紧密(S08)，过渡词句的使用使得行文流畅自然(S03)。你能够交代清楚前因后果(S02)，开头引用名言切入得当(S11)，结尾总结简洁有力(S12)。但在详略处理上，对故事梗概的叙述篇幅较长，而对重点感悟部分的描写不够详尽，略显头重脚轻(S09)，过渡性材料则处理得比较得体(S10)。语言表达上，语句通顺，意思表达完整(E01)，用词恰当(E02)。在复述故事时，你能做到有主次、有顺序(E12)。然而，文章在修辞手法的综合运用上还有提升空间(E05)，表达方式以平实的叙述为主，抒情和议论的成分相对较少(E06)，表现手法也较为单一(E07)。此外，虽然你提到了书中的细节描写很好，但你自己在写作时对细节的关注和刻画还可以更深入一些(E11)。"
160708,"本文作为一篇读后感，思路清晰，能够围绕中心选取书中情节梗概和邓布利多名言等具体材料(C02)，并从情节、写法、主旨等多个角度展开论述(C06)，显示出较好的材料组织能力(C04)。文章在段落的衔接上也比较紧密(S08)，段内句子的关联性亦佳(S07)，使得全篇内容交代得较为清楚(S02)。语言表达上，全文语句通顺完整(E01)，用词基本恰当(E02)。然而，文章在结构详略上存在失衡，作为核心的“感”笔墨不足，未能充分详写(S09)，而作为铺垫的“梗概”则篇幅过长。同时，文章的开头过于简单直白(S11)，结尾虽能收束全文但略显常规(S12)，段落间的粘合有时也依赖于小标题而非自然的过渡词句(S03)。在表达方面，修辞手法的运用尚不丰富(E05)，表达方式与表现手法也相对单一(E06，E07)，对人物事件细节的关注可以进一步加强(E11)。最关键的是，虽然文章提炼出了勇敢、正义等主题，但感悟停留在较为普遍的层面，未能结合个人体验展开更具独创性的深刻思考(C05)。"
160709,"文章在材料的选用与组织上表现突出，能够围绕“面对挫折不放弃”的中心来选择海伦凯勒的事迹与个人背诵英语课文的经历，材料具体充分且组织有序(C02)，二者紧密服务于文章主旨，体现了较强的中心驾驭能力(C04)，并且能够将名著感悟与个人体验结合，使思想观点具有一定的独特性(C05)。同时，文章用词恰当，能运用“不屈不挠”“持之以恒”等成语，使语言表达具有一定文采(E02)，并且段落内部的语句能够紧密围绕段落中心句展开，凝聚力强(S07)。文章在结构搭建与内容衔接上也做得不错，开头入题直接(S11)，段落之间逻辑关系紧密(S08)，能够运用过渡词句使上下文衔接较为自然(S03)，各段落与主旨的关联度也比较高(S06)，能够从书本和个人两个角度展开思考(C06)，并能综合运用记叙与议论等多种表达方式(E06)。然而，文章在细节刻画方面存在明显不足，无论是对海伦凯勒事迹的概述还是对个人经历的记叙，都缺少对关键人物和事件细节的关注(E11)，观察较为笼统，未能有主有次地呈现观察所得，导致重点部分虽然有所展开(S09)，但感染力不强(E12)。此外，结尾部分对主旨的重申略显简单，未能深化主题，力量稍显不足(S12)。"
160710,"文章能够紧密围绕读后感悟的中心来选择和组织情节材料(C04)，并从友谊与互助这两个角度展开思考，体现了较好的思维广度(C06)。各段落均能服务于主旨，段内句间联系紧密，使得文章整体结构严谨(S06，S07，S08)。开篇对作者与作品的介绍得当(S11)，提炼出的友谊与互助主题也展现了阅读后的深刻思考(C05)。在论证时，文章选取了夏洛救助威尔伯及威尔伯守护虫卵的核心情节作为材料，做到了叙事有主次，详略基本得当(E12，S09，S10)，内容选取较为具体充分(C02)。语言表达是本文的亮点，语句通顺流畅(E01)，能够综合运用叙述和议论等表达方式(E06)，尤其在议论友谊时，连续使用比喻的修辞手法，使文辞显得优美生动(E02，E05)。但在一些方面还存在提升空间，例如，对原作中体现人物情感或事件转折的关键细节关注略显不足，可以引用更具体的细节来强化论证(E11)；段落间的衔接有时依赖功能性词语，但内容层面的过渡可以处理得更自然(S03)，使得前后内容的交代更为圆润(S02)；结尾的抒情号召虽然收束了全文，但略显常规，可以尝试更具启发性或余韵的结尾方式(S12)；另外，修辞和表现手法的运用可以更加多样化，以进一步增强文章的表现力(E07)。"
160711,"文章在内容选择上能够摘录原作梗概与具体片段，呈现了较为充分的材料(C02)，这些材料也能围绕《纳尼亚传奇》这一中心进行组织(C04)，但文章主体是情节复述和原文摘抄，缺少个人思考，因此思想上未能展现独创性与深刻性(C05)，也未能体现出对主题的多角度思考(C06)。从结构上看，文章由梗概、片段和感想三部分构成，段落之间的关系清晰可辨(S08)，也使用了“上面是……”这样的语句进行简单的段落粘合(S03)，但各部分之间缺乏有机关联，未能清晰交代为何要引述该片段以及它与主旨的关系(S02)，导致各段落与主旨的关联度不够紧密(S06)，同时文章缺乏对论证重点的详写和次要信息的略写意识(S09，S10)，开头满足于故事梗概，结尾的感想则显得较为仓促(S11，S12)。在语言层面，全文语句基本通顺完整(E01)，但学生自己的语言表达较为平实，不够生动优美(E02)，也基本没有综合运用修辞或多种表达方式来增强文章的表现力(E05，E06，E07)，虽然摘抄的片段体现了对人物事件细节的关注(E11)，但学生自身的写作并未展现出有主次、有顺序的观察与描写能力(E12)。"
160712,"文章在立意与选材上展现了较好的思考深度，能够将书本内容与自身生活体验紧密结合，提炼出具有原创性的感悟(C05)，并且全文的材料组织都紧密围绕着“珍惜”与“互助”这一中心展开(C04)。然而，文章在引用原作材料时略显概括，未能充分选取具体情节来支撑观点，导致论证不够充实(C02)，同时对主题的思考角度也稍显单一，未能进行更多元化的拓展(C06)。结构方面，文章的开篇与结尾都比较简洁有力，能够有效点题(S11，S12)，各段落也基本能与主旨保持一致(S06)。问题在于段落之间的衔接不够自然，缺少必要的过渡词句(S03)，导致上下文的逻辑关系交代得不够清晰(S02，S08)，并且段落内部的句子之间联系松散，未能围绕段落中心句紧密展开(S07)，在详略处理上也存在提升空间，对故事情节的复述可以更精炼(S10)，对感悟的阐发则需要更详尽(S09)。语言表达层面，全文语句基本通顺完整(E01)，也能关注到原作中的人物与事件细节并进行有序描述(E11，E12)。但在词语的运用上可以更生动优美一些(E02)，修辞手法的运用较为欠缺(E05)，使得文章的文学色彩不足，表达方式与表现手法的综合运用也略显单薄(E06，E07)。"
160714,"文章的核心优势在于能够将阅读感悟与现实生活紧密联系，从书中提炼出“关爱”的主题，并选取了具体的生活实例来支撑观点(C05)，无论是对原作内容的概括还是对生活片段的选取，材料都显得较为充分(C02)，且能紧密围绕中心思想进行组织(C04)。从结构上看，文章思路清晰，开头与结尾均能有效点题(S11，S12)，段落之间逻辑关系紧密(S08)，各部分内容也能与主旨紧密相连(S06)。在内容的呈现上，对原作的概括展现了从多角度思考主题的能力(C06)，对事件的叙述能够交代清楚前后内容(S02)，对生活场景的观察也体现出主次和顺序感(E12)。然而，文章在细节处理上尚有提升空间，作为重点详写部分的生活实例可以刻画得更深入(S09)，段落间的过渡可以更自然(S03)，段落内部句子的关联性也需进一步加强(S07)。语言层面，词句的运用较为恰当生动(E02)，保证了语句的基本通顺(E01)，但在修辞手法(E05)、表达方式(E06)以及表现手法(E07)的综合运用上则略显单薄。"
160715,"该生作文《读〈海底两万里〉有感》在内容选材上表现较好，能够选取书中“林肯号”、“亚特兰蒂斯”等具体情节作为素材(C02)，并围绕读后感这一中心进行组织(C04)。文章不仅复述了情节，还从科技预言、探索精神及面对困难的态度等多角度进行了思考(C06)，特别是对于凡尔纳“预言”现实技术以及科学精神的探讨，体现了较好的独特性和思想深度(C05)。在篇章结构方面，开头点明书名及科幻属性(S11)，结尾总结全书价值并引发遐想(S12)，首尾简洁利落。但在行文逻辑上，虽然能够区分详略，重点突出感悟部分(S09)(S10)，但段落与主旨的紧密程度尚待加强(S06)，段与段之间的逻辑关系略显松散(S08)。叙述情节时，前后内容的交代稍显跳跃(S02)，段落间的过渡词句运用还可以更自然(S03)，段内句子的衔接则相对较好(S07)。在语言表达上，全文语句通顺，意思表达完整清晰(E01)，这是文章的一大亮点。不过，语言稍显平实，词句的生动优美程度一般(E02)，修辞手法使用较少(E05)，表现手法较为单一(E07)。在叙述故事时，对人物和事件的细节关注不够(E11)，观察视角的层次感也有待提升(E12)，表达方式上虽然结合了叙述与议论(E06)，但融合度仍有提升空间。"
160716,"该作文选材具体且充分，从书籍内容延伸至现实生活案例，支撑了文章观点。围绕“人和动物深厚情意”这一中心组织材料，主旨明确。通过联想邻居阿姨救助流。浪猫的故事，体现了对主题的深刻思考和原创性见解。能够从人对狼的付出、狼对人的回馈以及旁人对动物的关爱等多个角度思考主题。文章开头交代背景清晰得当，结尾简洁有力且升华主旨。叙事过程中前后内容交代清楚，段落间过渡自然，逻辑紧密。各段落均紧扣主旨，段内句子与段意联系紧密，整体结构严谨。详略处理得当，既详写了动情的细节，又略写了过渡性的情节梗概。语言通顺流畅，词句运用恰当，综合运用了比喻等修辞手法及多种表达方式，表现手法多样。关注了人物与动物互动的细节，观察有序，主次分明。作文选材具体充分，既概括了书籍情节，又引入了现实生活中的邻居案例，丰富了文章内容(C02)。全文紧紧围绕“人和动物的深厚情意”这一中心来选择和组织材料，主旨鲜明(C04)。通过联想现实生活，将书中的情感延伸至普遍的“大爱”，体现了思想的独特性和原创性(C05)。你能从李微漪的付出、格林的报恩以及邻居阿姨的善行等多个角度思考主题，视野开阔(C06)。在结构上，开头清楚地介绍了书籍背景，引人入胜(S11)，结尾简洁利落，情感升华自然(S12)。文章前后内容交代清楚，叙事逻辑顺畅(S02)。段落之间使用了恰当的过渡词句，使得行文连贯(S03)。各段落内容与文章主旨紧密相连，没有偏题之嫌(S06)。段落内部，各句子紧紧围绕段落中心展开，凝聚力强(S07)。段与段之间逻辑关系紧密，层层递进(S08)。叙事详略得当，重点详写了格林照顾生病作者的感人片段(S09)，而对书籍漫长的情节进行了有效的略写概括(S10)。语言表达方面，语句通顺流畅，意思表达完整(E01)。词句运用恰当，有一定的生动性(E02)。文中运用了比喻等修辞手法，增强了语言的感染力(E05)。综合运用了记叙、议论和抒情等多种表达方式，使得文章情感饱满(E06)。使用了联想、对比等多种表现手法，丰富了文章的内涵(E07)。特别是在描写格林守候生病主人的情节中，关注了具体的动作和神态细节(E11)。叙述过程有主次、有顺序，条理清晰(E12)。"
160721,"文章以复述情节为主，能够围绕原作故事选取关键材料，如紫岚四只狼崽的不同结局，基本做到了材料具体(C02)且能按时序组织(C04)，使得文章前后内容的交代比较清晰(S02)，段落之间也因时间线而形成了基本的关联(S08)。然而，文章在思想深度上表现平平，仅停留在故事梗概层面，未能提出独创性见解(C05)，也缺乏多角度思考来支撑主题的意识(C06)。结构上，段落间的过渡方式较为单一，多用“只剩下”来衔接，显得生硬(S03)，同时各段落重在叙事，与文末“不能欲望太深”的主旨联系不够紧密(S06)。开篇方式略显随意，未能有效引出下文(S11)，结尾虽点明了主旨，尚算简洁(S12)，但详略安排失当，对作为论据的情节叙述过多，未能做到略写过渡性材料(S10)，而对重点部分的分析阐发不足(S09)。语言表达方面，全文语句基本通顺完整(E01)，但词句运用较为平淡，缺乏生动优美的色彩(E02)，且通篇以叙述为主要表达方式(E06)，几乎没有运用修辞手法(E05)和表现手法(E07)来增强文章的感染力，对人物事件的细节也缺少关注(E11)。尽管段内句子围绕段落中心展开尚可(S07)，观察也基本做到了有主次有顺序(E12)，但整体仍是一篇合格的梗概，而非深刻的读后感。"
160724,"文章开篇引用名言自然引出书名，这种开头方式非常恰当且具有吸引力，能够迅速聚焦主题。在内容构建上，习作能够选取书中鲁道夫在东京的经历、与可多乐的友谊以及具体的金句作为素材，材料选择具体充分。整篇文章紧紧围绕“友谊”和“成长”的中心来组织材料，没有偏离主题。作者不仅概括了全书情节，还具体分析了喜欢的段落和名言，体现了能从多角度思考主题并选用合适材料的能力。虽然文章表达了对友谊的理解，但感悟的独特性和思想深度处于中等水平，属于较为常规的读后感。在结构逻辑方面，段落与段落之间关系紧密，遵循了从整体概括到具体感悟再到总结升华的顺序，观察和叙述有主次、有顺序。各段落内容与主旨紧密相连，段落内部的句子也能围绕段落中心展开，逻辑性较强。文中使用了过渡词句来粘合相邻段落，使得行文较为流畅。结尾总结了人生不同阶段友谊的意义，简洁利落，但相比开头略显平淡。在叙事细节上，能够交代清楚前后内容，对重点感悟部分进行了详写，但在过渡性材料的略写处理上稍显生硬，有时呈现出列表式的叙述。语言表达方面，整体语句通顺，意思完整，但词句的生动性和优美度一般，缺乏文采。对于人物和事件的细节关注不够，缺乏生动的描写。修辞手法、表现手法以及多种表达方式的综合运用较为欠缺，使得文章在感染力和表现力上显得单薄。文章开篇引用培根关于友谊的名言引入《鲁道夫和可多乐》这本书，开头写法非常恰当(S11)。在内容选取上，能够选取书中鲁道夫的经历、关键对话以及具体章节作为支撑，材料具体充分(C02)。整篇读后感能紧紧围绕“友谊”与“成长”这一中心来选择和组织材料，主旨明确(C04)。作者不仅关注故事情节，还结合了书中金句和特定章节进行分析，体现了多角度思考主题并选用合适材料的能力(C06)。不过，文章的思想立意较为常规，在独特性和原创性方面表现尚可但不够突出(C05)。在结构安排上，全篇遵循了由书及人、由事及理的顺序，有主次、有顺序地进行观察和表达(E12)。段与段之间关系紧密，逻辑层层递进(S08)，各段落均能紧密联系主旨(S06)，段落内的各句话也能围绕段落中心句展开(S07)。文中能够运用过渡词句粘合相邻段落，使文章脉络清晰(S03)。结尾处总结了人生不同阶段友谊的永恒性，做到了简洁利落(S12)。叙事过程中，能够交代清楚前后内容(S02)，对重点感悟部分进行了详写(S09)，但在处理过渡性材料时略显生硬，略写技巧有待提高(S10)。语言表达方面，整体语句通顺，意思表达完整(E01)。但在词句的运用上较为平实，不够生动优美(E02)。对人物和事件的细节描写关注不足，缺乏画面感(E11)。此外，文章在修辞手法的综合使用(E05)、表现手法的多样性(E07)以及多种表达方式的结合(E06)方面较为薄弱，使得文字的感染力略显不足。"
160725,"文章能够选取读本的基本内容作为写作材料(C02)，并大致围绕毅力这一中心来组织这些材料(C04)，但在思想上未能展现出深刻或独特的见解(C05)，也未能从多个角度对主题进行思考(C06)。从结构上看，文章的开头过于口语化(S11)，结尾则显得草率(S12)，内容的前后衔接基本清楚(S02)，也使用了一些过渡词语(S03)，但段落与主旨的关联性不强(S06)，段落内部的句子也未能紧密围绕中心句展开(S07)，导致段落之间的逻辑关系较为松散(S08)。此外，文章对重点部分的详写不足(S09)，对次要材料的略写也不够简练(S10)。语言表达方面，语句基本通顺完整(E01)，但词语运用较为平淡，不够生动准确(E02)，文章基本没有运用修辞手法(E05)、综合表达方式(E06)及表现手法(E07)，虽提及人物细节但未能深入刻画(E11)，观察也缺乏主次和顺序(E12)。"
160726,"该作文在内容深度和结构逻辑上表现出色，但在语言修辞和开头设计上略显平淡。内容方面，学生能从情节回顾、人物分析、现实背景等多角度切入，选材充分且紧扣“硬汉精神”这一中心，对“打不败的失败者”这一概念的阐述具有深刻的思想性和独创性。结构上，文章段落间过渡自然，句段逻辑紧密，结尾简洁有力地升华了主旨，但开头较为套路化，缺乏新意。叙事节奏上，详略处理得当，主次分明。语言表达上，文从字顺，叙议结合，但词汇丰富度和修辞手法的运用显得单薄，缺乏对细节的生动刻画，表现手法较为单一。这是一篇思想深刻、结构严谨的读后感。在内容上，你不仅能选取具体充分的材料来复述故事梗概(C02)，更能紧紧围绕“人可以被消灭，但不可以被打败”这一中心组织材料(C04)。难能可贵的是，你能从情节、人物、创作背景等多角度思考主题(C06)，提出了“打不败的失败者”这一富有独特性和思想深度的见解(C05)。在结构布局方面，文章逻辑清晰，有主次、有顺序地展开了论述(E12)。能够交代清楚前后内容(S02)，并巧妙运用过渡词句粘合相邻段落(S03)，使得段与段之间关系紧密(S08)。无论是各段落还是各句子，都与主旨紧密相连(S06)(S07)。特别是结尾部分，简洁利落，有力地升华了文章主题(S12)。不过，开头的写法相对常规，吸引力稍弱(S11)。在叙事节奏上，能够详写文章的重点部分即老人的精神内核(S09)，也能略写过渡性的情节材料(S10)，详略得当。在语言表达上，全文语句通顺，意思完整(E01)，能够综合使用叙述与议论多种表达方式(E06)。但在文采方面略显不足，词句的生动优美程度一般(E02)，修辞手法的使用不够丰富(E05)，表现手法也较为单一(E07)。此外，在描写过程中，对人物和事件细节的关注度还有提升空间(E11)。"
160729,"文章在整体结构与内容选择上表现出较好的基础。开篇能够恰当地引出阅读的缘由(S11)，主体部分选用了书籍梗概和个人感悟作为材料，内容具体且充分(C02)，并能从书本内容、个人情感和人生道理等多个角度展开论述(C06)。文章的叙述线索清晰，能够清楚交代前后内容(S02)，从读后感转向自身经历的过渡也较为自然(S03)，段落之间联系紧密(S08)，各段落基本能服务于主旨(S06)。在表达上，综合运用了记叙和议论等多种表达方式(E06)，也体现了联想等表现手法(E07)，语句基本通顺(E01)，用词也较为恰当(E02)。然而，文章在思想深度和材料组织上存在不足。首先，文章的核心观点提炼不够深刻，感悟部分停留于“孝顺”和“乐观”等普适性道理，未能展现出对原作主题的独到见解(C05)。其次，虽然材料充分，但在围绕中心进行组织方面稍显松散，书本内容与个人感悟之间的内在逻辑联系不够紧密(C04)。结尾部分对道理的阐述显得较为口号化，收束略显仓促无力(S12)。此外，在细节呈现上，无论是对书中情节的复述还是对与外婆相处的回忆，都缺少生动具体的细节描摹，使得情感的表达不够深入(E11)。"
160730,"文章以个人感受开篇，直接点明了这本书对自己的特殊意义，开篇部分是比较恰当的(S11)。从结构上看，文章的段落安排是合理的，能够围绕读后感这一中心组织内容，段落之间衔接自然，逻辑清晰(S06，S08)。全文叙述清楚，能够让读者明白故事梗概和作者感悟的联系(S02)，并且语句通顺(E01)，使用了“栩栩如生”等词语，说明在词句表达上有一定追求(E02)。文章的主要问题在于内容处理的详略与思想深度。作者选取了大量材料对原著情节进行了复述，这说明你对材料的把握是充分具体的(C02)，并且能够从个人阅读体验和故事内容梗概等多个角度来展现(C06)。然而，文章的主体部分几乎完全是情节概括，虽然这些材料与中心有关联(C04)，但缺乏对重点情节的深入剖析(S09)，也未能对次要信息进行有效省略(S10)，导致文章停留在故事介绍的层面，未能深入挖掘。比如，仅仅是罗列了哈利收到的礼物和勇闯禁屋的事件，而没有关注这些事件中的细节(E11)，这使得文章的分析深度不足。结尾部分提出的“一切皆有可能”这一主旨显得较为宽泛和口号化，未能与前文的具体情节进行深刻的有机结合，因此思想的独创性与深刻性有待加强(C05)。此外，文章在表达上手法较为单一，主要以叙述和概括为主(E06)，修辞手法的运用也比较欠缺(E05)，这影响了语言的感染力。结尾部分虽然总结了全文，但以号召性的语句收束，略显平淡(S12)。"
160732,"文章能选取斯嘉丽逃难和重建家园的具体材料(C02)，紧密围绕抗争与希望的中心组织内容(C04)，对作品主题有深刻且独特的感悟(C05)，能从情节、人物、哲理多角度思考(C06)。结构上前后交代清楚(S02)，过渡自然(S03)，段落与主旨(S06)、句子与段落中心(S07)及段际关系(S08)联系紧密。重点详写(S09)与过渡略写(S10)处理得当，开头恰当(S11)，结尾简洁有力(S12)。语言通顺(E01)，词句恰当(E02)，综合运用了表达方式(E06)，叙事有条理(E12)并关注细节(E11)，但在修辞(E05)和表现手法(E07)的多样性上相对较少。这是一篇非常有深度的读后感。在内容方面，你选取了斯嘉丽逃离亚特兰大以及在塔拉农场承担重任等具体情节，材料充实充分(C02)。全篇始终围绕“勇气”和“希望”这一中心来选择和组织材料，主旨非常集中(C04)。对于“随风而逝”的解读以及对生活坎坷的思考，显示了你思想的独特性和深刻性(C05)。你能从书籍背景、人物对比、情节叙述到人生哲理等多个角度思考主题，选材视角丰富(C06)。在结构上，文章前后内容交代得非常清楚(S02)，并能熟练运用过渡词句粘合相邻段落，使行文流畅(S03)。各段落与主旨紧密相连(S06)，段落内的每一句话也都紧紧围绕段落中心展开(S07)，段与段之间逻辑关系严密(S08)。你对斯嘉丽在困境中的表现进行了详写(S09)，对背景介绍等过渡性材料进行了略写(S10)，详略得当。开头引用名句入题，恰当且自然(S11)；结尾简洁利落，再次点题并升华了文章立意(S12)。在语言表达上，全篇语句通顺，意思完整(E01)，词句使用恰当(E02)。你综合运用了记叙、议论和抒情等多种表达方式来丰富文章内涵(E06)。叙事过程中有主次、有顺序(E12)，并关注到了人物和事件的具体细节(E11)。虽然修辞手法(E05)和表现手法(E07)的使用相对朴素，但并未掩盖文章思想的光芒。"
160733,"文章选取了《基督山伯爵》的具体故事情节以及反派人物的结局作为素材，内容充实(C02)，并能紧紧围绕善恶有报这一中心思想来组织材料(C04)。作者能从情节概括和人物心理分析等角度进行思考(C06)，但感悟的独特性和思想深度尚显一般(C05)。在结构上，开头自然交代了阅读缘起(S11)，结尾简洁利落地点明了主旨(S12)。各段落与文章主旨联系紧密(S06)，段落内的语句也能围绕中心展开(S07)。虽然前后内容交代清楚(S02)，但在段落之间的过渡衔接上略显平铺直叙(S03)，段际关系紧密度一般(S08)。文章试图详写对维尔福的心理分析(S09)并略写过渡性情节(S10)，但在详略安排上仍有提升空间。语言方面，全文语句通顺，意思表达完整(E01)，能够关注到人物行为的细节(E11)并按主次顺序进行观察描述(E12)。不过，词句表达较为质朴，缺乏生动优美感(E02)，修辞手法的运用也较为匮乏(E05)，表达方式(E06)和表现手法(E07)较为单一。"
160736,"文章开头能够自然地交代阅读的缘起，引入《佐贺的超级阿嬷》这一读物，入题恰当(S11)。在叙述过程中，清晰地交代了昭广寄养到外婆家的背景，前后内容逻辑连贯(S02)。作者能选取书中“河里拦蔬菜”和“两种穷人”的经典语录作为具体材料(C02)，并紧紧围绕阿嬷“乐观、节俭”这一中心进行组织(C04)，从生活细节到精神层面进行了多角度的思考与表现(C06)。文章结构严谨，各段落始终紧扣主旨展开(S06)，段落之间运用了极其流畅的过渡词句进行粘合(S03)，使得段与段之间关系非常紧密(S08)。在详略安排上，重点详写了阿嬷的生活智慧和作者的感悟(S09)，对过渡性情节进行了略写(S10)。对于“穷得开朗”这一观点的阐述，显示出作者能写出具有独特性和思想深度的见解(C05)。语言表达上，全篇语句通顺，意思完整(E01)，能够关注到人物的语言和事件细节(E11)，观察视角有主有次(E12)。虽然综合运用了修辞手法(E05)、多种表达方式(E06)及表现手法(E07)，但词句的生动性和优美程度相对平实(E02)。段落内的语句与中心句联系较为紧密(S07)，结尾简洁利落，有力地总结了全文的感悟(S12)。"
160740,"这篇读后感能够紧密围绕《佐贺的超级阿嬷》书中阿嬷的乐观精神这一中心来选择和组织材料，主旨明确(C04)，各段落内容均能服务于主题，未出现偏题现象(S06)。文章整体语句通顺，意思表达完整，阅读流畅(E01)。但在材料选取上，虽然提及了书中的情节，但具体性和充分度稍显不足，缺乏更具代表性的细节支撑(C02)，对人物和事件的细节刻画也较为薄弱，使得感悟略显空洞(E11)。文章开头虽能直接点题(S11)，但段落之间的衔接不够紧密，过渡词句的使用略显生硬(S03)，前后内容的交代有时不够清晰连贯(S02)，句段之间的逻辑联系还可以更紧凑(S07)。结尾部分虽然总结了感悟，但罗列了过多道理，不够简洁利落(S12)。在思想内容上，虽然尝试从不同角度思考主题(C06)，但感悟较为常规，缺乏独特的个人见解和深刻的思想内涵(C05)。此外，文章语言较为朴实，词句的生动优美程度一般(E02)，修辞手法(E05)和表达方式(E06)运用较少，表现手法较为单一(E07)。虽然对重点部分进行了一定程度的详写(S09)，且叙述顺序尚可(E12)，但对于过渡性材料的处理还需更加精简(S10)。"
160743,"文章从读后感切入，能够围绕中心选择和组织材料(C04)，所选取的书籍梗概与个人经历等材料较为具体充分(C02)，特别是将书中天鹅的坚持与个人练习空竹的经历相联系，并从中提炼出父爱的主题，体现了思想的独特性与一定的思考深度(C05)，也能从路易斯和天鹅爸爸两个角色展开思考，具备多角度分析的能力(C06)。结构上，开篇尚可(S11)，但结尾收束略显仓促，缺乏回味(S12)；文章在复述故事和阐发感想之间能够使用过渡词句进行粘合(S03)，前后内容基本交代清楚(S02)，但段落之间的逻辑关系不够紧密(S08)，导致各段落与主旨的连接以及段内句子的组织都存在松散之处(S06，S07)；在详略处理上，对个人经历这一重点部分的描写不够突出(S09)，而对过渡性的故事复述处理尚可(S10)。语言层面，语句基本通顺，意思表达完整(E01)，但在词句的恰当生动方面表现一般(E02)；文章对个人经历的叙述关注到了一定的细节(E11)，但整体观察缺乏主次和顺序感(E12)；修辞手法、表达方式和表现手法的综合运用能力均有待提升(E05，E06，E07)。"
160801,"文章选取了“做数学题遇阻而寻求帮助”这一具体事例来体现毕业之际的感悟，材料选取具体且充分(C02)，能够紧紧围绕“成长的转折点”这一中心进行组织(C04)，各段落内容均与主旨保持紧密联系(S06)。叙事过程中，能够按照事情发展的先后顺序及心理变化过程进行有条理的观察与记录(E12)，重点详写了心理斗争及寻求帮助的过程(S09)，并在结尾处提供了简洁利落的总结与升华(S12)。句段之间的中心联系较为紧密(S07)，也能运用一定的过渡词句粘合相邻段落(S03)，词句表达在心理描写方面具有一定的生动性(E02)。然而，文章在立意上较为常规，缺乏独特的视角或深刻的思想(C05)，多角度思考的广度不足(C06)。在结构上，段落之间的内在逻辑联系尚不够紧密(S08)，部分前后内容的交代略显突兀(S02)，对于过渡性材料的略写处理不够精炼(S10)，开头的表达略显陈旧套路(S11)。语言表达方面，存在语病及口语化现象，语句通顺度有待提升(E01)，修辞手法(E05)及表达方式(E06)的综合运用较为单一，表现手法缺乏新意(E07)，对人物和事件的细节刻画也还有提升空间(E11)。"
160803,"本文构思精巧，以告别母校为主题，开篇即点明主旨与情感基调，起笔不凡(S11)。文章最大的亮点在于能从挚友、恩师、母亲等多个角度来思考主题，并分别选用紫藤架、红旗、六二班作为材料来表现，视角独特(C06)，体现出一定的原创性(C05)。全文结构严谨，以游览校园的空间顺序组织材料(C04)，使得段落之间关系紧密(S08)，并通过“告别挚友，向前走”等语句进行有效过渡(S03)，做到了前后内容交代清楚(S02)。同时，各段落及段内语句均能和主旨紧密相连(S06，S07)，对过渡性材料的处理也做到了简略得当(S10)。在语言表达上，语句通顺完整(E01)，词句生动优美(E02)，并能综合运用记叙、描写、抒情等多种表达方式(E06)，结尾亦能呼应主旨，较为简洁利落(S12)。文章的提升空间在于内容的深度与手法的多样性，当前选取的材料虽具体，但还可以更充分一些(C02)，对重点部分的详写可以加入更具象的事件与细节，从而使情感表达更为深刻(S09，E11)。此外，文章主要运用了拟人这一表现手法(E07)，若能综合使用更多样的修辞手法，表达效果会更丰富(E05)。观察虽有顺序，但在主次详略的安排上还可以再做斟酌(E12)。"
160804,"文章选取了“小木船”这一具体事例来记叙同学间的矛盾与和解，材料充实且具有生活气息(C02)。叙述内容始终围绕“难忘的同学情”这一中心进行组织，没有偏离主题(C04)。作者能从友谊的珍贵这一角度思考，选用了合适的冲突与和解情节来表现主题(C06)。但在选材的独特性上略显不足，故事架构与教材中的经典篇目较为相似，思想深度和原创性一般(C05)。在结构上，开头引用成语迅速切入离别话题，起笔恰当(S11)。各段落的内容都能紧密联系主旨，服务于中心思想(S06)。文章详略处理得当，重点描写了冲突爆发和赠礼和解的细节(S09)，而对两人冷战的几天则进行了略写(S10)。不过，部分语句的前后交代存在语病（如第一段“虽然他很是就跟分开了”），影响了语意的清晰度(S02)。段落之间主要依靠时间词过渡，缺乏更自然的粘合词句，显得略微生硬(S03)。句与句之间、段与段之间的逻辑联系不够紧密，衔接尚显松散(S07)(S08)。结尾虽然总结了道理，但语言组织不够简洁利落(S12)。语言表达方面，整体语句通顺，叙事流畅，意思完整(E01)。作者关注到了人物动作和事件的细节，如“不知所措的退了一步”，增强了文章的感染力(E11)，并且能按照事情发展的先后顺序有条理地叙述(E12)。文中运用了夸张的比喻（如“一百万个火山爆发”）来描写心理，修辞手法运用较好(E05)。综合使用了叙述、描写和对话等多种表达方式，使情节更具张力(E06)。但在词句的生动性和优美度上稍逊，虽然使用了成语，但也夹杂了“心态崩了”“撕票”等过于口语化或不恰当的词汇(E02)。表现手法的运用较为常规，缺乏更多样化的技巧(E07)。"
160807,"文章以一次亲身经历为素材，主题明确，叙事完整。优点在于能够选取具体充分的材料来表现中心，将一次溜出学校的经历过程记叙得较为清晰(C02)，并能对被老师批评教育这一核心场面进行详写，突出了当时的紧张与懊悔，抓住了文章重点(S09)。全文基本能够围绕“难忘的教训”这一中心来选择和组织材料(C04)，各段落与主旨的联系也比较紧密(S06)。文章的开头和结尾均能围绕主题展开，结构完整(S11)(S12)。同时，文章能将具体事件的教训上升到对个人品格成长的影响，体现了一定的思想独特性(C05)，对人物神态的细节描写也增强了真实感(E11)。然而，在篇章的逻辑严密度和思想的广度上存在不足，段落之间的关系有时不够紧密，特别是结尾的引言与前文的融合略显生硬(S08)，对事件的反思角度也比较单一，未能从多角度展开思考(C06)。虽然能够交代清楚事件的前后内容(S02)，并使用了一些过渡词句(S03)，但叙事的连贯性仍有提升空间。语言表达整体通顺(E01)，词句使用基本恰当(E02)，但修辞手法运用较少(E05)，表达方式以记叙为主，略显单调(E06)，也欠缺必要的表现手法来增强文章的文学色彩(E07)。此外，对事件的观察虽有细节，但在顺序和主次上可以处理得更好，例如对老师批评内容的记忆模糊，在一定程度上削弱了情节的表现力(E12)。"
160808,"文章紧扣“难忘的小学生活”这一中心，从生活适应、同窗情谊、集体活动及学习压力等多个维度选取材料，组织严密(C04)，展现了多角度的思考能力(C06)。虽然选取了如伙食、运动会等具体材料(C02)，并体现了一定的个人独特感悟(C05)，但在重点部分的详写上略显不足，尤其是学习生活的描写较为简略(S09)，不过对于过渡性材料的略写处理得当(S10)。文章结构清晰，能够清楚交代前后内容(S02)，段落间过渡自然(S03)，各段落紧扣主旨(S06)，段内句子逻辑紧密(S07)，段与段之间关系紧凑(S08)。开头点题恰当(S11)，结尾运用呼告与抒情，简洁利落且情感饱满(S12)。语言方面，语句通顺流畅(E01)，词句生动优美，如将运动会比作明信片和绿叶(E02)，并综合运用了比喻、排比等多种修辞手法(E05)。叙事有主次、有顺序(E12)，但在人物和事件的细节刻画上还有提升空间(E11)，同时表达方式(E06)和表现手法(E07)的使用较为常规。"
160809,"文章选取了体育节滑板比赛这一具体事件作为核心素材，详细描写了赛前的期待、赛中的意外以及赛后的温情，材料选取具体且充分，能够很好地支撑起“难忘的小学生活”这一主题(C02)。叙事紧紧围绕“友情”这一中心展开，通过比赛失误后同学的安慰来凸显友谊的可贵，选材与组织紧扣文章中心(C04)。作者不仅关注了比赛本身，还从失误的懊恼、友情的慰藉以及对时光流逝的感悟等多个角度进行了思考，体现了选材的独特性和思想的深度(C05)(C06)。在结构上，文章开头运用排比句式引出对友情的独到见解，并迅速切入回忆，入题恰当且富有文采(S11)。结尾处将友情比作清泉，升华了主题，收束简洁利落(S12)。行文中，“转眼间”、“不一会儿”等过渡词句的使用非常娴熟，有效地粘合了相邻段落，使文章脉络清晰(S03)。各段落紧紧围绕“难忘”与“友情”的主旨展开，段落之间层层递进，关系紧密(S06)(S08)。对于比赛过程中的意外翻车这一重点情节进行了详写，而对备战等过渡性内容则进行了恰当的略写，详略安排得当(S09)(S10)。虽然整体内容交代清楚，但在叙述滑板翻车的具体原因时，前后逻辑可进一步打磨(S02)。段落内部的句子紧密围绕段意展开，逻辑连贯(S07)。语言表达方面，全文语句通顺流畅，意思表达完整清晰(E01)。文中大量使用了如“跃跃欲试”、“离弦的箭”等生动优美的词句，极大地增强了文章的可读性(E02)。作者综合运用了排比、比喻等多种修辞手法，使语言更具感染力(E05)。在表达方式上，记叙、描写与抒情议论有机结合，尤其是心理描写细腻真实(E06)。文章还善于运用多种表现手法，如通过比赛失误的反差来衬托友情的温暖(E07)。此外，作者敏锐地捕捉到了“手心的汗”、“裙摆”等细节，并按照时间顺序有主次地进行了观察与描写，使场景极具画面感(E11)(E12)。"
160810,"本文在内容选择与结构安排上表现出色。文章选取了电子社团制作“2019”数字这一具体事件作为核心材料，内容充分且详实(C02)，并能紧密围绕“难忘之事”这一中心进行组织和叙述(C04)。这一选材本身具有独特性，跳出了常规的写作范围，体现了作者的个人思考与深刻体验(C05)，能够从一个独特的科技创新角度来表现校园生活主题(C06)。结构上，文章叙事脉络清晰，从接到任务到分步制作，再到最终成功，事件的前后经过交代得非常清楚(S02)。段落间的衔接自然(S03)，尤其是主体段落详述制作过程，与文章主旨“难忘”紧密相连(S06)，段落内部的句子也层层递进，共同服务于段落中心(S07)，使得段落之间关系紧密(S08)。文章详略得当，对制作“9”这一关键环节进行了细致入微的详写(S09)，而对老师讲解等次要信息则进行了略写(S10)。开头能有效引出回忆并点明核心事件(S11)，结尾虽然内容有所跳跃，但从形式上收束了全文(S12)。同时，文章对制作过程中的动作、神态等细节有很好的捕捉(E11)，观察与叙述主次分明，顺序井然(E12)，且基本语句通顺，意思完整(E01)。不足之处主要体现在语言表达的锤炼上，部分词句的运用虽能表情达意，但在生动优美方面尚有提升空间(E02)。文中运用了比喻等修辞手法，但综合运用不够丰富(E05)，表达方式(E06)和表现手法(E07)也略显单一，主要以记叙为主，若能将多种手法更圆融地结合，文章的文学性会更强。"
160811,"文章选取了小学三年级受伤后坚持练习左手画画的经历作为主要素材，内容充实具体，能够很好地支撑起“难忘”这一主题(C02)。在叙事过程中，作者能够从同学探望、个人内心挣扎以及家人鼓励等多个角度切入，展现了较为丰富的思考维度(C06)，使得各段落内容紧紧围绕文章主旨展开(C04)(S06)。在叙述练画过程时，作者对重点部分进行了详细描写，特别是对心理变化的刻画较为细致(S09)(E11)，同时能够按照事情发展的顺序有条理地进行观察和记录(E12)。开头部分能够切题引入(S11)，语句整体通顺，意思表达完整(E01)。然而，文章在思想深度和素材的原创性上还有提升空间，所选事例虽典型但略显常规(C05)。在结构上，段落之间的过渡较为生硬，缺乏有效的粘合词句，导致上下文衔接不够自然(S03)，且对于过渡性材料的略写处理还不够精炼(S10)。结尾部分虽然简洁，但略显仓促，情感升华不够有力(S12)。此外，文章在表现手法和修辞手法的运用上较为单一(E07)(E05)，若能综合运用多种表达方式(E06)，语言将更具感染力。"
160812,"该作文选取了维也纳金色大厅合唱比赛这一具体且富有含金量的素材，内容充实，能够很好地支撑“难忘”这一主题。在材料剪裁上，作者详略得当，重点描写了比赛现场的心理变化和颁奖时刻，略写了选拔和行程，体现了良好的材料组织能力。文章开头从入学时的羡慕写起，结尾落脚于毕业感恩，首尾呼应，结构完整。叙事顺序清晰，严格按照时间线索推进。语言表达流畅，文从字顺。但在结构分段上存在明显不足，中间主体部分段落过长，涵盖了入场、比赛、颁奖、街头歌唱等多个场景，缺乏必要的过渡和分段，导致段落内部层次感稍显不足，段与段之间的衔接不够紧凑。修辞手法和表现手法的运用相对朴实，文采方面有提升空间。你的作文选取了维也纳合唱比赛这一具体且充分的亲身经历作为素材，内容非常扎实(C02)。整篇文章紧紧围绕“难忘的合唱之旅”这一中心，对材料进行了有条理的选择和组织(C04)。这种跨国演出的独特经历，使得文章具有鲜明的原创性和独特性(C05)。你能够从个人心理变化、团队表现以及外界反响等多个角度来思考和表现主题(C06)。在叙事节奏上，你处理得非常好，对于比赛时的紧张心理、演出过程以及获奖后的喜悦进行了详尽的描写，突出了文章的重点(S09)。而对于选拔过程和路途则一笔带过，略写了这些过渡性材料，做到了详略得当(S10)。叙事严格遵循了时间顺序，有条不紊地展开了观察和记录(E12)。开头回忆起歌唱种子的萌芽，切入自然恰当(S11)。结尾处表达了对母校和师友的感谢，简洁利落，升华了情感(S12)。语言方面，全文语句通顺，意思表达完整清晰(E01)。特别是在描写比赛前的紧张心理时，关注到了人物细微的情绪波动，细节捕捉到位(E11)。词句运用基本恰当，能够准确传达当时的情境(E02)。文章综合运用了记叙和抒情等表达方式，增强了感染力(E06)。不过，文章在结构上还有提升空间。中间段落篇幅过长，涵盖了多个场景，建议根据情节发展（如比赛前、比赛中、获奖后）进行分段，以便更好地交代清楚前后内容(S02)。目前场景转换略显突兀，若能更好地运用过渡词句粘合相邻段落或场景，会使行文更流畅(S03)。加强段落与段落之间的逻辑联系，能使文章结构更加紧密(S08)。虽然各段落大体与主旨相连(S06)，句子也能服务于段落中心(S07)，但更细致的分段能进一步提升清晰度。此外，修辞手法的使用较为单一，若能综合使用多种修辞手法(E05)和表现手法(E07)，文章的文采将更上一层楼。"
160814,"文章选取了“初次见面”的羞涩与“雪天迟归”的惊险这两个具体且充分的材料，生动还原了小学生活(C02)。所有素材都紧紧围绕“最美的时光”这一中心进行选择和组织，无论是友情的建立还是老师的包容，都服务于主题(C04)。作者对六年时光“不长不短”的辩证思考，以及对青春不散的感悟，显示出文章具有独特性和深刻的思想(C05)。同时，文章能从同窗情谊、师生互动等多角度思考主题，并选用了合适的材料来立体地表现小学生活(C06)。开头以“时光走过静默的窗边”起笔，情景交融，是一个非常恰当且优美的开头(S11)。结尾处“无须告别也无须伤感”简洁利落，有力地收束了全文(S12)。文章各段落紧紧围绕主旨展开，没有枝蔓(S06)。段落内部，各句话也都与段落的中心句保持紧密联系，逻辑清晰(S07)。段与段之间关系紧密，层层递进地铺陈了时光的流逝与情感的积淀(S08)。叙事过程中，能够清楚地交代前后内容，使故事来龙去脉清晰可见(S02)。相邻段落间能够运用过渡词句进行粘合，保证了行文的流畅性(S03)。在叙事节奏上，能够详写初识对话和受批经过等重点部分(S09)，也能恰当地略写时间流逝等过渡性材料(S10)。全文语句通顺，意思表达完整清晰(E01)。词句运用恰当，如“静默的窗边”、“爬上桌面”等描写生动优美，富有画面感(E02)。文中综合使用了多种修辞手法，增强了语言的感染力(E05)。同时，综合运用了记叙、描写、抒情等多种表达方式，使文章内容丰满(E06)。学生能熟练使用对话描写、心理描写等多种表现手法，刻画人物形象(E07)。特别是在描写初次见面和被老师叫出谈话时，非常关注人物语言和事件的细节，极具真实感(E11)。整体叙事有主次、有顺序地进行了观察和记录，层次分明(E12)。"
160815,"文章在内容选择上表现不错，能够围绕友谊这一中心选取朋友生病和为“我”作传这两件生活小事作为具体材料，内容较为充分(C02)，且材料的组织也基本服务于文章的主旨(C04)。在叙事中，作者能够关注到人物和事件的细节，例如对病中朋友状态的描摹(E11)，这增强了文章的真实感。然而，文章在思想的原创性方面表现一般(C05)，未能从更多角度深入思考友谊的内涵，导致立意挖掘不够(C06)。从结构上看，文章的开头较为平实(S11)，结尾则处理得简洁利落(S12)，各段落也能与主旨产生关联(S06)，对重点部分的详写和过渡部分的略写也基本得当(S09)(S10)。但文章的整体连贯性存在不足，主要体现在段与段之间的关系不够紧密(S08)，前后内容的交代有时不够清晰(S02)，并且缺少有效的过渡词句进行衔接(S03)，同时在段落内部，个别句子与段落中心句的联系也不够紧密(S07)。在语言表达方面，全文语句基本通顺，意思完整(E01)，但词句的选用在恰当性和生动性上有所欠缺(E02)，对修辞手法(E05)、表达方式(E06)和表现手法(E07)的综合运用能力较弱。此外，对事件的观察虽然有细节，但在主次和顺序的组织上还可以更有条理(E12)。"
160816,"该作文选材具体且充实，能够紧扣“离别的约定”这一中心，选取了紫藤花下的约定、体育节的回忆以及最后重返旧地等情节，材料组织严密。文章不仅停留在离别的感伤上，还通过紫藤花寓意坚强，体现了思想的独特性和深刻性。作者能够从景物描写、事件回忆、情感抒发等多个角度来表现主题。结构上，开头以紫藤花起兴，结尾简洁有力且升华了主题，前后内容交代清楚，过渡自然，段落与段落、句子与段落中心紧密相连。详略安排得当，重点描写了体育节和约定的场景，过渡性材料处理简洁。语言方面，语句通顺，描写生动优美，关注了人物动作和环境细节，观察有条理。综合运用了记叙、描写、议论等表达方式以及象征等表现手法，但在修辞手法的综合运用上还有提升空间。文章选材具体充分，无论是体育节的拼搏场景还是紫藤架下的约定，都极具画面感(C02)，且所有材料都能紧密围绕“离别与约定”这一中心进行组织(C04)。作者借紫藤花阐述“苦难使人坚强”的道理，展现了思想的独特性与深刻性(C05)，并能从环境渲染、事件叙述及情感升华等多个角度来表现主题(C06)。在结构布局上，开头以景入情，恰当引出回忆(S11)，结尾简洁利落，富有哲理(S12)。文章前后内容交代清楚，时间线索明晰(S02)，并能熟练运用过渡词句粘合段落，使行文流畅(S03)。各段落内容与主旨联系紧密(S06)，句群围绕段落中心展开(S07)，段与段之间逻辑关系严密(S08)。叙事详略得当，重点部分如体育节细节描写细腻(S09)，过渡性材料则笔墨简练(S10)。语言表达方面，全篇语句通顺，意思完整(E01)，描写紫藤花及心理活动的词句生动优美(E02)。作者善于关注人物动作和事件细节，如“手滑地”、“爬上篮球架”等描写具有感染力(E11)，观察事物有主次、有顺序(E12)。文章综合运用了记叙、议论、抒情等多种表达方式(E06)以及象征、插叙等表现手法(E07)，但在综合使用多种修辞手法方面略显单薄，可进一步丰富(E05)。"
160824,"文章在内容选择上表现突出，能够围绕艺术节合唱这一核心事件选取具体且充分的材料来展现团结主题(C02)，并且材料的组织基本能够服务于中心思想(C04)，也能从个人与集体荣誉的冲突等角度切入，使思考具有一定的多维性(C06)。文章的语言表达是一大亮点，部分词句运用得生动优美，富有感染力(E02)，同时结尾部分能够升华情感，收束有力(S12)。然而，文章在思想深度上略显不足，对团结协作这一主题的探讨未能超越常规认知，独创性不强(C05)。结构方面的问题较为明显，段落之间的衔接不够紧密(S08)，缺少必要的过渡词句(S03)，导致叙事节奏跳跃，前后内容的交代有时不够清晰(S02)，例如从艰苦训练直接跳到比赛当天，对过渡性材料处理得过于简略(S10)。同时，个别段落的中心不够聚焦，导致段落与主旨的关联以及句间逻辑的紧密性都受到了影响(S06，S07)。尽管文章详写了领唱们的思想转变这一重点(S09)，并通过叙述与议论相结合的方式展开(E06)，但整体叙事细节仍有待丰富(E11)，且修辞手法(E05)与表现手法(E07)的运用较为单一，影响了文章的文学性和表现力。"
160825,"文章选取了二年级朋友转学、五年级同学转学以及感谢师恩等素材，材料虽具体但略显单薄，对同学间“闹剧”的细节挖掘不够充分(C02)。材料基本能围绕“毕业感言”这一中心进行组织，涵盖了友情与师恩两个方面(C04)。文章表达了对离别的感伤和对成长的怀念，观点较为常规，缺乏独特的思想深度和原创性视角(C05)。虽然兼顾了同学情和师生情，尝试从不同角度表现主题，但材料的丰富度和匹配度一般(C06)。文章前后内容交代基本清楚，时间线索明确(S02)。段落间使用了时间词和诗句进行过渡，粘合效果较好，阅读流畅(S03)。各段落内容均围绕“毕业”这一主旨展开，联系较为紧密(S06)。句段之间的逻辑联系尚可，但部分情感跳跃略显突兀(S07)。段落之间的逻辑关系较为紧凑，整体结构稳固(S08)。重点部分如对同学转学的描写虽有侧重，但详写程度不够，感染力有待加强(S09)，过渡性材料处理得当，略写适宜(S10)。开头引用成语，对比入学与毕业的变化，切题迅速且恰当(S11)。结尾总结六年时光，情感真挚，简洁利落(S12)。语句整体通顺，意思表达完整(E01)。词句运用上，尝试使用了成语和诗句，但部分口语化表达（如“脸向猴屁股”）略显粗糙，不够优美(E02)。修辞手法上运用了引用和比喻，但种类较少，缺乏丰富性(E05)。表达方式以记叙和直抒胸臆为主，结合不够灵活(E06)。表现手法较为单一，缺乏更高级的写作技巧支撑(E07)。在人物和事件的细节描写上，缺乏具体的动作、神态刻画，使得人物形象不够立体(E11)。叙事顺序上采用了清晰的时间顺序，观察条理分明(E12)。"
160826,"文章选取了打扫卫生、深夜批改作文、中午分饭、认真备课四个具体事例，材料显得非常充实(C02)，且每一个事例都紧紧围绕“班老师为我们的付出是无怨无悔的”这一中心展开，主旨鲜明(C04)。叙事过程中，能够清楚地交代事情的前因后果(S02)，并且熟练运用“还有一次”、“每天中午”等过渡词句，以及段末统一的反问句式来粘合相邻段落，使得文章脉络连贯(S03)。各段落内容均与主旨紧密挂钩(S06)，段落内部的句子也围绕段意展开，逻辑严密(S07)。结尾部分总结全文，情感真挚且简洁利落，有力地升华了主题(S12)。观察视角有主次、有顺序，条理清晰(E12)，并且能捕捉到“打哈欠”、“长长的评语”等人物细节，增强了文章的感染力(E11)。语言表达通顺流畅，意思表达完整(E01)，词句运用较为恰当生动(E02)，并综合运用了记叙、议论等表达方式(E06)。然而，文章在选材的独特性上略显不足，所选事例虽典型但较为常见，思想深度有待挖掘(C05)，且多侧重于老师的辛勤付出，思考角度相对单一(C06)。段落之间的内在逻辑联系还可以更紧密些，避免单纯的罗列(S08)。在详略安排上，四个事例笔墨平均，未能突出重点部分的详写(S09)，过渡性材料的略写也未拉开差距(S10)。开头虽然点题但略显常规(S11)。修辞手法的使用尚不够丰富(E05)，表现手法也较为单一(E07)。"
160829,"文章围绕小学生活的回忆展开，选材具体，以和朋友因贴画发生矛盾并和好的事件作为核心，材料充分且能体现童年友谊的特点(C02)，并能紧密围绕怀念小学生活这一中心来组织叙事(C04)。从个人与朋友的矛盾这一角度切入，展现了小学生活的一个侧面，体现了多角度选材的能力(C06)。结构上，文章内容的前后衔接交代清晰，事件的起因、经过、结果完整(S02)，使用了“记得”、“后来”等词语实现了段落间的自然过渡(S03)。主体段落与文章主旨关联紧密(S06)，段落内部的句子也能围绕事件发展的顺序展开，逻辑清晰(S07)，使得段落之间的关系显得十分紧密(S08)。语言表达流畅，语句通顺完整(E01)，使用了“小豆包”、“懵懂”等词语，较为恰当生动(E02)。文章综合运用了记叙和心理描写等多种表达方式(E06)，并通过直接引语和内心独白等表现手法丰富了文章内容(E07)。在细节刻画上，对掰断贴画的动作、老师提问时的慌张心理等都有关注(E11)，叙事也能遵循事件发展的时序(E12)。然而，文章在思想深度上稍显不足，对事件的思考停留在记录层面，未能提炼出更具独创性的感悟(C05)。开头部分“时间过得真快”的表述略显套路化，新意不足(S11)，结尾虽能点题并收束全文，但从具体事件到集体祝福的转换略显仓促(S12)。对矛盾冲突这一重点部分的详写可以进一步深入，尤其是在和好过程的心理变化上着墨不多(S09)，而开头的概括性回忆可以更简洁一些(S10)。此外，文中仅在结尾处引用诗句，修辞手法的运用较为单一(E05)。"
160830,"文章选取了维也纳街头即兴演唱、激烈的合唱比赛以及金色大厅颁奖典礼等具体且充分的材料(C02)，这些材料紧紧围绕“精彩的音乐之行”这一中心进行组织(C04)，展现了作者能从游玩、比赛、获奖等多个角度思考主题并选用材料(C06)，但在思想的独特性和深刻性方面略显中规中矩(C05)。从结构上看，文章开头以回忆切入，交代了合唱团背景，开头恰当(S11)，结尾总结全文并表达了对未来的期许，简洁利落(S12)；文章前后内容交代清楚(S02)，能够运用过渡词句粘合相邻段落(S03)，使得各段落与主旨(S06)、段与段之间(S08)以及句子与段落中心(S07)的关系紧密；在详略安排上，作者能够详写比赛和领奖等重点部分(S09)，并略写游玩等过渡性材料(S10)。在语言表达上，全文语句通顺，意思完整(E01)，词句运用较为恰当生动(E02)，作者能有主次、有顺序地观察事件发展(E12)，并关注到了人物动作和心理变化的细节(E11)；文章使用了一定的表现手法(E07)，但在综合使用多种修辞手法(E05)和表达方式(E06)方面表现尚可。"
160832,"文章紧紧围绕“难忘的小学生活”这一中心进行选材和组材，情感基调统一，主题非常明确(C04)。结尾处将往事比作装进脑海的小船，收束全文简洁利落且富有画面感，是文章的一大亮点(S12)。全篇语句通顺流畅，意思表达完整，显示出扎实的语言基础(E01)，叙述顺序安排得当，能够有条理地回顾六年生活(E12)。在内容充实度方面，虽然选取了老师教导、同学相处等材料(C02)，但在详略安排上还有提升空间，对于“朋友闹矛盾”这一具体事例的描写略显仓促，未能充分展开详写以突出重点(S09)，导致过渡性材料与重点内容的界限不够分明(S10)。文章段落间使用了过渡词句进行粘合，整体衔接较为自然(S03)，前后内容交代也比较清楚(S02)。从表达效果来看，尽管词句运用较为恰当生动(E02)，但修辞手法的综合运用略显单薄(E05)，且在思想内容的独特性和原创性上稍显不足，多为常见的抒情表达(C05)。虽然关注到了人物和事件(E11)，但建议进一步挖掘多角度的素材(C06)，增强表现手法的丰富性(E07)，使文章更具感染力。"
160833,"文章的核心优点在于选材具体且中心突出。作者选取了一次电子制作比赛失败后获得成长的经历作为核心材料，内容详实，细节充分(C02)，并能紧密围绕“难忘”这一中心来组织叙事，展现了从挫败到成功的转变过程(C04)。文章通过国赛失利与市赛获奖的对比，反映了对挫折的思考，具备了一定的多角度思维(C06)，但在主题的原创性与思想深刻性方面尚有挖掘空间(C05)。结构层面，文章的叙事逻辑清晰，能够交代清楚比赛、受挫、被鼓励以及最终成功的事件经过(S02)，段落之间通过事件发展的顺序自然衔接，关系紧密(S03，S08)。各段落均服务于主旨，段内句子也能围绕段落中心展开，凝聚力较强(S06，S07)。文章对比赛中关键的失误环节进行了详细描写，突出了重点(S09)，对赛前训练等部分则处理得较为简略(S10)。开头以“画卷”设喻，能有效引出回忆(S11)，结尾则对事件意义进行总结，收束了全文(S12)。语言表达方面，全文语句通顺，意思完整(E01)。作者能够关注并描写人物动作与事件细节，例如装反零件和老师的微笑，使叙述较为真切(E11)，观察也基本能按事件顺序展开(E12)。文章综合运用了叙述、描写等表达方式(E06)，并使用了一些比喻等修辞手法(E05)，但词句的生动性和优美性有待加强(E02)，在表现手法的综合运用上则略显单一(E07)。"
160836,"文章选取了小学最后一次运动会这一具体且充分的材料来回忆校园生活(C02)，材料的选择和组织紧紧围绕“难忘”与“集体荣誉”这一中心展开(C04)。作者不仅记录了事件，还能提炼出失败激发“小宇宙”的深刻感悟，体现了思想的独特性(C05)。写作中能够从个人心理、集体氛围以及事件具体进程等多角度思考并选用材料(C06)。开头部分以时光飞逝起笔，恰当地引出了回忆的主题(S11)，结尾简洁利落，深情地总结了对校园、班级和同学的留恋，起到了很好的收束作用(S12)。文章对事件的前因后果交代得十分清楚(S02)，并且能够熟练运用过渡词句来粘合相邻的段落，使行文流畅(S03)。在详略安排上，作者能够对滑板接力中的意外和最终翻轮胎的拼搏进行详写(S09)，而对平时的训练过程则进行了恰当的略写(S10)。各段落之间逻辑关系紧密(S08)，且都能紧密围绕文章的主旨展开(S06)，段落内的句子也能较好地服务于段落中心(S07)。语言表达方面，语句通顺且意思完整(E01)，使用了如“功亏一篑”、“重整旗鼓”等恰当且生动的词汇(E02)。文中综合使用了比喻、拟人等修辞手法，增强了语言的感染力(E05)。作者特别关注人物和事件的细节，如对同学额头上汗珠、紧握滑板的手以及裙摆卡住的描写非常细腻(E11)，并且叙述时有主次、有顺序，条理清晰(E12)。不过，在表达方式的综合运用上略显单一，主要侧重于记叙(E06)，表现手法的多样性也有待加强(E07)。"
160840,"文章选取了赴奥地利参加合唱比赛这一具体事件作为素材，材料较为充实，能够支撑文章内容(C02)。全文围绕“难忘的合唱旅行”这一中心进行组织，叙述了从向往舞台到实际参赛的完整过程(C04)。虽然立意较为常规，缺乏深刻的思想独创性(C05)，但作者尝试从比赛规模、赛前紧张心理、获奖喜悦等多个角度切入，体现了较好的多角度思考能力(C06)。结构上，文章基本交代清楚了事件的前因后果(S02)，并使用了“那天的时候”、“后来”等过渡词句连接段落(S03)，使段落间保持了一定的关联(S06)。然而，部分段落内部的句子逻辑略显松散，例如开头部分思维跳跃较大，句段紧密度有待加强(S07)，段落间的逻辑衔接也需更紧凑(S08)。详略安排方面，虽然重点描写了心理活动和获奖瞬间，但对核心的比赛演唱过程描写不够细致，详写重点的能力稍弱(S09)，过渡性材料的处理也略显生硬(S10)。开头部分略显拖沓，入题不够迅速(S11)，结尾虽简洁利落但稍显程式化(S12)。语言表达方面，语句基本通顺，意思表达完整(E01)，但存在如“背台”（应为候场/备场）、“美国型”等不够规范的词句，且整体语言较为平实，缺乏生动优美的描写(E02)。修辞手法(E05)和表现手法(E07)运用较少，表达方式以记叙为主，略显单一(E06)。不过，作者能够关注到备赛时的紧张气氛和心理变化等细节(E11)，叙事虽有顺序，但观察的主次层次感还需进一步提升(E12)。"
160843,"文章在内容选择与思想深度上表现突出，能够选取一次具体的背课文经历作为核心素材，材料具体且充分(C02)，并从中提炼出“老师更像亲人”这一独特而深刻的感悟(C05)。文章也能围绕这一难忘的经历来组织材料(C04)，并通过自身焦虑、老师帮助、事后感悟等多个角度来展现主题(C06)。结构方面，文章主体部分能够做到详略得当，重点详写了老师帮助背书的过程(S09)，略写了背景交代(S10)，段落间的衔接也比较紧密(S08)，并运用了过渡词句使文气贯通(S03)。开头能够引出话题(S11)，结尾抒发情感简洁有力(S12)。然而，结构上的问题在于，首段对六年校园生活的回顾和末段对母校的告别，与中间“背课文”这一核心事件的关联不够紧密，导致部分段落与主旨的连接稍显松散(S06)，前后内容的交代也因此受到一些影响(S02)。同时，个别段落内部的句子也存在与段落中心句不够贴合的情况(S07)。语言表达层面，文章语句通顺，意思完整清晰(E01)，并且能够关注到老师“一句一句”教和辅导其他同学的事件细节(E11)，观察与叙述有主次有顺序(E12)。文中也运用了比喻、夸张等修辞手法(E05)。不足之处在于，文章的表达方式以记叙为主，综合运用其他表达方式的能力较弱(E06)，表现手法的多样性也有待提升(E07)，部分词句的运用虽然恰当，但在生动优美方面还有进步空间(E02)。"
240101,"文章围绕老师进班这一事件展开，叙事线索清晰，能够交代清楚从误认到老师真实到来的前后内容(S02)，且各部分围绕主旨展开，联系紧密(S06)，段落间的关系也因时序的推进而显得紧凑(S08)。文章选取了课堂上一个具体的场景作为材料(C02)，并能围绕此中心进行组织(C04)，从学生的视角多角度展现了紧张和松弛的心理变化(C06)，观察具备基本的主次和顺序(E12)，也能关注到人物的心理反应这一细节(E11)。结构上，结尾简洁(S12)，能够区分详略(S09，S10)，段内句子衔接尚可(S07)，也使用了简单的过渡(S03)，语句基本通顺完整(E01)。主要不足在于，文章的思想较为浅显，缺乏独创性与深刻性(C05)，开头也显得过于平淡(S11)；语言表达是明显的短板，词句的选择不够恰当生动(E02)，修辞手法(E05)、表达方式(E06)和表现手法(E07)的运用均显单一，限制了文章的感染力。"
240102,"文章选取了老师的外貌特征以及下课后的班级场景作为素材，材料具体尚可(C02)，基本能够围绕“老师进班”及随后的课堂活动这一中心进行组织(C04)。在观察视角上，能够按照从头到脚的顺序描写老师外貌，以及按时间顺序记叙事件，观察条理较为清晰(E12)，段落之间的时间逻辑关系也较为紧密(S08)。但在内容安排上，对重点部分的详写还需加强，如复习功课的过程写得过于简略(S09)，而过渡性材料的处理显得生硬，缺乏必要的铺垫(S10)。语句方面，虽然整体通顺意思完整(E01)，但部分词句的锤炼还不够，如“走向讲台走去”存在语病，词语不够生动优美(E02)。文中尝试使用了比喻等修辞手法描写老师形象(E05)，具备一定的细节描写意识(E11)。开头较为平淡，未能有效吸引读者(S11)，结尾停留在下课的喧闹中，略显仓促，未能很好地回应主题(S12)，段落间的过渡词句也较为匮乏，使得衔接不够自然(S03)。"
240103,"文章能够选取考试时老师离开教室这一具体事件作为写作材料(C02)，并围绕纪律与成绩的关系来组织内容(C04)，开头和结尾均较为完整(S11，S12)，体现出从学生行为到最终结果的多角度思考(C06)，尤其对老师进班前后教室从沸腾到安静的动态变化进行了有主次的观察和细节呈现(E11，E12)，运用了对比的表现手法(E07)，基本做到了语句通顺(E01)。然而，文章在思想深度上稍显不足，将成绩好坏与是否说话简单关联，未能展现更深刻的独创性思考(C05)。在结构上，从考场纪律到成绩公布的转折显得突兀，未能清晰交代二者间的内在逻辑联系(S02)，导致最后一段与主旨的关联不够紧密(S06)，段落间的关系也因此显得松散(S08)，尽管句间连接尚可(S07)，但段落过渡仍有提升空间(S03)。此外，对考场混乱和老师出现时的神态动作等重点部分描写不足，未能进行详写(S09)，尽管对非重点内容处理尚可(S10)。在语言表达方面，词语的运用不够生动优美(E02)，叙述是主要的表达方式(E06)，修辞手法的运用也较为欠缺(E05)。"
240104,"这篇习作捕捉了班级生活中老师进班前后的瞬间，选取的“放哨”、“说话”、“跳舞”等材料较为具体(C02)，基本围绕“老师进班”这一中心展开(C04)，并能区分重点进行描写，如对“周大妈”的行为着墨较多(S09)，其他部分略写(S10)。虽然尝试从不同同学的表现来多角度呈现主题(C06)，并运用了动静对比的表现手法(E07)，但整体思想深度和独创性稍显不足(C05)。在结构上，文章前后内容的交代不够清晰(S02)，段落之间缺乏有效的过渡词句进行粘合(S03)，导致句子与段落间的逻辑联系不够紧密(S06)(S07)(S08)。开头较为直白(S11)，结尾虽简洁但稍显仓促(S12)，观察顺序也缺乏明显的条理性(E12)。语言方面，语句尚算通顺(E01)，但词汇较为口语化，缺乏生动优美的词句(E02)，未能综合运用多种修辞手法(E05)和表达方式(E06)来丰富文章，对人物和事件的细节刻画也较为单薄(E11)。"
240105,"文章选取了老师进错班级这一生活场景作为写作材料，但材料本身较为单一，未能充分展开(C02)，导致文章围绕中心展开组织时略显单薄(C04)，在思想的独特性与深刻性上表现不足(C05)，也未能从多个角度对这一事件进行思考与挖掘(C06)。结构上，文章以“上课铃响”开头，能较好地切入情境(S11)，各句内容基本能围绕“老师进班”这一主旨展开(S06)，对第二个老师进班的重点部分进行了一定的描述(S09)。然而，文章在叙事逻辑的连贯性上存在明显问题，前文数学老师发卷与后文语文老师进班的情节之间缺乏交代，内容衔接突兀(S02)，段落之间缺少必要的过渡(S03)，导致段落间的关系松散(S08)，句与句的连接也不够紧密(S07)。结尾揭示“老师进错班”显得仓促，收束略显无力(S12)，对发考卷这一前置情节也未能进行有效的略写处理(S10)。语言层面，文章采用了诗歌体的表现手法(E07)，尝试运用对仗、反复等修辞手法(E05)，个别词语如“吵嚷”使用较为恰当(E02)，但整体语句的通顺度和完整性有待提升，部分句子表达不够流畅(E01)。文章主要运用了记叙的表达方式，手法略显单一(E06)，在人物和事件的细节刻画上有所欠缺，观察不够细致(E11)，对场景的描述也缺少主次之分(E12)。"
240106,"文章选取了发卷子这一具体的校园生活场景，材料虽短但足以支撑叙事(C02)，且能够紧紧围绕心情变化这一中心来组织情节，取舍较为得当(C04)。作者尝试通过环境氛围、他人反应以及自身心理等多角度来表现紧张的主题，体现了一定的思考广度(C06)，但题材较为常见，关于分数的反转剧情缺乏足够的独创性和思想深度(C05)。在结构上，文章能够详写看分数这一重点环节，有动作和心理的刻画(S09)，发卷前的等待过程略写尚可(S10)，且结尾简洁利落，收束有力(S12)。然而，文章未进行合理分段，导致段落与主旨(S06)、句子与段落中心(S07)以及段与段之间的关系(S08)显得不够紧密，缺乏必要的过渡词句来粘合情节(S03)，虽然前后内容交代尚算清楚(S02)，但开头较为平淡(S11)。在表达方面，语句基本通顺，意思表达完整(E01)，使用了欲扬先抑的表现手法制造波澜(E07)，关注了手抖等细节(E11)，也综合运用了叙述和描写(E06)。不过，词句表达略显粗糙，如“高兴的欣喜若狂”语义重复(E02)，修辞手法运用较少(E05)，观察的顺序和主次层次感也有待加强(E12)。"
240107,"这篇作文《老师进班了》选取了课前喧闹、老师进班、老师暂离后再次喧闹以及最终罚站等具体场景作为材料，内容尚算充实(C02)。文章基本能够围绕“老师进班前后班级纪律变化”这一中心来组织材料，叙事脉络基本清晰(C04)。但在立意方面，文章仅停留在对课堂现象的简单记录，缺乏对纪律意识或师生关系的深入思考，独特性和思想深刻性较为欠缺(C05)。不过，作者试图从不同同学的表现以及老师的反应等多个角度来表现主题，这一点值得肯定(C06)。在结构上，文章能够交代清楚事情的前因后果，叙事流程基本完整(S02)。段落之间使用了“这时”等过渡词句，起到了基本的粘合作用(S03)。各段落内容基本能围绕主旨展开，但紧密程度一般(S06)。句与句、段与段之间的逻辑联系尚可，但缺乏深层的内在连贯性(S07)(S08)。详略安排方面，对于老师进班后的反应等重点部分描写不够细腻详尽(S09)，而对于老师被叫出去等过渡性情节的处理显得有些生硬(S10)。开头直接交代背景，中规中矩(S11)，结尾略显仓促，仅以简单的心理活动收束全文，不够简洁利落(S12)。语言表达方面，语句通顺，意思表达完整，能够让人读懂(E01)。但在词句的锤炼上稍显不足，语言较为平淡，缺乏生动优美的表达(E02)。文中很少使用修辞手法来增强语言的感染力(E05)，表达方式也较为单一，主要以平铺直叙为主，缺乏描写与议论的结合(E06)(E07)。虽然作者关注到了班级同学“有的……有的……”的具体表现(E11)，并且能够按照时间顺序有条理地观察和记录事件全过程(E12)，但整体细节描写仍不够生动。"
240108,"文章能够选取师生日常生活中老师进班这一具体场景作为写作材料，内容选取较为充分(C02)，观察也具备一定的主次和先后顺序(E12)，结尾部分亦能做到简洁收束(S12)，语句基本通顺完整(E01)，段落内部的句子之间联系也较为紧密(S07)。然而，文章在内容组织和结构安排上存在明显不足，尽管材料围绕中心展开(C04)，但文章几乎只有一个主体段落，导致段落间的关系处理薄弱(S08)，前后内容的交代也不够清晰(S02)，未能对老师“偷看”和“说调皮捣蛋学生”等重点部分进行详写(S09)。更主要的问题在于，文章仅仅停留在对现象的简单复述，缺乏独特的思考和深刻的见解(C05)，也未能综合运用多样的修辞(E05)或表现手法(E07)来增强文章的生动性和感染力，使得文章整体较为平淡。"
240109,"文章选取了考试时老师离开又突然回来这一具体事件，材料充实且生活气息浓郁(C02)，能够紧紧围绕“老师进班”前后的班级状态这一中心来组织内容(C04)。虽然题材较为常见，思想深度上的独特性和原创性尚有提升空间(C05)，但小作者能够从老师不在时的“闹”与老师回来时的“静”这两个角度进行对比思考，有效地表现了主题(C06)。在结构安排上，文章段落之间按照事情发展的顺序排列，关系紧密(S08)，句子也能紧密围绕段落中心展开，如描写混乱场景时各句都指向“乱象”(S07)。对于班级混乱场面的描写作为重点部分，进行了较为详细的刻画(S09)，开头直接描写外貌引入(S11)，结尾简洁利落并带有互动感(S12)，都处理得不错。不过，前后内容的交代还可以更清楚些，比如老师离开的情境铺垫略显突兀(S02)；段落之间过渡词句的使用较少，粘合度一般(S03)；各段落与主旨的紧密程度以及过渡性材料的略写处理也显得比较中规中矩(S06)(S10)。语言表达方面，全文语句通顺，意思完整(E01)。但在词句的生动优美程度上还有待打磨(E02)，修辞手法的使用较为单一，仅有个别比喻(E05)，表现手法(E07)和表达方式(E06)的综合运用也略显单薄。虽然关注到了同学“抄书”、“爬行”等动作细节(E11)，观察也有一定顺序(E12)，但描写的细腻程度和画面的层次感还可以进一步加强。"
240110,"文章在材料选择与组织上展现出较好的能力，能够选取老师宣布即兴作文这一具体事件作为核心材料(C02)，并紧密围绕这一中心进行组织(C04)，段落与主旨的关联性强(S06)，段落间的关系也比较紧密(S08)。通过细致的心理活动描写，展现了学生在特定情境下的真实思考，使文章具备了一定的独特性与思考深度(C05)，这体现出作者能从自身视角出发选择材料来表现主题(C06)，并能有主次有顺序地进行观察(E12)，对人物的心理细节有较好的关注(E11)，也能详写听到作文题目后的心理反应这一重点部分(S09)。然而，文章在结构衔接与语言表达的技巧性上存在不足。首先，内容的前后交代可以更清晰(S02)，尤其是在段落内部，句子与段落中心句的联系不够紧密(S07)，且缺少必要的过渡词句来粘合内容(S03)。其次，文章开头较为平实(S11)，结尾略显仓促(S12)，同时未能对非重点内容进行有效略写，导致详略处理不均衡(S10)。在语言层面，语句基本通顺完整(E01)，但词句的选择尚欠生动优美(E02)，表达方式较为单一(E06)，且未能综合运用修辞手法(E05)与多样的表现手法(E07)来增强文章的表现力。"
240111,"文章选取了老师进出班级这一日常场景作为材料，但内容过于单薄，仅是对几个瞬间动作的简单罗列，缺乏具体的情节展开和细节支撑(C02)；虽然全文确实围绕“老师进班”这一中心进行组织，没有偏离主题(C04)，但由于思考角度单一，仅停留在表面的流水账记录，未能挖掘出独特的观察视角或思想内涵(C05)(C06)。在结构安排上，文章各段落（多为单句）都能紧扣主旨(S06)，交代了老师来去的全过程(S02)，但段落之间缺乏必要的过渡词句进行粘合，导致行文显得支离破碎(S03)(S08)。句与句之间联系不够紧密(S07)，对于重点部分如老师的神态、同学们的具体反应等未能进行详写，导致重点不突出(S09)，略写部分也未见明显的过渡技巧(S10)。开头“老师来了”过于直白(S11)，结尾“老师说来又走了”显得仓促，缺乏完整性(S12)。语言表达方面，部分语句存在语病和错别字，如“坐座上”、“在人叫到”，影响了阅读的通顺性(E01)；词汇较为贫乏，缺乏生动优美的描写(E02)，修辞手法缺失(E05)。表达方式和表现手法单一，仅有简单的叙述(E06)(E07)。虽然试图关注“安静”、“怦怦”等细节(E11)，但观察缺乏主次和合理的顺序(E12)，未能形成生动的画面感。"
240112,"文章能选取具体且充分的生活材料，如同学望风、课堂互动等场景(C02)，并紧密围绕“老师进班”这一中心组织内容(C04)。叙事逻辑清晰，能够交代清楚事情的前因后果(S02)，观察事件有主次、有顺序，符合时间发展的逻辑(E12)。语句整体通顺，基本意思表达完整(E01)，开头切题(S11)。但在内容深度上，文章略显平淡，缺乏独特性和深刻的思想内涵(C05)，未能对重点部分如老师进班瞬间的压迫感或反差感进行详写(S09)。在表达技巧方面，修辞手法运用极少(E05)，表达方式单一(E06)，词句缺乏生动优美感(E02)。此外，结尾处理较为仓促，缺乏简洁利落的收束(S12)，句与句之间的衔接不够紧密，尤其是第二段标点缺失影响了阅读体验(S07)。"
240115,"这篇作文围绕“老师进班”这一生活场景展开，能够紧扣题目和中心进行叙述，材料组织方向明确(C04)。文章开头直接描写上课铃响后的班级状态，切入迅速(S11)，结尾以学生的心理活动收束全文，简洁明了(S12)。在叙事过程中，作者将笔墨集中在迟到学生担心挨批这一核心情节上，重点部分的叙述较为详细(S09)，同时也遵循了事情发展的时间顺序进行观察和记录(E12)。然而，文章在素材的丰富度上还有待提升，目前仅选取了一个单一的场景片段，略显单薄(C02)，缺乏更深刻的思想立意或独特的观察视角(C05)(C06)。在结构安排上，全文未分段落，导致层次感不强，前后内容的交代显得有些仓促(S02)，段落与主旨的紧密度以及段落间的逻辑关系也因此受到影响(S06)(S08)。尽管使用了“这时”、“结果”等过渡词(S03)，但部分句子与段落中心的联系不够紧密(S07)，特别是略写部分的过渡处理较为一般(S10)。在语言表达方面，语句基本通顺(E01)，但词汇的丰富性和生动性一般(E02)，修辞手法运用较少(E05)。文章主要采用平铺直叙的方式，表达方式较为单一(E06)，表现手法缺乏变化(E07)，对人物神态、动作等细节的刻画不够深入(E11)。"
240120,"文章选取了老师进班这一具体的校园生活片段作为材料(C02)，能够紧紧围绕这一中心展开叙述(C04)，观察视角的顺序清晰且主次分明(E12)，并关注到了老师从微笑到严肃的表情变化以及手拿语文书等细节(E11)，体现了学生能够从特定角度思考主题(C06)。在结构安排上，结尾简洁利落(S12)，各段落基本能围绕主旨展开(S06)，但在开头部分较为常规(S11)，且前后内容的交代在逻辑上存在重复和跳跃(S02)，尤其是相邻段落和句子之间缺乏必要的过渡词句进行粘合(S03)，导致段与段之间关系不够紧密(S08)，各句话与段落中心的联系也略显松散(S07)。在详略处理上，虽然试图详写重点部分(S09)，但对过渡性材料的略写处理不够自然(S10)。语言表达方面，语句通顺意思完整(E01)，能够使用“晴天变阴天”等生动恰当的词句进行描写(E02)，但在修辞手法(E05)和表达方式(E06)的综合运用上较为欠缺，表现手法单一(E07)，文章的独特性和思想深度显得一般(C05)。"
240121,"文章能够围绕一节数学课选取上课、老师进班、下课改错等具体事件作为材料(C02)，并围绕中心对这些材料进行了组织(C04)，观察有先后顺序(E12)，也注意到了“孙老师”和“改错”等细节(E11)。但文章对主题的思考不够深入，缺乏独创性(C05)，也未能从更多角度来表现(C06)。结构上，文章开头较为恰当(S11)，结尾简洁利落(S12)，各段落与主旨的联系也比较紧密(S06)。核心问题在于内容的跳跃感，课堂教学这一重点部分被完全省略，未能进行详写(S09)，也因此谈不上对次要材料的略写(S10)，导致前后内容的交代不够清晰(S02)。同时，段落间的推进仅靠事件的自然顺序，缺少必要的过渡词句进行粘合(S03)。语言层面，语句基本通顺完整(E01)，但词句的运用比较平实，不够恰当生动(E02)，且几乎没有综合使用修辞手法(E05)，表达方式也显得单一(E06)。"
240122,"文章选取了上学、进班、上课、听课等基础动作作为素材，选材虽具体但较为单一(C02)，基本能围绕“老师进班上课”这一中心进行组织(C04)。然而，文章内容流于表面，缺乏独特的思考和原创性的见解(C05)，未能从多角度对主题进行深入挖掘(C06)。在观察方面，虽然关注到了“拿出数学书”等个别细节(E11)，并按照时间顺序进行了观察，但主次不够分明(E12)，重点部分未能进行充分的详写(S09)，过渡性材料的处理也较为生硬(S10)。结构上，文章前后内容的交代较为简单(S02)，段落之间缺乏有效的过渡词句进行粘合(S03)，导致各段落与主旨的联系不够紧密(S06)，句子与段落中心句的关联性也有待加强(S07)，段与段之间的逻辑关系显得较为松散(S08)。开头“我来上学校”和结尾“我们学习了”都过于直白，缺乏技巧性(S11)(S12)。语言表达方面，虽然语句简短通顺，意思表达完整(E01)，但词汇选择较为贫乏，缺乏生动优美的词句(E02)，未能综合运用多种修辞手法(E05)和表达方式(E06)，表现手法也显得单一(E07)。"
240123,"文章在选材上表现突出，能够选取“老师进班”这一典型场景中学生前后表现变化的具体材料，素材充分真实(C02)，并且能够围绕“学生不够自觉”这一中心来组织情节(C04)，段落之间的逻辑关系紧密，叙事层次清晰(S08)，体现出有主次有顺序的观察能力(E12)。同时，文章段落与主旨的关联度较高(S06)，也运用了过渡词句来衔接上下文(S03)，使得整体语句基本通顺完整(E01)。然而，文章在思想深度上有所欠缺，对主题的挖掘停留在表面，未能展现出独创性的思考(C05)，思考角度也较为单一(C06)。在结构细节上，开头显得平淡，未能有效吸引读者(S11)，结尾虽对主旨有所呼应，但略显仓促(S12)；情节的交代存在不够清晰的地方，例如老师为何反复进出，这使得前后内容的连贯性受到影响(S02)；段落内部的句子之间联系还可以更紧密(S07)，对重点部分的详写与过渡部分的略写处理也显得平均，缺乏节奏感(S09，S10)。在语言表达层面，文章对人物和事件的细节刻画不足，如缺乏对老师神态、同学表情的描写，使得画面感不强(E11)；词语的运用较为平实，不够生动优美(E02)，也基本没有综合运用修辞手法或多样的表现手法来增强文章的感染力(E05，E07)，表达方式也以叙述为主，略显单调(E06)。"
240124,"作文选取了老师进班处理纪律、上课提问以及日常“可爱”表现的具体事例，材料选取具体充分(C02)，且所有内容都紧紧围绕“班老师”这一中心进行组织(C04)，段落与主旨联系紧密(S06)。学生能从老师严厉管理纪律和日常可爱言行两个角度来表现主题(C06)，观察人物具有一定的主次和顺序(E12)。文章前后内容交代得比较清楚(S02)，使用了过渡词句连接段落(S03)，句子与段落中心紧密相连(S07)，段落之间关系也较为紧密(S08)，结尾简洁利落，直接表达了喜爱之情(S12)。虽然叙述了事件，但在重点部分的详写上还有提升空间(S09)，过渡性材料的略写处理也较为一般(S10)。对于人物和事件的细节关注度尚可，但不够深入(E11)，表达方式的综合运用较为基础(E06)。开头部分较为常规(S11)。语句基本通顺，意思完整(E01)，但在词句的生动优美方面表现平平(E02)。修辞手法(E05)和表现手法(E07)的使用较少，文章的思想深刻性和独特性(C05)也有待挖掘。"
240126,"文章在结构组织上表现出较好的逻辑性，各段落和主旨紧密相连(S06)，段与段之间的关系也十分紧密(S08)，内容的前后衔接交代清楚(S02)，并能运用过渡词句使段落粘合得比较自然(S03)。作者能够选取老师在不同情况下的言语作为具体材料，具备一定的充分性(C02)，且基础的语句表达通顺，意思完整(E01)。然而，在材料的组织与思想的深化上存在不足，文章未能完全围绕中心来精心组织材料(C04)，导致思想的深刻性与独创性略显不够(C05)，对主题的思考角度也较为单一(C06)。具体到写作详略上，文章的重点部分未能得到充分详写(S09)，也未能体现出对过渡性材料的略写意识(S10)，同时对人物和事件的细节关注不足(E11)，观察的主次与顺序感有待加强(E12)。在语言表达和写作手法方面，词句的运用尚欠恰当生动(E02)，修辞手法(E05)、表达方式(E06)及表现手法(E07)的综合运用能力也有提升空间。最后，文章的开头设置略显平淡(S11)，结尾虽然给出了结论，但处理得相对简单(S12)。"
240127,"文章在结构组织上表现突出，段落与主旨的联系非常紧密(S06)，段落之间的逻辑关系也很清晰(S08)，能够围绕文章中心来选择并组织材料(C04)，使得全文叙事线索明确，前后内容衔接顺畅(S02)。在内容选择上，文章能够选取具体且充分的生活场景作为素材(C02)，并通过对考试时这一重点部分的详写，使核心事件得到了较好的呈现(S09)。语言表达基本通顺，能够构成完整的意思(E01)。然而，文章的不足之处在于思想深度的挖掘不够，对司空见惯的现象缺乏独特或原创性的思考(C05)，这导致立意较为平淡。同时，在语言的锤炼与手法的运用上也有较大提升空间，词句的选择虽基本恰当但不够生动优美(E02)，修辞手法(E05)、表达方式(E06)及表现手法(E07)的综合运用明显不足，使得文章的文学色彩和感染力打了折扣。此外，开头和结尾的处理略显仓促，虽然完成了结构功能，但不够精炼有力(S11，S12)。对人物事件的细节观察(E11)和材料的详略处理(S10)也还有进步的余地。"
240129,"文章选取了“上课铃响后教室的吵闹”、“同学外出探查”以及“老师进班批评”等极其具体的校园生活场景作为材料，内容真实可感(C02)，并且严格遵循了事情发生的时间顺序以及由事及人的逻辑顺序进行观察，条理清晰(E12)。但在围绕文章中心组织材料方面稍显松散，第二段的人物介绍与第一段的进班事件关联度不够紧密(C04)，多角度表现主题的能力还有待提升(C06)。立意上较为浅显，主要停留在对表象的记录，缺乏独特的思考(C05)。在结构上，文章能够交代清楚事件的前因后果(S02)，句与句之间意思连贯，中心较为明确(S07)，也能运用简单的连接词过渡(S03)。然而，段落与段落之间的逻辑关系较为疏离(S08)，各段落对主旨的支撑作用不强，尤其是第二段显得较为突兀(S06)。详略安排上基本合格(S09)(S10)，但开头较为俗套(S11)，结尾略显仓促，缺乏有力的收束(S12)。语言表达方面，整体语句通顺，意思完整，阅读流畅(E01)，叙述方式较为朴实(E06)。但在词句的生动性和优美度上表现一般(E02)，对人物和事件的细节刻画（如神态、心理）还不够深入(E11)，且鲜少使用修辞手法(E05)和丰富的表现手法(E07)来增强文章的感染力。"
240130,"文章选取了“自习课说话”和“考试作弊”两个具体事例，材料选择充实且生活化(C02)，能够紧紧围绕“老师进班”这一中心进行组织(C04)，并尝试从纪律和诚信两个角度思考主题(C06)，体现了一定的思想性，但深度有待挖掘(C05)。在观察视角上，文章表现出色，能够有主次、有顺序地观察班级现象(E12)，并关注到了同学们“下座位抄”、“在座位上问”等具体的人物和事件细节(E11)。语言表达方面，整体语句通顺，意思表达完整(E01)，综合运用了记叙和议论的表达方式(E06)，但在词句的生动优美程度(E02)及修辞手法(E05)、表现手法(E07)的多样性上较为欠缺。结构上，文章结尾简洁利落，态度诚恳(S12)，开头尚可(S11)，基本交代清楚了前后内容(S02)。然而，段落之间的关系不够紧密(S08)，过渡词句的使用略显生硬(S03)，各段落与主旨(S06)、各句子与段落中心(S07)的粘合度一般。详略安排上，虽然有重点意识(S09)，但在过渡性材料的处理上还需打磨(S10)。"
240132,"文章能够围绕中心选择和组织材料(C04)，并从课堂、课后等多个角度选取了具体充分的材料来表现主题(C02，C06)，使得各个段落都能够与主旨紧密相连(S06)。全文叙事顺序清晰，能够交代清楚前后内容(E12，S02)，结尾也比较简洁利落(S12)。语言表达方面，语句通顺完整(E01)，能够综合运用一些基本的表达方式和修辞手法(E06，E05)，词句使用基本恰当(E02)。然而，文章在结构衔接上存在明显不足，段落之间关系不够紧密(S08)，缺少必要的过渡词句(S03)，导致内容转换略显生硬，例如从课间玩耍到师生问答的跳跃。同时，段落内部的句子之间联系也不够紧密(S07)，对过渡性材料的处理不够简练(S10)。开篇部分显得较为平淡(S11)。更重要的是，在写作的深度上有所欠缺，对人物和事件的细节关注不足(E11)，表现手法相对单一(E07)，导致思想的独特性和原创性不强(C05)。"
240133,"文章成功记叙了一次完整的课堂事件，在选材与叙事顺序上表现不错，但在思想深度与语言表达的细节上存在明显不足。文章的优点在于能够围绕“老师进班”这一中心事件选取具体材料，如老师的言语、写学号的动作以及“我”的心理活动，做到了材料具体充分且组织有序(C02)(C04)。叙事能够按照事件发展的先后顺序展开，主次分明，对老师发怒的关键情节进行了详写，而对后续讲课则进行了略写，处理得当(E12)(S09)(S10)。同时，全文语句基本通顺，意思表达完整(E01)。文章的问题首先体现在结构衔接上，从老师发怒到缓和讲课的内容转接略显突兀，上下文的勾连不够紧密(S02)，段落间的关系也因此显得有些松散(S08)。在段落内部，个别句子与段落中心句的关联性不强，例如发现有学号出现两次的观察，未能很好地融入紧张的氛围中(S07)。更主要的问题在于思想深度与文学表达层面，文章对事件的思考停留在表面，未能发掘出更深刻或独特的个人感悟(C05)。开头和结尾的处理都比较平淡仓促，未能有效吸引读者或升华主旨(S11)(S12)。语言表达直白平实，缺少生动优美的词句(E02)，也未能运用修辞手法来增强文章的感染力(E05)。此外，对人物的刻画缺少细节，如对老师“心情不太好”的描写仅为概括，缺乏具体的神态、动作等细节支撑(E11)。"
240134,"文章能够围绕“老师进班”这一中心事件选择和组织材料，通过课堂吵闹、老师进班、同学误认等情节，选取了较为具体充分的材料来展现这一过程(C02)，并且这些材料都服务于文章的中心(C04)。文中对同学误把老师当作“扫地大妈”这一独特情节的捕捉，体现了一定的生活观察与原创性(C05)。从叙事上看，事件的前后经过交代得比较清楚(S02)，也使用了一些过渡词句来衔接内容(S03)，能够详写同学说错话这一重点部分，略写其他背景(S09，S10)，观察过程有主次和顺序(E12)。整体语句是通顺的(E01)，并且能够从学生和老师两个角度对事件进行思考(C06)。然而，文章在结构和语言上存在明显不足。首先，结尾段落显得突兀，与主体叙事部分联系不够紧密，削弱了段落与主旨的关联度(S06)，也使得段落间的关系不够紧密(S08)，这个结尾更像是一个生硬的总结，而非简洁利落的收束(S12)。文章的开头也相对平淡(S11)。在语言表达层面，词句的运用不够恰当生动(E02)，对人物神态的刻画也缺少个性化的细节描摹(E11)，修辞(E05)、表达方式(E06)和表现手法(E07)的运用都比较单一，限制了文章的表现力。"
240135,"文章选取了上课前和考试中两个场景来记叙班级情况，能围绕“老师进班”这一中心组织材料(C04)，并尝试从不同时间节点切入表现主题(C06)，但选取的材料较为单薄，不够具体充分(C02)，内容缺乏独创性和深刻的思想内涵(C05)。在结构方面，文章基本交代清楚了事情的前后经过(S02)，各段落内容也能与主旨相连(S06)，段落间的关系尚可(S08)，但在重点部分的描写上不够详尽(S09)，过渡性材料处理略显草率(S10)，缺乏有效的过渡词句来粘合段落(S03)，句与句之间的紧密程度也有待提高(S07)，开头较为平淡(S11)，结尾仓促，缺乏有力总结(S12)。在语言表达上，语句通顺，意思表达完整(E01)，运用了基础的排比句式(E05)和记叙方式(E06)，但在词句的生动优美方面有所欠缺(E02)，表现手法较为单一(E07)，虽然关注到了人物动作等细节(E11)，但观察的主次和顺序安排不够清晰(E12)。"
240136,"文章选取了早读、上课铃响、午自习等多个时间节点的场景，材料覆盖面较广且具体(C02)，所有素材都紧紧围绕“老师进班”这一核心事件展开，中心思想非常明确(C04)。作为一篇观察记录式的习作，作者能从不同时间段切入观察班级状态的变化，体现了多角度的思考(C06)，且这种类似诗歌分行的短句形式具有一定的独特性(C05)。在结构上，文章按时间顺序推进，前后内容交代尚算清楚(S02)，各小节内容均能服务于主旨(S06)，句子之间的逻辑联系也基本成立(S07)。对于过渡性材料的处理较为简洁(S10)，观察具有清晰的时间顺序(E12)。语言方面，语句通顺，意思表达完整(E01)。不足之处在于，文章虽然捕捉到了场景变化，但重点部分的描写不够详细，缺乏对人物神态、心理的深入刻画(S09)，细节关注度不够(E11)。由于采用短句罗列的形式，段落之间缺乏必要的过渡词句进行粘合(S03)，导致段间关系略显松散(S08)。开头较为平淡(S11)，结尾虽有反转但收束感不强(S12)。语言表达较为口语化，词句生动性一般(E02)，缺乏比喻、拟人等修辞手法的运用(E05)，表达方式(E06)和表现手法(E07)也较为单一，仅停留在简单的记叙层面。"
240137,"这篇作文以类似童谣的短句形式记录了校园生活片段，选取了老师进班、同学玩耍、打篮球等具体场景作为材料(C02)，内容基本围绕“老师进班与学生反应”这一中心进行组织(C04)。虽然形式有一定趣味，但思想深度和独创性较为欠缺，仅停留在现象罗列层面(C05)，缺乏多角度的主题思考与材料挖掘(C06)。在结构上，文章虽然按时间顺序交代了情节，但前后内容的衔接略显生硬(S02)，缺乏有效的过渡词句来粘合各部分(S03)。段落（或诗行）与主旨的联系不够紧密(S06)，段与段之间的逻辑关系较为松散(S08)，不过句子内部的联系尚可(S07)。详略安排方面，文章未能有效详写重点部分(S09)，过渡性材料的处理也较为平淡(S10)。开头直接入题，中规中矩(S11)，结尾与开头形成呼应，简洁利落(S12)。语言表达方面，语句通顺且意思完整，短句节奏感较强(E01)，词句表达基本恰当，但缺乏生动优美的修饰(E02)。修辞手法(E05)、表达方式(E06)以及表现手法(E07)的运用都较为单一，缺乏丰富性。虽然关注到了“叫一声”、“跑出去”等人物动作细节(E11)，并能按照一定的顺序进行观察(E12)，但整体描写仍显单薄。"
240138,"文章选取了老师进班宣布考试及离开后同学反应的具体生活场景作为材料(C02)，叙述内容基本围绕“老师进班”这一中心展开(C04)，但在立意上较为常规，缺乏独特的视角或深刻的思想内涵(C05)，未能尝试从多角度去挖掘和表现主题(C06)。在结构安排上，开头仅用一句话带过，略显仓促(S11)，结尾戛然而止，缺乏必要的收束(S12)；前后情节的交代存在跳跃感(S02)，段落之间虽然有时间推进，但缺乏有效的过渡词句进行粘合(S03)，导致段落间的逻辑联系不够紧密(S08)，句与句之间的衔接也较为松散，部分句子中心不明确(S07)。在叙事节奏上，未能做到详略得当，重点部分描写不够细致(S09)，过渡性材料也未做精简处理(S10)。语言表达方面，由于标点符号使用不规范，部分语句读起来不够通顺(E01)，用词较为口语化，缺乏生动优美的词句(E02)，文中未运用修辞手法来增强语言感染力(E05)，表达方式单一，仅限于简单的叙述(E06)，虽然基本遵循了时间顺序进行观察(E12)，但缺乏对表现手法的运用(E07)，且忽视了对人物神态、动作等细节的刻画(E11)。"
240139,"文章能够围绕中心选择并组织材料(C04)，选取了老师进班前班级状态这一具体事件，内容较为充分(C02)。叙事线索较为清晰，能够有顺序地观察并交代清楚前后内容(E12)，使得事件的发生发展过程基本完整(S02)。语言表达方面，语句基本通顺完整(E01)，也能使用如“炸开锅”等生动的词语(E02)。然而，在思想内容层面，文章对事件的思考角度不够多元(C06)，因而未能展现出深刻或独特的见解(C05)。结构上，段落之间的关系紧密度有待提升(S08)，缺少必要的过渡词句(S03)，导致段落与主旨、语句与段落中心句的关联不够紧密(S06)(S07)。同时，对人物和事件细节的关注略显不足(E11)，未能详写班级“炸开锅”时的具体情状等重点部分(S09)，也影响了文章的详略安排(S10)。修辞手法(E05)、表达方式(E06)以及表现手法(E07)的综合运用较为单一。最后，文章的开头较为平淡(S11)，结尾的总结则显得仓促和概括化，未能与前文的具体事件形成良好呼应(S12)。"
240143,"这篇作文围绕“老师进班”这一主题，选取了聊天和自习两个具体场景进行描写，材料选取具体且较为充分(C02)，能够紧密围绕文章中心进行组织(C04)。文章体现了学生对校园生活的真实观察，具有一定的原创性(C05)，并尝试通过不同场景的多角度思考来表现主题(C06)。在结构上，文章前后内容交代基本清楚(S02)，各段落与主旨联系较为紧密(S06)，段落间关系尚可(S08)，结尾简洁利落并能点题(S12)。但在过渡衔接方面，段落间缺乏有效的过渡词句粘合(S03)，句与句之间的逻辑联系不够紧密(S07)，开头显得较为随意(S11)，详略安排上重点部分的刻画还不够深入(S09)，过渡性材料的处理也较为平淡(S10)。在语言表达方面，语句基本通顺(E01)，词句表达尚可但缺乏生动性(E02)，修辞手法(E05)、表达方式(E06)及表现手法(E07)的运用较为单一。值得肯定的是，作者关注到了人物动作等细节(E11)，并能按照时间顺序有主次地进行观察和叙述(E12)。"
240201,"文章以时间为线索，叙述了拔牙前后的经历，使得事件的前后内容交代基本清楚(S02)，段落内的句子也能围绕中心意思展开(S07)。文章的主要问题在于材料的组织与详略安排失当。作为核心事件的“拔牙”过程本身着墨过少，未能进行详写(S09)，导致表现中心的材料不够具体充分(C02)，也反映出对人物事件细节的观察不足(E11)和观察时缺乏主次顺序(E12)。相对而言，一些过渡性材料得到了简要处理(S10)，但整体上各段落与主旨的关联度不够紧密(S06)，段落间的关系也显得松散(S08)，缺少必要的过渡词句进行粘合(S03)。文章的开头较为平淡(S11)，结尾虽然简洁但略显仓促(S12)。在表达上，文章综合运用了记叙和对话等方式(E06)，但语句的通顺度有待提升(E01)，词句的选用尚欠生动优美(E02)，修辞手法(E05)和表现手法(E07)的运用也较少。最终，由于材料未能围绕中心有效组织(C04)，文章停留在对事件的简单记录上，未能展现出独特的思考(C05)或对主题的多角度挖掘(C06)。"
240202,"文章选取了南北天气对比、回乡行程规划以及登山探险等具体材料，内容较为充实(C02)。全文能够紧紧围绕“江西泰和之旅”这一中心来组织材料(C04)。作者尝试从心情的起伏和环境的差异等多角度思考主题，并选用合适的材料加以表现(C06)。但在结构布局上，关于行程讨论和吃饭安排等过渡性材料篇幅过长，未能做到简洁的略写(S10)。重点部分如登山过程虽然有所涉及，但相对于铺垫部分显得不够突出，详写力度可以加强(S09)。开头详细交代了背景，但略显冗长(S11)，结尾仅以一句话收束全文，显得过于仓促(S12)。虽然交代了前后的内容(S02)，且使用了过渡词句粘合段落(S03)，但部分句段与中心的联系不够紧密(S07)。各段落与主旨以及段落之间的逻辑关系尚可(S06)(S08)。在语言表达上，语句基本通顺，意思完整，但存在长句过多和拼音代替汉字的情况(E01)。词句的生动性和优美程度有待提高，部分表达较为平淡(E02)。文中综合使用了对比、比喻、引用等多种修辞手法(E05)，并结合了记叙与描写等表达方式(E06)。学生运用了多种表现手法来增强文章感染力(E07)。观察时能够遵循游览的顺序(E12)，并关注了竹林光影和心理感受等细节(E11)。文章具备一定的原创性，但在思想深刻度上较为常规(C05)。"
240203,"文章在内容选择与结构安排上展现了较好的基础。全文能够选取高空雪圈和冰上碰碰车等具体事件作为核心材料(C02)，并且这些个人化的体验描写体现出了一定的独特性(C05)。文章结构清晰，开头能够直接点明事件(S11)，结尾也能做到简洁并呼应主题(S12)。在详略处理上，能够对重点项目进行细致描写(S09)，对其他游玩项目则概括带过(S10)，使得文章重点突出。同时，段落内部的句子能够围绕中心句展开(S07)，各段落也基本能服务于文章主旨(S06)，段落间的衔接关系明确(S08)。语言表达方面，语句通顺完整(E01)，并能运用一些较为生动的词语来描写体验过程(E02)，对过程中的动作和感受等细节有一定关注(E11)。然而，文章在材料的组织与衔接上存在不足。尽管材料具体，但在围绕中心进行有机组织方面尚有提升空间(C04)，从多角度构思并选择材料的能力也有待加强(C06)。第二段罗列项目与后文详写部分之间缺少必要的过渡词句(S03)，导致前后内容的交代不够清晰自然(S02)。此外，对事物的观察可以更有主次和顺序性(E12)。在表达技巧层面，文章的表达方式较为单一(E06)，修辞手法运用不够丰富(E05)，整体表现手法的运用也比较有限(E07)。"
240204,"本文的核心问题在于将观后感处理成了情节复述，这直接影响了文章在思想内容和结构表达上的得分。从内容上看，文章能够按照电影的时间线清晰地交代前后内容(S02)，并且关注到了影片中的人物和事件细节(E11)，也能按照故事发展的顺序进行观察和记叙(E12)。然而，全文主要是在罗列情节，这导致所选材料虽然具体，但在支撑个人观点方面显得不够充分(C02)，文章也因此缺乏独特的个人见解和深刻思考(C05)。在材料的组织上，虽然基本围绕着电影情节这一中心展开(C04)，但由于缺少个人分析，多角度思考的特点未能体现(C06)。结构方面，文章的开头和结尾形式上是完整的(S11，S12)，但全文一段到底的写法使得段落间的过渡与联系无从体现(S03，S08)，结尾的感悟也与前文的情节概述衔接不够紧密，削弱了段落与主旨的关联度(S06)。同时，对情节的处理平均用力，未能做到详写重点(S09)与略写次要部分(S10)。语言层面，部分语句的连贯性有待加强(E01)，词语的运用也较为平实，缺乏生动性(E02)。文章主要运用了记叙这一种表达方式，显得比较单一(E06)。"
240205,"文章选取了春节期间在洼里动物乐园与小羊“白棂”互动的具体事例作为材料，内容较为具体(C02)，且全篇能紧紧围绕人与动物相处及思考这一中心来组织材料(C04)。作者尝试从单纯的游玩上升到对动物生存空间的思考，体现了一定的独特性(C05)，也能从观察互动与回忆反思多角度选用材料来表现主题(C06)。在结构布局上，开头交代时间地点，较为恰当(S11)，结尾由事入理，简洁利落(S12)。叙事过程中，前后内容交代清楚(S02)，利用“回到草垛中”、“我回到了家”等过渡词句较好地粘合了相邻段落(S03)，保证了各段落与主旨的紧密相连(S06)以及段落之间关系的紧密性(S08)。段内逻辑尚可，各句话与段落中心句关联较为紧密(S07)。但在详略安排上，虽然对重点部分有一定篇幅(S09)，但对非重点的过渡性材料处理不够精炼，略写能力有待提高(S10)。语言表达方面，整体语句通顺，意思完整(E01)，词句运用基本恰当(E02)。作者关注到了小羊“蹲”、“凝视”、“咬”等细节(E11)，观察具有一定的主次和顺序(E12)。然而，文中修辞手法运用匮乏(E05)，表达方式较为单一，主要依赖平铺直叙(E06)，表现手法也显得不够丰富(E07)。在选材与立意方面，你能够选取在农场与小羊互动的具体材料(C02)，并且全篇能够紧紧围绕人与动物的关系这一中心来组织情节(C04)。文章结尾试图从游玩经历上升到对动物生存空间的思考，展现了一定的思想深度(C05)，也能从观察互动和内心反思多角度选用材料来表现主题(C06)。在结构与条理方面，文章开头交代了时间地点，切入恰当(S11)，结尾由事入理，简洁利落(S12)。叙事过程中，能够交代清楚前后内容(S02)，并运用过渡词句较好地粘合了相邻段落(S03)，使得各段落和主旨紧密相连(S06)，段与段之间的关系也较为紧密(S08)。段落内部，各句话和段落中心句的逻辑联系也比较紧密(S07)。不过，在详略安排上，虽然能够详写与小羊互动的重点部分(S09)，但对于背景介绍等过渡性材料的略写处理还不够精炼(S10)。在语言与表达方面，全文语句通顺，意思完整(E01)，词句运用基本恰当(E02)。你能够关注人物动作和事件发展的细节(E11)，并且有主次、有顺序地进行了观察(E12)。但在表达技巧上还有提升空间，综合使用多种修辞手法的意识不强(E05)，表达方式较为单一(E06)，表现手法也显得不够丰富(E07)。"
240206,"这篇作文叙述了作者在新西兰旅游时因未系安全带被罚款的经历，选取了真实的具体事例作为材料(C02)，并且能够紧紧围绕“违章”这一中心进行组织(C04)，虽然立意较为常规，缺乏深刻的独创性思考(C05)，但能尝试从拍照需求与遵守交规的冲突角度切入(C06)。在结构上，文章起因、经过、结果交代得基本清楚(S02)，但段落之间的过渡衔接略显生硬(S03)，各段落与主旨的联系较为紧密(S06)，句与句、段与段之间的逻辑关系尚可(S07)(S08)。对于重点情节即被警察查处的经过，叙述得还不够详尽(S09)，过渡性文字的处理也较为一般(S10)。文章开头直接点题(S11)，结尾总结教训，简洁利落(S12)。在语言表达方面，整体语句尚算通顺(E01)，但词汇较为平淡，缺乏生动优美的描写(E02)，修辞手法运用不多(E05)，表达方式略显单一(E06)，表现手法中规中矩(E07)。不过，作者关注到了警笛声、罚款金额等细节(E11)，叙事顺序也比较清晰(E12)。"
240207,"文章能够围绕“极速光轮”这一核心体验选择材料(C04)，内容具体(C02)，并且能从排队、乘坐和结束等多个角度来组织记叙(C06)，段落之间的关系也较为紧密(S08)。文章开头能够基本交代背景(S11)，语句也实现了基本的通顺完整(E01)，对排队时电子屏幕讲解员的观察体现了一定的细节关注(E11)。但文章的主要问题在于核心体验部分的缺失，作者用“眼睛完全闭上了”“后来就不知道了”回避了对过程的正面描写，导致关键内容未能交代清楚(S02)，这也使得文章的重点部分没能得到充分详写(S09)。由于缺乏对独特感受的深入挖掘，文章的思想显得较为平淡，原创性不足(C05)。在语言层面，词句的运用比较单调，不够生动优美(E02)，综合性的修辞手法(E05)、表达方式(E06)和表现手法(E07)使用较少。此外，结尾的处理也略显仓促，未能起到深化主旨的作用(S12)，且首段对迪士尼分区的介绍与全文主旨的关联性不强(S06)。"
240208,"文章选取了新加坡的气候特点、城市风貌、环球影城体验以及印尼海岛游等具体材料，内容较为丰富(C02)，能够从自然环境、人文习惯、游乐项目等多个角度切入主题(C06)。但在围绕中心组织材料方面，印尼部分的篇幅占比较大，使得文章核心略显分散(C04)，且整体偏向于行程记录，缺乏独特的感悟与深刻的思想(C05)。在结构布局上，开头交代要素清晰恰当(S11)，能够按照时间顺序有主次地展开观察(E12)，对变形金刚项目和海边游玩等重点内容进行了较为详细的描写(S09)。然而，段落之间缺乏有效的过渡词句进行粘合(S03)，导致前后内容交代不够连贯清楚(S02)，段与段之间的逻辑关系不够紧密(S08)，过渡性材料的处理也略显生硬(S10)。虽然各段落内部句子联系紧密(S07)，段落与主旨也能保持关联(S06)，结尾也做到了简洁利落(S12)，但整体结构仍需优化。在语言表达方面，全篇语句通顺，意思表达完整(E01)，关注到了如红树林树皮颜色、金环蛇习性等具体细节(E11)。但在词句的生动性和优美度上有所欠缺(E02)，未能综合运用多种修辞手法来增强感染力(E05)，表达方式较为单一，缺乏生动的描写与细腻的抒情结合(E06)，表现手法也不够丰富(E07)。"
240209,"文章能够围绕观看马戏这一中心事件展开叙述，从排队入场、观看表演到最终离场，选取了较为充分具体的材料(C02)，并能从不同阶段多角度组织内容(C06)，使得文章主线清晰，材料与中心结合紧密(C04)。文中对人物动作和事件细节的观察比较仔细，例如对跳水观众小心翼翼神态的描写，增强了文章的现场感(E11)，观察也基本做到了主次有序(E12)。文章的段落之间按照时间顺序排列，关系紧密(S08)，开头和结尾也比较得当(S11，S12)。然而，文章在思想的原创性上表现平平，主要停留在对事件的客观记录，缺少更深刻的个人感悟(C05)。结构方面，虽然段落主旨明确(S06)，但段落之间的衔接不够自然，过渡词句的使用显得生硬且单一(S03)，导致前后内容的交代有时不够流畅(S02)。同时，段落内部个别语句的组织也还可以更加紧凑(S07)。在语言表达上，语句基本通顺完整(E01)，但词语的运用较为平实，不够生动优美(E02)，修辞手法(E05)和表达方式(E06)的综合运用能力也有待加强。文章能够对重点部分进行详写(S09)，对次要部分进行略写(S10)，但整体表现手法的运用还不够丰富(E07)。"
240210,"文章能够围绕“有意义的活动”这一中心，选取猜谜语和“抽汉奸”两项活动作为材料，做到了内容具体，材料充分(C02)，且材料的组织能够服务于中心论点(C04)，并体现出一定的多角度选材意识(C06)，语句也基本通顺完整(E01)。然而，文章在构思的深刻性上表现平平，对活动意义的挖掘停留在表面，未能展现出独特的思考(C05)。结构方面，结尾对主旨进行了总结，尚可一观(S12)，但开头仅为简单记叙，略显平淡(S11)；文章主体部分虽然各段落与主旨的关联度尚可(S06)，但段落之间、句子之间的衔接较为生硬，主要依靠简单的时序词语，缺乏有效的过渡，显得不够连贯(S02)(S03)(S08)(S07)。在详略处理上，对猜谜和玩陀螺这两个核心事件的描写不够充分，缺乏生动的细节刻画(S09)(E11)，观察也停留在简单的先后顺序上(E12)，而一些过渡性材料则处理得不够简练(S10)。语言表达上，词语运用较为平实，不够生动优美(E02)，且基本没有运用修辞手法(E05)、表现手法(E07)和多样的表达方式(E06)，使得文采有所欠缺。"
240211,"文章记录了参观上海玻璃博物馆及体验DIY制作的全过程，选取的材料具体且较为充分，涵盖了场馆参观与动手实践两个方面(C02)。叙事过程中，能够围绕“做玻璃”这一中心进行材料的组织(C04)，并尝试从参观者和体验者多角度切入主题(C06)，但整体构思较为常规，缺乏独特的原创性思想(C05)。在结构安排上，各段落与文章主旨联系紧密(S06)，段落之间的逻辑关系也较为紧凑(S08)，能够基本交代清楚事件的前后经过(S02)。作者有意识地详写了DIY制作这一重点部分，突出了文章核心(S09)，但对于参观过程等过渡性材料的略写处理略显罗列，不够精炼(S10)。此外，段落之间缺乏有效的过渡词句进行粘合，导致转折略显生硬(S03)，句与段落中心的紧密度也有待加强(S07)。开头采用了传统的要素罗列式，较为平淡(S11)，结尾虽简洁利落(S12)，但情感升华略显仓促。语言表达方面，全文语句通顺，意思完整，阅读流畅(E01)，词句使用基本恰当(E02)。作者能够关注到制作过程中的动作与物品细节(E11)，并按照一定的时间顺序进行观察与描写(E12)。不足之处在于修辞手法(E05)、表达方式(E06)以及表现手法(E07)运用较少，使得文字略显平铺直叙，生动性有待提升。"
240212,"文章能够选取冬游时所见的灯笼、小卖店、冰块等具体材料(C02)，并能按照游览顺序进行观察(E12)，关注到了糖人、项链等事物细节(E11)，开篇对圆明园的介绍也较为得当(S11)，整体语句通顺(E01)。然而，文章在立意上未能提炼出独特的感悟或深刻的思考，使内容停留在简单的事件记录层面(C05)，材料的选择与组织也只是基本围绕着游览活动，未能聚焦于一个更明确的中心(C04)。结构问题是本文的主要弱点，介绍性开头与个人游记主体之间的关系不够紧密(S08)，核心段落内部的句子之间缺乏严密的逻辑联系，呈现出流水账的倾向(S07)，导致文章详略不分(S09)(S10)，结尾也略显仓促(S12)。从语言层面分析，尽管词句使用基本恰当(E02)，但表达方式以记叙为主，手法单一(E06)(E07)，且缺少必要的修辞来提升文采(E05)。"
240213,"文章选取了春节期间照顾小狗Lucky的具体生活片段作为材料，内容充实(C02)，且能从玩耍的乐趣、照顾的艰辛以及离别的依恋等多个角度来表现主题(C06)。在结构安排上，段落之间联系紧密(S08)，各段落内容与文章主旨紧密相连(S06)，结尾总结全文，简洁利落且情感真挚(S12)。叙述中能够做到详略得当，详写了与狗相处的重点部分(S09)，略写了过渡性材料(S10)，并依照时间顺序有主次地进行了观察与记录(E12)。语言方面，全篇语句通顺，意思完整(E01)，部分词句运用得恰当生动(E02)，能够交代清楚前后内容(S02)。不过，文章在题材的独特性和思想深度上还有待挖掘(C05)，对于人物和事件的细节描写也略显单薄(E11)。此外，虽然围绕中心组织了材料(C04)，并运用了过渡词句(S03)和多种修辞、表现手法(E05，E07)，但整体结合度仍有提升空间。"
240214,"这篇作文以“话说春节”为题，选取了春节前夕祖孙对话和打扫卫生的具体场景作为材料，引入了经典的春节童谣，素材选取较为具体且生活化(C02)。文章能够围绕春节习俗的变迁这一中心来组织对话和思考(C04)，从习俗的保留（扫房）与改变（买年肉）两个角度切入，体现了一定的思考维度(C06)，但在思想的独特性和深度上表现尚可，属于较为常规的感悟(C05)。在结构上，文章开头直接交代时间、人物和事件，切题迅速(S11)，结尾对时代变迁进行了简洁的总结升华(S12)。文章前后内容交代基本清楚(S02)，段落与主旨也能保持联系(S06)，段与段之间的逻辑关系尚属紧密(S08)。但在具体的衔接上，段落间的过渡词句使用不够娴熟(S03)，段内句子与中心句的紧密度也稍显松散(S07)。详略安排方面，对话部分占据了主要篇幅，对于体现主题的重点部分（如生活变迁的具体细节）描写不够充分(S09)，过渡性材料的处理也较为平淡(S10)。语言表达方面，整篇文章语句通顺，意思表达完整(E01)，能够按一定的顺序观察和叙述事件(E12)。但在词句的生动优美程度上还有提升空间(E02)，对人物和事件的细节刻画主要依赖对话，略显单薄(E11)。修辞手法(E05)、表达方式(E06)以及表现手法(E07)的运用较为单一，缺乏丰富性。文中存在个别错别字和标点错误（如“妈奶”），需要注意。"
240215,"文章能够围绕中心选择和组织材料，将制作小凳子过程中遇到的困难与最后的成功联系起来，较好地服务于“做事贵在坚持”的主题(C04)，并能从动手前的羡慕、过程中的挫败、在家人的帮助下坚持等多个角度来展现这一主题(C06)。文章选取的制作小凳子这一生活事件作为写作材料是具体且充分的(C02)，但从立意上看，将自己的经历类比为“爱因斯坦的小凳子”并引出坚持的道理，这一构思在思想深刻性与独创性上表现尚可(C05)。结构方面，文章的开头交代了事件的起因(S11)，结尾点明了主旨(S12)，各段落内容也都能和文章主旨紧密相连(S06)。叙事过程基本清晰，能够交代清楚前后内容的联系(S02)，也使用了一些过渡词句来衔接段落(S03)。然而，段落之间的关系紧密程度有待加强，有时情节的转折略显生硬(S08)，更主要的问题在于段落内部，部分语句之间只是单纯地陈述事件经过，未能有效围绕段落中心句展开，显得有些松散(S07)。在详略处理上，对制作过程中的波折进行了描写(S09)，对非重点部分也能做到简要交代(S10)。语言表达是本文的优势所在，语句整体通顺，意思表达完整(E01)，并能运用叙述、描写和议论等多种表达方式(E06)。文章对制作过程中的动作和心理活动有细节关注(E11)，观察也具备一定的主次顺序(E12)，并使用了一些表现手法来丰富内容(E07)。不足之处在于词句的选择上还不够恰当生动(E02)，修辞手法的运用也较为有限(E05)。"
240216,"文章选取了极为具体且充分的材料，详细记录了整理值周总结过程中遇到的缺漏、字迹潦草等实际问题(C02)。材料的选择和组织能够紧紧围绕“值周总结”这一中心展开，叙事目的明确(C04)。虽然文章最后得出了关于合作与冷静思考的感悟，但在思想深度和独创性上表现尚可，属于较为常规的立意(C05)。学生能够从任务分配、具体操作过程及遇到的困难等多个角度来表现主题，材料运用较为合适(C06)。在叙事逻辑上，能够基本交代清楚时间线索和事件的前后经过，倒叙与顺叙结合(S02)，段落之间使用了过渡词句进行连接，但衔接的自然流畅度还可以提升(S03)。各段落内容与主旨联系较为紧密，没有明显的偏题现象(S06)。句段之间的逻辑联系尚可，但部分叙述略显松散，存在记流水账的倾向(S07)。段落之间的关系整体较为紧密，结构基本完整(S08)。在详略安排上，虽然列举了多个检查项目的总结过程，但叙述方式平铺直叙，对重点部分的描写不够细致深入，缺乏波澜(S09)，对过渡性材料的处理也略显拖沓，未能很好地通过略写来突出核心亮点(S10)。开头采用了倒叙设问的方式，能引起读者的注意(S11)。结尾简洁利落，总结了全文并尝试升华主题(S12)。全文语句通顺，意思表达完整，阅读体验流畅，基础语言能力扎实(E01)。词句表达较为朴实，生动性和优美度一般，口语化色彩较重(E02)。修辞手法的运用较少，语言表现力有待加强(E05)。表达方式以记叙为主，略显单一，缺乏细腻的描写和抒情(E06)。表现手法较为常规(E07)。虽然提及了许多事件步骤，但对人物动作和事件场景的细节刻画不够深入，画面感不强(E11)。叙事顺序清晰，能够按照事情发展的先后顺序以及检查项目的罗列顺序有条理地进行观察和记录(E12)。"
240217,"文章选取了春节逛庙会套圈这一生活化的具体材料，内容尚算充实(C02)，且选材组织紧紧围绕“难忘的一件事”这一中心展开(C04)。作者试图通过套圈失败的经历得出“看似容易的事不一定能成功”的感悟，体现了一定的思考深度和原创性(C05)，能从春节活动的普遍性切入到个人独特的体验，思考角度较为合理(C06)。在结构上，文章开头采用对比手法引出主题，切入恰当(S11)，结尾简洁总结感悟，收束干脆(S12)。叙事过程中，前后内容交代基本清楚(S02)，段落间使用了如“庙会里除了小吃就是游戏活动了”等过渡句进行粘合(S03)。各段落与主旨联系较为紧密(S06)，段际关系符合时间逻辑(S08)。详略安排上，作者重点描写了套圈的过程(S09)，略写了天气和小吃等背景信息(S10)，处理得当。不过，段落内部句子间的衔接还可以更加紧密，部分语句逻辑跳跃稍显明显(S07)。语言表达方面，全文语句通顺，意思完整(E01)，使用了“迫不及待”、“依依不舍”等成语，词句运用基本恰当(E02)。但在修辞手法的运用上较为匮乏，缺乏生动的比喻或拟人等修辞(E05)。表达方式以记叙为主，结合了少量的心理描写和议论，略显单一(E06)，表现手法也较为常规(E07)。虽然对套圈动作和心理有一定细节描写(E11)，且观察顺序主次分明(E12)，但细节刻画不够细腻，感染力有待加强。"
240218,"文章选取了寒假补写英语配音作业这一具体且生活化的素材，内容充实，能够支撑起写作意图(C02)。叙事过程紧紧围绕“坚持就是胜利”这一中心进行组织，从面对困难的焦虑到尝试解决再到最终完成，条理清晰(C04)。不过，文章立意较为常规，对于“坚持”的思考主要停留在完成作业层面，思想的独特性和深刻性略显不足(C05)，未能从更多元的角度挖掘主题内涵(C06)。结构上，开头直接交代起因，迅速入题，这种写法非常恰当(S11)。结尾总结全文得出感悟，简洁有力(S12)。在详略安排上，文章重点刻画了配音过程中反复尝试的细节，详写部分突出了中心(S09)，而对次要内容进行了略写(S10)。各段落与主旨的联系较为紧密(S06)，但在段落内部，尤其是第二段，叙事节奏略显急促，前后内容的交代在某些转折处不够平滑(S02)，段落之间以及句子之间的逻辑粘合度还有待加强(S03)(S08)(S07)。语言方面，全文语句通顺，意思表达完整(E01)。叙事遵循了时间顺序，条理分明(E12)。虽然作者试图通过心理描写（如“心情咚一下就跌入了谷底”）来增强感染力(E11)，但整体词句略显口语化，生动优美程度一般(E02)。修辞手法的使用较少(E05)，表达方式和表现手法也相对单一，主要以叙述为主(E06)(E07)。"
240220,"文章在立意和选材上表现出色，能够围绕“年味”变迁这一中心，选取去年的热闹、父母辈的清苦快乐以及当下的科技便捷作为材料，内容具体且充分(C02)，并能将这些材料有机地组织起来服务于主旨(C04)。开篇以倒计时和反问构成一个引人入胜的开头(S11)，结尾则将思考引向未来，提出创造“高科技年味儿机器”的设想，这个结尾简洁有力，且体现了独创性的思考(S12，C05)。全文语句通顺，意思表达完整清晰(E01)。文章的不足之处首先体现在结构衔接上，虽然能够从不同角度选取材料(C06)，并且对材料的观察有一定的主次顺序(E12)，但段落与段落之间的关系不够紧密，缺少必要的过渡词句，使得从“去年”到“父母辈”再到“现在”的转换显得较为生硬(S02，S03，S08)。其次，在详略处理和细节刻画上还有提升空间，对重点部分可以展开更深入的描写(S09)，对人物事件的细节描绘略显不足(E11)，导致画面感不够突出，而段落内部的句子与段落中心句的联系可以更紧密一些(S07)，过渡性材料则处理得较为简略(S10)。最后，在语言表达和手法运用上较为薄弱，词句的运用较为平实，不够生动优美(E02)，修辞手法(E05)、表达方式(E06)和表现手法(E07)的综合运用都比较单一，影响了文章的文采和感染力。"
240221,"文章选取了石雕展厅中大哥哥专注雕刻的具体事例，材料充实且生活气息浓郁(C02)，并能紧紧围绕“智慧与执着”这一中心进行组织，主旨明确(C04)。在结构安排上，作者懂得详略之法，对大哥哥雕刻时的神态动作及对话进行了详写(S09)，而对游览过程等过渡性材料进行了略写(S10)，使得文章重点突出。开头交代要素清晰(S11)，结尾能够从具体事物升华到人生哲理，简洁有力，点题效果极佳(S12)。在表达方面，语句通顺流畅(E01)，能够按照由整体到局部再到对话的顺序进行观察(E12)。文中运用了比喻等修辞手法，如将雕刻比作做手术，生动形象(E05)，同时也关注到了人物“全神贯注”、“淡然”等细节(E11)，结合记叙与议论多种表达方式(E06)，增强了文章的感染力。不过，文章在多角度思考上略显单薄，主要依赖单一事例的正面推导(C06)。段落之间的过渡主要依赖时间词，粘合度显得稍弱(S03)，段与段之间的逻辑紧密度也有待加强(S08)。此外，虽然立意正确，但若能挖掘出更具独创性的见解，文章将更具深度(C05)。"
240222,"文章开头开门见山地点出了旅游地点及印象深刻的景点，入题迅速且恰当(S11)。在材料选择上，小作者能够围绕“旅游中的一件事”这一中心，选取了蝴蝶泉的美景以及景区竹林被刻字这两个具体的素材进行组织(C04)，材料选取较为具体(C02)，但在思想的独特性和深刻性上略显常规，属于较为常见的游记加议论模式(C05)。文章能够从欣赏美景和反思不文明行为两个角度切入，体现了一定的思考维度(C06)。在结构安排上，文章采用了移步换景的顺序，观察细致且主次分明，从进门到泉边再到回程，条理清晰(E12)。对于蝴蝶泉景色的描绘作为重点部分描写得较为详细，突出了其美丽(S09)，而对于路途等过渡性内容则进行了略写(S10)，详略处理得当。各段落内容紧紧围绕“文明旅游”及“景色优美”的主旨展开(S06)，段落内部的句子也能紧扣段意(S07)，段落之间的逻辑关系较为紧密(S08)。不过，在段落转换时，过渡词句的使用还可以更加自然流畅一些，前后内容的衔接略显生硬(S02)(S03)。结尾处发出的呼吁简洁利落，升华了主题(S12)。语言表达方面，语句通顺流畅，意思表达完整(E01)。文中使用了“郁郁葱葱”、“清澈见底”、“缤纷络绎”等成语，词句运用恰当且具有一定的画面感(E02)。作者综合运用了记叙、描写和议论等多种表达方式，使文章内容丰富(E06)。特别是在描写竹子上刻字这一细节时，捕捉得非常到位，增强了文章的说服力(E11)。但在修辞手法(E05)和表现手法(E07)的多样性上还有待加强，描写虽美但略显平铺直叙。"
240223,"文章能够选取修理打印机这一生活事件作为写作材料，内容具体且材料充分(C02)，并且全文紧密围绕这一中心事件展开叙述，选材与中心结合得较好(C04)。在处理主题时，能够从设计两种方案的角度切入，体现了一定的多角度思考能力(C06)。然而，文章的主题挖掘不够深入，主要停留在对事件的记录上，思想的独创性与深刻性略显不足(C05)。结构方面，文章对修理过程这一重点部分进行了详写，对背景交代则进行了略写，主次分明(S09)(S10)，各段落内容也基本能服务于主旨(S06)。但文章的内在逻辑衔接存在问题，开头采用倒叙手法，后续时序的交代不够清晰(S11)，导致前后内容的连贯性打了折扣(S02)。同时，段落之间(S08)和句子之间(S07)的联系不够紧密，主要依赖简单的关联词进行连接，缺少有效的过渡词句(S03)，而结尾则较为简洁，点明了结局的戏剧性(S12)。语言和表达上，文章语句基本通顺，意思表达完整(E01)，并能关注到螺丝、弹簧等事件细节(E11)，也运用了拟声词等表现手法来增强现场感(E07)。不过，在观察的有序性上还有提升空间(E12)，语言整体较为平实，词语的生动性和恰当性有待加强(E02)，表达方式也以记叙为主，略显单一(E06)，修辞手法的运用不够丰富(E05)。"
240224,"文章围绕“采草莓”这一中心事件，选取了时间、地点、人物及采摘过程等具体材料，内容基本充实(C02)，各段落紧紧围绕主旨展开，结构框架较为稳固(S06)(S08)。在材料组织上，基本能围绕中心进行叙述(C04)，但在多角度思考和材料选用的丰富性上表现一般(C06)，且文章立意较为常规，缺乏独到的见解或深刻的感悟(C05)。叙事过程中，前后内容交代尚算清楚(S02)，段落间有一定的过渡衔接(S03)，句段联系基本紧密(S07)。文章详略处理得当，能较好地详写采摘和品尝的重点环节(S09)，对非重点内容进行了略写(S10)。开头采用设问形式引入，较为恰当(S11)，结尾简洁明快，发出了邀请(S12)。语言表达方面，语句基本通顺(E01)，词句运用尚可但不够生动优美(E02)，修辞手法使用较少，显得较为平淡(E05)，表现手法也较为单一(E07)，虽然综合运用了叙述和对话等表达方式(E06)，但在人物和事件细节的刻画上略显粗糙，缺乏细腻的描写(E11)，观察虽有一定顺序但不够细致(E12)。"
240225,"文章选取了寒假外出参加篮球比赛的具体材料(C02)，能够围绕“去出西打篮球”这一中心事件组织内容(C04)，各段落与主旨联系较为紧密(S06)，且能多角度思考并选用材料(C06)，按一定顺序观察记录事件发展(E12)。虽然使用了过渡词句连接段落(S03)，段落间关系尚可(S08)，句子与段落中心也能保持关联(S07)，但在详略安排上存在明显失误，对吃饭等生活细节描写过多，未能详写比赛这一重点部分(S09)，也未能有效略写过渡性材料(S10)。叙事逻辑上，部分情节前后交代不清，如地名错误及比赛取胜原因的表述令人费解(S02)，导致文章缺乏独特性和思想深度(C05)。语言表达方面，语句不够通顺，存在语病和错别字(E01)，词句缺乏生动性(E02)，未能运用修辞手法(E05)或多种表达方式(E06)及表现手法(E07)来增强感染力。此外，文章缺乏对人物和事件细节的深入刻画(E11)，开头较为随意(S11)，结尾简洁但显得单薄(S12)。"
240226,"文章的整体结构清晰，能够围绕游览长城这一中心来选择和组织材料(C04)，内容选取具体充分(C02)，各段落与主旨的联系非常紧密(S06)，段落间的关系也处理得很好(S08)。叙事有主次有顺序(E12)，能够对攀爬过程等重点部分进行详写(S09)，并关注到了“手脚并用”等事件细节(E11)。从游客体验、历史感怀和文物保护等多个角度展开思考，体现了不错的思维广度(C06)。语言表达方面，全篇语句通顺完整(E01)，综合运用了记叙、描写和议论等表达方式(E06)，并能使用比喻、引用等修辞手法使词句生动(E02，E05)，结尾部分简洁有力(S12)，段落内部的句子也能围绕中心句展开(S07)。然而，文章在思想的独创性与深刻性上稍显不足，所抒发的感想较为常见(C05)。文章的开头略显平淡(S11)，从长城主体到博物馆、从“好汉”感言到呼吁保护的几次内容转换显得较为突然，未能交代清楚前后内容的联系(S02)，过渡词句的使用也有待加强(S03)。同时，对博物馆等次要材料的处理方式较为简略，更像罗列而非略写(S10)。此外，文章在烘托、象征等表现手法的综合运用上还比较欠缺(E07)。"
240227,"文章能够围绕一件生活小事展开叙述，选取了发现、寻找、找到、争论等具体情节，材料是充分的(C02)。从结构上看，文章的宏观框架较为清晰，开头直奔主题(S11)，结尾简短有力(S12)，段落之间按照事件发展顺序衔接，关系紧密(S08)，并且能够有主次地进行观察和叙述(E12)，做到了重点部分详写，次要部分略写(S09，S10)。然而，文章在思想立意与材料组织上存在不足，虽然展现了姥爷、妈妈和“我”等不同角色的反应，体现了一定的思考角度(C06)，但结尾提炼的道理与前文寻找衣物的主要情节关联不够紧密，导致材料未能完全服务于中心(C04)，文章的独创性与思想深刻性也因此受到影响(C05)。在细节衔接上，部分内容交代不够清晰(S02)，段落内部的句子之间、段落与主旨之间的连接可以更紧密(S07，S06)，需要运用更有效的过渡词句来增强逻辑性(S03)。语言表达方面是主要的失分点，部分语句尚欠通顺，表达不够精准(E01)，词语运用较为平实，不够生动优美(E02)，人物和事件的细节刻画不足，形象不够鲜明(E11)。文章主要运用叙述和对话的表达方式(E07)，但在修辞手法(E05)和综合表达方式(E06)的运用上还有很大的提升空间。"
240228,"文章叙事清晰，观察有序，能够按照时间顺序交代清楚事件的前后经过(S02)，并在此基础上进行有主次的观察与记录(E12)。内容取材具体充分，能够选取考场见闻、考试过程、考后获赠铅笔等丰富细节来支撑全文(C02)，尤其对考试当天的核心经历进行了详尽生动的描写(S09)。结构上，全文能围绕考试经历这一中心来组织材料(C04)，段落之间逻辑关系紧密(S08)，能够运用记叙、描写、议论等多种表达方式(E06)和细节描写等表现手法(E07)从不同角度展现考级过程(C06)。同时，文章语句通顺(E01)，结尾部分对事件进行总结，结构完整(S12)。但在组织材料时，部分内容与主旨的关联度可以更紧密(S06)，各句话与段落中心句的联系也存在优化空间(S07)，段落间的过渡有时依赖于时间推移，技巧性不强(S03)。此外，文章的开头较为平实，冲击力不足(S11)，对练琴过程等过渡性材料的交代则过于简略(S10)。最主要的问题在于思想的深刻性不足，结尾的感悟停留在“努力就能成功”的普遍认知层面，缺乏独特的个人见解(C05)。语言表达上，虽能关注人物和事件细节(E11)并运用一定的修辞手法(E05)，但词句的生动优美程度还有提升空间(E02)。"
240229,"文章选取了学骑自行车这一具体的生活实例作为素材，内容充实，能够很好地支撑起“难忘的一件事”这一题目(C02)。全篇紧紧围绕学骑车的过程展开，材料的选择和组织都服务于文章中心，主旨明确(C04)。虽然题材较为常见，思想深度和独特性稍显不足，属于常规的记叙文写法(C05)。作者试图通过心理描写和动作描写多角度表现主题，但在选材的广度上还有拓展空间(C06)。在结构方面，文章各段落紧紧围绕主旨，没有偏离主题的内容(S06)，段落之间逻辑关系紧密，整体框架稳固(S08)。叙事过程中，重点详写了学骑车的具体经过，特别是心理变化和反复尝试的细节，做到了详略得当(S09)，对于去操场的背景交代则进行了略写(S10)。前后内容的交代基本清楚(S02)，但在段落转换时，过渡词句的使用略显生硬，不够自然流畅(S03)。句与句之间以及其与段落中心的联系尚可，但部分语句的衔接紧密度仍有提升空间(S07)。开头部分交代了时间、人物和起因，属于中规中矩的入题方式(S11)。结尾总结全文，点明了战胜恐惧的收获，简洁利落(S12)。语言表达上，全文语句通顺，意思表达完整，阅读流畅(E01)。叙事有主次、有顺序，条理清晰(E12)。但在词句的生动性和优美度上表现一般，缺乏亮点(E02)。修辞手法运用较少，语言略显干瘪(E05)。虽然关注了人物心理和动作的一些细节(E11)，但表现手法较为单一(E07)，多种表达方式的综合运用能力还需加强(E06)。"
240230,"本文最大的优点在于内容详实，结构清晰，能够围绕一场跆拳道比赛选取具体充分的材料，对得分规则、比赛进程、具体得分情况都做了细致的记录(C02)。文章的整体框架稳固，各段落都能紧密围绕比赛这一主旨展开(S06)，段落内部的句子也能服务于段落中心句，叙事层次分明(S07)。特别是对实战环节的描写，能够按照比赛局次的顺序展开，做到了详写文章的重点部分(S09)，使得段落与段落之间时间线索清晰，关系紧密(S08)。在材料的组织和上下文的交代上，文章基本做到了清晰有序(C04)(S02)，能够体现出多角度的思考(C06)，结尾对比赛结果进行了总结，较为简洁利落(S12)。但是，文章在表达的深度和语言的文采上存在明显不足。首先，文章停留在对比赛过程的客观复述，对于比赛“难忘”在何处缺乏更深刻的思考和挖掘，因此在思想的独特性上表现平平(C05)。其次，文章的开头部分对比赛规则的介绍过于平铺直叙，未能有效吸引读者(S11)，而对“太级一章”的记叙则过于简略，未能与详写部分形成良好的详略对比(S10)。语言表达方面，语句基本通顺(E01)，但词语的选择较为平实，缺少生动优美的词句(E02)，也未能综合运用多样的修辞手法(E05)或表现手法(E07)来增强文章的感染力。同时，文章以记叙为绝对主导，缺少必要的描写与抒情(E06)，对比赛的描写虽然有动作和得分，但缺少对人物神态、心理活动以及现场环境的细节刻画，使得场面感不强(E11)。"
240231,"文章围绕一次演出选材，内容具体充实，能够完整地记叙事件的起因，经过和结果(C02)，并且所有材料都能围绕中心展开，做到了选材与中心的一致(C04)，也能从个人努力与团队协作等角度来组织材料(C06)。全文叙事脉络清晰，段落之间按照时间顺序衔接，关系紧密(S08)，开头能有效引入事件(S11)，结尾也能点题总结(S12)，各段落与主旨的关联度较高(S06)，段内句子的组织也比较合理(S07)。语言表达基本通顺，能够完整地表情达意(E01)，观察也具备较好的顺序性(E12)。文章的主要问题在于思想深度和细节刻画不足。文章的主题提炼停留在“台上一分钟，台下十年功”的普遍认知，未能展现出更具个性化的深刻感悟(C05)。在结构上，从集训结束到正式演出的过渡交代不够清晰(S02)，同时对于核心环节如“九天集训”和“正式演出”的描写过于笼统，缺乏详写(S09)，使得文章重点不突出(S10)。语言方面，词语的运用较为平实，不够生动优美(E02)，全篇以叙述为主，缺少必要的细节描写(E11)，综合表达方式单一(E06)，也基本没有运用修辞手法来增强文章的表现力(E05，E07)。"
240233,"文章在材料选取与观察细节方面表现出色，能够围绕出游这一中心选择具体而充分的活动材料，如喂食动物、高空拓展和滑雪等(C02)，并且能按照时间顺序有主次地组织观察内容(E12)，使得文章重点突出，对高空拓展和滑雪等关键部分进行了详写(S09)，对人物和事件的细节也有较好的关注(E11)。从结构上看，文章主体部分能够清晰交代前后事件的经过(S02)，段落内部的句子也能围绕中心意思展开(S07)，但段落间的联系略显松散(S08)，主要依靠简单的顺序词进行衔接(S03)，导致部分段落与主旨的关联不够紧密(S06)。在语言表达上，语句基本通顺完整(E01)，但词语的运用较为平实，生动性不足(E02)，同时在表达方式上以叙述为主，略显单一(E06)，几乎没有综合运用修辞手法(E05)或其他表现手法(E07)。此外，文章的立意深度有待挖掘，思考角度较为单一，未能体现出独特的感悟(C05)，开头部分也显得较为平淡，未能有效吸引读者(S11)。"
240234,"这篇文章紧紧围绕“编中国结”这一中心选择和组织材料，主旨非常明确(C04)，并且能够从学习起因、具体编织过程、后续应用及知识查阅等多个角度来丰富主题表现(C06)。选取的编凤尾结等材料具体充分，支撑了文章内容(C02)，但在思想深度上，主要停留在叙事层面，若能挖掘中国结背后的文化意蕴，独特性会更强(C05)。在结构方面，文章表现优异，各段落与主旨紧密相连(S06)，段与段之间关系紧密，层层递进(S08)。开头点明缘由，切题恰当(S11)，结尾总结全文，简洁利落(S12)。行文中能够交代清楚前后内容(S02)，并熟练使用“后来”、“通过”等过渡词句粘合段落(S03)，段落内部的句子也紧密围绕中心句展开(S07)。在详略安排上，作者能够详写编织凤尾结遇到的困难与解决过程这一重点(S09)，对其他结的列举等过渡性材料进行了略写(S10)，体现了良好的剪裁能力。语言表达上，语句通顺，意思完整(E01)，能够关注到编织时的动作细节(E11)，观察具备一定的顺序(E12)。不过，词句表达较为朴实，生动优美程度有待提升(E02)，修辞手法的使用相对单薄(E05)。同时，表达方式以记叙为主，抒情和议论结合得不够丰富(E06)，表现手法也较为单一(E07)。"
240235,"文章能够选取具体材料记述一次逛花市的经历，记录了买花和买鱼的过程，内容较为充实(C02)，并且能够关注到事件中的一些细节，例如父亲讲解兰花寓意以及观察到的鱼的种类和颜色，这使得记叙有了一定的细节支撑(E11)。叙事基本按照进入花市、买花、买鱼的经过展开，体现出有顺序的观察(E12)。但在材料的组织上与中心思想的联系不够紧密，全文罗列了事件经过，但未能突出为何这件事是“难忘”的，导致主旨未能有效彰显(C04)。文章的立意停留在对事件的简单复述上，缺乏独特的感悟或深刻的思考，因此在思想原创性上表现平平(C05)，也未能从更多角度挖掘事件的意义(C06)。结构方面存在明显不足，文章开头过于平直，未能有效吸引读者(S11)，结尾也显得仓促，缺少回味(S12)。全文几乎融为一个段落，段落之间缺乏划分和关联，反映出谋篇布局能力的欠缺(S08)，这也导致了内容前后衔接不够清晰(S02)，缺少必要的过渡词句来粘合不同的场景(S03)。段落内部的句子虽然围绕着事件展开，但由于缺乏段落中心，显得有些松散(S07)。语言表达方面，语句基本通顺完整(E01)，并能使用如“像一片片神奇的小星星”这样的比喻修辞，为文章增添了一些生动性(E05)，但在词语的运用上还略显单调，不够优美(E02)，表达方式也以记叙为主，较为单一(E06)。"
240236,"文章在立意和选材上表现突出，能够从三亚之旅中选取西岛玩海和呀诺达戏水这两个具体事件作为核心材料(C02)，并围绕“难忘”这一中心对材料进行了有效的组织(C04)。文章不仅记录了游览过程，还能从中提炼出“做事要有毅力”的感悟，体现了思想的深刻性与独创性(C05)，同时，通过海岛与雨林两个不同场景的描写，展现了从多角度思考和表现主题的能力(C06)。在结构安排上，文章主体部分对重点环节的详写十分到位，例如海龟翻覆和过独木桥的紧张瞬间(S09)，而对景点的概括性介绍则处理得比较简略(S10)，使得文章详略得当。段落之间关系紧密(S08)，内容前后衔接清晰(S02)，段落内部的句子也能围绕中心展开(S07)，保证了主旨的集中(S06)，并且使用了简单的过渡词句(S03)。结尾部分简洁地总结了收获(S12)。语言表达基本通顺(E01)，词语运用也较为恰当(E02)。然而，文章在开篇上略显平淡，未能有效吸引读者(S11)。在写作技巧方面，对人物和事件的细节刻画尚有不足，观察的层次感和主次顺序不够分明(E12)，导致细节描写的生动性不足(E11)。此外，文章主要以记叙为主，表达方式略显单一(E06)，修辞手法(E05)和表现手法(E07)的运用也还有提升空间。"
240237,"本文选取了爬山过程中的索道体验、途中疲惫及看到路牌等具体情节，材料尚算具体(C02)，也能围绕“爬山之累”这一中心进行组织(C04)，但在立意上较为浅显，缺乏独特的感悟(C05)，思考角度也较为单一，仅局限于身体感受(C06)。在结构上，文章能够交代清楚时间、地点及起因经过(S02)，段落与主旨关联紧密(S06)，段落间关系尚可(S08)，结尾简洁利落(S12)，观察顺序也较为清晰(E12)。然而，段落间的过渡词句略显生硬(S03)，句间联系有时不够紧密(S07)，开头较为平淡(S11)，且未能详写爬山的具体艰难细节，反而用大量重复词语填充，详略安排欠妥(S09，S10)。语言方面，语句通顺且意思完整(E01)，关注到了人物动作等细节(E11)，但词句缺乏生动性，存在大量口语重复(E02)，修辞手法运用较少(E05)，表达方式和表现手法过于单一(E06，E07)。"
240238,"文章能围绕“西安逛灯会”这一中心选择和组织材料，记录了品尝小吃和观赏花灯的经历(C04)，观察视角有主次、有顺序，从下午入园到天色渐暗，从路上小吃到湖中花灯，条理较为清晰(E12)。但在材料选取的充分性上略显不足，仅描写了雄鸡和飞龙等少数灯组，未能充分展现灯会的宏大，内容显得有些单薄(C02)。文章开头交代了时间、地点和人物，符合常规要求(S11)，段落间能利用时间词语进行过渡(S03)，段落之间的逻辑关系尚可(S08)。但在详略安排上较为平均，重点部分如花灯的细节描写不够浓墨重彩(S09)，过渡性材料也未做精简处理(S10)。语句基本通顺(E01)，使用了一些成语如“熠熠生辉”来修饰(E02)，虽然尝试关注细节(E11)，但修辞手法和表现手法运用不够丰富(E05)(E07)。此外，部分句子与段落中心的紧密度有待加强(S07)，结尾显得过于匆忙，仅用一句感叹收尾，缺乏必要的总结或情感升华(S12)。"
240239,"文章选取了装饰院子、贴年画、收红包、吃年夜饭、看春晚等过年期间的具体材料(C02)，这些材料能够紧紧围绕“辞旧迎新”的中心进行组织(C04)，并且能从家庭布置、亲情互动、饮食娱乐等多个角度来表现主题(C06)，但内容多为常规流程的记录，缺乏独特的视角或深刻的思想(C05)。在结构上，文章按照时间顺序叙述，前后内容交代清楚(S02)，各段落内容紧扣主旨(S06)，段落内部的句子与段意联系紧密(S07)。结尾简洁利落，通过排比句展望未来，情感饱满(S12)。然而，开头较为平淡直白(S11)；段落之间多直接使用时间词切换，缺乏过渡词句的自然粘合(S03)，导致段落间的逻辑关系不够紧密(S08)。此外，文章未能对重点情节进行浓墨重彩的详写(S09)，过渡性材料的略写处理也显得不够技巧化(S10)，整体节奏显得平均用力。语言方面，结尾处综合使用了排比修辞，增强了语言的气势(E05)，部分词句运用尚可，如“喜气洋洋”(E02)。但整体语句的通顺度有待提高，存在标点和语序问题(E01)；表达方式较为单一，以平铺直叙为主(E06)，表现手法不够丰富(E07)。在描写上，缺乏对人物动作、神态及事件细节的深入刻画(E11)，观察事物时未能体现出清晰的主次顺序(E12)。"
240240,"该生作文记录了上海之行中在复旦大学学骑车的经历，选材具体且具有个人生活体验，体现了一定的原创性(C02，C05)。文章能够围绕“难忘”这一中心组织材料，虽然核心事件与地域特色的结合度一般，但整体尚能扣题(C04)，并尝试从不同角度表现主题(C06)。在结构方面，文章基本交代清楚了事情的来龙去脉(S02)，使用了基本的过渡语句连接段落(S03)，段落间关系尚可(S08)。对于非重点的游览行程处理得当，做到了略写(S10)。然而，文章在开头部分略显随意，吸引力不足(S11)；结尾总结虽简洁但较为套路化(S12)。主要问题在于重点部分描写不够详细，学骑车的过程缺乏具体的动作和心理刻画(S09)，导致段落内容与主旨的紧密度一般(S06)，句间逻辑也显得不够紧凑(S07)。语言表达上，语句基本通顺但口语化明显(E01)，词汇较为贫乏，缺乏生动性(E02)，修辞手法和表现手法运用较少(E05，E07)，表达方式较为单一(E06)。虽然关注到了人物对话等细节(E11)，但整体观察的层次感和顺序性还有提升空间(E12)。"
240241,"文章记叙了去三亚过年的行程，选取了坐飞机、沙滩玩耍、除夕收红包以及游泳等生活片段作为素材(C02)，虽然事件看似丰富，但多为流水账式的罗列，缺乏对核心事件的深入挖掘，导致中心思想的表现力一般(C04)。文章内容较为平淡，缺乏独特的个人感悟或新颖的视角(C05)，未能从风土人情或亲情互动等多角度来丰富主题(C06)。在结构上，开头以日记式的时间记录切入，略显直白生硬(S11)，结尾虽表达了留恋之情，但较为套路化，缺乏余味(S12)。段落之间缺乏有效的过渡词句进行粘合，跳跃感较强(S03)，段与段之间的逻辑联系不够紧密(S08)。叙事过程中，前后内容的交代有时不够清晰，如飞机上关于玩手机的对话表述模糊(S02)，且句与句之间、段落内部的中心聚焦不够，逻辑显得松散(S07)。虽然各段落内容基本都在写三亚之行，与主旨保持了联系(S06)，但在详略安排上欠妥，对于重点部分如除夕氛围或游玩细节描写过于简略，未能展开(S09)，过渡性材料的处理也缺乏节奏感(S10)。语言表达方面，语句存在较多语病，部分句子意思表达不完整或语序混乱，如“抓小贝壳、我们玩的很开心”及关于表弟哭泣的描述(E01)。词汇较为贫乏，多为口语大白话，缺乏生动优美的描写(E02)。文中极少使用修辞手法来增强表现力(E05)，表达方式单一，主要依靠平铺直叙(E06)，缺乏对比、衬托等表现手法的运用(E07)。虽然作者关注到了如时间流逝感、表弟胆小等细节(E11)，但观察缺乏主次和条理(E12)，使得整篇文章显得较为杂乱。"
240244,"文章取材能够体现出一定的多角度观察意识，不仅写了骑马，还涉及了喂鸡、骑水牛等多种活动，展现了俱乐部的丰富性(C06)，并且在观察事物时体现出了一定的主次和顺序(E12)。文章选取了具体的个人经历作为材料(C02)，能够围绕马术俱乐部这一中心进行选择和组织(C04)，内容具有一定的个人独特性(C05)。然而，文章在结构组织上暴露出明显的问题。段落之间的关系松散，缺乏紧密的逻辑联系(S08)，导致前后内容的交代不够清晰(S02)，同时段落与主旨的关联性不强(S06)。这进一步体现在详略安排上，文章未能有效突出重点进行详写(S09)，也未能对次要材料进行恰当的略写(S10)，使得全文重点不明。此外，段落间的过渡也显得比较生硬，缺少有效的过渡词句(S03)，开头和结尾的处理也较为仓促，功能性不足(S11)(S12)。在语言表达层面，文章基本做到了语句通顺，意思完整(E01)，也能够关注到一些人物和事件的细节(E11)。但在词语的运用上还不够恰当生动(E02)，也欠缺对修辞手法(E05)和表达方式(E06)的综合运用，导致语言表现力不足，尽管使用了一些基本的表现手法(E07)。"
250103,"文章以“令人幸福的饼干”为题，成功地围绕中心组织材料，通过一件具体的小事来展现母爱这一主题(C04)。文章开头简洁明了，直接点出饼干的特殊意义，是一个不错的切入点(S11)。在核心事件的叙述上，作者能够有主次、有顺序地进行观察和描写，例如从自己肚痛到听到打蛋器的声音，再到闻到饼干的香气，整个过程交代得清晰有序(E12)，并且能够关注到母亲“脸上像要溢出来似的”笑容等细节(E11)，对重点部分做到了详写(S09)。文章的语言表达整体通顺(E01)，用词也较为恰当生动(E02)，能够综合运用记叙和抒情等表达方式(E06)。然而，文章在结构衔接和思想深度上还有提升空间。从第三段的具体叙事转到第四段的概括性议论时，段落间的过渡略显生硬，缺乏紧密的逻辑关联(S08)，这使得文章虽然能从不同角度思考母爱主题(C06)，但其思想的独创性和深刻性受到了一定的限制(C05)。同时，用于支撑观点的材料虽然具体，但还可以更加充分，以增强文章的说服力(C02)。在语言技巧方面，修辞手法的运用不够丰富(E05)，表现手法的多样性也有待加强(E07)。"
250104,"文章在内容选择上表现不错，能够围绕一次难忘的火车旅行这一中心，选取和新朋友结识并玩耍的具体事件作为核心材料(C04)，这些材料也比较充分，展现了旅途的趣味性(C02)。通过开篇与过去糟糕经历的对比，体现出一定的多角度思考能力(C06)，但文章的主题提炼较为常规，在思想深刻性与独特性上还有提升空间(C05)。结构方面，文章的段落能够紧扣主旨(S06)，也运用了一些过渡词语来衔接上下文(S03)，并能有意识地详写交友玩乐的重点部分(S09)。然而，段落之间的逻辑关系显得有些松散(S08)，事件的交代有时不够清晰(S02)，同时，作为铺垫和过渡的材料则处理得过于简略(S10)，使得文章详略不够均衡，开篇也因此显得较为平淡(S11)。语言表达是本文需要重点关注的方面，文章语句基本通顺完整(E01)，但词语的运用比较平实，不够生动优美(E02)，也未能综合运用修辞手法来增强表达效果(E05)。全文主要以记叙为主，表达方式单一(E06)，对人物和事件的细节刻画不足(E11)，限制了文章的感染力。"
250106,"文章以一次在悉尼歌剧院的演出为核心事件，选材具体且内容充实(C02)，全文紧密围绕“荣幸的演出”这一中心来组织叙事，材料的选用与主旨的关联度较高(C04)。从结构上看，文章按照演出前、演出中和演出后的时间顺序展开，叙事线索清晰，前后内容的衔接较为自然(S02)，并能运用“终于”等词语实现段落间的过渡(S03)。同时，对演出高潮部分的描写，如观众雷鸣般的掌声，做到了详略得当中的“详写”(S09)，语句也基本通顺完整(E01)。然而，文章在思想深度上稍显不足，结尾的感悟停留在“开心”和“继续努力”的层面，未能对这次经历的意义进行更深层次的挖掘(C05)。在语言表达方面，词语的运用较为平实，不够生动优美(E02)，且全文基本以记叙为主，综合表达方式运用不足(E06)，也较少运用修辞手法来增强语言的表现力(E05)。尽管注意到了后台同学练习的细节，但对人物和事件的刻画仍有提升空间，尤其是在描摹演出时的个人感受和音乐氛围等关键细节上略显不足(E11)。"
250107,"文章能够围绕游览小珠山这一中心选择和组织材料(C04)，内容选取了自然风光、猛兽表演、动物观察等多个角度，较为具体充分(C02)，体现了多角度思考主题的意识(C06)。全文结构完整，记叙顺序清晰，能够清楚交代前后内容(S02)，各段落及段落内部的句子都能与主旨和段落中心紧密相连(S06)(S07)，段落间的关系也比较紧密(S08)。在具体描写上，文章对小老虎的外形等细节有较为细致的观察和呈现(E11)，观察时做到了有主次有顺序(E12)，并能对文章的重点部分进行详写(S09)。然而，文章在思想的独特性与原创性上表现平平(C05)，开头部分的表述略显常规(S11)。同时，文章对过渡性材料的处理不够娴熟，导致部分情节转换略显突兀，未能有效略写(S10)，相邻段落间也缺少更自然的过渡词句进行粘合(S03)。语言层面，语句基本通顺完整(E01)，但词句的恰当生动性有待提升(E02)，修辞手法(E05)和表现手法(E07)的综合运用能力不强，尤其在表达方式上以记叙为主，略显单一(E06)。结尾部分则能够做到简洁利落(S12)。"
250108,"文章能够围绕课堂活动这一中心选取具体且较为充分的材料来展开叙述(C02)，并能从猜、摸、看、说等多个角度组织这些材料来表现主题(C04，C06)，尤其在重点环节的书写上做到了详略得当中的“详写”(S09)，段落内部的句子组织也较为紧密，能够围绕段落中心句展开(S07)。然而，文章在整体结构和思想深度上存在不足。首先，文章的开头和结尾都显得较为平淡，未能有效吸引读者或深化主旨(S11，S12)。其次，段落之间的衔接不够流畅，缺乏有效的过渡(S03，S08)，导致前后内容的交代有时不够清晰(S02)，部分段落与文章主旨的关联性也有待加强(S06)，同时对次要材料的处理也显得比较粗略(S10)。在语言表达层面，语句基本通顺完整(E01)，但词语运用较为平实，不够生动优美(E02)，并且文章基本以记叙为主，表达方式单一(E06)，缺乏修辞手法和表现手法的综合运用(E05，E07)。最后，虽然文章记录了活动过程，但对人物和事件的细节刻画不足(E11)，观察也缺少主次和顺序感(E12)，使得文章在思想内涵上未能展现出独特性与深刻性(C05)。"
250109,"文章能够紧密围绕“观月”这一中心事件来选择和组织材料，从与父亲的对话铺垫，到观察过程的记录，再到最后的感受，展现了多角度的思考(C06)，使得各段落主旨明确且关联紧密(S06)，材料的组织也较为有序(C04)。文章选取了观看“超级蓝血月全食”这一具体事件作为写作材料，内容是充实的(C02)。叙事上，通过父女对话交代了事件的背景，使得前后内容得以衔接(S02)，段落内的句子也基本能围绕中心意思展开(S07)。结尾部分简洁利落，回应了文题(S12)。然而，文章在思想深度上表现平平，对事件的感悟停留在“美”和“难忘”的层面，缺乏更具独创性的思考(C05)。结构方面，段落间的过渡依赖于“又过了一个小时多”这类简单的时间词，衔接略显生硬，紧密性不足(S03)(S08)。对于核心场景月亮变化的描写不够突出，未能进行充分的详写(S09)，而作为铺垫的对话部分则显得有些拖沓，略写处理不当(S10)。开篇方式较为平淡，未能有效吸引读者(S11)。语言表达上，语句基本通顺(E01)，但词语运用较为平实，如用“美极了”“好看极了”来形容，显得生动性不足(E02)。观察的细节虽有提及，但不够深入细致(E11)，观察的层次感也不强(E12)。此外，文章在表达方式上较为单一，以记叙为主(E06)，修辞手法(E05)和表现手法(E07)的运用都非常有限，影响了文章的文采和感染力。"
250110,"文章能够围绕核心事件展开叙述，材料的选择与组织都紧扣主旨，显示出较好的谋篇布局能力(C04)，段落与段落之间(S08)、段落与主旨之间(S06)的联系也较为紧密。叙事上，全文能够按照事情发展的先后顺序进行观察和记述，条理清晰(E12)，且语句通顺，意思表达完整(E01)。文章选取的“走失”事件作为假期中的一件事，材料本身是具体且充分的(C02)。然而，在内容的呈现上存在一些不足。首先，文章的重点部分虽然有所展开，但细节刻画仍显不足(S09)，尤其是在找到妹妹和朋友这一关键转折点上处理得过于简略，未能交代清楚前后的情况(S10)，导致情节连贯性受到影响(S02)。其次，文章的思想提炼较为浅显，结尾的道理总结流于表面，缺乏独创性的思考(C05)。在语言表达层面，词句的运用基本恰当，但不够生动优美(E02)，修辞手法(E05)和表达方式(E06)的运用也较为单一，主要停留在叙述层面，对人物和事件的细节描摹不够深入(E11)。开头和结尾的设计略显平淡，属于功能性写作但缺乏文采(S11，S12)。"
250111,"这篇作文以参观清华大学艺术博物馆为主题，能够选取具体的参观经历以及《弓箭手赫拉克勒斯》、《战神阿波罗头像》等具体展品作为写作材料，内容较为充实(C02)。文章整体能够围绕“难忘的参观”这一中心进行选材和组织(C04)，但在思想的深刻性和原创性方面表现中规中矩(C05)。虽然尝试从不同作品切入，但多角度思考和材料选用的丰富度上仍有拓展空间(C06)。在结构布局上，文章开头交代了参观的时间、地点及展览主题，切入较为自然恰当(S11)；结尾虽然有些仓促，但也做到了简洁利落(S12)。各段落内容基本能围绕主旨展开(S06)，段落内部的句子也多能紧扣段意(S07)。然而，文章在前后内容的衔接上存在明显不足，未能清晰地交代参观的动线或心理变化(S02)。段落之间缺乏有效的过渡词句进行粘合(S03)，导致段与段之间的逻辑关系显得较为松散(S08)。详略安排方面，作者能够对核心展品进行详写(S09)，但对于过渡性的内容处理得不够平滑，略写部分显得略显生硬(S10)。语言表达方面，大部分语句通顺，意思表达完整(E01)。作者能够运用一定的描写手法，如“隆如山峦般的肌肉”、“如满月般弯起的弓箭”等，词句运用较为恰当(E02)，体现了对修辞手法(E05)和多种表达方式(E06)的尝试。在表现手法上，通过具体的细节描写来展现雕塑的特点(E07)。特别是对雕塑人物的脚趾、颧骨、眼神等细节给予了关注(E11)，体现了作者在观察时具有一定的主次和顺序意识(E12)。不过，文中仍存在部分语病，如“由……创作的”句式杂糅等，需要进一步规范。"
250112,"文章能够从多个角度选取台湾之旅的材料，涵盖了现代建筑、自然风光和历史文物，内容具体且充分(C02)(C06)。文章的观察具备一定顺序性，尤其在描写白沙滩的场景时，能够按照动作的先后进行叙述(E12)，且基本句式通顺，意思表达完整(E01)。然而，文章在思想深度上表现平平，结尾对“宝岛”的感悟虽然有一定想法，但与前文的游玩叙述结合不够，显得较为突然，独创性不足(C05)。结构方面，虽然开头和结尾完整(S11)(S12)，且各段落都与“台湾之旅”这一主旨相关(S06)，但段落间的逻辑关系不够紧密(S08)，主要原因是缺少必要的过渡词句(S03)，使得从不同景点的跳转略显生硬，前后内容的交代不够清晰(S02)。同时，在核心段落内部，句与句之间的联系也较为松散，未能有效围绕段落中心句展开(S07)。在材料组织上，文章能围绕中心选择材料(C04)，并对重点部分（白沙滩）和次要部分（101大楼）做出了详略处理(S09)(S10)，但对人物和事件的细节刻画还有提升空间(E11)。语言表达上，词句的选用基本恰当，但不够生动优美(E02)，修辞手法(E05)、表达方式(E06)和表现手法(E07)的运用都比较单一，限制了文章的感染力。"
250113,"文章选取了咖啡馆中的一次激烈冲突作为写作材料，内容具体且充分(C02)，能够围绕“退一步海阔天空”的中心思想来选择和组织事件的记叙(C04)，并通过新年喜庆氛围与暴力事件的对比，从不同角度来表现主题(C06)。在结构安排上，文章叙事清晰，能够交代清楚事件的来龙去脉(S02)，观察过程主次分明且有序(E12)，开头结尾的设置也较为恰当(S11)(S12)。同时，对冲突过程的详写和对背景的略写处理得当，使得文章重点突出(S09)(S10)，段落内部的句子之间也连接紧密(S07)。全文语句通顺，意思表达完整(E01)，并综合运用了记叙、描写和议论等表达方式(E06)及对比等表现手法(E07)。不足之处在于，文章提炼的道理较为常见，思想的独创性与深刻性有待加强(C05)。结构上，段落之间的关系可以更紧密(S08)，过渡词句的使用以及段落和主旨的关联也需进一步强化(S03)(S06)。语言方面，词句的生动性和优美性尚有提升空间(E02)，修辞手法的运用也略显单一(E05)。在细节刻画上，对事件过程的关注较为充分，但对人物的细节描摹可以更深入(E11)。"
250114,"文章能够围绕大年初一这一中心选择并组织家庭团聚与庙会游玩两项材料(C04)，内容选取较为具体(C02)，叙述时能按照游览顺序展开，条理比较清晰(E12)，段落之间的关系也较为紧密(S08)，且全文语句通顺，意思表达完整(E01)，开头和结尾的结构也比较完整(S11)(S12)。然而，文章在思想深度上有所欠缺，未能写出独特的感悟与思考(C05)，尽管能从家庭与社会两个角度取材，但对主题的挖掘不够(C06)。结构方面，文章的重点部分描写不够详细(S09)，例如滑冰和美食环节都缺少必要的细节(E11)，导致文章缺乏亮点；同时，段落内部的逻辑衔接不够紧密，如从滑冰到美食街的转换未能清晰交代(S02)，段内句与句的联系也有所松散(S07)，使得段落与主旨的关联性被削弱(S06)，段落间的过渡也显得较为简单(S03)，详略处理的意识不强(S10)。在语言表达上，词句的运用虽然基本恰当但不够生动优美(E02)，记叙之外的表达方式运用不足(E06)，也基本没有综合使用修辞手法(E05)或多样的表现手法(E07)来增强文章的文学色彩。"
250115,"文章主题鲜明，能够通过一次具体的火灾事故进行多角度的思考，从事件本身延展到禁放规定与环境保护等社会议题，体现了较好的思维广度与深度(C06)，选材具体且充分(C02)，并能围绕中心有效组织材料(C04)，使文章具备了一定的独创性(C05)。在结构与叙事方面，文章对核心的救火场面进行了细致入微的描写，做到了主次分明，详略得当(S09，S10)，对人物和事件细节的捕捉尤为出色(E11)，观察有序(E12)，开头结尾的处理也较为恰当(S11，S12)，且段落内部及段落之间在逻辑关系上都与主旨紧密相连(S06，S07，S08)。然而，文章在段落间的衔接上存在不足，第二段的个人思绪与第三段的突发事件之间缺少自然的过渡，使得前后内容的交代不够清晰(S02)，过渡词句的使用也有待加强(S03)。语言表达方面，全文语句通顺(E01)，并使用了一些生动的词汇(E02)，但在修辞手法(E05)、表达方式(E06)及表现手法(E07)的综合运用上略显单一，丰富性不足。"
250116,"文章的核心优势在于内容与结构的完整统一，能够选取更换钢琴老师这一具体且充分的个人经历来支撑“面对恐惧”的主题(C02)，并围绕中心思想对事件的起因、经过和结果进行了有序组织(C04)，最终通过新旧老师的对比和心理预期的反转，提炼出“恐惧源于想象”这一具有独创性的深刻感悟(C05)。在结构层面，文章叙事线索清晰，能够清楚交代事件的前后关联(S02)，并通过使用“第二天”“在去钢琴课的路上”等过渡词句实现了段落间的顺畅衔接(S03)，使得各段落内容均能紧密围绕主旨展开(S06)，段落内部的句子也能服务于段落中心(S07)，段与段之间关系紧密(S08)，结尾部分简洁有力地总结了全文，深化了主旨(S12)。语言表达上，语句基本通顺完整(E01)，部分词句运用较为恰当生动(E02)，且能有主次、有顺序地观察并描绘事件细节，如车内紧张氛围和新教室的温馨环境(E11，E12)，综合运用了记叙、描写和议论等表达方式(E06)，并通过新旧对比的手法来凸显主旨(E07)。然而，文章在某些方面尚有提升空间，例如，虽然能从“自我心理”角度思考主题，但在材料表现的多角度上稍显单一(C06)；开头部分虽然点题，但略显平直，可以设计得更具吸引力(S11)；对详略处理的把握可以更加精准，作为重点部分的课堂体验过程可以再详尽一些(S09)，而开篇交代朋友换老师的背景作为过渡性材料则可以处理得更简练(S10)；此外，修辞手法的综合运用能力有待加强，文中修辞手法较少(E05)。"
250117,"文章选取了初一和初二拜年两个具体场景作为素材，内容充实(C02)，并且能够紧紧围绕“难忘的拜年”这一中心进行组织，主题明确(C04)。叙事条理非常清晰，特别是在描写拜年动作和习俗流程时，展现了极佳的观察顺序，有主次、有步骤地还原了场景(E12)。段落之间利用时间顺序紧密关联，结构稳固(S08)，对于过渡性材料的处理也较为简洁得当(S10)。语句表达通顺流畅，意思表达完整(E01)，结尾能够简洁利落地总结全文并升华主题(S12)。在细节描写方面，关注了具体的手势动作和食物细节，具有生活气息(E11)，也能从不同时间、对象多角度展现主题(C06)。句段之间的逻辑联系较为紧密(S07)，部分词句运用了比喻，具有一定的生动性(E02)。不过，文章在立意上较为常规，缺乏独特的思想深度(C05)，详写部分虽然细致但略显平铺直叙，情感渲染不够浓墨重彩(S09)。开头虽然运用了比喻，但略显套路化(S11)，段落间的过渡词句还可以更加自然丰富(S03)。各段落虽围绕主题，但在紧扣“主旨”的情感粘合度上稍显松散(S06)，前后内容的交代偶尔略显生硬(S02)。修辞手法(E05)、表达方式(E06)以及表现手法(E07)的运用相对单一，若能综合运用多种手法，文章文采将更上一层楼。"
250120,"文章围绕滑冰记事，选取了初到冰场时的尴尬、冰上摔跤的疼痛与快乐等具体事件作为写作材料，内容较为充分(C02)，并且能够将这些材料围绕“笑声”与友谊这一中心进行组织(C04)，观察过程主次分明，顺序清晰(E12)。文章在结构安排上体现出较好的整体性，开头能够点题并引出事件(S11)，结尾则能回应主旨(S12)，各段落与中心思想的联系较为紧密(S06)，段落内部的句子也能围绕中心句展开(S07)，段落间的衔接也比较紧密(S08)。作者懂得运用过渡词句来连接上下文，使得叙事线索清晰(S03)，并能对滑冰过程中的摔跤等重点情节进行详写，对租鞋等次要环节进行略写，主次分明(S09，S10)。然而，文章在思想深度和选材角度上略显平淡，未能展现出更具独创性的思考(C05)，也未能从多个角度展开论述(C06)。在情节交代上，部分细节的铺垫不足，如朋友为何只是笑而不语，交代不够清晰(S02)。语言表达是本文的主要弱项，虽然语句基本通顺完整(E01)，但词语运用较为平实，缺乏生动优美的色彩(E02)，修辞手法的运用也比较单一(E05)。同时，文章以叙述为绝对主导，描写、抒情等表达方式融合不足(E06)，整体表现手法较为有限(E07)，虽然注意到了“眼冒金星”“吧嗒一声”等细节(E11)，但对人物情态和场景氛围的刻画仍有提升空间。"
250121,"文章在内容选择与组织上展现了一定的能力，能够选取一件具体的生活小事来表现主题，材料较为充分(C02)，并且能够围绕“难忘”这一中心来组织记叙，使文章主线清晰(C04)。从引用名言切入个人回忆的构思，体现出学生尝试从多角度构思文章的意识(C06)。文章对重点部分的刻画比较成功，尤其对母亲抱起自己奔向医院以及彻夜照顾等情节进行了详写，突出了母爱的伟大(S09)，其中对母亲“满脸的血丝”的观察也体现了对细节的关注(E11)，结尾部分亦能简洁地点明主旨(S12)，整体语句通顺，叙事流畅(E01)。然而，文章在思想深度与艺术技巧上存在不足。文章主题较为常见，未能挖掘出更深刻或独特的感悟，因此在原创性上稍显平淡(C05)。结构方面，开篇的引言与正文故事的衔接略显生硬，未能形成有机的整体(S11)，导致前后内容的交代不够清晰(S02)，段落间的逻辑关系也因缺少必要的过渡词句而显得不够紧密(S03)(S08)。同时，部分段落内部的句子联系可以更紧密些(S07)，对次要材料的省略处理也不够精炼(S10)。语言表达较为平实，词语的运用不够生动优美(E02)，且全文基本以叙述为主，表达方式单一(E06)，缺少必要的修辞手法(E05)和表现手法(E07)来增强文章的感染力。"
250122,"文章能够从观看冬奥比赛切入，关联个人观赛心情与国家荣誉感，体现出对主题的多角度思考(C06)。主体部分对观看中国队比赛的过程进行了详写，抓住了重点(S09)，并能有主次地记录赛场表现与个人感受，观察具备一定的顺序性(E12)。全文语句基本通顺，意思表达完整(E01)。在内容选择上，能够选取观看隋文静、韩聪比赛这一具体事例作为支撑材料(C02)，这些材料基本能围绕观赛感受与祖国自豪感这一中心展开(C04)。结尾部分简洁，能够点明主旨(S12)。同时，在描写观赛心理时，能够关注到激动、紧张等情绪细节(E11)，内容的前后衔接也基本清晰(S02)。然而，文章在思想深刻性上有所欠缺，将观赛直接等同于国家强大，思考的独创性不足(C05)。结构方面的问题较为明显：开头平淡(S11)，第二段关于花滑历史的介绍属于过渡性材料，但处理得较为生硬，未能进行有效略写并融入文中(S10)，导致该段与主旨的关联度不高(S06)，也使得段落间的关系不够紧密(S08)，缺乏必要的过渡词句(S03)。部分段落内部的句子之间也欠缺紧密的逻辑联系(S07)。在语言表达上，词句的运用不够恰当生动(E02)，叙述和议论是主要的表达方式，但综合运用多种表达方式的能力有待提升(E06)，修辞手法(E05)和表现手法(E07)的使用也较为单一。"
250123,"文章能够紧紧围绕浮潜这一核心事件展开，选材具体充分，尤其对海底世界的描绘展现了丰富的细节(C02)，所有材料的选择与组织都服务于中心主题(C04)。从结构上看，文章重点突出，对浮潜过程中的所见所闻进行了详写(S09)，段落之间以时间为线索，关系紧密，逻辑清晰(S08)。语言表达是本文的突出优点，语句通顺完整(E01)，能够运用恰当生动的词汇进行景物描写(E02)，并且对事件细节有很好的捕捉能力(E11)。作者具备多角度观察的意识，写出了水上和水下两种不同视角的景象(C06)，观察时也做到了有主次有顺序(E12)。然而，文章在思想深度上略显不足，对事件的记录多于深刻的感悟，独创性有待提升(C05)。在结构布局方面，开头对准备工作的交代可以更为凝练(S11)，对部分过渡性材料的处理也还可以更简洁一些(S10)，结尾虽然利落但稍显仓促(S12)。同时，在重点段落内部，个别语句之间的逻辑关联可以更紧密，以更好地服务于段落中心(S07)。尽管文章能够交代清楚前后内容(S02)，段落之间也使用了过渡词句(S03)，且各段落均与主旨紧密相连(S06)，但在表现技巧上，虽然综合运用了叙述、描写等表达方式(E06)和一些修辞手法(E05)，但表现手法的多样性仍有拓展空间(E07)。"
250124,"文章围绕“滑雪”这一中心事件，选取了学习S形滑雪、父亲滑雪趣事等具体材料，内容选择是充分的(C02)，并且能够做到详略得当，对过渡性材料处理得当(S10)。全文能围绕中心组织材料(C04)，并通过学习过程与父亲趣闻两个角度来表现主题(C06)。在主体段落中，叙事脉络清晰，能够关注到人物动作与事件细节(E11)，做到了主次有序的观察(E12)，重点部分得到了突出(S09)。各段落能够紧密围绕文章主旨展开(S06)，段落内部的句子也能和段落中心意思紧密联系(S07)。然而，文章在结构衔接和思想深度上存在不足。开头部分记叙要素交代得过于直白，略显平淡(S11)。结尾的感悟与前文的融合不够自然，显得有些仓促，影响了思想的深刻性(C05)，仅做到了简洁收束(S12)。同时，文章主体部分从“我”学会滑雪到“爸爸”滑雪的情节转换不够连贯，缺乏必要的过渡词句(S03)，导致段落间的关系不够紧密(S08)，前后内容的交代清晰度一般(S02)。语言表达方面，文章语句基本通顺，意思表达完整(E01)，但在词句的运用上还不够生动优美(E02)。叙述是主要的表达方式，但综合运用多种表达方式的能力有待提升(E06)。此外，文章基本没有运用修辞手法和多样的表现手法，使得文采有所欠缺(E05)(E07)。"
250125,"该生作文内容围绕“铝包木窗”这一物体展开，叙述了购买、观察及与父亲对话的过程，材料选取较为具体，能够支撑文章内容(C02)，且始终紧扣这一中心对象进行组织，没有偏离主题(C04)。但在立意方面，文章仅停留在对物体表象的探究，缺乏独特的思考或深刻的见解，原创性略显不足(C05)。虽然尝试从外观、材质、用途等角度进行描写(C06)，但深度有限。在结构上，文章叙事逻辑清晰，能够交代清楚事情的前因后果(S02)，段落内容均紧密围绕主旨展开(S06)，句与句之间联系较为紧密(S07)。不过，段落间的过渡较为平淡(S03)，段际关系不够紧凑(S08)。详略安排上较为平均，重点部分的描写不够突出(S09)，过渡性材料的处理也较为常规(S10)。开头直接切入主题，中规中矩(S11)，但结尾总结显得匆忙且逻辑略显跳跃，不够简洁有力(S12)。语言表达方面，语句整体通顺，意思表达完整(E01)，能够按由整体到局部的顺序进行观察描写(E12)。但词汇较为口语化，生动性一般(E02)，修辞手法运用较少(E05)，表现手法和表达方式较为单一(E06)(E07)。虽然关注到了物体花纹等细节(E11)，但描写力度尚待加强。"
250126,"文章在内容选择与篇章结构方面表现不错，能够紧扣“勇气和智慧”的中心，选取初次滑雪这一具体充分的材料来展开叙述(C02)，并且能围绕中心来组织材料(C04)，体现出从“智慧”解决问题和“勇气”克服困难两个角度进行思考的尝试(C06)。文章结构完整，开头能够恰当入题(S11)，主体部分叙事清晰，前后内容交代清楚(S02)，段落间的关系紧密(S08)，并能使用过渡词句进行粘合(S03)。同时，各段落与主旨的关联性强(S06)，能够对过渡性材料进行略写(S10)，使得文章重点较为突出，整体语句通顺完整(E01)。然而，文章在思想深度和语言表达的细节上还有提升空间，对主题的提炼未能展现出更深刻或独特的原创性思考(C05)。在叙事过程中，对人物和事件的细节刻画不足(E11)，例如对“害怕”和“爽”的心理感受描写较为表面，未能对重点部分进行充分的详写(S09)。语言运用方面，词句虽然基本恰当，但不够生动优美(E02)，且综合运用的修辞手法(E05)、表达方式(E06)及表现手法都比较有限(E07)，影响了文章的文学色彩。结尾虽然简洁利落，但在升华主旨方面稍显仓促(S12)。"
250127,"文章选取了寒假与表弟听音频这一具体生活场景作为素材，材料充实(C02)，且能紧紧围绕“风波”这一中心进行组织(C04)。作者不仅描写了表弟的调皮行为，还结合即将分别的背景展现了自己心理的复杂变化，体现了多角度思考主题的能力(C06)，但在思想的深刻性和原创性方面略显不足(C05)。结构上，各段落紧扣主旨(S06)，段落间逻辑关系紧密(S08)，对于心理变化等重点内容进行了详写(S09)，非重点的过渡材料处理得当(S10)，句子与段落中心联系较好(S07)。虽然开头(S11)和结尾(S12)基本合格，但在交代前后内容的清晰度(S02)以及段落间的过渡衔接(S03)上还有提升空间。语言方面，语句通顺(E01)，词句运用较为恰当生动(E02)，综合运用了比喻等修辞手法(E05)及多种表达方式(E06)和表现手法(E07)。作者观察有一定的顺序(E12)，但在人物动作和神态的细节描写上还需进一步打磨(E11)。"
250128,"文章选取了寒假语文班期末测试这一具体事件，材料充实，完整支撑了“惊心动魄”的主题(C02)；叙事紧紧围绕考试前后的心理变化展开，材料组织严密，紧扣中心(C04)。作者不仅描写了外部流程，还深入挖掘了内心的起伏与对学习方法的思考，体现了多角度的表现力(C06)，且结尾处的反思具备一定的思想深度(C05)。文章时间线清晰，前因后果交代明确(S02)，段落间过渡自然流畅(S03)，各段落与主旨(S06)、句与段中心(S07)以及段与段之间(S08)的逻辑关系都非常紧密。叙事详略得当，重点详写了考试中的心理波折和具体题目带来的冲击(S09)，略写了常规的备考过程(S10)。开头开门见山点明题旨(S11)，结尾总结感悟并引用名言升华，简洁有力(S12)。全文语句通顺流畅(E01)，用词生动准确，如“过山车”的比喻形象传神(E02)，综合运用了比喻、夸张等修辞手法(E05)以及记叙、议论等表达方式(E06)，表现手法丰富多样(E07)。特别值得称赞的是对细节的捕捉，如“门把转动”、“脸发烫”等描写极具画面感(E11)，且观察视角主次分明、顺序井然(E12)。"
250129,"文章选取了“期末考试前生病确诊乙流”这一具体且充分的生活实例，内容真实可信(C02)，叙述过程始终紧扣“健康比学习重要”这一中心主题，没有偏离主线(C04)。在行文布局上，能够做到详略得当，对病情反复和确诊过程进行了详写(S09)，对等待和路途等过渡性材料进行了恰当的略写(S10)。文章结构完整，起因、经过、结果交代清楚(S02)，段落之间逻辑关系紧密(S08)，并且能够运用“记得”、“可是在周四的下午”等过渡词句有效地粘合段落，使叙事流畅(S03)。各段落内容均与主旨保持了紧密的联系(S06)。叙事条理清晰，体现了作者有主次、有顺序的观察能力(E12)。学生能尝试从医生诊断、妈妈反应及自身感受等多角度表现主题(C06)，语句通顺，基本意思表达完整(E01)。但在思想深度上，立意较为常规，仅停留在“生病耽误考试”的表层感悟，缺乏独特的见解或深刻的思考(C05)。开头直陈结果，结尾简单总结，虽然简洁但略显平淡，缺乏吸引力和回味感(S11，S12)。部分句子与段落中心的逻辑粘连不够紧密，叙述略显松散(S07)。语言表达较为口语化，缺乏生动优美的词句点缀(E02)，修辞手法运用极少(E05)，表达方式和表现手法较为单一(E06，E07)，缺乏对人物神态、心理及动作的细腻刻画，细节描写显得单薄(E11)。"
250130,"文章在内容选择与结构安排上表现出色。全文能够围绕“足球旅行”这一中心来选择和组织材料(C04)，选取了一场惜败和一场大胜作为核心事件，材料具体且充分(C02)。文章的叙事逻辑清晰，能够清楚交代事件的前后经过(S02)，段落之间衔接紧密(S08)，并使用了必要的过渡词句(S03)，使得各段落及段落内部的句子都能紧扣主旨(S06，S07)。作者对素材的主次处理得当，能够详写比赛的关键部分(S09)，并对行程等过渡性内容进行略写(S10)，整体语句通顺，意思完整(E01)。然而，文章在思想深度与表达方式上存在提升空间。尽管从胜负两个角度来写体现了一定的思考(C06)，但文末的感悟较为常规，未能展现出更深刻或独特的思想性(C05)。文章的开头和结尾处理得比较平淡，开头仅为事件的铺陈(S11)，结尾则略显仓促(S12)。语言表达方面，词语的运用基本恰当(E02)，也关注到了一些事件细节(E11)和观察顺序(E12)，但文章整体以记叙为主，综合表达方式运用不足(E06)，缺少必要的描写与抒情，修辞手法(E05)和表现手法(E07)的使用也较为有限，影响了文章的感染力。"
250131,"文章选取了小丑营地、外国艺人舞蹈、老北京记忆美食及变戏法等丰富具体的材料(C02)，这些材料紧紧围绕“逛庙会”这一中心进行组织，主旨明确(C04)。作者能够按照游览的行踪，有主次、有顺序地进行观察和描写(E12)，并且详写了庙会中热闹有趣的重点部分(S09)，各段落与主旨联系紧密(S06)。在叙述过程中，文章交代清楚了事情的来龙去脉(S02)，并能运用“一进门”、“之后”等过渡词句粘合相邻段落，使行文流畅(S03)。语句通顺，意思表达完整(E01)，使用了“栩栩如生”等恰当词汇及排比修辞增强了生动性(E02)(E05)，同时也关注到了气球形状、变戏法过程等细节(E11)。文章开头通过习俗对比引出主题，写法得当(S11)，也能从视觉、味觉等多角度表现主题(C06)。不过，文章结尾略显仓促简单(S12)，段落内部各句话之间的逻辑连接还可以更紧密(S07)，过渡性材料的略写处理略显生硬(S10)。此外，文章整体立意较为常规，缺乏独特的思想深度(C05)，表现手法也相对单一(E07)，综合运用多种表达方式的能力有待提升(E06)。"
250133,"该作文在选材上表现出色，能够抓取游乐设施的具体体验和下雨这一环境细节来支撑文章内容，符合选取具体充分材料的要求。文章始终围绕香港迪士尼之行及环境对心情的影响这一中心展开，材料组织紧凑。结尾处由游玩体验上升到环境对人影响的哲理思考，体现了一定的思想深度和独特性。作者能够从游玩体验和环境影响双重角度进行思考，选材恰当。结构方面，文章的时间线索清晰，前后内容交代明确，段落间过渡自然，各段落与主旨联系紧密，段际关系强。在详略安排上，重点描写了“冲天遥控车”的体验，详写得当，但开头的行程铺垫略显流水账，过渡性材料的略写处理还有提升空间。开头中规中矩，结尾简洁有力且升华了主题。语言表达上，语句通顺流畅，用词生动形象，特别是对心理活动和动作的描写十分细腻。综合运用了记叙、描写、议论等表达方式，以及对比等表现手法。虽然修辞手法的多样性一般，但在人物细节刻画和有顺序的观察描写上表现满分，极大地增强了文章的画面感。这是一篇叙事清晰、描写细腻且带有一定哲理思考的佳作，以下是具体点评：在内容选材方面，你非常善于捕捉生活中的具体场景，如关于带伞的对话以及“U形轨道”游乐设施的惊险体验，材料选取具体且充分(C02)。整篇文章始终紧紧围绕“迪士尼之行”这一中心进行组织，没有偏离主题(C04)。难能可贵的是，你在结尾处由雨天游玩的遗憾延伸出“环境影响人”的思考，赋予了作文独特的思想深度(C05)。同时，你能从游玩的乐趣与天气的阻碍这两个角度切入，多角度表现了这次旅行的复杂感受(C06)。在结构布局上，文章的时间线索清晰，从出发前的准备到游玩过程再到回酒店的思考，前后内容交代得十分清楚(S02)。段落之间使用了“一路上”、“回酒店后”等过渡词句，有效粘合了相邻段落(S03)。每一个段落都与文章的主旨紧密相连，没有游离于主题之外的内容(S06)，段落内部的句子也紧紧围绕段落中心展开(S07)，使得段与段之间的逻辑关系非常紧密(S08)。在详略处理上，你对游乐设施体验的重点部分进行了精彩的详写(S09)，但开头的行程介绍略显铺陈，若能更精简地处理这些过渡性材料会更好(S10)。开头虽然交代了背景，但略显平淡(S11)，而结尾则简洁利落，有力地收束了全文(S12)。在语言表达上，你的语句通顺流畅，意思表达完整(E01)。用词恰当且生动，例如“咽了一口口水”、“像脱轨的火车”等描写非常有画面感(E02)。文章综合运用了记叙、描写和议论多种表达方式(E06)，并使用了心理描写和对比等表现手法来增强感染力(E07)。虽然修辞手法的运用相对基础(E05)，但你对人物和事件细节的关注令人印象深刻，如“紧紧地抓住扶手”等细节描写非常到位(E11)。此外，在描写游乐项目时，你能按照倒计时和运行轨迹的顺序进行观察，条理清晰(E12)。"
250134,"文章能够紧紧围绕捡贝壳这一中心事件来组织叙述与议论的材料，主线清晰，材料集中(C04)，并且能够从捡贝壳的具体行为升华到对生活哲理的思考，体现了多角度剖析主题的能力(C06)。在叙事上，文章能够清晰交代事件的前后经过(S02)，并借助过渡词句使段落间的衔接较为自然(S03)。对于捡贝壳这一核心环节，作者进行了详写，描述了从失败到掌握技巧的过程(S09)，而对到达酒店等次要信息则处理得比较简略(S10)，详略安排得当。同时，文中不乏对动作和心理的细节捕捉，例如与海浪争夺贝壳以及发现大扇贝时的惊喜，这些都展现了作者对事件细节的关注(E11)。不过，文章在选材的充分性上还有提升空间，虽然写了捡贝壳的过程，但可以增加更多独特或丰富的材料来支撑主题(C02)。结尾的感悟虽然与主题契合，但将生活比作捡贝壳的立意较为常见，在思想的独创性与深刻性上可以进一步挖掘(C05)。从结构上看，各段落与主旨的关联以及段落之间的逻辑关系可以更加紧密(S06，S08)，部分段落内的句子围绕段落中心句的组织也还有进步空间(S07)。文章的开篇略显平淡，可以设计得更引人入胜一些(S11)，结尾虽然点了题，但语言可以更凝练有力(S12)。语言表达方面，部分语句的通顺度需要打磨，存在少量语病或表达不够流畅的地方(E01)，词语的运用虽有亮点但整体的生动优美程度一般(E02)。在写作手法上，修辞手法(E05)、表达方式(E06)以及表现手法(E07)的综合运用还不够丰富，观察事物时的主次与顺序感也可以再加强(E12)。"
250135,"文章选取了寒假学滑冰这一具体事例，内容充实，能够支撑起叙事框架(C02)。全篇紧紧围绕“学滑冰”这一中心事件展开，从初试、受挫到成功的选材组织较为严密(C04)。虽然“坚持就是胜利”的主题较为常见，但结合个人具体体验，体现了一定的思想独特性(C05)。作者能够从环境观察、动作体验、心理变化等多个角度切入，选材合适(C06)。在结构上，文章起因、经过、结果交代清晰，叙事完整(S02)。段落间虽有时间推进，但过渡词句的运用略显生硬，粘合度有待提高(S03)。各段落基本围绕主旨展开，联系尚可(S06)，但部分句子间的逻辑衔接显得不够紧密，如第二段转折处略显突兀(S07)。段落间的整体逻辑关系较为紧密(S08)。文章重点突出了学滑冰的具体过程，详略得当(S09)，对去滑冰的背景等过渡性材料做了略写处理(S10)。开头采用“记忆长河”式写法，略显套路化(S11)；结尾总结显得匆忙且有错别字，不够简洁有力(S12)。语言表达方面，语句基本通顺，意思完整(E01)。使用了“翩翩起舞”、“步履蹒跚”等成语，词句运用较为恰当(E02)。文中运用了排比等修辞手法增强气势(E05)，并综合运用了记叙、描写、议论等表达方式(E06)。通过心理描写与动作描写的结合，表现手法较为丰富(E07)。特别是在滑冰动作的描写上，细节捕捉到位(E11)，观察事物具有一定的主次和顺序(E12)。"
250136,"文章在整体构思上展现了较好的逻辑性，能够围绕游览悬空寺这一中心选择并组织材料(C04)，观察顺序清晰，由远及近，层次分明(E12)。段落之间的关系较为紧密(S08)，并通过恰当的过渡词句实现了自然衔接(S03)，使得文章前后内容的交代比较清楚(S02)。开篇能够有效地引入事件(S11)，但在结尾部分则显得有些仓促，概括性和力度稍显不足(S12)。从内容深度来看，作者能够带着问题去游览，体现了多角度思考的意识和一定程度的独创性思考(C06，C05)，对游览中的重点部分也能进行详写(S09)。然而，文章选取的材料在具体与充分性上仍有欠缺(C02)，尤其是在对景物和事件细节的刻画上可以更加深入(E11)，同时对过渡性材料的略写处理不够精炼(S10)，并且部分段落与文章最终升华的主旨联系不够紧密(S06)。语言表达方面，全文语句通顺完整(E01)，词句使用基本恰当(E02)，段落内部的句子也能围绕中心意思展开(S07)。主要的不足在于表达方式比较单一，以记叙为主，缺乏多种表达方式的综合运用(E06)，在修辞手法(E05)和表现手法(E07)的运用上也显得较为有限，这在一定程度上影响了文章的感染力。"
250137,"文章选取了三次观察月食的具体过程作为素材，材料较为充分(C02)，且能够紧密围绕“观看月食”这一中心进行组织(C04)。开头明确点出时间与事件背景，切题恰当(S11)，结尾总结收获，简洁利落(S12)。文章体现了一定的观察视角和科学思考(C06)，具有一定的原创性(C05)。全文采用明显的时间顺序叙事，能够有顺序地进行观察记录(E12)。使用了“第一次”、“第二次”等过渡词句粘合段落，结构脉络清晰(S03)，前后内容交代较为清楚(S02)，各段落均服务于主旨(S06)。但在段落内部，部分句子的逻辑联系不够紧密(S07)，段落之间的内在衔接也略显松散(S08)。详略安排上，对月全食高潮部分的详写不够突出(S09)，对找望远镜等过渡性材料的略写也不够精炼(S10)。语句通顺度尚可，但存在部分口语化表达和语病，不够严谨(E01)。词句较为平实，生动优美程度一般(E02)。虽然尝试使用了比喻等修辞(E05)，但表达方式(E06)和表现手法(E07)较为单一。在细节描写方面，虽然关注了环境和人物(E11)，但对月亮变化的细微特征刻画不够深入。"
250138,"该生作文《三亚》记录了假期家庭旅行的经历，选材涵盖海边玩水、品尝美食及陪伴弟弟等内容，材料选取尚属具体但丰富度一般(C02)，基本能围绕“三亚游”这一中心进行组织(C04)。文章内容较为常规，缺乏独特的视角或深刻的思想感悟(C05)，多角度思考和材料运用的广度也有待提升(C06)。在结构方面，文章交代了事件的前因后果，叙事基本完整(S02)，段落之间能体现出一定的逻辑关联(S08)，各段落也能服务于文章主旨(S06)。但在具体的衔接上略显生硬，过渡词句的使用不够自然流畅(S03)，句与句、段落中心句之间的紧密度较弱(S07)，导致行文略显跳跃。对于重点部分如“玩水”的经历，描写不够细致深入(S09)，虽然略写处理尚可(S10)，但整体详略安排仍需优化。开头直白平淡，缺乏吸引力(S11)，结尾虽有点题但略显仓促和口号化(S12)。在语言表达上，语句基本通顺(E01)，词句使用中规中矩，缺乏生动性和优美感(E02)。修辞手法(E05)、表达方式(E06)及表现手法(E07)运用较为单一，多为平铺直叙。不过，作者能够关注到冲浪时的体感、与父亲关于比热容的对话以及弟弟的反应等生活细节(E11)，并能按照一定的顺序进行观察和叙述(E12)，体现了较好的观察力。"
250139,"文章能够紧密围绕“有趣”这一中心来选择和组织放鞭炮的材料(C04)，事件具体充分，展现了作者克服恐惧、学会新技能的过程(C02)。全文在结构上，段落与主旨以及段落之间的联系都比较紧密(S06，S08)，能够做到重点突出，对学习放“钻天猴”的过程进行了详写(S09)，对到达姥姥家的部分则处理得较为简略(S10)，结尾简洁有力，总结了收获(S12)。语言表达流畅，句子完整通顺(E01)，词语运用也较为恰当生动(E02)，对放鞭炮时的动作和心理等细节有比较细致的观察与描写(E11)。不足之处在于，文章开篇对春节的宏观介绍与后文个人经历的具体叙述之间衔接不够自然(S02)，同时文章在思想的独创性以及对主题的多角度思考方面还有提升空间(C05，C06)。"
250141,"文章选取了“削苹果”这一生活小事作为素材，虽贴近生活但内容较为单薄，缺乏足够的丰富度来支撑文章篇幅(C02)；虽然试图围绕“欲速则不达”的中心展开，但材料组织略显松散，中心不够突出(C04)。立意方面，从生活小事悟出道理的思路尚可，但思想深度和独创性一般(C05)，且未能从多角度对主题进行深入挖掘和表现(C06)。在结构安排上，文章起因、经过、结果虽有交代，但情节叙述跳跃，部分前后内容衔接不够自然清楚(S02)；段落之间缺乏有效的过渡词句进行粘合，导致转换较为生硬(S03)。特别是文章后半部分，感悟段落与主旨的联系不够紧密，存在游离感(S06)；句与句之间、段落内部的逻辑联系也较弱，中心句支撑不足(S07)；整体段落间的内在逻辑关系松散，结构不够严谨(S08)。在详略处理上，作为重点的“削苹果”过程描写过于简略，未能充分展开(S09)，不过对于亲友来访等背景交代的略写处理尚可，未喧宾夺主(S10)。开头采用了较为套路的“人生星空”模式，略显生硬(S11)；结尾虽然试图总结，但语言拖沓，不够简洁利落(S12)。语言表达是本文的短板。语句存在多处语病，意思表达不够通顺完整，如“以后也速度不了了”等表述令人费解(E01)；词汇较为贫乏，口语化严重，缺乏生动优美的词句(E02)。虽然尝试使用了比喻等修辞手法，但效果一般(E05)；表达方式以记叙为主，议论部分逻辑不清，描写薄弱(E06)；表现手法也较为单一(E07)。在细节描写上，虽然关注到了部分动作细节，但挖掘不够深入(E11)；观察视角较为平面，缺乏主次分明的顺序感(E12)。"
250142,"文章的核心优势在于内容选择与整体构思，选材新颖独特，对于中学生而言，近距离观察熔岩的经历具有很强的原创性(C05)，能够从空中和地面两个不同视角展开叙述，体现了多角度的观察与思考(C06)，并且能围绕“难忘”这一中心来组织与筛选材料，主线清晰(C04)，所选取的直升机观光与徒步近观两部分内容具体充实(C02)。在结构安排上，文章段落与主旨的关联度高(S06)，段落间的衔接也较为紧密(S08)，能够运用过渡词句实现内容的自然转接(S03)，同时对次要情节处理得当，如乘坐巴士的过程能够进行略写(S10)，结尾部分简洁有力，回应了主题(S12)，全文语句基本通顺完整(E01)。然而，文章在叙事与描写的技巧上存在提升空间，开头部分以平铺直叙的方式进入事件，略显平淡，未能有效吸引读者(S11)，在一些段落内部，个别句子与段落中心句的联系不够紧密，例如对云彩的描写略显游离(S07)，部分情节的前后交代可以更清晰一些，以增强逻辑的严密性(S02)。在表现力方面，对熔岩流动这一核心场景的刻画虽然有动作和声音，但详写不够充分，冲击力有待加强(S09)，对人物事件的细节捕捉不够敏锐(E11)，观察的顺序性和主次之分也不够明确(E12)，导致描写有时失之于泛泛。语言表达上，词句的运用虽恰当但不够生动优美(E02)，修辞手法的运用较为单一(E05)，表达方式以记叙为主，描写和抒情等方式融合不足(E06)，整体表现手法的丰富性有待提高(E07)。"
250143,"文章选取了除夕当天买钩子、路上见闻和年夜饭等具体材料，内容充实(C02)，基本能够围绕“喜迎狗年”这一中心进行组织(C04)，并尝试从早到晚多角度表现主题(C06)，但在思想的独特性和深刻性上略显不足，偏向于流水账式的记录(C05)。叙事上能够遵循时间顺序进行有条理的观察(E12)，遗憾的是对人物动作、神态及年夜饭场景等细节关注不够，缺乏生动的刻画(E11)。在结构安排上，虽然能详写部分生活片段(S09)并略写过渡材料(S10)，但对于文末提到的“最重要的”年夜饭却着墨过少，详略布局有待优化；开头仅做简单交代，略显平淡(S11)，结尾虽有总结但不够简洁有力(S12)。前后内容交代尚且清楚(S02)，段落间使用了时间词过渡(S03)，各段落与主旨的联系(S06)以及段落间的紧密度(S08)尚可，但句与句之间的逻辑联系较为松散，部分语句跳跃感较强(S07)。语言方面，语句基本通顺(E01)，但词汇较为贫乏，不够生动优美(E02)，虽然尝试使用了反语等修辞(E05)，但整体表达方式较为单一(E06)，表现手法也较为常规(E07)。"
250144,"文章选取了参加“小小银行家”活动的具体经历作为素材，内容充实，能够体现真实的假期生活(C02)。全文围绕“做志愿者”这一中心展开，材料组织基本符合题意(C04)，但在思想的独特性和深刻性上略显不足，仅停留在活动记录层面(C05)。虽然尝试从不同角度描写活动体验，但选材的丰富度和多角度思考仍有提升空间(C06)。在结构上，文章开头交代了时间、地点和活动名称，虽中规中矩但能起到引入作用(S11)，结尾简洁明了，表达了喜爱之情(S12)。叙事过程中，前后内容的交代尚算清楚(S02)，也能利用过渡词句连接情节(S03)。然而，段落内部逻辑较为松散，句子与段落中心、段落与主旨的联系不够紧密(S06，S07)，段落间的衔接也显得生硬(S08)。详略安排方面，重点部分如迎宾送客的描写虽有侧重，但整体叙述仍显平铺直叙，重点不够突出(S09)，过渡性材料的处理也较为随意(S10)。语言表达方面，语句通顺，意思表达完整(E01)，但在词句的生动性和优美度上表现一般(E02)。修辞手法、表达方式和表现手法的运用较为单一(E05，E06，E07)，缺乏文采。值得肯定的是，作者在描写迎宾送客时，能够关注到人物的表情、语言等细节(E11)，并且观察有主次、有顺序，捕捉到了不同客人的反应(E12)。"
250232,"你的作文选取了环球影城中具有代表性的景点，如《马达加斯加》、《失落的世界》以及木乃伊过山车，素材具体且充实(C02)，所有的游览环节都紧紧围绕“初游环球影城”这一中心进行组织(C04)。文章采用了移步换景的写法，观察顺序井然有序，主次分明(E12)，各段落内容与文章主旨联系紧密(S06)，段落之间的逻辑关系也十分紧凑(S08)。特别值得肯定的是，你能够很好地处理详略关系，对于刺激的木乃伊过山车进行了浓墨重彩的详写，突出了重点(S09)。在行文结构上，开头直抒胸臆，点明地点与心情，较为恰当(S11)。叙述过程中，能够清晰地交代游览的前后经过(S02)，并运用了“随后”、“而第三站”等过渡词句有效地粘合了相邻段落(S03)，段落内的语句也能紧密围绕段落中心展开(S07)。叙述中综合使用了记叙和描写等多种表达方式(E06)，语句通顺，意思完整(E01)。在重点段落里，你关注到了环境氛围和心理变化的细节，如过山车排队时的昏暗与惊吓，增强了文章的感染力(E11)。不过，文章在深度和文采上还有提升空间。结尾虽总结了全文，但略显平淡和套路化(S12)，对部分过渡性材料的处理还可以更加精炼(S10)。词句表达虽准确但缺乏生动优美感，如“令人毛骨”处有漏字现象(E02)，修辞手法的运用也相对较少(E05)，表现手法较为单一(E07)。此外，文章主要停留在游玩的感官体验上，缺乏多角度的思考(C06)，在思想的独特性和深刻性方面略显不足(C05)。"
