编号,总分_1,总分_2,B11_1,B11_2,B12_1,B12_2,B13_1,B13_2,B14_1,B14_2,B15_1,B15_2,B16_1,B16_2,B201_1,B201_2,B202_1,B202_2,B21_1,B21_2,B22_1,B22_2,B23_1,B23_2,B24_1,B24_2,B25_1,B25_2,B26_1,B26_2,B27_1,B27_2,B28_1,B28_2,B291_1,B291_2,B292_1,B292_2,B301_1,B301_2,B302_1,B302_2,B31_1,B31_2,B32_1,B32_2,B331_1,B331_2,B332_1,B332_2,B34_1,B34_2,B35_1,B35_2,B36_1,B36_2,B37_1,B37_2,B38_1,B38_2,B39_1,B39_2,B41_1,B41_2,B42_1,B42_2,B43_1,B43_2,B44_1,B44_2,作文内容,作文题目
150516,5.0,4.0,4.0,3.0,4.0,3.0,5.0,3.0,5.0,3.0,3.0,3.0,4.0,3.0,4.0,3.0,4.0,3.0,4.0,2.0,4.0,3.0,5.0,3.0,5.0,3.0,4.0,3.0,5.0,3.0,4.0,3.0,5.0,3.0,4.0,3.0,4.0,3.0,5.0,5.0,5.0,5.0,5.0,4.0,4.0,4.0,5.0,4.0,5.0,3.0,4.0,4.0,4.0,4.0,4.0,4.0,4.0,4.0,3.0,4.0,4.0,5.0,5.0,4.0,5.0,4.0,5.0,4.0,5.0,4.0,"嘴硬心软的“火柴”
　　她有着一双三角眼，像镜子一样透出了我们的身影；两弯柳叶眉把千丈长似月牙般的睫毛映衬得更美了。那睫毛像沙网般把亮黑的眼睛遮住了；她那俊俏的翘头鼻把娇嫩的嘴唇显得别具一格；桃花红的嘴唇闪烁着白光，像桃心，像风叶，她笑起来，上唇寥寥无几，桃花花瓣似的嘴唇笑起来，像冬天的阳光，像干旱时的甘露。到勃颈的头发舒散地垂在耳边，下午的风轻轻吹过，那风中头发飘飘的女孩是谁？春天给她黄粉纤细的脸颊披上一屋黑纱。我牵起她的手，如同拿着一块玉，纤柔的嫩手却因干活有几道伤痕，每当我捧起她的手，那纵横交错的血管，那粗大的骨髓却把她的手霸占了，她真是名副其实的“火柴”。她的衣服总是那么干净，但记得那一次，她帮我画老师给我的画时，却在她白色的衣服上，永远留下了伤痕……她，让我在黑暗里看到了彩虹。",《嘴硬心软的“火柴”》
140406,4.0,3.0,4.0,4.0,4.0,3.0,4.0,3.0,4.0,4.0,3.0,3.0,4.0,4.0,2.0,3.0,4.0,4.0,4.0,3.0,4.0,3.0,3.0,3.0,4.0,4.0,4.0,4.0,4.0,4.0,4.0,3.0,4.0,4.0,3.0,2.0,2.0,3.0,4.0,2.0,4.0,4.0,4.0,3.0,4.0,3.0,3.0,2.0,4.0,3.0,3.0,3.0,3.0,3.0,3.0,3.0,3.0,4.0,2.0,2.0,4.0,3.0,4.0,5.0,4.0,5.0,3.0,4.0,4.0,4.0,"绿豆养殖记
　　在一个星期六的早晨。我突然想到一件事：“我想种一个植物，并决心把它养好。”我想来想去，最终选择养好一小盆绿豆，但是要种绿豆，必须要做一些准备工作：首先，我去学习桌前，画了个记录表，然后又去姥姥那里要了一个精制的花盆，最后，我又迫不及待的把我那颗小小的，小小的种子埋在了土里。于是，我的养殖记就开始啦！
　　过了几天，我的小绿豆就钻出了硬土。长出了娇嫩的绿芽，芽是弯弯的，非常惹人喜爱。小芽的头是一个花骨朵，还没有放开，是合上的。后来我们发现有虫子，于是我们买了去虫水，马上就没有虫子了，真厉害！
　　时间过的可真快，已经过了6个月了。大绿豆已经长叶子了，花骨朵也开了，里面长出了一个个绿绿的豆子，但不是绿豆。有一天，绿豆突然就枯萎了，也许是它的生命期到了吧？没事，大绿豆，我养了你半年，已经很满足了，也谢谢你这半年一直陪伴着我！",《绿豆养殖记》
160320,5.0,4.0,5.0,2.0,5.0,4.0,5.0,5.0,4.0,4.0,5.0,4.0,5.0,4.0,5.0,4.0,5.0,4.0,4.0,4.0,4.0,4.0,4.0,3.0,4.0,3.0,5.0,4.0,4.0,4.0,4.0,3.0,4.0,4.0,5.0,4.0,5.0,4.0,5.0,4.0,4.0,4.0,5.0,4.0,5.0,4.0,4.0,4.0,4.0,3.0,5.0,4.0,5.0,3.0,4.0,3.0,4.0,4.0,3.0,3.0,4.0,3.0,5.0,4.0,5.0,4.0,5.0,4.0,5.0,3.0,"友谊的小船
　　我和陈华是非常要好的好朋友。陈华的爸爸已经过世了，他们一家总共有3个孩子，陈华是最大的，我和陈华老帮他妈妈，我们一直是好朋友，直到那次的“无理取闹”。
　　一天，我们俩下了晚自习，决定把手工小组做的小木船拿出来玩，我的船做的十分精致，而陈华那艘都没有开始拼装，因为他要留着给弟弟玩。他见我做的十分精致，便拿在手里欣赏了许久，时不时发出一声声赞叹。突然，他手一滑把小船摔在了地下，他惊的一抖，豆大的泪珠从我的脸上滑下来，但应该还可以恢复，用白乳胶粘一下就好了，可就他准备捡起来的时候，他无意间又踩了一脚，小船变得“粉身碎骨”了，终于我再也止不住哭泣了！”“我……我错了……!”他哆哆嗦嗦地说道：以他的手工,给他10套都做不好，更何况他的家境……我不敢再往下想了，我的愤怒他成了拳头，一拳打在了他的脸上，我把他的书包丢在地下，从书包中翻出未完工的小木船，扔在地下，踩了一脚又一脚，看着他深邃的眼睛，我跑出了班。
　　第2天就传来了他转学的消息，我常常望着他空洞洞的位置，想起他那深邃的眼睛，想起他那十分温暖的笑容，我就忍不住痛哭。许久后，我已经麻木了，但脑海中的记忆却涂抹不掉。
　　突然，有一天妈妈告诉我，陈华回来了！一进家门，我又看见了他那熟悉的身影，听到了他那清朗的声音，我……我的记忆被重启了，他转过身，看见了我，我飞扑过去，抱住了他，只见他裤兜鼓鼓的，是什么呢？我出了神，他拍拍我说：“嗯，给你做的。”“其实那天是我不对……”还没等我说完，他便说道：“好啦！别自责了，都过去了，还有我明天会转回来的！”“真的？还要坐我同桌！”“好，一言既出，驷马难追！”我又说：“走，带你去吃你特别喜欢的那家关东煮！”“好！”
　　其实，友谊，就是这么简单，只要自己认识到错误，你们的友谊的小船也会驶向更辽阔的海洋。
　　这个梦好静好纯……",《友谊的小船》
240121,3.0,3.0,4.0,3.0,4.0,3.0,4.0,3.0,4.0,3.0,3.0,3.0,4.0,2.0,3.0,3.0,4.0,3.0,2.0,3.0,2.0,3.0,2.0,3.0,2.0,4.0,2.0,3.0,3.0,3.0,3.0,3.0,3.0,3.0,3.0,2.0,3.0,2.0,3.0,3.0,4.0,3.0,4.0,2.0,3.0,2.0,3.0,3.0,4.0,2.0,2.0,2.0,3.0,2.0,3.0,3.0,4.0,3.0,2.0,2.0,4.0,3.0,3.0,3.0,2.0,3.0,3.0,3.0,4.0,3.0,"老师进班了
　　叮铃铃，上课了，
　　这节是，数学课。
　　我们安静等待着，
　　等待老师来讲课，
　　孙老师，进班了，
　　我们要积极发言。
　　叮铃铃，下课了，
　　我们在班里改错。
　　叮铃铃，叮铃铃，
　　上课了，上课了。",《班主任进班了》
140837,3.0,3.0,4.0,4.0,3.0,4.0,3.0,4.0,3.0,3.0,3.0,3.0,3.0,4.0,2.0,3.0,2.0,3.0,3.0,2.0,3.0,2.0,3.0,3.0,3.0,3.0,3.0,2.0,2.0,3.0,2.0,3.0,2.0,2.0,3.0,2.0,3.0,2.0,2.0,3.0,2.0,4.0,2.0,4.0,2.0,3.0,3.0,2.0,3.0,3.0,2.0,3.0,2.0,3.0,2.0,3.0,3.0,2.0,2.0,3.0,3.0,3.0,3.0,4.0,2.0,5.0,2.0,4.0,2.0,3.0,"我的心里话
　　我有一个好爸爸，他是我最敬重的人之一。
　　在我学习遇到困难的候，爸爸总是思考解答；当我想玩的时候，你就陪我玩儿，你还老逗我笑。
　　爸爸，你为我付出了太多太多，我知道你把我的快乐当做自己的快乐，我非常感谢你，不过我还是有话对你说。
　　爸爸，你还记得那一天的事吗？那天你加班，晚上九点多了才回家。而我在做课外班的作业，这是老师留着让选做的，可以做也可以不做，所以当时我就是做着玩。你忽然过来说：“这题真简单！”可是，一、我不想做；二、我忘了怎么做。所以我就说：“我不会，怎么做？”但是你没理我，我就睡去了。第二天晚上，你又加班，回家后吃饭，可能因为工作一天比较累，就顺便喝了很多酒。看到九点多了，我还在写作业做一道奥数题，然后就问我：“这道题你也不会做？”我说：“这不是学校老师留的作业，写了也没用！你很生气地说：“什么没用！不会怎么不问我？”我说：“我问你了，你没理我！”你说：“还犟嘴！”我说：“我明明问了！”然看你就打我。
　　之后我钻进被子里想：爸爸，我知道你说的其实上是对的，也都是对我好。可是你别再喝酒了！喝酒不仅对身体不好，还容易让人发脾气。你要是温和地和我说话，我还是会好好听取的，你知道吗？你那和蔼可亲的样子才是我心中最完美的爸爸！",《我的心里话》
140439,4.0,4.0,4.0,4.0,3.0,4.0,3.0,3.0,3.0,4.0,3.0,4.0,4.0,3.0,3.0,2.0,3.0,2.0,4.0,3.0,4.0,3.0,4.0,4.0,4.0,3.0,4.0,3.0,4.0,4.0,3.0,3.0,4.0,3.0,3.0,4.0,3.0,3.0,3.0,3.0,3.0,4.0,3.0,4.0,2.0,3.0,3.0,3.0,3.0,2.0,3.0,2.0,3.0,3.0,3.0,2.0,3.0,3.0,2.0,3.0,3.0,3.0,4.0,3.0,4.0,4.0,4.0,5.0,3.0,3.0,"一盆绿萝
　　我家有一盆绿萝，因为有一蔓儿太长，我就剪下了一截把它插在了水瓶中。妈妈说：“绿萝的生命力很强，不论是插在水瓶里，还是种在土壤里，都会长的很茂盛的。
　　三天后，这株绿萝的根部竟长出了一些根，我心想：“这绿萝都长根了，它的适应能力可真强。”
　　一天天的时间表现出了绿萝顽强的生命，它长出了两片新叶子，刚长长出来的叶芽儿，只有向日葵瓜籽那么点大小，过了几天叶芽儿舒展开了一些，嫩绿的叶子只有一元硬币大小，让人看了好生喜欢。
　　两个星期过后，绿萝长出了很多根，从两片叶子长成了七片叶子，这时的叶子已经有草莓那么大了，渐渐的由嫩绿色变成了深绿色了，它们看起来长势更旺了。
　　我又观察了一个月，它有一蔓儿就像一只淘气的小青蛙，偷偷的从玻璃瓶里跳了出来。这一蔓儿已经长到了我的学习桌上，这蔓枝叶已经有一尺多长了。
　　就这样我家的绿萝从一盆变成了三盆，它不仅能装饰我们的家，还能净化空气，所以人们都喜欢绿萝，就连我们班的窗台上也摆放着十几盆绿萝，一进我们的教室就能感觉到一片生机勃勃的景色，使得我们每天都能每天快乐健康的，好好学习，天天向上！",《一盆绿萝》
141101,2.0,2.0,4.0,5.0,4.0,4.0,3.0,3.0,2.0,3.0,2.0,3.0,2.0,3.0,3.0,3.0,3.0,3.0,3.0,4.0,3.0,3.0,2.0,2.0,2.0,3.0,3.0,3.0,2.0,2.0,2.0,2.0,2.0,2.0,2.0,3.0,2.0,3.0,3.0,3.0,3.0,3.0,3.0,3.0,2.0,2.0,4.0,4.0,4.0,4.0,2.0,2.0,3.0,2.0,3.0,3.0,4.0,3.0,2.0,2.0,4.0,4.0,3.0,5.0,4.0,4.0,3.0,3.0,2.0,2.0,"非凡课堂
　　2017年5月18号8日时30分08秒老师说：“我们举行一次活动。当时我欣喜若狂，想马上叫起来，可是又想了想周三的作业里，没有说要准备什么东西啊，所以我还在将信将疑的想，想啊想，我认为老师不会骗人的。
　　我们都叫了起来，老师又说：“打开听写本翻开新的一页，当时我感觉我被骗了就像一个人接诈骗短信一样之前高兴后面失望，可是又在想一想上周三没有说要复习啊？老师只想逗逗我们吧。
　　“30秒把六个字写完开始——30秒后停”我觉得我什么都没听见又听见了一点儿东西就像小鸟一边唱歌一边飞在天上舞蹈，小鸟看着天好像看到月亮了又好像没看到月亮，可我又仔仔细细的想了想，填了“开始”。
　　30秒正好写完了，老师说谁没写？好多的人都举手了。又问谁写了？还有非非常非常少的人举手，我就是里面的一位同学。
　　老师又说再听写一个词我感觉上次都那么难这次肯定更难，老师说：“这个词只给十秒。”我说出来听清了吗？十、九、八、七、六、五、四、三、二、一、停，当时我神魂错乱所以我没写出来。
　　老师又说：“结束。我才松了一口气。”
　　这个活动让我觉得要仔细倾听不要马虎。",《非凡课堂》
140511,3.0,3.0,4.0,5.0,4.0,4.0,4.0,3.0,4.0,4.0,4.0,2.0,3.0,3.0,3.0,4.0,3.0,3.0,3.0,4.0,3.0,3.0,3.0,4.0,3.0,4.0,4.0,4.0,4.0,4.0,3.0,3.0,3.0,3.0,3.0,5.0,3.0,4.0,4.0,4.0,4.0,4.0,4.0,4.0,4.0,4.0,4.0,4.0,4.0,4.0,3.0,3.0,4.0,3.0,4.0,3.0,4.0,4.0,2.0,2.0,4.0,3.0,4.0,5.0,4.0,5.0,4.0,3.0,3.0,3.0,"可爱的小乌龟
　　猜猜它是谁，头小颈长四脚短，硬壳壳里身安，别看胆小又怕事，要看论寿命大无边。当然，是可爱的小乌龟!
　　小乌龟真可爱，头圆圆的，眼睛比绿豆小，它的嘴好小，脖子像安了弹簧，一伸一缩的，小乌龟的壳是绿色的有13块图案四肢发达，短粗有力，三角形的尾巴短短的，走起路来摆去，很可爱。
　　它吃食物的时候可有趣啦，一天，我喂小乌龟的时候它伸长脖子，张开嘴，一口咬住食物，先用前爪撕碎，这时你会听见一种咔咔的声音，好像它在津津有味地品尝美味佳肴的。吃完，它抬头伸长脖子望望我，好像在说：“小主人，别抠门，再给我一条嘛。”我在写作业的时候，总能听见小乌龟吧嗒吧嗒的声音。我过去一看小乌龟伸长脖子，东张西望，好像在偷看我写作业呢！
　　小乌龟我想说：“你很可爱，我喜欢你。”",《可爱的小乌龟》
160321,3.0,3.0,3.0,3.0,4.0,2.0,4.0,3.0,3.0,3.0,4.0,3.0,4.0,3.0,4.0,2.0,3.0,2.0,3.0,2.0,4.0,3.0,3.0,3.0,4.0,3.0,3.0,3.0,3.0,2.0,3.0,2.0,3.0,2.0,4.0,2.0,3.0,2.0,3.0,3.0,5.0,3.0,5.0,3.0,4.0,3.0,3.0,3.0,4.0,2.0,3.0,2.0,4.0,2.0,3.0,2.0,4.0,3.0,3.0,3.0,4.0,3.0,5.0,3.0,4.0,3.0,4.0,3.0,4.0,2.0,"我和陈华的故事
　　互相的小木船坏了之后，听了同学的劝告，我们双方拿着坏掉的小木船回到了座位上，我们今天一天都互相没理谁。
　　放学后，我到便利店买小吃，用了2张10块的。但不小心把那两张100元的钱拿了出来。走在路上，突然蹦出两个小混混，堵住我的“必经之路”对我说：“小朋友，我们只要钱，不会把你怎样的。”我装得很疑惑说：“我只是一个小学生身无分文，怎么给你们钱？”两个小混混有些生气地说：“你当我们是瞎子吗？你在便利店的时候我们都看见了，你有两百现金。然后他们在小胡同里，拿着刀对着我，逼迫我交出钱，就在这时来了两个警察叔叔把那两个小混混给制服。事后我问叔叔：“您是怎么知道我被‘绑架’了呢？”原来是陈华！我想起来我们家住对门！我们原来还是好朋友，我心里瞬间十分惭愧。
　　第二天，我和陈华都神神秘秘的拿着一样东西。课间，我们不谋而合的把双方的小木船还给了对方。",《我和陈华的故事》
130531,3.0,4.0,5.0,5.0,3.0,4.0,3.0,4.0,4.0,4.0,2.0,4.0,3.0,4.0,3.0,4.0,4.0,4.0,4.0,4.0,3.0,3.0,3.0,4.0,3.0,4.0,3.0,5.0,3.0,4.0,3.0,4.0,3.0,4.0,4.0,4.0,3.0,3.0,5.0,3.0,5.0,3.0,5.0,5.0,3.0,4.0,3.0,3.0,4.0,4.0,2.0,3.0,2.0,2.0,2.0,2.0,5.0,3.0,2.0,2.0,5.0,3.0,4.0,4.0,5.0,4.0,5.0,5.0,4.0,4.0,"可爱的小乌龟
　　十一假期，爸爸妈妈带我去舅舅家玩，在舅舅家的桌子上我发现一个玻璃缸，走近一看，玻璃缸里有一只小乌龟正在爬。
　　小乌龟的眼睛圆溜溜的，像一对宝石，它穿着一件绿色的盔甲，盔甲上有纵横纹理，很像写了很多甲古文它还有四条小短脚，好像爬山虎的脚一样紧紧地抓在地上。
　　看到小乌龟如此可爱，我不禁用手去摸小乌龟，弟弟说别摸它，它会咬你的，说完他找了一根小木棍，捅了一下小乌龟的头，小乌龟受到刺激一下把头和四肢缩了进去，我立刻明白了缩头乌龟这个词的意思了。弟弟趁机把小乌龟翻了一个个，我们盯着小乌龟看它如何翻身。小乌龟见没有动静，便慢慢的把头伸到壳外，感觉没有危险，便伸出四肢，用力把头一顶，只听“啪”的一声，它翻过身来了，又趴在了地上。
　　小乌龟吃食的时候就更可爱了，我们给它一只小虾吃，因为小虾太活跃了，小乌龟正要抓到它的时候，小虾一下子跳出去了，反反复复的，好不容易把小虾逼到了死角，小虾一下子又跳走了，最后小乌龟一动不动的趴在那里（其实是小乌龟的陷阱）,小虾以为自己自由了，在小乌龟的面前得意洋洋的游来游去，小乌龟趁小虾不注意，一口咬住小虾的身体，小虾拼命挣扎，可惜已经来不及了，一点一点 的被小乌龟吞进了嘴里。
这真是一只聪明又可爱的小乌龟啊！我多想自己也养一只啊！一上午的时间很快就过去了，我要回家了，我在心里和小乌龟说“再见。小乌龟我还会回来看你的。” 
　　
　　
我的好朋友
　　我有一个好朋友名叫程伟，我们俩是同班同学，都是8岁半。她长的瘦瘦的、有一双水灵灵的眼睛。她喜欢笑、喜欢看书、她跑步也很快,她还是我们学校健美操的成员呢!
　　我们俩放学后经常一起玩，有一天下午我去她家里玩，她拿出她最喜欢的彩泥，我们做什么呢？对了，我们做一个大蛋糕吧！我们先找来一个桶，把彩泥摁进桶里再把泥弄平，往桌子上一扣就可以了。上面还装饰了桔子、草莓、樱桃等水果，还写了祝妈妈生日快乐蛋糕做的又精制又漂亮，我们都不忍心把它毁掉。时间过的真快啊一晃两个小时过去了，我也该回家吃饭了，我俩都依依不舍地分开了。好朋友在一起的时光真是又开心又珍贵啊！”",《我的好朋友》
250116,5.0,5.0,5.0,5.0,5.0,5.0,5.0,5.0,5.0,5.0,5.0,5.0,4.0,4.0,4.0,4.0,5.0,5.0,5.0,5.0,5.0,5.0,5.0,5.0,4.0,4.0,5.0,5.0,5.0,5.0,5.0,5.0,5.0,5.0,4.0,4.0,4.0,4.0,5.0,4.0,5.0,4.0,5.0,4.0,5.0,4.0,5.0,4.0,5.0,4.0,3.0,3.0,4.0,4.0,4.0,4.0,5.0,5.0,3.0,3.0,4.0,4.0,5.0,5.0,5.0,5.0,5.0,5.0,5.0,5.0,"面对自己的恐惧
　　当你害怕时，就告诉自己，一定要面对自己的恐惧。
　　紧张的期末考试结束后，寒假来临了。在寒假刚开始的几天里，我和我的朋友偶遇，便聊起天来。我的朋友是我在上钢琴课时认识的这几天上钢琴课时，我没有看到她，想问问到底怎么回事，当我得知原因后异常惊讶，她竟然换钢琴老师了，我便询问起原因，并把这件事告诉妈妈。
　　第二天，妈妈跟我说，她想给我换老师我练钢琴练了很长时间，但进步并不大。而时间、精力、金钱全花白了，最重要的是，我不喜喜欢现在的钢琴老师，但如果提一个老师上课的地方又远，花的钱又多，我不同意。可是，在妈妈强烈的要求下，我只好答应了
　　在去钢琴课的路上，我听妈妈说，那是个严格的老师。我的心里又紧张又音怕。怕她像以前的老师一样，看我弹琴出一点差错就训斥我一顿，急了还用棍子敲我的手。“严师出高徒”。这句话谁都知道。但如果以前的老师还教我的话我想，我是练不好钢琴的。
　　时间慢慢流逝过去，我们离钢琴教室越来越近。车里安静极了，好像能隐隐约约听到心脏跳动的声音。紧张的气息围绕着我，仿佛空气瞬间凝固了。刺耳的训斥声还在我耳边回响，被棍子敲过的手还在隐隐作痛。5分钟，10分钟……时间像沙漏一样流逝着。最终，最后一颗沙粒也悄然落地，我们到了。
　　“吱”在这一声推门中，我知道厄运即将来临。在我推门而入时，出现在我们眼前的，是一个温馨的教室，墙上贴满了美丽的图案，灯光是嫩黄色的，照亮着教室每一个角落，一排沙发上面蒙上了有可爱图案的沙发套。每个人脸上都洋溢着温暖的笑容。我轻松了很多。在上课时，我弹错了，老师从不批评，当我有不会弹的地方时，老师耐心的背导。每次我弹好时，老师都会鼓励我，这样的老师，才是我一直想要的。我突然意识到，其实：根本不用担心什么，也许没有你想的那么不好。
　　当你害怕时，你一定要提醒自己，是不是在害怕一些还没有发生的事情呢？如果真的有，那你一定要鼓起勇气去面对挑战，事实并不一定有多么坏。这些恐惧，都是自己造成的，要勇敢面对自己的恐惧，这样，你才能进步！",《面对自己的恐惧》
150424,5.0,3.0,5.0,4.0,5.0,3.0,3.0,3.0,4.0,3.0,4.0,3.0,5.0,3.0,2.0,3.0,4.0,3.0,3.0,3.0,3.0,3.0,3.0,3.0,4.0,3.0,5.0,4.0,5.0,3.0,3.0,4.0,3.0,3.0,4.0,3.0,3.0,3.0,3.0,3.0,4.0,3.0,4.0,3.0,4.0,3.0,3.0,3.0,4.0,4.0,3.0,3.0,4.0,2.0,5.0,2.0,4.0,4.0,2.0,2.0,4.0,3.0,5.0,3.0,3.0,4.0,3.0,3.0,3.0,3.0,"坚持是一颗宝石
　　生活中，妈妈每天的一个吻，让我感动，学习上，朋友的一次真心的安慰，让我感动。感动处处都在，但是最让我感动的是体育节上，同学们那种坚持不怕苦的精神。
　　体育节上，为了全班荣誉，我们全班同学都刻苦训练。在这炎热的夏天，太阳火辣辣的照在了同学们的脸上，同学们都汗如雨下！最突出的是我们班的刘津凯，他虽然不参赛，但他为了大家忙前忙后。他的头上，脸上，衣服上全是汗。他用沙哑的声音喊着：“一、二、一…。”我如同蚊子般的声音问他：“你可以小点声喊，用不着把噪子喊废了，好不好？”他微微一笑对我说：“没关系的，我非常的好，你听我现在说话不是很好吗？”我心想：“不，你的声音就像失了声的狮子一样。”就在这一刻我觉得这位文静、学习好的同学在我心里高大了好几倍，为了他的付出，我们怎么也得坚持训练，果真我们用这坚持不怕苦的精神，取得了总成绩第一！
　　这坚持、不怕苦的精神你不会不被感动吧？只要有付出了坚持了你总会有收获，就像我们班一样最后拿回了一个第一！在这令人感动的事中希望你也有了跟我一样的收获，记住“只要坚持了付出了就一定会有收获！",《坚持是一颗宝石》
150530,4.0,3.0,5.0,3.0,5.0,3.0,3.0,3.0,4.0,3.0,2.0,3.0,3.0,3.0,3.0,3.0,4.0,3.0,2.0,3.0,5.0,3.0,5.0,3.0,5.0,3.0,5.0,3.0,5.0,3.0,2.0,3.0,2.0,2.0,4.0,3.0,5.0,2.0,5.0,3.0,5.0,3.0,5.0,4.0,5.0,3.0,5.0,3.0,5.0,3.0,5.0,2.0,5.0,3.0,3.0,2.0,5.0,3.0,2.0,2.0,5.0,3.0,5.0,2.0,5.0,4.0,5.0,3.0,4.0,2.0,"可爱的“小熊猫”
　　一位叫赵军的小朋友和我去广州参加比赛，因此我们交了朋友，第一次看他个儿不高特别喜欢开玩笑，每天都是一张笑呵呵的脸，后来我发现他的长相和身形像一只熊猫，与众不同：头上外侧粘着一双比他手还大的耳朵；脸上搁着一个比眼镜片大的眼睛；脸上镶着一个苹果般的小嘴。脖子和长颈鹿一样长，身子强壮着像一个摔跤运动员，腿都快比手短了，脚堪比巨人大脚。他不仅身形大，服装也很有特点，头上戴着熊猫形眼镜；上身穿着一身正式的西装；下身朴素宽短裤；脚上穿着一双精致大号皮鞋，可爱调皮，性格古怪、小巧玲珑，我见过最可爱的人，也是我C校区最好的朋友。",《可爱的“小熊猫”》
150425,3.0,2.0,4.0,3.0,3.0,3.0,3.0,3.0,4.0,3.0,2.0,2.0,4.0,3.0,4.0,2.0,3.0,2.0,3.0,2.0,3.0,2.0,3.0,2.0,3.0,2.0,4.0,3.0,3.0,3.0,3.0,3.0,3.0,3.0,3.0,2.0,3.0,2.0,3.0,2.0,4.0,2.0,4.0,2.0,3.0,2.0,4.0,2.0,4.0,2.0,2.0,2.0,3.0,2.0,2.0,2.0,4.0,2.0,2.0,2.0,3.0,2.0,5.0,3.0,5.0,2.0,2.0,2.0,3.0,2.0,"真正的体育精神
　　体育节开始了，我们都很开心，我们坐在台下静静的等待着我们五年级的体育比赛，三年级，四年级，哈终于到五年级了，第一项是两个人背对着中间放一球两个人一块走，我们班很是默契，所以我们班拿了第一。第二项是拉轮胎比赛，由于我班的同学力气不够大，所以拿了第二名。
　　第三项是滑板比赛，三，二，一出发！滑板像一群群受惊的鸟儿冲了出去。我们班先开始就领先了，因为有一组在滑的时候不小心先摔了下来，不过我们没有去抱怨，而是加速赶上前去。可是正因为我们加速了，有一组女生因为没有做好，所以有一人的手被车的轮子给卷了进去，到达的时候手已经磨得都起火了，我们大家纷纷挤了上去，说你没事吧我带你去医务室吧,可是她却说不用就是擦破了一点皮而已，没关系，可是我看着那汗一滴一滴的流进了她伤口里，我忍不住的说不消毒的话，伤口会感染的，她说行吧，可是在同来的路上我问她你为什么不放弃呀，她说因为这是班级的荣誉，所以我不能放弃。
　　这才是真正的体育精神！",《真正的体育精神》
130441,3.0,3.0,4.0,4.0,2.0,3.0,2.0,3.0,2.0,3.0,2.0,3.0,2.0,3.0,2.0,2.0,2.0,2.0,2.0,3.0,2.0,2.0,2.0,3.0,3.0,4.0,3.0,2.0,3.0,3.0,3.0,2.0,3.0,4.0,2.0,2.0,2.0,3.0,2.0,4.0,3.0,3.0,3.0,3.0,2.0,3.0,2.0,2.0,2.0,3.0,2.0,3.0,2.0,4.0,2.0,2.0,2.0,3.0,3.0,3.0,3.0,3.0,3.0,4.0,3.0,4.0,3.0,4.0,1.0,3.0,"爱心义卖
　　2016年5月31日那一天晴空万里、万里无云。我一早就来到了学校。在路上大树仿佛在向我朝手。
　　8:00到8:30老师和家长在精心布置校报，同学们连忙把商品一个一个抬下来我看见这么整齐的桌面我很开心。不久爱心义卖开始了我先去了三年级一班买了一个立体迷宫、一个电动橡皮共花了17元。又去三年级三班去买了一个娃娃送给我妹妹花了5元。又去我们班买了一个小章鱼共花10元送一只白板笔。这时我才发现主席台上有魔术和泡泡秀，我最喜欢的就是魔术了,因为我认为它很神秘。
　　这次的爱心义卖让我知道每人付出一点点，如果一个国家那就会付出很多很多。我很期待下一次爱心义卖。",《爱心义卖》
240230,4.0,4.0,5.0,5.0,5.0,5.0,5.0,5.0,4.0,4.0,3.0,3.0,4.0,4.0,3.0,3.0,4.0,4.0,5.0,5.0,4.0,4.0,4.0,4.0,5.0,5.0,5.0,5.0,5.0,5.0,5.0,5.0,5.0,5.0,5.0,5.0,3.0,3.0,2.0,2.0,4.0,4.0,4.0,4.0,3.0,3.0,3.0,3.0,4.0,4.0,2.0,2.0,3.0,3.0,2.0,2.0,4.0,4.0,2.0,2.0,4.0,4.0,3.0,3.0,5.0,5.0,5.0,5.0,4.0,4.0,"难忘的比赛
　　临进寒假，我们跳拳道举行了一场激烈的锦标赛。比赛的内容有两项，1、太级一章，由C大学国家一级裁判员来打分，这个项目要做得标准、有力，才能拿到高分。2实战，规则是暴头三分，打到对方身体得一分，利用后踢和其他技术动作得两分。
　　我被分到了27公斤级组，我刚来到了道馆教练让我们做了一些热身动作，教练说让我们5分钟内必须出汗，如果没出汗就会有重罚，等做完热身运动，大家就开始抽签抽辅导教练，我抽到的虽然不是教我的教练，但是辅导我的那个教练是全道馆段位最高的呢，比赛开始了我们要比赛第一项内容太级一章，前几个打的时候我很紧张，因为他们打的分数都非常高，但是我上场的时候我用的力量非常大，所以我获得全场最高分获得了这一项第一名！休息了一会儿我们带上护具就无始第二项比赛实战，每个人要打三大局，每大局有三小局，第一大周我打得很放松。
　　在第一大局的第一小局里，我爆了对方3次头，领先了9分。第二小局对方用双飞击中了我，对方得1分，但是我又反击做了一个组合腿法得两分，第三小局我爆了对方4次头，他也爆了我1次头，最后我23-4战胜了对方。
　　第二大局打得很激烈，在第一小局里我爆了他一次头，对方用旋风横踢中了我，第二小写我爆了对方两次头，他也爆了我一次头还使用了三飞，第三小局我们双方都没有得分，最终我9-7险胜。
　　第三大局开始了，第一小局对方一直在护头，所以我只用了组合腿击中了对方，对方用三飞击中了我。第二小局我用速踢踢到了对方两下，他用后踢踢了我，第三小同我们俩都爆对方的头了，最后6-6平进入加时赛然后我们俩还是每人都爆对方一次头，结果9-9雨一轮加时赛，关键的时刻到了，比赛一开始他爆了我的头得3分，我又一个三飞回击得一分！然后对方消急比累我得了一分，时间到了我最后11-12输了，虽然最后一局没有赢，但是我获得了这个项目的第一名。
　　最后颁奖的时候我获得了27公斤级的全项总冠军，我非常开心！并且得到了一块由战国红石制作的奖杯，我今后会努力训练在今后的中做得更好。
　　这真是一次难忘的比赛啊！",《难忘的比赛》
140530,3.0,3.0,5.0,3.0,5.0,3.0,3.0,3.0,3.0,3.0,2.0,3.0,3.0,3.0,4.0,3.0,2.0,3.0,4.0,3.0,3.0,2.0,3.0,3.0,4.0,3.0,5.0,3.0,3.0,3.0,3.0,3.0,3.0,3.0,3.0,3.0,2.0,2.0,5.0,3.0,5.0,3.0,5.0,3.0,5.0,3.0,5.0,3.0,5.0,3.0,3.0,2.0,3.0,2.0,3.0,2.0,4.0,3.0,2.0,2.0,5.0,3.0,5.0,3.0,5.0,4.0,4.0,3.0,4.0,3.0,"邻居家的小狗
　　邻居家有一条小狗，小狗非常可爱是黑白相间的，圆圆的脑袋上长着一双黑色的小眼睛，下面长着棕黑色的鼻子和一个小小的嘴巴，后面长着尖尖的耳朵，很漂亮，它还有短短的脖子，下面有一个毛茸茸的身体，可爱极了！
　　每天放学的时候，小狗老跟着我，每当走进楼道里的时候小狗就不由自主的跑到主人的怀里，看来小狗还是胆子小呀。
　　小狗的主人很喜欢动物，所以小狗也有许多朋友，小狗有一个朋友也是一只可爱的狗，而且它的朋友很胖，是白色的，主人还养了两只猫，其中有一只猫特别胖，跟一个肉球一样，还有一只猫是黄色的，这只猫老是在地上打滚，像是在找吃的呢。小狗真是有一个温暖的家庭。
　　邻居家的小狗真可爱，小狗毛茸茸，我真想养一只呀。",《邻居家的小狗》
130736,4.0,4.0,4.0,5.0,4.0,4.0,3.0,4.0,4.0,4.0,2.0,4.0,4.0,4.0,2.0,3.0,4.0,5.0,4.0,5.0,3.0,4.0,3.0,4.0,4.0,4.0,4.0,5.0,4.0,5.0,3.0,4.0,3.0,3.0,2.0,3.0,2.0,2.0,3.0,3.0,4.0,3.0,4.0,4.0,4.0,5.0,4.0,4.0,4.0,3.0,2.0,2.0,2.0,4.0,3.0,3.0,4.0,4.0,2.0,3.0,3.0,4.0,4.0,4.0,4.0,3.0,4.0,4.0,4.0,5.0,"我的学校：“A小学”
　　我的学校有三个校区，有C校区、有A校区、还有D校区，我在A校区。我现在已经三年级了，我在这里度过了两年半的春天、夏天、秋天和冬天。
　　春天，万物复苏，一进校门的右手边就能看见柳树长出了嫩绿的叶子，很小很小，非常可爱！在小亭子里，有一些小草，它们抽出了绿色的小芽。在跑道上有许许多多的小鸟在吱吱叫！
　　夏天，骄阳似火，操场上正在上体育课的同学们，有的跳绳、有的跑步、还有的做操，同学们都气喘嘘嘘、汗流浃背。
　　秋天，满操场的落叶五颜六色，有红色的、黄色的、还有绿色的，非常引人注目！
　　冬天，雪花漫天飞舞，洁白的雪飘落在松树上和我们的教学楼屋顶上，还有地上，松树就像披上了一层层厚厚轻纱，同学们赶下来打雪仗了！
　　学校一年四季的景色诱人，非常好看，我要在这优美的环境里生活和学习六年时光，我非常喜欢我们的学校。",《我的学校：“A小学”》
240135,2.0,3.0,4.0,4.0,2.0,2.0,2.0,3.0,2.0,3.0,2.0,2.0,3.0,3.0,1.0,3.0,1.0,3.0,2.0,2.0,2.0,3.0,2.0,2.0,3.0,3.0,2.0,3.0,2.0,3.0,2.0,2.0,2.0,3.0,2.0,3.0,2.0,2.0,2.0,3.0,2.0,2.0,3.0,3.0,2.0,2.0,2.0,3.0,3.0,3.0,2.0,3.0,2.0,3.0,2.0,2.0,2.0,2.0,2.0,3.0,3.0,3.0,2.0,3.0,2.0,3.0,2.0,3.0,1.0,4.0,"老师进班了
　　有一天，叮铃铃，上课了，教室里非常的吵，有人说话，有人下座位，还有人下座位大声说话。老师悄悄的在后门看着我们，我们都看见老师在后门看着我们，我们都赶快坐好，老师进了班。
　　老师说今天考 7单元卷,老师发卷子后，我们写着写着，老师出了班，我们有的下座位抄了卷子的答案，有的下座位说话，还有的在看书。我们在门口看看老师来没来，有人说老师来了，我立刻坐好……",《班主任进班了》
150239,5.0,5.0,5.0,5.0,4.0,5.0,3.0,3.0,4.0,5.0,4.0,4.0,4.0,3.0,5.0,4.0,5.0,5.0,4.0,3.0,4.0,4.0,4.0,3.0,4.0,3.0,4.0,4.0,4.0,3.0,4.0,4.0,4.0,3.0,5.0,4.0,4.0,4.0,5.0,5.0,5.0,4.0,4.0,5.0,4.0,4.0,4.0,3.0,4.0,4.0,4.0,3.0,3.0,3.0,3.0,3.0,4.0,3.0,4.0,3.0,4.0,4.0,5.0,4.0,5.0,5.0,5.0,5.0,5.0,4.0,"给班老师的一封信
尊敬的班老师！
　　您好！
　　“不积跬步，无以至千里；不积小流，无以成江海。”“有志不在年高，无志空长百岁。”班老师，这些都是您对我们的谆谆教诲。班老师，五年来，您就像辛勤的园丁，而我们就像花园中含苞待放的花朵，您用知识的源泉浇灌我们，您用耐心的教导培育我们，让我们从无知的儿童，长成了有梦想，有抱负，有知识的儒雅少年。班老师，五年来，您为了我们的成长，花费了多少心血，洒下了多少汗水啊！
　　您为我们创造了许多展示的平台，让我们绽放最美的自己！
　　记得四年级时，咱们班代表学校去北京市参加班会公开课，同学们听到这个消息都欢呼雀跃，您的脸上也洋溢着笑容，您每天放完学都又会返回办公室去修改文稿，稿子改了一遍又一遍，最终版定稿时，虽然只是几页打满字的A4纸，可这却凝聚了您很多的心血。最终，在您的带领下，我们取得了优异的成绩，这与您精益求精的精神和严格要求的风格是密不可分的。
　　还记得有一次上语文课时，我正呆呆地望着窗外出神，“张勇，你能给大家念一下这道题的答案吗？”忽然，班老师叫起我的名字让我回答问题，我慌忙地从座位上站起来，当时，我脑子一片空白，只晕晕糊糊的记得班老师在讲第二大题，于是，我读了第二大题，读完后，同学们都回过头来，用异样的眼神看着我，还有的同学小声说：“你读错啦，应该读第三题。”我心里咯噔一下，这下我可惨啦。我尴尬地站在座位上，班老师用有点失望又有点生气的眼神看着我，对我说：“上课要专心听讲，不然怎么才能学习好？坐下吧。”
　　打这件事后，我把它作为我的警示，时时提醒我，上课要专心听讲，不能分心。
　　我一定会努力，用优异的成绩和儒雅的行为向您汇报。您教育过我的每句话，每件事，点点滴滴我都会牢记于心，您的言行将会使我受益终生！

　　此致
敬礼！
您的学生：张勇
2018年3月24日",《给班老师的一封信》
160732,5.0,4.0,5.0,4.0,5.0,4.0,4.0,5.0,5.0,4.0,5.0,4.0,5.0,4.0,3.0,4.0,5.0,4.0,5.0,4.0,5.0,3.0,5.0,3.0,5.0,4.0,5.0,4.0,5.0,4.0,5.0,4.0,5.0,4.0,4.0,3.0,4.0,3.0,3.0,4.0,5.0,4.0,5.0,4.0,3.0,4.0,4.0,4.0,4.0,4.0,3.0,3.0,4.0,3.0,4.0,2.0,5.0,4.0,2.0,2.0,4.0,4.0,5.0,4.0,5.0,5.0,5.0,5.0,3.0,3.0,"《飘》的读后感
　　“无论如何，明天又是新的一天了。”这是美国作家玛格丽特米切尔的《飘》的结尾，主人公斯嘉丽决心开始她的新生活。合上这本书，我被深深地感动着，无头自拔。
　　《飘》以美国南北战争为背景，讲述了斯嘉丽曲折的生活经历和个人的爱情婚姻史，展现了几个南方大家族的盛衰变迁和南方社会动荡不安的景象。
　　在这本书里，令我印象深刻的不是心地善良，恪守妇道的美兰，也不是精明能干、放荡不羁的白瑞德，而是爱憎分明，敢于与生活做抗争的斯嘉丽。无论遇到多大的苦难，斯嘉丽都会勇敢的去面对，去克服。在此方军队攻下亚特兰大的那一天，她与白瑞德带着刚生完孩子的美兰，两个孩子以及一个女仆向塔拉农场奔去，可白瑞德在半路就抛下了她，去参军了。她带着一个病妇，两个孩子和一个碍手碍脚的女仆，冒着随时会被北方土兵发现并杀害的危险，完成了剩下的路程，这需要多大的勇气啊！更令我佩服的是，在差不多被北方军队洗劫一空的塔拉，斯嘉丽面对母亲的死，父亲的痴，姐妹的病，她毅然担起了重任，以自己的辛勤换来一家人的温饱。
　　这本书无声的诉说讲尽世界的多姿、人生的美好，人心的丑陋，世俗的不堪，那样真实，又那样梦幻。随风而逝，也许说的是岁月，也许说的是性命。《飘》完美的表达了作者的想法，思嘉就像一片落叶，绕着一阵阵风，却抓不住任何东西。
　　生活是一座大山，会有许多坎坷，对应于这些坎坷，有的人会顽强的过去，而有的人则退缩了。生活中固然有许多障碍，但是只要你鼓足勇气克服它们，就会成为最终的胜利者。毕竟，明天又是新的一天了。只要对生活充满希望，那明天就是新的一天，更美好的一天。",《飘》读后感
160326,4.0,4.0,5.0,5.0,5.0,5.0,3.0,3.0,4.0,4.0,3.0,3.0,4.0,4.0,5.0,5.0,3.0,3.0,5.0,5.0,4.0,4.0,5.0,5.0,5.0,5.0,5.0,5.0,5.0,5.0,4.0,4.0,5.0,5.0,5.0,5.0,5.0,5.0,5.0,5.0,5.0,5.0,5.0,5.0,4.0,4.0,5.0,5.0,5.0,5.0,5.0,5.0,5.0,5.0,4.0,4.0,5.0,5.0,2.0,2.0,5.0,5.0,5.0,5.0,5.0,5.0,5.0,5.0,4.0,4.0,"友谊的象征
　　我狠狠地踩了两脚说:“好了，我们的小木船都坏了，两清！”说完，他头也不回的冲出教室，气得面红耳赤。我在班里大喊:“有本事就绝交！”此后，我们见到对方就“哼”一声地走过，有一点点矛盾就打得不可开交。
　　这件事过了一周后，我仍对陈华置之不理。他呢，也对我不予理睬，他甚至又交了一个叫张林的新朋友来气我，可就在前两天，陈华对我似乎比以前温和一些了，温和之中还带着点谦让，而我却蹬鼻子上脸，处处为难他。此后，每次和他争吵总是陈华让着我，好像不想和我争吵。
　　一天放学，我远远的看见陈华小跑着跟上我，我以为他要耍恶作剧报仇，我拔腿就跑。他看见我快跑了起来，他也跟着快跑。陈华可是我们班的跑步健将，我跟他比犹如兔子比老虎。陈华三下两下就跑我后面不远了，正在我着急无法脱身之时，一个没注意，摔了个眼冒金星。陈华赶忙上前扶我，在他拉我起来的那一瞬间，我感受到朋友之间应有的温暖。我跟他说“对不起，我不该那样对你，都是我的错！”陈华说：“不不不，我也有责任。”说着，他从书包里拿出了一只完整无损，做工精细，十成新的小木船递给我说：“我后天就转学了，希望能和你以朋友的身份离别。”听后我心中充满了自责和悔恨。那天晚上，我与陈华渡过了一个愉快的夜晚。第二天，我把我最喜欢的木牛流马送给了陈华，这是友谊的象征，希望以后我们还能记起这段富有波折的故事。
　　那天晚上，我做了个梦，我梦见陈华迎着初升的太阳向我跑来，我们又做了朋友，在一起快乐的玩耍！
　　“人生最美好的东西，就是同他人的友谊！”这才是友谊的象征！",《友谊的象征》
140639,3.0,3.0,4.0,5.0,4.0,4.0,3.0,5.0,3.0,4.0,3.0,3.0,4.0,4.0,3.0,3.0,3.0,4.0,4.0,4.0,4.0,3.0,4.0,3.0,4.0,4.0,4.0,3.0,4.0,4.0,3.0,3.0,3.0,3.0,3.0,4.0,3.0,3.0,3.0,4.0,3.0,5.0,4.0,4.0,3.0,4.0,3.0,2.0,3.0,3.0,3.0,2.0,3.0,2.0,3.0,2.0,4.0,4.0,3.0,3.0,3.0,3.0,4.0,5.0,4.0,5.0,4.0,4.0,3.0,4.0,"书画张
　　书画张是我的爸爸，他有一张黑黝黝脸，上面有一双炯炯有神的大眼睛，和一个高高的鼻子。他有175cm那么高，在我心中他是一个文武双全的人。
　　他画画好，他画白描，他不是专业的画家，可在我心中他比凡·高画的还好，他最喜欢画荷花和荷叶，他手中那只钢笔就像马良那只神笔，画什么都栩栩如生。花、鸟、鱼、虫，他都会画，他画的一幅荷花还被他们出版社展示了呢！他画画时特别认真，有时妈妈叫他别画了，赶紧去吃饭，他就死活都不走，非画完那一张不可。
　　他写字好，他练字已经十年了，我经常把他写的字当成我的字帖，无论是软笔还是硬笔，他都写的非常漂亮，他用软笔写的对联，都可以拿到商场去卖了；他写的硬笔，都可以写成一本字帖，去书店卖了。只要一有空，爸爸就会写一篇字或画一张画。
　　书画张不仅会书画，他还会做饭，做家务等等。他不仅是我的爸爸，他还是书画张。",《书画张》
250110,3.0,4.0,4.0,4.0,4.0,3.0,4.0,4.0,4.0,4.0,3.0,3.0,4.0,3.0,3.0,3.0,3.0,3.0,4.0,4.0,3.0,3.0,3.0,3.0,3.0,3.0,4.0,4.0,4.0,4.0,4.0,3.0,4.0,4.0,3.0,4.0,2.0,2.0,3.0,3.0,4.0,4.0,4.0,4.0,3.0,3.0,3.0,3.0,3.0,4.0,2.0,2.0,2.0,2.0,2.0,2.0,3.0,4.0,2.0,2.0,3.0,3.0,4.0,5.0,4.0,4.0,4.0,4.0,4.0,3.0,"假期里的一件事
　　在这个假期里，我遇到过好多好多的事。它们丰富多样，有好玩的，有惊人的，又有奇怪的，也有虚惊一场的，但让我一直记在心里的一件事，还是那次我和哥哥与妹妹和她的朋友走失了，那让我明白了一个道理。
　　有一次，我与哥哥，妹妹以及她的朋友在健身器材区玩，我当时在玩秋千，我哥哥一样也在玩秋千，妹妹和她的朋友在跑着玩，一切都很正常，我就放心了，过了一会儿，我玩累了，想坐一会，突然发现妹妹和她的朋友都不见了，我和哥哥想也没想，冲出去找他们了。我哥哥建议先找找大桥下面。虽然我对这个地方很熟，但毕竟是晚上，很黑。我和哥哥犹豫地走了过去，“哗哗……扑啦扑啦……嗖”我突然从桥下的土坡上滑了下去，好疼啊，可也顾不上了，我往四周看了看：除了我，没别人。“这里没有”我说。我们马上跑回家，把这件事告诉了我姨妈，和妹妹的朋友的妈妈。她们一听急的像热锅上的蚂蚁，不知所措。我说：“急有用吗，急又找不到他们，咱们快一起去找吧，带上手电！”于是大家开始了大搜寻。首先，我们找了小卖店，小卖店里没有，然后又找了朋友家，树下，桥上，都没有，最后，我们回了家，可大家突然发现妹妹和朋友都在家里。事后，姨妈把我们说了一通，让我们以后看好妹妹。
　　虽然我们挨了说，但我明白了一个道理：“如果你看小孩，就得对他们负责，不管是谁！”",《假期里的一件事》
130108,3.0,3.0,4.0,4.0,4.0,4.0,4.0,3.0,4.0,4.0,2.0,2.0,2.0,3.0,3.0,3.0,4.0,3.0,4.0,4.0,2.0,3.0,4.0,4.0,4.0,3.0,4.0,3.0,4.0,4.0,3.0,3.0,3.0,4.0,4.0,4.0,4.0,3.0,4.0,3.0,3.0,4.0,4.0,4.0,3.0,3.0,4.0,3.0,4.0,4.0,2.0,3.0,2.0,3.0,3.0,3.0,3.0,4.0,2.0,2.0,2.0,3.0,4.0,5.0,3.0,5.0,3.0,4.0,4.0,3.0,"可爱的猫咪嘟嘟
　　我姑姑家有一只乘巧可爱的猫咪，它的名字叫嘟嘟。
　　嘟嘟是一只黑白相间的猫，它背上的毛全是黑色的。四肢，和肚子是白色的，它有一双像弹珠一样的眼睛，还有白白的长长的胡须，见到人总是可怜地“喵喵”地叫着，跟着人走，让人很想抱抱它。
　　嘟嘟俱有猫的天性，喜欢捉老鼠，我一进姑姑家就拿着毛绒老鼠跟它玩，我把老鼠放在它旁边只要我手一抬起老鼠，嘟嘟就会全神贯注的盯上一秒，然后猛扑向老鼠。我手慢一点老鼠就被嘟嘟叼在嘴里了，很厉害的小家伙。
　　虽然我跟它才见面两天，但是我已经深深的喜欢他了。",《可爱的猫咪嘟嘟》
160331,5.0,4.0,5.0,2.0,5.0,4.0,5.0,4.0,5.0,4.0,4.0,4.0,5.0,3.0,3.0,4.0,5.0,4.0,5.0,4.0,4.0,3.0,5.0,3.0,5.0,4.0,5.0,4.0,5.0,4.0,4.0,3.0,5.0,4.0,5.0,4.0,5.0,3.0,5.0,4.0,5.0,4.0,5.0,4.0,4.0,3.0,5.0,4.0,5.0,4.0,3.0,3.0,5.0,3.0,3.0,2.0,5.0,4.0,2.0,2.0,5.0,4.0,5.0,4.0,5.0,4.0,5.0,4.0,5.0,3.0,"友谊的小船
　　(接)我非常生气，一把夺过他的小木船，狠狠的摔到了地上，生气的说：“我再也不和你做朋友了。”说完，转身跑远了。从那天起，我们谁也没有理谁。
　　有一次，老师让我们两个去取资料，我心里本来很不情愿，可是一想到老师期待的眼神，只好答应了下来。从四楼到一楼的路明明只要走两分钟，可是为什么我觉得却走了足足有20分钟？取完了资料，正在上楼的时候，他面色通红，用一种小到让人听不见的声音说到：“对不起。”然后就飞快的跑上了楼，我在原地愣了一下，耳边响起了小恶魔的话：“千万别原谅他，是他把你最爱的小木船弄坏了。”小天使反驳道：“可是他已经向你道歉了。”小恶魔又说：“道歉管什么用，小木船都已经修不好了。”这次我要听小恶魔的，他跟我道歉有什么用。回到班我走到陈华的座位旁边，他一看我来，以为我是来和他和好的，非常的高兴，而我只是对他“哼”了一声，便径直走到了我的座位。接下来的一节课，作为课代表的他，他居然什么也说不出来。放学以后，我发现陈华一直跟着我，便说：“你跟着我干什么？”他一脸神秘的把一个盒子放到了我手上，然后说：“那个，我明天就要转学了，这个是我自己做的小木船，我把他当作礼物送给你，原谅我吧。”我说：“其实我就早就原谅你了，只是不敢说出来而己，而且，我也不应该把你的木船摔坏。说完，我的眼泪不争气的流了下来。
　　第二天，陈华真的转学了，每当看到陈华送给我的小木船时，我和陈华之间的故事像电影一样在我脑海中放映……无限的悔意就向我袭来。
　　友谊是拿金钱买不来的，用物质更换不来。假如当初我往后退一小步，原谅他，并且不摔坏他的小木船，现在的离别也不会像昨天那样惭愧。友谊如航行的小船，如果我们不共同去维护它，那这艘小船就会说翻就翻。",《友谊的小船》
160810,5.0,5.0,5.0,5.0,5.0,5.0,5.0,5.0,5.0,5.0,5.0,5.0,5.0,5.0,5.0,5.0,5.0,5.0,5.0,5.0,5.0,5.0,5.0,5.0,5.0,5.0,5.0,5.0,5.0,5.0,5.0,5.0,5.0,5.0,5.0,5.0,5.0,5.0,5.0,5.0,5.0,5.0,5.0,5.0,4.0,4.0,5.0,5.0,5.0,5.0,4.0,4.0,4.0,4.0,4.0,4.0,5.0,5.0,4.0,2.0,5.0,5.0,5.0,5.0,5.0,5.0,4.0,4.0,4.0,3.0,"小学的难忘之事
　　光阴似箭，日月如梭，在时间的呼啸而过声中，六年的小学生活马上跑的一干二净，过去的事情如轻烟，可风就是吹不散，如薄雾，可太阳就是烤不干，有让我开心的，有让我失落的，有让我惊喜的，但这之中，最让我难忘的，还是在电子社团，我与六（5)班的钟明同学，一起搭出那微弱的，小小的2019……
　　那天，我们满头大汗地从操场往电子社赶。到教室以后，我见了钟明。“哇哦！来看看这是啥！”我们看了看，是八段数码管（电梯上显示楼层的东西）老师下发了零件后，讲了一些要点，让我们自己试。“哎，钟明，咱要用这些东西拼点儿数？”“好呀，我也想哟！”他回答我。于是，我们费尽心思，搞到了4个数码管，插在模板上。第一个数：”2”。“插A,因为……”“插引脚B,它们是连着的嘛！”我们把A,B,C与+，D和电源连了起来。终于完了，该“2019”中的“0”啦！随着六条线的增加，“0”完工了。然后是“1”，该“9”啦！我摸着那线，从成群的线堆中找一个落点。大家的目光，仿佛都注视着那个银晃晃的线头。2019的成败，只在于那线头的落点了。稍有不慎，线头短路，可要有一场天雷一般的大爆炸。来吧，试一试吧！我的手只打颤，成败在此一举！线头落下，只见数码管上微微闪出不清晰的“2019”，那字像火苗，似星星，大家的欢呼也从这“2019”中狂涌出来！大家争先恐后的来看，赞叹声不绝于耳，我也体会到了创新的乐趣！
　　学校不仅有多彩的课程，更有美景，让我们沉醉其间，流连忘返。紫藤四五月开花，花香浓烈引得毛嘟嘟的小蜜蜂，在上面闹着，如一个个黄色的小毛球，松树坚挺秀美，柳树飘逸洒脱——那哪是柳啊，那分明是绿的海洋！这，是我们的校园，美丽的，让人不舍的校园——也是我的家。这里的一切都会人难以忘怀！",《小学的难忘之事》
140430,4.0,3.0,5.0,3.0,5.0,3.0,3.0,3.0,5.0,3.0,2.0,3.0,3.0,3.0,3.0,3.0,3.0,3.0,4.0,3.0,3.0,3.0,2.0,3.0,4.0,4.0,5.0,4.0,5.0,3.0,4.0,3.0,3.0,3.0,5.0,3.0,5.0,3.0,5.0,3.0,5.0,3.0,5.0,4.0,5.0,3.0,5.0,3.0,5.0,4.0,5.0,2.0,4.0,2.0,3.0,3.0,5.0,4.0,2.0,2.0,4.0,3.0,5.0,4.0,5.0,4.0,5.0,3.0,4.0,3.0,"倒挂金钟
　　周末我去姥姥家看姥姥，发现了一个长的很特别的花，于是我就问姥姥：“这是什么花？”姥姥说它的名字叫倒挂金钟，你等到它开花的时候再看就像小灯笼挂在上面。
　　我观察发现它已经有一个花骨朵了，它的花骨朵是红褐色的，它的样子像一个倒过来的水滴，这个花骨朵身上的上面很饱满，越往下越细，我觉得很奇特是因为它整个花都是垂在下面的，后来，在给姥姥打电话时，姥姥说那个花又长出了好多的花骨朵。
　　又过了几天，我又去姥姥家，发现花骨朵已经开了一点了，我发现花瓣有两层，第一层是在外面的一层靠近花茎，花瓣已经打开90度。第二层是里面的一层，还没有开，下面还露着一个长长的花蕊，花蕊的旁边还有四个小的蕊，很漂亮。
　　一周后，我再次去姥姥家，发现花朵已经全部展开了，花瓣的第一层从90度已经向上翘起了，第二层有四个花瓣也都开了，里面钻出了四个长长的花蕊，简直太漂亮了，我数了数一共有16朵几乎全部开放了。
　　倒挂金钟果然像姥姥说的在绿色的叶子中挂满了好多个紫色的“小灯笼”，我觉得很神奇，特别好看。",《倒挂金钟》
150242,4.0,5.0,4.0,5.0,4.0,4.0,4.0,5.0,3.0,4.0,4.0,4.0,4.0,5.0,3.0,5.0,3.0,3.0,4.0,5.0,3.0,3.0,3.0,4.0,4.0,4.0,4.0,5.0,4.0,4.0,3.0,4.0,4.0,4.0,4.0,3.0,4.0,4.0,4.0,5.0,4.0,5.0,4.0,5.0,3.0,3.0,4.0,4.0,4.0,5.0,3.0,4.0,3.0,4.0,2.0,2.0,4.0,5.0,3.0,4.0,4.0,4.0,4.0,4.0,4.0,5.0,4.0,4.0,3.0,4.0,"给父母的一封信
　　爸爸妈妈：
　　您们好！
　　我想向您们提一个小小的请求：能不能帮我配一套乐高的零件包？我这么说是有原因的。请您们听我仔细说清楚。
　　我前两天不是收到了你们送的一件乐高拼装模型吗？我非常高兴，打算今天就把它做完。我看了一下说明书，上面有它搭好的样子，非常酷，是一辆坦克，我的兴趣更高了。
　　于是我坐到了桌子前，整理好零件，开始拼插。我做着做着，由于进展非常顺利，我越来越得意，即使零件越来越复杂，我也毫不在意，不断加快了速度。
　　做到后半部分，突然，我手一滑，一个小螺丝掉到了地上，瞬间就不见了踪影。我赶紧趴到地上左找右找，但怎么也找不到。我心里一惊，慌得像热锅上的蚂蚁，这可怎么办？没有这个零件就有可能不成功！我又找了半天，还是不见螺丝的踪影，我只好安慰自己，少了一个芝麻大小的零件，应该不至于不成功吧，于是我就继续往下做了。因为出现了这个意外，我汲取了教训，放慢了速度。
　　终于做完了，我不禁心里一阵窃喜，果然没问题。我兴奋地遥控着它出了屋子，没想到当我让它去爬坡时，突然，咔嚓一声，坦克的轮轴和电池从车上掉了下来！我愣住了，赶紧把坦克拿回去维修。当我再把他们装起来时，却发现怎么也装不牢。一看，旁边有个小洞，而洞里应该安装的正是那个丢失的螺丝！我失望极了，当时心存的一丝侥幸完全破灭了，当时不应该轻视这个小小的螺丝，真是千里之堤，毁于蚁穴。
　　爸爸妈妈，我想让你们再给我一个补救的机会，补上缺失的零件，让我的坦克更完美，我保证以后不再犯这种错了。而且我还有点别的想法，加一些零件把它改装，让它的功能更强大！希望你们能支持我！
　　此致
　　敬礼！
儿郑凯
2018、3、25日",《给父母的一封信》
160429,5.0,5.0,5.0,5.0,5.0,5.0,3.0,3.0,5.0,5.0,4.0,4.0,4.0,4.0,5.0,5.0,5.0,5.0,5.0,5.0,4.0,4.0,5.0,5.0,5.0,5.0,5.0,5.0,5.0,5.0,5.0,5.0,5.0,5.0,5.0,5.0,5.0,5.0,5.0,5.0,5.0,5.0,5.0,5.0,5.0,5.0,4.0,4.0,5.0,5.0,5.0,5.0,4.0,4.0,5.0,5.0,5.0,5.0,2.0,2.0,4.0,4.0,5.0,5.0,5.0,5.0,5.0,5.0,4.0,3.0,"我的舞台
　　小时候看见电视上的芭蕾舞演员们一连串优美的舞姿，我不禁心驰神往，那每一个动作都体现出不凡的气质。于是我就想学舞蹈。
　　上第一节课的时候，我特别兴奋，谁知道，每一次舞蹈课的训练都是很辛苦的，像劈叉、下腰……尽管中途我有过想放弃的念头，但是我还是咬紧牙关坚持了下来，因为我心中有一股力量支持着我，我想成为电视上的那个舞蹈家。
　　舞蹈演员那优美的舞姿好像天鹅在自由地飞翔。记得有一次，舞蹈老师让我们每一个小朋友都面朝墙坐好，然后她腿劈开，大腿内侧要和墙紧贴在一起，当时几乎没有小朋友可以完成这个动作，老师就一个一个帮每个小朋友往墙面推，看着她们痛苦难受的样子，我特别紧张，轮到我的时候，我紧张的都快哭了，老师耐心的对我说：“宝贝放轻松，老师帮你向里推，如果特别痛的话，就告诉我，在老师推我的那一霎那我觉得这是我最痛苦的经历，我的腿剧痛无比，汗都出来了，但我还是忍住了，因为我看见别的小朋友都做到了，我也不能落后。
　　越往下学，就越难，特别是舞蹈，一次又一次的“摔倒”，一次又一次的“疼痛”，但是我都要坚持下来，只有这样才会走向世界的舞台，所以我没有放弃过，只因为，我喜欢。",《我的舞台》
130319,3.0,3.0,2.0,2.0,4.0,3.0,4.0,3.0,3.0,3.0,4.0,2.0,4.0,3.0,4.0,2.0,4.0,2.0,4.0,3.0,3.0,3.0,3.0,3.0,4.0,3.0,3.0,3.0,3.0,3.0,3.0,2.0,3.0,3.0,3.0,2.0,4.0,2.0,3.0,2.0,4.0,3.0,4.0,3.0,3.0,2.0,3.0,3.0,4.0,3.0,3.0,2.0,3.0,2.0,2.0,2.0,3.0,3.0,2.0,3.0,4.0,2.0,4.0,3.0,4.0,3.0,3.0,3.0,4.0,2.0,"狮子们的外星之旅
　　以前，有三只小狮子想去外太空旅行。
　　它们的妈妈便找来了大象，小狮子的妈妈说：“我家这几个孩子，想去外太空旅行，你能不能用跷跷板把他们跷上去？”大象便答应了。
　　第二天，小狮子们穿好宇航服，只听“啵”的一声，小狮子他就飞上太空了。再说小狮子们，这时，小狮子们已经飞上太空了。他们先去了火星，火星上他们到那里找遍了，但还是没有发现外星人。有一只小狮子说了：“前面那颗行星要是再没有外星人，咱们就回地球吧！”其它两只小狮了也同意了。
　　到了那颗行星，发现这里竟然有房子，而且他们看见了外星人。外星人问：“你们从那里来”？小狮子们回答：“我们从地球来。外星人便说：那里有很多房子，你们随便挑一个住吧。房子里面有电视机，沙发，还有一个食物传送带。你想要什么吃的，他就会给你传送出来。
　　晚上，他们看电视，他们知道了：这个行星叫双子星，离地球远极了。而且还知道了这儿的人耳朵什么那小，是因为这里的人都不怎么听别人说，所以耳朵那么小。
　　又不久，小狮子们便回地球了。",《狮子们的外星之旅》
240126,3.0,3.0,4.0,4.0,4.0,4.0,2.0,2.0,3.0,3.0,3.0,3.0,3.0,3.0,2.0,2.0,3.0,3.0,3.0,3.0,4.0,4.0,4.0,4.0,3.0,3.0,4.0,4.0,5.0,5.0,4.0,4.0,5.0,5.0,3.0,3.0,3.0,3.0,2.0,2.0,3.0,3.0,4.0,4.0,3.0,3.0,4.0,4.0,4.0,4.0,3.0,3.0,3.0,3.0,3.0,3.0,4.0,4.0,2.0,2.0,4.0,4.0,4.0,4.0,5.0,5.0,4.0,4.0,4.0,4.0,"老师进班了
　　叮铃铃，上课了班老师拿着水壶和手机进来了，但是班老师是先把头探过来，看看班里情况。如果班里情况良好，班老师就会说！“不错啊”！但是如果班里情况很糟，班老师有的时候就会说：你们看这些人真是的！”有的时候老师会说：你们看这些真是自欺欺人啊？还有的时候会说：“谁谁谁起立！不自觉”。
　　其实我觉得班老师是为我们好，想让我们变的更好！",《班主任进班了》
150213,4.0,5.0,4.0,4.0,4.0,4.0,5.0,5.0,4.0,5.0,3.0,5.0,4.0,4.0,4.0,5.0,4.0,5.0,5.0,5.0,4.0,4.0,5.0,4.0,4.0,5.0,4.0,4.0,4.0,4.0,4.0,4.0,4.0,4.0,5.0,5.0,4.0,5.0,4.0,4.0,4.0,4.0,4.0,5.0,4.0,5.0,4.0,5.0,4.0,4.0,4.0,4.0,3.0,4.0,4.0,4.0,4.0,4.0,3.0,4.0,4.0,5.0,4.0,5.0,4.0,5.0,4.0,5.0,5.0,4.0,"致圣诞老人的一封信
亲爱的圣诞老人：
　　您好！
　　我是一个相信您存在，却又有些疑惑的中国小学生。去年的圣诞节我给您写了一封信，但是这封信却让我对相信您这样的想法开始动摇了。
　　去年的圣诞节前夕，我怀着满心的激动在我给您的信上写下了期待一年的愿望。那天晚上，我久久不能入睡，在床上翻来覆去地想您会给我怎样回信，时不时再从床上爬起来往窗外望一望，期待着一个身穿红色棉袄坐在麋鹿雪橇中的身影从窗前闪过……可是当我第二天早晨醒来，带着激动的心情走到客厅，我的心在怦怦乱跳，真正向窗子边望去时，仿佛时间都凝固了——桌子上有一束花、一瓶维C、一包饼干……唯独就是没有我的圣诞礼物！一瞬间感觉心里空落落的，脑袋就像被一块大石头狠狠撞了一下。还是一滴冰冷的眼泪填补了我空虚的内心……
　　圣诞老人到底是不是真的？难道妈妈都是骗我的？那一整天这两个问题都在我脑海中回荡着，就像一个小姑娘在秋千上越荡越高迟迟不肯下来。放学回到家，像往常一样，桌子上摆着一束花、一瓶维C、一包饼干……哦不……还有一盆鱼和一封信！我就像是长了一对翅膀，从失落的低谷飞了上来……但是那封信是中文！!
　　圣诞老人，虽然我依旧相信您，但是我希望您能解答我的疑惑，但愿这封信没有打扰到您。
　　此致
敬礼！
您的朋友 Carrie
　　                                                       2017.3.30",《致圣诞老人的一封信》
250144,4.0,4.0,4.0,5.0,4.0,5.0,3.0,4.0,4.0,4.0,4.0,3.0,4.0,3.0,3.0,3.0,3.0,4.0,2.0,3.0,3.0,3.0,3.0,4.0,3.0,3.0,3.0,2.0,3.0,2.0,2.0,3.0,3.0,2.0,3.0,3.0,3.0,2.0,3.0,4.0,4.0,4.0,4.0,4.0,3.0,3.0,3.0,2.0,3.0,2.0,2.0,2.0,2.0,3.0,2.0,2.0,3.0,3.0,3.0,4.0,3.0,3.0,3.0,4.0,3.0,3.0,2.0,3.0,4.0,4.0,"做志愿者
　　在这个假期里，我去了由北京银行举办的一个叫“小小银行家”的活动。
　　我按时到了银行里面举办活动的地方，还看见了几个也来参加活动的小伙伴，他们都比我小。老师们还让我们穿了志愿者的服装。在那里，老师教了我关于：如何辨别人民币的真假、如何使用记帐本、如何像银行里面的工作人员一样快速数？和人民币的？史。让我们体验了当银行志愿者。其中，我最喜欢的就是当志愿者了！老师告诉我们，有发单、送茶水和迎宾送客的活动，老师把我们分为三组，我带着一个弟弟和一个妹妹，去迎宾送客，我对走的人说：“欢迎您下次光临，请慢走。他们对来的人说：“欢迎您光临，请往这边走。”我一直在观察人们的表情和语言变化，有的人会对我说“谢谢！使我非常自豪，有的人会对我微笑，使我非常开心，有的人对我点点头，使我心情欢畅，不过，有的人就把我当成空气一样，直接走了，我心里想“这人真没礼貌！”我会看对面的笑话，有时候客人约好了办理，所以直接走另一条路，不走指的路，还有客人直接问“我要去卫生间怎么走？”或“我要找×××经理，他在哪？”使他们无言以对，使我哈给大笑！
　　这次活动我很喜欢，下次我还要来！",《做志愿者》
150436,4.0,5.0,4.0,5.0,3.0,3.0,3.0,4.0,3.0,4.0,3.0,3.0,4.0,5.0,4.0,4.0,3.0,4.0,4.0,4.0,4.0,5.0,4.0,5.0,4.0,3.0,4.0,3.0,4.0,5.0,3.0,3.0,4.0,5.0,4.0,3.0,3.0,4.0,3.0,3.0,3.0,4.0,4.0,4.0,3.0,3.0,4.0,5.0,4.0,5.0,4.0,5.0,4.0,4.0,3.0,5.0,4.0,4.0,3.0,4.0,3.0,4.0,4.0,4.0,4.0,5.0,4.0,4.0,4.0,5.0,"“摘下我的翅膀，送给你飞翔”
　　2008年5月12日，一个和往常一样的日子，一个充满欢声笑语的世界，一切都是那么美好。可是在大家午睡的时候汶川大地突然发怒了。山崩地裂的声音吵醒了人们。
　　就在这时，整个汶川都随着大地摇晃，小学教学楼已经丹塌，主震过后，当含着泪的人们徒手搬开垮塌的教学楼的一角时，含在人们眼里的泪水夺眶而出，一名他们素不相识的男子跪在废虚上，双臂紧紧地搂着两个孩子，像一只展翅欲飞的雄鹰。两个孩子还活着，而“雄鹰”已经牺牲！由于紧抱孩子的手臂已经僵硬，救援人员只能含泪将其锯掉才把孩子救出。这名男子只是一个年仅30岁的音乐老师，他的妻子和儿女也被垮塌的房屋深埋，在面临去救学生还是去救妻儿的决择时，他选择去救学生。
　　在那一天，有太多太多的人们惨死于地震的魔爪下，也有太多太多的人们因为失去亲人、朋友而痛哭。地震虽然夺去了许多人的生命。但是正是在这样危急的时刻才能体现出人民大公无私舍己救人的伟大精神。因此，我们学校也在今天做了地震演习，全校只用了六分钟就集合到了操场上，我们要为自己的安全、自己的生命保驾护航！
　　“摘下我的翅膀，送给你飞翔。”多才多艺，最爱唱歌的老师用生命诠释了这句歌词，用血肉之躯为自己的学生牢牢把握住了生命之门！这就是令我最感动的事：一只“雄鹰”的故事！",《“搞下我的翅膀，送给你飞翔”》
141316,4.0,4.0,4.0,3.0,4.0,4.0,4.0,4.0,4.0,4.0,4.0,4.0,4.0,4.0,4.0,4.0,3.0,4.0,4.0,3.0,3.0,4.0,3.0,4.0,4.0,4.0,4.0,3.0,3.0,4.0,4.0,4.0,3.0,4.0,4.0,3.0,4.0,3.0,3.0,3.0,5.0,3.0,4.0,4.0,3.0,4.0,3.0,4.0,4.0,4.0,3.0,3.0,3.0,3.0,3.0,3.0,4.0,4.0,3.0,4.0,4.0,3.0,5.0,4.0,5.0,4.0,4.0,4.0,4.0,4.0,"友情是珍贵的
　　语文课时，老师给我们看了一个视频,我有了很多感受，也从中学会了很多。
　　视频讲了一个大蜡烛和小蜡烛的故事。大蜡烛先是故意笑着把小蜡烛的火吹灭了，大蜡烛一看小蜡烛伤心了，大蜡烛就给小蜡烛点了火。大蜡烛是故意笑着把小蜡烛的火第二次吹灭了，大蜡烛斜视了一眼小蜡烛，扭过头嘲笑小蜡烛。小蜡烛伤心极了，大蜡烛又把小蜡烛的火点燃了。小蜡烛打了一个喷嚏，不小心把大蜡烛的火吹灭了。大蜡烛什么都没想就想让小蜡烛点火但是小蜡烛没给，后来小蜡烛看到大蜡烛伤心了，使给大蜡烛点火，最后它们都和谐的笑了。
　　我觉得小蜡烛不给大蜡烛点火是因为它想：你都故意吹灭我两次了，你还嘲笑我，我为什么要给你点火？大蜡烛伤心时，它应该想：早知道这样，我就不故意吹小蜡烛的火了，结果小蜡烛生气不给我点火了。小蜡烛给大蜡烛点点火是因为它觉得大蜡烛很内疚，它知道错了，小蜡烛想给它改正的机会，所以才给大蜡烛点火的。
　　看完这个故事，我懂得了很多，也学会了很多，还有很多感受。我很赞赏小蜡烛的品德虽然大蜡烛伤害过小蜡烛两次，但小蜡烛还是能原谅它，多给它一次改正的机会。而我也很赞赏大蜡烛，它到最后意识到了错误。这两种品质都值得我去学习。老师也常常教导我们“知错能改、善莫大焉”看完这个故事，我又再次感受到宽容别人是多么的重要，友情是多么珍贵。老师常常多给同学们一次机会，就是希望他们能自己意识到这一点，自己改正这一点。不管别人们怎么样，你都要多给别人一些机会即便他不改，你还是要给他机会。因为知错能改，善莫大焉，所以一定要给别人机会去改正错误。而友情是经不住很多次考验的。你考验它一次，你们友情的性质也就变了，甚至淡了。多给别人一次机会，你们就会多一份友情。挑战一次你们的友情,你们的友情也会渐渐淡化。你要是有宽容别人，珍惜友情这两种高尚的品德，你会受益终生的。",《友情最珍贵的》
160729,4.0,4.0,5.0,5.0,5.0,5.0,4.0,4.0,3.0,3.0,2.0,2.0,5.0,5.0,5.0,5.0,3.0,3.0,5.0,5.0,5.0,5.0,5.0,5.0,5.0,5.0,5.0,5.0,5.0,5.0,4.0,4.0,5.0,5.0,4.0,4.0,4.0,4.0,3.0,3.0,4.0,4.0,4.0,4.0,4.0,4.0,3.0,3.0,4.0,4.0,4.0,4.0,5.0,5.0,5.0,5.0,4.0,4.0,2.0,2.0,5.0,5.0,4.0,4.0,5.0,5.0,5.0,5.0,4.0,3.0,"《苹果树上的外婆》
　　第一次我看见这本书的时候是我和我的朋友一起去图书馆看见的，当时我被这本书的书名吸引了，心想外婆怎么会在苹果树上呢？后来我缠着妈妈给我买了这本书。
　　这本书介绍了安迪的小伙伴都有外婆，可安迪没有，这是让安迪最难过的事情，当安迪看到外婆的照片时，安迪的外婆就会出现在他经常一个人独处在苹果树上，当然，那是安迪想象出来的。在安迪幻想的空间里，外婆带他去了游乐场，吃了棉花糖和冰激凌，还有去草原套马，那几天安迪非常的开心。但正当安迪和苹果树上的外婆在去印度海洋上的时候，隔壁搬来了一个老奶奶，是一个很需要安迪帮助的老奶奶，邻居家奶奶的两个孙子。安迪在真正的生活里找到了一个和蔼可亲体谅他的奶奶。
　　读完这本书，我突然很想我的外婆，想来我已经有好几天没有见到外婆了，脑子里想起了好多外婆对我的好，每次回到外婆家，外婆都会给我做很多的好吃的，总是在厨房忙活一上午，但是我好像一次都没有为外婆做过什么，想着想着我有些后悔，我不能让自己后悔，于是暗暗下定决心，今后，一有时间，我就要去外婆家看外婆，一定好好孝顺我的外婆，等我外婆老了，我一定也陪着外婆，不让外婆孤独。
　　这本书让我懂得了：每个人都必须要有亲情的关爱，亲情是必不可少的，也让我明白了帮助别人也能让自己快乐。还让我懂得了不管有没有外婆都要坚强，不要因为没有了外婆而让自己的心情很低落。这要是让外婆看见了肯定会很伤心。所以我们要有乐观的心情面对现实，不要以悲伤的心情面对现实。
　　我们要是没有了外婆也要有自立，乐观，还要保持开心的心情。还要阳光向上，不退缩，好好努力。",《苹果树上的外婆》
140124,4.0,3.0,5.0,4.0,5.0,4.0,5.0,4.0,4.0,3.0,2.0,3.0,4.0,3.0,2.0,3.0,1.0,3.0,2.0,3.0,2.0,3.0,2.0,3.0,3.0,3.0,2.0,3.0,3.0,3.0,2.0,3.0,4.0,3.0,3.0,3.0,3.0,3.0,3.0,3.0,3.0,3.0,5.0,4.0,4.0,3.0,3.0,3.0,4.0,4.0,2.0,2.0,3.0,3.0,2.0,2.0,3.0,3.0,2.0,2.0,4.0,3.0,5.0,4.0,5.0,4.0,4.0,4.0,3.0,3.0,"阿尔山
　　我们去了内蒙古的阿尔山国家森林公园，那里是因为火山喷发而成，阿尔山前身是内蒙古兴安盟科古前旗的一个建制镇。
　　阿尔山国家森林公园风景优美、绿树成阴，我们在阿尔山国家森林公国里看见了一个清澈见底的河我在那吃了西瓜洗了洗手，天那水好凉，后来我们去天池的路上走着台阶伸手就能摸到云，天池是在山的顶上有一个大池，从上往下看都能看到底下有好多石头，然后我去了石塘林里头有头有很多很小的小松树和火山岩石，火山岩石是因为火山喷发而成的，石头成了小山，我们还去了杜鹃湖，杜鹃湖里风景如画、美丽动人，里头有3个河流，最后我们去了大家知道天池还有一个是地池那里风平浪静的河面，地池是在一个山谷之中的池子，在这个池子里头有很多石头！我从那里找到了4个火山岩石，还有一个就是乌龟岩，乌龟岩是长的像乌龟的火山石，那些乌龟真生动！
　　我去的是内蒙古我感到了大自然的美丽，希望大家能去一次阿尔山。",《阿尔山》
160328,5.0,4.0,5.0,2.0,5.0,4.0,3.0,4.0,5.0,5.0,3.0,5.0,3.0,4.0,5.0,5.0,5.0,3.0,5.0,4.0,5.0,4.0,5.0,3.0,5.0,4.0,5.0,4.0,5.0,4.0,5.0,2.0,5.0,3.0,5.0,5.0,5.0,3.0,5.0,4.0,5.0,4.0,5.0,5.0,5.0,4.0,5.0,4.0,5.0,4.0,4.0,3.0,5.0,4.0,5.0,4.0,5.0,4.0,2.0,2.0,5.0,4.0,5.0,5.0,5.0,5.0,5.0,4.0,5.0,4.0,"友谊的小船永不翻
　　我给了陈华一个白眼，“你什么意思啊？不仅摔坏了它，还给了我的小船一脚！”我一边怒气冲冲地说，脚一边往他的小船上就要踩。他急得忙把小船夺走，“我……我……”他欲言又止，我哪容得他分说，扭过脸跺着脚就走了。我决心已下，再也不理他。就这样我在这漫长的一个月都没有正眼瞧他。这天早上他与我擦肩而过，他脸上毫无血色，眼角下有两道淡淡的泪痕，他冲我微微一笑却像是没吃饭般有气无力，只用那两只无神的眼呆呆地望着我。我一想起那只小船，只是向他一招手，走了。
　　我呆呆地坐在椅子上，百感交集。我打开笔袋，发现笔袋里躺着一张皱巴巴的纸条，像是从水里捞出来又烤干的，上面写着“对不起”画着一只精致的小帆船。我那几分钟前还坚定不移的决心，仅因这一句“对不起”而轰塌，不，说不定我本不想与他吵吧。我的手捏着那不停颤抖又再次浸湿的纸条，拿起笔在那小船的船帆上加了“永不翻”几个字。我的脑子里如电影倒带一样，播放着我们近六年同窗的美好友谊，也上映着他这一个月来他憔悴的模样，我猛然一回头，却看见陈华笑着平静地望着我，他的笑包含着无限的宽容，正是因为他这宽厚的一笑，我终于忍不住心中的懊悔，潸然泪下。",《友谊的小船永不翻》
130306,4.0,4.0,4.0,5.0,5.0,5.0,4.0,3.0,4.0,4.0,3.0,3.0,4.0,4.0,4.0,5.0,4.0,3.0,4.0,4.0,4.0,3.0,4.0,4.0,4.0,3.0,5.0,4.0,4.0,4.0,4.0,4.0,4.0,3.0,4.0,4.0,3.0,4.0,4.0,4.0,4.0,4.0,5.0,4.0,4.0,4.0,4.0,4.0,4.0,4.0,3.0,3.0,4.0,3.0,4.0,5.0,4.0,3.0,2.0,2.0,4.0,4.0,4.0,5.0,3.0,5.0,3.0,5.0,4.0,4.0,"爸爸的爱
　　每个人都很爱她的儿子。妈妈很爱我，但我觉得爸爸不爱我，我很伤心。
　　有一次，我肚子疼，疼的就像刀片在肚子里乱跳一样，而且还特别想吐，很难受。爸爸又很晚回来，当时他正在外面办事，他急忙赶回来。走到我的床边。轻轻摸着我的头，安慰我说：“疼不疼啊？吃什么东西啦？要坚强！”我就觉得肚子不在那么疼了。后来我才发现他还带了一些药回来。我每次说起这个令人感动的故事的时候，眼圈都会渐渐湿润。原来。爸爸还是很爱我的。
　　我每次吃饭时都会有挑食，不把碗里的饭吃完的习惯,每当这个时候，爸爸就会大声喊：“回来！吃完饭在走！要不就别玩！”我很委屈，因为实在吃不下了，最后，我还是强忍着吃了下去。渐渐的，我就养成了这样的习惯了。上次，我和别的家庭去玩，那些家长们都说：“方强吃饭真好！不挑食！”我这才想起这全是爸爸的功劳。
　　“母爱如海，父爱如山”爸爸爱我的方式和妈妈不一样，妈妈的爱像海一样，很温柔。爸爸的爱像山，很严厉，但他的内心还是爱我的。
　　我是一个被爸爸妈妈疼爱着的一个幸福的小孩。",《爸爸的爱》
150128,5.0,4.0,5.0,4.0,5.0,4.0,3.0,4.0,4.0,4.0,5.0,5.0,4.0,4.0,3.0,3.0,5.0,5.0,5.0,4.0,5.0,4.0,5.0,3.0,5.0,4.0,5.0,4.0,5.0,4.0,5.0,4.0,5.0,4.0,5.0,4.0,4.0,4.0,5.0,4.0,5.0,4.0,5.0,5.0,5.0,4.0,5.0,4.0,5.0,4.0,5.0,2.0,5.0,3.0,3.0,2.0,5.0,4.0,2.0,2.0,5.0,4.0,5.0,5.0,5.0,5.0,5.0,5.0,5.0,4.0,"读《城南旧事》有感
　　《城南旧事》是作者林海音的经典作品，它进述了作者的童年，用丰富，细致又富有童趣的语言让读者充分体会到童年是最珍贵，最真实的，我也是其中之一。
　　这本书记叙了英子从6岁一直到12岁这段童年，看似漫长，过起来却又像只是一瞬间。英子小时候特别纯真，说的什么话都是稚嫩的，她的家人有时觉得她生病了，但大人不明白孩子们的内心世界，其实那只是她发自内心的朴实。就像英子先后遇到了“疯子”秀贞和“小偷”，但她不但不那么想，还能把他们当亲人看待。如果人们都以孩子般善良的心来看大人世界的辛酸痛苦，那这世上就没有什么所谓的“坏人”了。只是这样的善良和童真是极容易在时代和环境的影响下被迫改变的。书中英子是家里的长女，家里孩子多，她比弟妹们懂得多，所以要十几岁就学会遇事冷静，变得成熟稳重，还要提早结束童年，融入社会。以前孩子的童年都是短暂的，只有短暂的时间是用童真，善良的眼睛去看这个社会，他们早早就有了忧愁。而现在，我们童年是快乐的、幸福的，有着丰富的学习资源，也受着良好的教育，这样无忧无虑的童年一辈子就只有一次，再也不会重来所以我们更应该珍惜如此宝贵的童年。
　　这本书用童趣又略带忧伤的语言让我感受到了被迫成熟的无耐与伤感，更让我真切地体会了童年的短暂。是啊！童年就像那流水，不分昼夜地向东流，就算是细水也不会总有“明天”，就是像这样的童年，它一去便不复返，所以它才值得我们去珍惜，去回忆。",《读<城南旧事>有感》
160411,3.0,3.0,4.0,4.0,3.0,5.0,3.0,3.0,3.0,4.0,2.0,3.0,3.0,4.0,3.0,4.0,3.0,4.0,3.0,4.0,3.0,3.0,3.0,3.0,3.0,4.0,3.0,5.0,3.0,3.0,3.0,4.0,3.0,4.0,2.0,4.0,2.0,4.0,2.0,3.0,2.0,3.0,3.0,3.0,2.0,4.0,2.0,3.0,3.0,4.0,2.0,3.0,2.0,3.0,2.0,3.0,3.0,3.0,2.0,2.0,3.0,3.0,3.0,5.0,3.0,4.0,2.0,2.0,2.0,3.0,"我与艺术
　　“爱艺术并不代表懂艺术，懂艺术并不代表会艺术，艺术不是模仿，而是超脱，是创造，它需要人去为它奉献去牺牲，去把它当作一个神魂颠倒的情人，”我就与艺术——绘画结下不解之缘。
　　像绘画，有着别具一格的魅力，无论是动漫，素描都是我非常喜欢的。
　　从小我就开始学画画，直到今天，我一直在坚持。这学期我开始学人像素描的时候，老师让我画了一张鲁迅的侧面。一开始画的时候，老师给我说了人的比例和个个部分的各子，然后让我开始打稿，先是1稿，鲁迅的眼睛，炯炯有神，一字形的大胡子，微抿的嘴，它们让我找到了灵感，我拿起笔慢慢的画，之后我经过老师的可上了色。
　　大功告成，老师说：“你看，你怎么把先生的眼睛画的一大一小呢！”我哈哈大笑。
　　我认为，绘画是一个很高雅的艺术，它可以让人从急燥的情绪中变的平静。有时让人开心，有时让人沉静。我对他有独特的情感，以前我学到古筝，舞蹈，但都没坚持下来，独有画画，这个感情；只可意会，不可言传。
　　我很开心，无论什么时候，绘画都能陪伴我，无论怎么样，我都不会放弃画画，他已经成为我灵魂的一部分。",《我与艺术》
130335,4.0,5.0,5.0,4.0,3.0,4.0,3.0,4.0,4.0,4.0,3.0,5.0,4.0,5.0,3.0,2.0,2.0,3.0,2.0,4.0,3.0,5.0,2.0,3.0,3.0,2.0,3.0,2.0,4.0,3.0,4.0,3.0,4.0,3.0,4.0,4.0,4.0,3.0,2.0,3.0,2.0,4.0,4.0,3.0,3.0,4.0,3.0,4.0,3.0,4.0,2.0,3.0,2.0,3.0,2.0,4.0,3.0,3.0,2.0,4.0,2.0,4.0,5.0,4.0,4.0,5.0,3.0,4.0,3.0,4.0,"父母的爱
　　“谁言寸草心，报得三春晖”。这首诗是孟郊写的，父母的爱像春天阳光，哺育了小草，这是我们都会背的一首诗，父母的爱我们是报答不了的，我们要好好学习。
　　我无时无刻都在感受到父母对我的爱。记得在我6岁时，夜里发高烧，妈妈量体温，已经40度了，爸爸妈妈赶紧带我去医院。到了医院，爸爸背着我楼上楼下的跑，又是挂号，又是抽血化验，化验结果是要输液，输液很慢两个小时才能输完。爸爸妈妈一直鼓励我，要坚强，爸爸还买来了我最爱吃的粥，妈妈一直不停地给我进行物理降温，爸爸妈妈每天都带我到医院输液，一共输了7天，病终于好了，爸爸妈妈也露出了笑容。
　　有一次我数练的一道题不会做，我就去问爸爸，爸爸让我再想想，可是我想了又想又想还是不会，我又去问爸爸，爸爸让我去看看数学书，我一看数学书还真有这样的例题，我终于写对了，爸爸露出了满意地笑容。
　　爸爸妈妈对我的爱还有很多很多，比如妈妈每天为我准备早饭和晚饭，妈妈的叮嘱，爸爸教我学会了骑自行车、打乒乓球，陪我去爬山……爸爸妈妈对我的爱，我真的很感动，我一定好好学习来回报他们，爸爸我爱你们。",《父母的爱》
160413,4.0,4.0,5.0,5.0,4.0,4.0,4.0,4.0,5.0,4.0,4.0,4.0,4.0,4.0,5.0,4.0,4.0,4.0,4.0,4.0,4.0,5.0,4.0,4.0,5.0,4.0,4.0,4.0,4.0,4.0,3.0,4.0,3.0,4.0,4.0,3.0,5.0,4.0,5.0,4.0,5.0,5.0,5.0,4.0,5.0,5.0,4.0,4.0,5.0,4.0,3.0,4.0,5.0,5.0,5.0,4.0,5.0,4.0,4.0,4.0,4.0,4.0,5.0,5.0,5.0,5.0,5.0,5.0,5.0,5.0,"努力超越十年功
　　“台上一分钟，台下十年功”这是一句自从我一年级开始学拉丁舞就一直这样听了六年的老话。我一直认为成功就像这句话，是时间磨练出来的。
　　那是不是只要跳了十年就一定能成功呢？六年来我似乎不曾想浪费一丁点时间来纠结这个是也好，不是也罢的问题，直到在那场比赛上，为我揭开了它的面纱。
　　经过一段时间老师风吹雨打般“狠心压榨”后，我原本紧张的心情中加入了一些自信与忐忑，似乎在纷飞大雪中为我披上了一件薄外套，抵御寒冬却透着阵阵凉意。
　　终于，老师念到了我的背牌号，我还没有站稳脚跟就向前迈了出去，走进大厅。大厅刺眼的白光模糊了我周围的环境，好像这就是我一个人的舞台，随着音乐的一起一落我尽情发挥着老师教给我的技巧，犹如在太阳的照耀下自由飞翔的小鸟。
　　可小鸟终究比不过老鹰，一个男生强有力地一挥手，正好甩在我脸上。我顿时慌了节奏，大脑一片空白，之前的动作技巧和节奏感一下子烟消云散，刺眼的白光让我喘不过气来，我不敢想象脸上的妆花成了什么样子。
　　哭着回去后我忽然想到：“功夫不负有心人，”那么我扪心自问是否每次课都努力了？是不是根本没放在心上？这次比赛为我填上了答案。
　　“台上一分钟，台下十年功”，那是一个努力的十年功，是绽放的一分钟。一个人如果用心对待每一个哪怕很少的提高机会，小鸟可以比老鹰飞得更高，我相信这没有达到十年功却胜似十年功。",《努力超越十年功》
160210,5.0,5.0,5.0,5.0,5.0,5.0,5.0,5.0,5.0,5.0,4.0,3.0,4.0,4.0,4.0,4.0,5.0,5.0,5.0,5.0,4.0,4.0,4.0,4.0,4.0,4.0,5.0,5.0,5.0,5.0,4.0,4.0,5.0,5.0,5.0,5.0,4.0,4.0,4.0,4.0,4.0,4.0,5.0,5.0,5.0,4.0,4.0,4.0,4.0,4.0,3.0,3.0,4.0,4.0,4.0,4.0,4.0,5.0,3.0,3.0,4.0,4.0,4.0,5.0,5.0,5.0,4.0,5.0,4.0,3.0,"轮船上的关爱
　　人间自有真情在，关爱无处不在。在别人遇到突发事件时，给予他帮助，这是关爱。在同学有困难的时候，教他怎么做，这是关爱。在别人心灵受到伤害时，安慰他，鼓励他，这都是关爱，如果说让我最有感悟的一件事，还是我与爸爸妈妈在泰国的轮船上，对那个小孩子的关爱。
　　那一次，我和爸爸妈妈去泰国玩，我们乘着轮船，准备去下一个景点玩，船上面的一切都很平静，突然，“哇哇……哇呜”的哭闹声像雷电似的响了起来，原来是一个在我身边的一岁多大的小孩子，正在嚎啕大哭呢！那震耳欲聋的哭声飞快地传满了整个轮船甲板，大家的眼神中，充满了厌恶，有人摇头，有人叹气，还有人干脆直接戴上耳机，回到船舱里去了。小孩子的父母很是焦急，嘴里喃喃着什么“别哭啦……”“看那儿……”之类的话。他们轮流去哄小孩子，时用食物，时用玩具，可不管怎么哄，都没有用，小孩子的哭声越来越大，大过浪声，大过轮船发动机的响声，甚至大过船笛的响声。在这时，我突然想到了一个主意，一个不错的主意——去哄一下这个小孩子。想到这，我便走上去，用手机放了一段动物园中的鸡叫。“咯咯哒——咯咯哒”的鸡叫放了出来，小孩子一下破涕为笑，也学起了“咯咯”。咻终于好啦！可我正准备躺下小睡一会儿的时候，小孩子又把手机放下，又开始哭了，“唉，不会吧，就此来看还真得换个方法了。”我想。我在小孩子面前做起了鬼脸，小孩子拍着手大笑了好久。也学着做了好多鬼脸。终于等到下船了，我累的筋疲力尽，小孩子的家长也从困窘之境中解脱了出来，对我们谢了又谢，这真是一次有意义的行程！
　　人与人之间相互关爱，相互理解，相互尊重，世界就会成为一个温暖而又友爱的大家庭。正如一句歌词所说的：只要人人都献出一点爱，世界就会变成美好的人间。",《轮船上的关爱》
130503,4.0,4.0,4.0,5.0,4.0,5.0,4.0,3.0,4.0,4.0,3.0,3.0,4.0,4.0,3.0,3.0,3.0,4.0,4.0,5.0,4.0,4.0,4.0,4.0,4.0,4.0,4.0,5.0,4.0,4.0,4.0,4.0,4.0,5.0,4.0,4.0,2.0,2.0,3.0,3.0,3.0,4.0,4.0,4.0,3.0,3.0,4.0,4.0,4.0,4.0,3.0,3.0,3.0,2.0,3.0,3.0,4.0,4.0,2.0,2.0,3.0,4.0,4.0,5.0,4.0,5.0,5.0,5.0,4.0,3.0,"我的好朋友
　　我最好的朋友是修杰，她长得既可爱又漂亮。水灵灵的大眼睛，好像两颗圆溜溜的黑葡萄；她的嘴唇又粉又嫩，好似一片粉红色的花瓣；她的脸蛋胖嘟嘟的，好像两个小气球；而且，她最大的优点就是非常乐于助人，大方，性格很开朗。
　　有一次，我和她一起去海淀公园。我本想拿一块面包，可是，一不小心，我的手划在了刀刃上。“哎呀；好疼呀！”我说。她关心地问：“怎么了？”我说：“被刀刃划了，好疼！”之后，她从包里掏出了一个创可贴给我贴上了。突然，我想到了一句名言：赠人玫瑰，手留余香。
　　这就是我的好朋友修杰,我喜欢她，你们呢？",《我的好朋友》
240224,3.0,3.0,4.0,4.0,3.0,3.0,3.0,3.0,3.0,3.0,2.0,2.0,3.0,3.0,4.0,4.0,4.0,4.0,3.0,3.0,3.0,3.0,3.0,3.0,4.0,4.0,4.0,4.0,4.0,4.0,3.0,3.0,4.0,4.0,4.0,4.0,3.0,3.0,2.0,2.0,3.0,3.0,3.0,3.0,3.0,3.0,3.0,3.0,4.0,4.0,2.0,2.0,3.0,3.0,2.0,2.0,3.0,3.0,2.0,2.0,4.0,4.0,5.0,5.0,5.0,5.0,5.0,5.0,3.0,3.0,"采草莓
　　在一个风和日丽的下午，我和姑姑的孩子宝宝一起去采草莓，我们采的是奶油草莓，你是不是想听听我们在那儿采？采的草莓是不是很好？
　　你们问我冬天那里有草莓呀？我说：“大棚里有呀！”妈妈说：“采草莓一定要采又大又红的！”姑姑告诉我们宝宝连苹果都没采过就别说采草莓了！我在想农村人是不是连大海也没看过呀，下次我一定带着他去海边。我突然说了一声:“停！咱们玩个游戏好吗?我们看谁家采的草莓又大又红又甜，我们就开始挑了，我一看这个不行那个也不行，到底那个行呀？妈妈来告诉我：“像这个一点坏的也没有的就摘!”我们摘了两大盆草莓，一共花二百多块钱，回到家我和宝宝一起吃了两个大草莓非常非常甜我们就使劲吃，两盒草莓一下子就少了一半，他们说“一会开饭了别吃了！
　　这些草莓从来不打药的，可以放心吃，你们是不是也想采呀？希望下一次你们也可以去采。",《采草莓》
160324,4.0,3.0,5.0,2.0,4.0,3.0,3.0,3.0,3.0,3.0,4.0,3.0,3.0,3.0,3.0,3.0,5.0,3.0,4.0,3.0,3.0,3.0,3.0,3.0,4.0,3.0,5.0,3.0,4.0,3.0,2.0,3.0,4.0,3.0,3.0,3.0,3.0,2.0,5.0,3.0,4.0,3.0,4.0,4.0,3.0,3.0,4.0,3.0,3.0,4.0,4.0,2.0,2.0,2.0,3.0,2.0,4.0,3.0,2.0,3.0,4.0,2.0,5.0,4.0,5.0,4.0,3.0,3.0,3.0,3.0,"友谊
　　我看着手里破碎的船模，心里十分难过。我出于生气我扭头就走，陈华低头说了一句：“我……”,可是，我走了就没听见。
　　第二天，万万没想到这件事传到了班里，班中议论着这件事。同组的同学都在抱怨陈华，陈华却一句话也不说，我经常看他，但他总是消失。放学了，天上突然下起倾盆大雨，我拿着备用伞回了家。走了20分钟，突然听见后面有人喊我，回头一看是——陈华，他拿着刚刚粘的船模说：“我把船模给你粘好了！”我看着他湿淋淋的身子与粘得破烂的船说：“你快跟我回家！”回了家，我们还是一句话也没说。他静静看着我，我静静看着船模，我低头想起我和陈华在一起玩耍，我受伤时他心疼时的样子。心里十分后悔，看着陈华，陈华张大眼睛问：“怎么了？”我红着脸觉：“对……对不起，我……我不该这样小气。”他笑笑说：“没关系是我踩坏了船模，我才该说对不起。”我们两个都互相原凉了对方，友谊变得更加坚固。
　　从这件事中得到启示是：友谊是坚固的，像小船要经过暴风雨的打击才能变得更加的坚固。",《友谊》
160221,3.0,3.0,4.0,3.0,3.0,3.0,4.0,2.0,3.0,3.0,4.0,3.0,3.0,3.0,4.0,2.0,5.0,2.0,4.0,3.0,3.0,3.0,3.0,3.0,4.0,3.0,3.0,3.0,3.0,3.0,4.0,3.0,3.0,3.0,3.0,2.0,3.0,2.0,3.0,3.0,4.0,3.0,4.0,3.0,3.0,2.0,3.0,2.0,4.0,2.0,3.0,2.0,3.0,2.0,3.0,2.0,4.0,3.0,2.0,3.0,4.0,3.0,4.0,3.0,5.0,3.0,4.0,3.0,4.0,3.0,"关爱老人
　　“老吾老，以及人之老，幼吾幼，以及人之幼。”我想起小时候学的这句话，它就是用来提醒我们要关爱老人孩子。虽然大家都听过，但是还有人让我看见令人心痛的“反例”。
　　前一段时间我坐公交车回家。放学后，我去车站等车，车一来大家都蜂拥而上，我只好被挤在后面，没有一个人谦让。上车后，本应该没座位了，但车上的保安叔叔微笑着冲我挥手，好像是让我过来！我挠挠头，就走向那边，一边摇晃一边说“对不起！”“不好意思”！“借过一下！”地过来了，保安叔叔小声地告诉我说：“孩子，这是我给你占的座位，快坐下吧，老站着不安全。”听完我便被保安叔叔按了下来。我心里暖洋洋的，一扫方才的不快。
　　到了下一站，只见一位满头银丝白发的老爷爷上了车，他白发苍苍、慈眉善目、老态龙钟。他穿得破破烂烂、破衣烂衫、衣衫褴褛。我见这位老爷爷没人让位，我善心大发，起身为老人让座。可谁知，一位哥哥，我刚起身座位就被他迅速地给坐了。他身穿黑色皮外套，有点像“盗墓笔记”的主角之——张起灵。因此，我就给他叫“黑衣小伙”。保安叔叔见了就生气的地说：“你给我起开！”说着便把“黑衣小伙”揪起来，他的脸从和善的微笑秒变得火冒三丈，“黑衣小伙”灰溜溜地起开了。老爷爷坐在了座位上。
　　世上有两种人，一种像保安和我一样关爱老人的人。另一种像“黑衣小伙”一样自私自利的人。愿那些放弃或不陪伴老人的人请快陪陪老人吧，他们的时间不多了。请那些自私自利的人为别人考虑考虑吧！",《关爱老人》
250121,3.0,4.0,4.0,3.0,4.0,3.0,3.0,4.0,4.0,3.0,3.0,3.0,4.0,4.0,3.0,3.0,4.0,3.0,3.0,3.0,3.0,3.0,3.0,3.0,3.0,3.0,3.0,3.0,4.0,3.0,3.0,3.0,3.0,3.0,4.0,4.0,3.0,3.0,4.0,3.0,4.0,3.0,4.0,4.0,3.0,3.0,3.0,3.0,4.0,3.0,3.0,2.0,3.0,2.0,3.0,2.0,4.0,3.0,3.0,3.0,3.0,3.0,4.0,4.0,4.0,4.0,5.0,4.0,5.0,3.0,"难忘的事
　　一天我在看书的时候，一段话打动了我，“有许多的往事有如沙滩的脚印，当海浪卷来的时候，便消失的无影无踪。而有些往事就像海底的珊瑚群，无论海浪怎样冲刷，它也是永远美丽的。”看完这句话，突然让我想起一件让我印象深刻的事。
　　在三年级暑假的一个晚上，我和同学在楼下玩捉迷藏，玩着玩着一时兴起，就玩起了水枪，我们也就疯跑了起来。小区的灯光非常昏暗，再加上我的视力不好，所以跑着跑着，就撞到了墙上，重心不稳，就倒了下去。这时我整个人都懵了，就像是在做梦一样，迷迷糊糊的。在同学地搀扶下我慢慢地站了起来，摇摇晃晃地朝家里走去。
　　回到家，妈妈看着我那迷迷糊糊的样子就立刻紧张了起来，妈妈问了事情的情况，然后就一把抱起我，一口气就从五楼跑到马路边打出租车去医院，我在妈妈的怀抱里，甚至忘掉了那份痛苦，只有无比的温暖。我在温暖的怀抱中慢慢地睡着了。
　　第二天早上，我一睁眼就看到妈妈满脸的血丝，妈妈告诉我的头上只是撞了个血肿，用冰袋冰敷几天就会好的。并告诉我，以后玩的时候要注意安全，小心一点。后来我才知道，妈妈几乎是一整晚没睡，在不停地换着冰毛巾。
　　那一幕令我现在仍记忆犹新。触及我心中最柔软的角落，勾起我无限的回忆。",《难忘的事》
140417,4.0,4.0,3.0,3.0,4.0,3.0,4.0,4.0,4.0,4.0,4.0,3.0,4.0,3.0,4.0,3.0,3.0,4.0,3.0,4.0,4.0,3.0,4.0,3.0,3.0,3.0,3.0,4.0,4.0,4.0,3.0,3.0,3.0,4.0,3.0,4.0,4.0,4.0,4.0,4.0,5.0,4.0,3.0,4.0,3.0,4.0,4.0,3.0,3.0,4.0,3.0,3.0,2.0,3.0,3.0,3.0,4.0,4.0,3.0,3.0,4.0,4.0,4.0,4.0,5.0,4.0,5.0,4.0,4.0,3.0,"薄荷
　　有的人喜欢荷花，有的人喜欢绿萝，还有的人喜欢茉莉，但我喜欢薄荷。
　　薄荷是个矮个子，它只有茎，茎的上面长满了密密麻麻的叶片，翠绿翠绿的就像染上了一层绿色的颜料，薄荷叶的形状和其它的叶子的形状大有不同，薄荷的叶子是锯齿形的。薄荷的茎上还铺满了细细的小绒毛，要是你不去摸一下你还真发现不了呢！薄荷喜欢在温暖潮湿的地方生活，如果有一天不给薄荷浇水它就会弯腰驼背，这时只要你一浇水薄荷马上就会精神起来。
　　薄荷的叶子很独特，用手碰一下还会发出股股清香。薄荷还可以吃，吃起来和薄荷味的口香糖一个味。薄荷还是一种药材可以治疗咽喉疼痛等等病症，薄荷还可提炼出薄荷油呢！
　　我非常喜欢薄荷，因为薄荷有很多的用途。等待大家的发现。",《薄荷》
150324,5.0,3.0,5.0,4.0,5.0,3.0,4.0,3.0,5.0,3.0,3.0,3.0,4.0,3.0,4.0,3.0,4.0,3.0,5.0,3.0,4.0,3.0,4.0,3.0,4.0,3.0,5.0,4.0,5.0,3.0,3.0,3.0,5.0,3.0,3.0,3.0,4.0,3.0,5.0,3.0,4.0,3.0,3.0,4.0,4.0,3.0,5.0,3.0,5.0,4.0,3.0,2.0,5.0,3.0,5.0,2.0,5.0,3.0,2.0,2.0,5.0,3.0,5.0,4.0,3.0,4.0,3.0,3.0,3.0,3.0,"既幽默又严格的班老师
　　我们的班老师是一位长得清秀的女老师，她戴着一副眼镜，穿着连衣裙，身量十分苗条，身高却并不高，外表看着非常的温柔。走起路来姿势很漂亮。
　　但是，这个温柔的女老师，其实却并不温柔！记得有一次，在吃饭前好多同学在说话，班老师皱着眉头，大吼到：“刚才谁说话了！出去站成一排！”那如同狮子般的吼声吓的同学们一声不吭。说话的同学灰溜溜的走出去了！班老师走后，教室里安静的连喘气声都几乎没有了！在门外班老师背着手，指着同学大吼到：“你们谁是第一次啊？”同学弱弱的说了一声：“我们三个！”班老师生气的说：”你们第一次犯，不知道上次是怎么说的！你们就写检讨吧！”那些说话的同学低着头又灰溜溜的走回来了。其他的同学也被骂完了，写了检讨回来了。但后来我不知道怎么了好像是要退餐。班老师后来说到：“不管是谁，再犯就退餐！”在这事之后我们吃饭都安静的出奇！
　　班老师有时严格却也有时幽默。我们班有一位特别淘气的男生。班老师总是说：“对你完美无缺！”我们都心里想：“这回他可出丑了！幸亏我还没笑出声！
　　这位女老师总是能让我们在这五年里又恨又爱，可是我们都知道她是爱我们的！我们也爱她！",《既幽默有严格的班老师》
140110,4.0,4.0,4.0,5.0,4.0,5.0,4.0,3.0,4.0,4.0,3.0,3.0,4.0,4.0,4.0,3.0,4.0,3.0,4.0,5.0,4.0,4.0,3.0,4.0,4.0,5.0,5.0,5.0,5.0,5.0,4.0,4.0,4.0,4.0,4.0,4.0,3.0,4.0,4.0,4.0,4.0,4.0,4.0,5.0,4.0,4.0,4.0,4.0,5.0,3.0,4.0,2.0,3.0,3.0,4.0,3.0,4.0,4.0,2.0,2.0,4.0,4.0,4.0,5.0,5.0,5.0,4.0,4.0,5.0,3.0,"游记
　　我在暑假里去过很多地方，但在这个季节里，我最想写的还是A大学荷塘——著名文学家：朱自清写荷塘月色的地方。
　　A大学荷塘的四周被高低不同的树木环绕着树木之中最多的是柳树，还有一些不知名的树，很多很多很多郁郁葱葱，荷塘里碧绿的荷叶像一个个碧绿的大圆盘，有的浮在水面上，有的亭亭玉立地站在荷塘里；零星的荷花镶嵌在荷叶之间……
　　荷塘的东面，是一个八角亭叫“自清亭”，是在一九七八年为纪念朱自清逝世三十周年而修建的。
　　荷塘的西面是一个令人赏心悦目的小瀑布远远就能听到哗哗流水声，
　　荷塘的南面，是一个古建筑，上面有一个幅著名的对联正额是“水木清华”出于晋朝谢混的诗。
　　荷塘的北面是一个朱自清的汉白玉雕像，想必他就是在那写的《荷塘月色》吧！
　　祖国的历史文化很丰富让我们认真品味。",《游记》
130442,4.0,4.0,4.0,4.0,3.0,5.0,3.0,4.0,4.0,4.0,4.0,4.0,4.0,3.0,3.0,3.0,3.0,4.0,3.0,3.0,4.0,4.0,4.0,3.0,4.0,4.0,4.0,3.0,4.0,4.0,4.0,4.0,4.0,5.0,4.0,5.0,4.0,5.0,3.0,3.0,4.0,3.0,4.0,3.0,3.0,3.0,3.0,3.0,3.0,3.0,3.0,3.0,3.0,4.0,3.0,4.0,3.0,3.0,4.0,3.0,4.0,4.0,4.0,4.0,4.0,4.0,4.0,4.0,4.0,4.0,"难忘的演出
　　今年四月底的一次合唱团的活动中，老师宣布，六月初要在A大学学堂复演舞剧《野斑马》，我们只要通过考试，就有机会参加演出。我回想起去年“野斑马”的演出，那时我还是个观众，我当时很羡慕那些表演的人，演出很精彩，给我印象很深，今年我有机会参加演出，我非常兴奋。
　　我在学校排练时大声唱，认真听老师的指导，仔细模仿。我每天回家不管做什么事，都在哼哼“野斑马”的曲子。
　　我们还利用上课的时间去“百旺”集训，班老师对我爸爸说让我好好唱，争取为学校争光。在集训中，老师不停地刷人，我很幸运通过了考试，合唱团的部分很少，不过要想唱好，也不容易，因为我们在和舞团、乐团一起合练。
　　6月3日那天，我们一天都在清华，上午排练，下午演出，全部靠自己，我经常最后一个吃完饭，最后一个换完衣服，虽然我动作慢，但我还是按要求努力做好了所有的事。
　　这是我第一次演出，当大幕拉开时，我很兴奋，我们从下午7:40-晚上10:00,一天下来很辛苦，回家时哪怕只有10分钟的车程我也能睡着，最后睡了一路，到家后是爸爸叫我醒的，迷迷糊糊就进了家门。
　　演出后，现场观众都在热烈地鼓掌，以表示对我们的认可与赞扬，我也非常自豪，因为我也是这次演出的成员之一，我为学校争了光。这次演出锻炼了我，提高了我的自理能力，从这件事中我体会到，只要努力，敢于实践，就有收获。",《难忘的演出》
140916,5.0,4.0,4.0,3.0,4.0,4.0,5.0,4.0,4.0,4.0,5.0,5.0,5.0,5.0,5.0,5.0,5.0,4.0,5.0,4.0,4.0,4.0,4.0,4.0,4.0,4.0,4.0,4.0,5.0,4.0,5.0,4.0,4.0,4.0,3.0,5.0,4.0,5.0,3.0,3.0,4.0,3.0,5.0,5.0,4.0,4.0,4.0,3.0,5.0,3.0,3.0,3.0,4.0,3.0,3.0,3.0,4.0,4.0,3.0,3.0,5.0,3.0,5.0,4.0,5.0,4.0,5.0,4.0,5.0,5.0,"好书推荐
　　在寒假里，我读了一本小说，名字是《细米》，它的作者是曹文轩。它故事情节感人，句子优美，用词妥当，是一本值得看的好书。
　　这个书是讲一个女知青被分到细米家的故事。这个女知青叫梅纹，细米的爸爸是细米中学的校长，所以梅纹在那里生活的很快乐。细米特别喜欢雕刻，梅纹的爸爸也喜欢雕刻，梅纹就开始教细米雕刻。有一次，梅纹这些女知青要开始干农活。对于这些女知青来说，干这些农活很费力，所以每当细米课间休息时，就会送粥给梅纹喝，细米爸爸不想让梅纹干农活，就让她当老师了。梅纹的父母去世了，梅纹很伤心，所以她的班考得很差。细米一家都怕他当不上老师。马上又要期末考试了，细米怕他们班又考得很差，梅纹就当不上老师了。所以细米偷了考试卷子，并把大部分题的答案和全班说了，因为考试作弊，他的爸爸用鞭子狠狠很抽他。因为这个，梅纹没告诉细米家人就又去很远的地方干农活了，细米知道后，他和他的妹妹红藕去那个地方让梅纹回来，可梅纹不肯，细米和红藕也不肯走，当细米父母和好多老师去梅纹那让她回去，她才肯走。河边有一个男人会时不时地去梅纹那儿去吹口琴，现在那个男人也要回梅纹的家乡一苏州城。因为一些原因让梅纹想回苏州城，一开始她还拒绝回去，但最后她还回去了。
　　这本书不仅情节感人，句子也很优美，比如：“风渐渐大起来，吹得地方的落叶纷纷向前跑，像一群大老鼠，又像是一群低空飞翔的褐色的鸟。”“这些梦五颜六色杂七杂八，它们象秋后集合南飞的燕子，飘忽着，闪烁着，占据着细米的夜晚。”这本书还有很多好句值得你去细细品味呢。
　　这本书让我明白什么是无常，就是像细米一样他很喜欢梅纹，梅纹很喜欢他，但是因为某些事情，他们就永远见不着了。其实人生就是一场梦，你觉得现在你什么都有，什么都能做到，这永远都会存在。但当你去世时一切都没了，你永远不会见到你的亲人，你的东西、你所有的一切了。所以我们要接受现实。",好书推荐
140606,4.0,3.0,4.0,5.0,4.0,5.0,4.0,3.0,4.0,4.0,2.0,3.0,3.0,4.0,3.0,4.0,4.0,3.0,4.0,4.0,4.0,3.0,3.0,3.0,4.0,4.0,4.0,4.0,4.0,4.0,4.0,3.0,4.0,4.0,4.0,4.0,2.0,3.0,3.0,3.0,4.0,3.0,4.0,2.0,4.0,3.0,3.0,3.0,4.0,4.0,3.0,3.0,3.0,3.0,4.0,3.0,4.0,3.0,2.0,2.0,3.0,3.0,4.0,5.0,4.0,5.0,4.0,5.0,4.0,4.0,"爱狗方
　　方可，是我的爸爸，名字有一点可笑。胡子不太多，有赖床的习惯，而且还不爱运动，很懒。（爸爸现在早上送我上学，但是原来我是自己去上学不用人送，因为那时候学校离我们家很近)但我们有了狗，什么都变了.
　　有一回，我早上6点起来准备去上学。都准备好了以后，我就像往常一样去卫生间看看爸爸起没起，结果连个人影都没有！床上也没人？奇了！这时我听见汪汪的声音，“爸爸在遛狗！”我惊讶的叫到，这时妈妈进来说：“爸爸以后5点起来遛狗！”太棒了，以后就能改掉他赖床的怀习惯啦！
　　每次吃饭，爸爸都要把一些东西直接给它吃，比如有窝头、煎饼、还有一些骨头。虽然他知道随便喂对秋上不好，但爸爸一看秋上眼睛里发出的光芒，就必须要喂，他控制不住。哎，爸爸为了秋上，真拼了！
　　他被我们称“爱狗方”秋上很喜欢他，所以“爱狗方”也在默默的被秋上追着",《爱狗方》
130230,3.0,3.0,5.0,4.0,5.0,4.0,4.0,3.0,5.0,3.0,2.0,3.0,5.0,3.0,4.0,3.0,4.0,3.0,3.0,3.0,3.0,3.0,4.0,3.0,4.0,3.0,4.0,4.0,3.0,3.0,3.0,3.0,3.0,3.0,5.0,3.0,3.0,2.0,5.0,3.0,5.0,3.0,5.0,4.0,3.0,3.0,4.0,2.0,5.0,3.0,2.0,2.0,3.0,2.0,3.0,2.0,5.0,3.0,2.0,2.0,4.0,3.0,5.0,4.0,5.0,3.0,4.0,3.0,4.0,3.0,"我和滑雪的故事
　　我有很多兴趣爱好，比如我喜欢滑雪、打跆拳道，玩滑板，唱歌，打篮球，踢足球等等，但是我觉得最有意，最难忘的是第一次去滑雪。
　　一个冬天的早晨我早早的起了床，爸爸说：“今天我们去南山滑雪吧”，听了这句话我已经迫不及待了。
　　我们开了大约两个小时的车到了，因为是第一次滑雪爸爸给我请了一名教练。穿好衣服后，教练带我们去滑雪场。看到了白白的高高的雪道我很兴奋，感觉美极了，教练先教我们怎们刹车，怎么遇到紧了情况时摔倒，还有怎么滑更安全，开始教练让我们从一个小坡，我很紧张因为这是我第次滑，想着教练教我们的方法我顺利的滑了不来，我太兴奋了，然后教练让我们上电梯去初级道，我第一次上电梯我很害怕差一点摔倒了。到达了初级道，教练就带着我们滑初级道，我顺利的滑了下了初级道，教练看我不错就走开了。我又上去滑了一次,结滑着滑着就摔倒了，因为脚上是滑雪板，当时我站都站不起来，最后是教练把我扶了起来。第三次我顺利的滑了下来，第四五六七次也顺利的滑了下来，我越滑越轻松，感觉一点也不难，因为我学得很快，教练教了我左转和右转，每次从高高雪坡上冲下来，我都感觉特别刺激特别开心。看着比着还高还陡中高级道我跃跃欲试，想赶紧练好去挑战那高高的雪山。
　　今天我非常开心学会了许多滑雪的技能，收获了勇敢，快乐，自信。",《我和滑雪的故事》
160243,3.0,3.0,2.0,4.0,3.0,3.0,3.0,4.0,3.0,3.0,3.0,4.0,2.0,3.0,2.0,3.0,3.0,4.0,3.0,4.0,3.0,4.0,3.0,4.0,3.0,3.0,3.0,4.0,4.0,4.0,3.0,3.0,4.0,4.0,3.0,3.0,3.0,4.0,3.0,4.0,2.0,2.0,3.0,3.0,3.0,4.0,2.0,4.0,3.0,4.0,2.0,2.0,2.0,3.0,2.0,2.0,3.0,3.0,3.0,4.0,3.0,3.0,3.0,4.0,4.0,4.0,3.0,4.0,2.0,3.0,"将爱传递
　　在严寒刺骨的冬季，人们都会觉得在家中待着很暖和吧。但我认为爱才最温暖的，人们相互关爱，世间不会再寒冷了。每次下雪我都会想起一个小弟弟。
　　啊，太棒了！寒假终于来了，我一拉开窗帘，竟然下雪了。我呆呆的望着窗外，只见天上的雪花像纸一样飘飘落下，大雪把大地渲染成了白色。我穿上衣服，飞快窜下楼去。雪越马上停了，还刮起了风，冻的人直打哆嗦。刚准备回家我看见了一个差不多五六岁的小男孩，他的脸圆圆的，眼睛大大的，像是一个红苹果，让人想咬上一口。小男孩向一个清洁工爷爷走去，小声的说：“老爷爷，喝口水吧，天气冷让我替您扫会儿吧。”因为离我很近，所以即便是小声说，我也听的很清楚。老爷爷点了点头，小男孩卖力的拿着扫帚扫地，时不时还抹抹头上的汗珠。老爷爷向小男孩走去，摸摸他的头。老爷爷用沙哑的声音说：“好孩子，给爷爷吧，快回家，别让家人担心。”小男孩向老爷爷再见后就跑走了，心想总觉得我做错了什么，我是不是也要帮一下这位老爷爷呢？
　　真是人间处处见真情，虽然没有看成美丽的雪景，但却感受到了相互关爱的温暖。小孩子都知道关爱，因为这件事，让我很后悔自己没有帮助老爷爷，所以我也做倡议，让我们将爱传递，让世间充满温暖。",《将爱传递》
130136,4.0,4.0,4.0,5.0,4.0,4.0,3.0,4.0,4.0,4.0,3.0,3.0,4.0,4.0,2.0,3.0,3.0,4.0,3.0,4.0,3.0,4.0,3.0,3.0,3.0,4.0,3.0,2.0,4.0,5.0,4.0,5.0,3.0,4.0,3.0,3.0,2.0,3.0,4.0,5.0,4.0,4.0,4.0,3.0,4.0,4.0,4.0,3.0,3.0,3.0,4.0,3.0,3.0,3.0,4.0,3.0,3.0,4.0,3.0,3.0,3.0,3.0,4.0,5.0,4.0,5.0,5.0,5.0,4.0,5.0,"可爱的闹闹
　　闹闹是我姨奶奶家的一只小狗。它的颜色是浅棕色的，只要你蹲在它的前面，它那棕色的小爪子就会趴在你的腿上，大家都说闹闹穿上衣裳像小狮子一样可爱，它的耳朵像三角形似的，眼睛像珍珠一样明亮，鼻子是黑色的，它的脸蛋儿上还长着络腮胡子，薄薄的舌头看起来像培根一样，哦！对了！我还在它的身上发现了一个小痦子，它的尾巴还是像爆炸头一样龇着的呢！
　　闹闹喜欢和我玩球，它首先把球藏在茶几底下，然后它就汪汪叫，意思就是让我给它够出来，如果我不给它够，它就一直汪汪叫。闹闹还喜跟着我，听姨奶奶说：“闹闹就爱跟着小女孩走，”连我上厕所它都会在厕所门口等着我出来，还有，我们吃饭的时候，它就在桌子底下坐着，姨奶奶说：“闹闹在桌子底下等着你不小心掉在地上的食物，然后它好吃了。”
　　我很喜欢闹闹，它现在已经十岁了，我希望它长生不老，这样我就可以一直跟它玩儿了。",《可爱的闹闹》
140213,4.0,3.0,5.0,4.0,4.0,3.0,4.0,3.0,3.0,3.0,4.0,2.0,4.0,3.0,4.0,4.0,4.0,4.0,5.0,3.0,4.0,3.0,3.0,3.0,3.0,4.0,4.0,3.0,4.0,3.0,3.0,3.0,3.0,3.0,4.0,3.0,3.0,3.0,3.0,3.0,4.0,3.0,4.0,4.0,4.0,3.0,3.0,3.0,4.0,3.0,4.0,3.0,3.0,2.0,4.0,2.0,4.0,3.0,3.0,3.0,3.0,3.0,4.0,4.0,5.0,4.0,4.0,4.0,5.0,3.0,"学做饭
　　这周末，我跟妈妈要在家里做一件让我觉得很兴奋的事情。妈妈要教做饭，首先从凉菜开始，其中还发生了几件有趣的事。
　　妈妈先教我拌黄瓜，把黄瓜洗了然后再切成片状，可是就在我切的时候，不小心把它切成大小不一的形状了，并且还有的薄，有的厚。正当我想放弃的时候，妈妈安慰我说：“孰能生巧，慢慢就会好的。”第二次果真比第一次切的好了。切完了就要放调料了，但是我却把糖认成盐撒了进去，结果我一尝，味道怪怪的，好难吃啊，不过我在妈妈的帮助下认清了糖和盐的区别之后，下次就不会错了。下面妈妈就要教我炒菜了，我好紧张，因为炒菜是要开火的。我轻轻按了一下开火的按扭，马上就冒出来了一蔟火，当时我被吓了一跳，仿佛熊熊大火就要燃烧起来似的。慢慢的，我已经会拌和炒很多菜了，比如，凉拌柿子饺、凉拌苦瓜、西红柿炒鸡蛋……
　　通过这次学做饭，我不仅学会了做饭的技巧，还知道凡事必须要有耐心，不能因为一时的大意，就对自己没有信心，就要半途而废，这样的话，以后还是一事无成。",《学做饭》
150311,3.0,3.0,4.0,4.0,3.0,4.0,4.0,3.0,3.0,4.0,3.0,3.0,3.0,4.0,4.0,3.0,3.0,3.0,3.0,3.0,3.0,3.0,3.0,3.0,3.0,4.0,3.0,4.0,3.0,3.0,3.0,4.0,3.0,3.0,3.0,3.0,2.0,4.0,3.0,3.0,3.0,4.0,4.0,3.0,3.0,3.0,3.0,3.0,3.0,4.0,2.0,3.0,3.0,2.0,2.0,3.0,3.0,4.0,2.0,2.0,3.0,3.0,3.0,5.0,3.0,5.0,3.0,3.0,3.0,3.0,"我的爸爸
　　我爸爸是一名检官，爸爸喜欢穿黑色和深蓝色表示稳重的正装。他高1.75m,重75kg。一双三角眼，一个大蒜鼻子，一张杂着白头发。我爸爸的性格有时急燥，有时温柔；有时温柔；有时严肃。
　　虽然爸爸很忙，但是他还是会抽出时间来关心和指导我一下。我背单词一直不是非常好。一天爸爸看见了，来教我如何背单词。爸爸严肃地说：“英语是什么？”我摇了摇头告诉爸爸，我不知。爸爸严肃的告诉我，“英语是一门语言，背单词要一边写；一边读；一边记，做到心到眼到、口到。”然后爸爸用“cinema”来做示范先读一遍同时写一遍，之后分音节读一遍同时写一遍，第三遍读遍写注意特殊的发音和字母组合以及中文的意思。最后多读几遍就背出来了。我按照爸爸的方法运用了一下，感觉自己背单词的速度提快了很多。突然，我发现“station”的“tion”发音很奇怪。于是我问了爸爸。爸爸面带笑容的说：“你提了一个很好的问题。在英语单词中有一类叫“词根”这类词有固定的发音是通过前缀后缀来改变单词的词性和意义。”之后爸爸百度出了所有英语词的词根表。他一个一个认认真真地讲给我听。我通过爸爸教的方法，现在我背单词越来越快了。
　　这就是我的爸爸，一个严谨，认真，循循善诱的人。",《我的爸爸》
150636,4.0,4.0,2.0,2.0,4.0,4.0,5.0,5.0,4.0,4.0,5.0,5.0,4.0,4.0,3.0,4.0,3.0,4.0,2.0,2.0,4.0,2.0,4.0,3.0,4.0,3.0,4.0,3.0,3.0,2.0,3.0,2.0,2.0,3.0,4.0,3.0,3.0,4.0,4.0,5.0,3.0,4.0,4.0,5.0,4.0,4.0,4.0,3.0,3.0,4.0,3.0,3.0,2.0,3.0,2.0,3.0,3.0,3.0,3.0,4.0,3.0,3.0,4.0,4.0,4.0,5.0,4.0,4.0,4.0,5.0,"我来到神秘的梦幻校园
　　那天，我一进校门，一看吓了一跳，哇！学校大变样了！校园变成了一个风景优美的千岛湖，我们在充满知识的湖中遨游。湖中的100多座岛屿就是我们的一间间教室，形态不一；湖中的船道就是我们的一条条跑道，还有像公路指示牌的船标；湖心中央就是我们的操扬，像一片绿油油的草地。每个同学和老师都拥有一艘小快艇，每个班级都拥有一艘观光游船。每个同学和老师都是开着小快艇上学、上班的你可别小看这小快艇，它还有GPS导航功能你只要在导航中输入目的地，它就会自动到达。早操时间到了，每一个班级都开着观光游船一起上操，一边呼吸着新鲜的空气，一边强身健体，这真是再好不过了！下操后，我们一起学习、一起玩耍。这真是一个梦幻校园啊，有各具特长的班级，有指引我们学习的路标，还有……这正是我梦中的校园！",《我来到神秘的梦幻校园》
160825,4.0,3.0,4.0,4.0,3.0,3.0,3.0,3.0,4.0,3.0,3.0,3.0,3.0,3.0,5.0,3.0,4.0,3.0,3.0,3.0,3.0,3.0,4.0,3.0,4.0,3.0,4.0,3.0,3.0,3.0,3.0,3.0,4.0,3.0,3.0,3.0,4.0,3.0,3.0,3.0,4.0,3.0,5.0,2.0,3.0,3.0,4.0,3.0,5.0,3.0,3.0,2.0,3.0,2.0,2.0,2.0,4.0,3.0,2.0,3.0,4.0,3.0,5.0,3.0,5.0,3.0,2.0,3.0,3.0,3.0,"毕业感言
　　光阴似箭，日月如梭，我已慢慢从一个刚刚入学胆小好奇的一年级学生，变成了熟悉校园，对班上无事不知，无事不晓的六年级小学生。而在这几年里，我们大家都经历了不少分离。
　　二年级时我刚刚交了一个新朋友，可到了三年级，他却一声不吭的转了学，我想他可能是怕我们为了他而担心，所以一声不吭的走了。
　　五年级的时候，班上有一个很调皮的女生和一个很调皮的男生，这两位“喜剧明星”分别坐在我前面和后面，让我的校园生活充满了色彩与欢乐。可是上天就是不近人情，没多久，她就转学了，没了她，我们班上的氛围似乎都冷清了许多，连我们班天天乐得脸向猴屁股的男孩子都变的愁眉苦脸了。
　　“海内存知己，天涯若比邻”知己我不离不弃的伙伴都已不在，每当我想起了同学间那些的闹剧，那些的戏弄，我就想笑，我们各奔西东，就算再见面那也是几十年以后了，到那时想想，当年的恶作剧真是可笑。
　　我们也要谢老师，虽然在这期间我们对您有这样或那样的误解，但您却不生气，反而无怨无悔的教导着我们，您的恩情让我们大家都感受到了成长的快乐，也让我学会了奉献……
　　春蚕到死丝方尽，蜡炬成灰泪始干，老师——人类灵魂的工程师，一个伟大的称谓，让我们的成才丰富起来，一切都离不开老师的关爱与老师们的奉献，感谢您。
　　或许以后，我们仍会碰到更多朋友，更多的老师，遭遇许多事情，但是，这六年成长的时光，是我六年的最好记忆，也是我最美好的记忆！",《毕业感言》
160304,4.0,4.0,2.0,4.0,4.0,5.0,4.0,3.0,4.0,4.0,3.0,4.0,3.0,3.0,2.0,3.0,4.0,4.0,4.0,4.0,4.0,3.0,3.0,4.0,4.0,3.0,4.0,3.0,4.0,4.0,4.0,4.0,4.0,3.0,4.0,4.0,3.0,3.0,4.0,4.0,4.0,4.0,4.0,4.0,4.0,4.0,4.0,4.0,4.0,4.0,4.0,4.0,4.0,4.0,4.0,4.0,4.0,4.0,2.0,2.0,4.0,4.0,4.0,5.0,4.0,5.0,3.0,3.0,4.0,3.0,"朋友
　　我家和陈华家是一个小区的，放学的时候我俩经常一起玩。
　　一天，我和陈华放学后把科学课的小船拿出来玩，陈华见我做的极具特色他把我的木小船借来玩，陈华一不小心把我的小木船摔坏了又一不小心踩了一脚，我非常生气这可是我辛辛苦苦做的！我把他的小木船夺过来，举到他够不到的地方，说:“如果你不赔我的话我就撕票。”陈华只好拿着我踩坏的小木船沮丧的回家去了，我也回家去了，到家时我就顺手把陈华的小木船扔到了旧物箱里去了。
　　过了几天我把这事忘得一干二净，但是我俩还是不和对方说话，我俩的友情疏远了。
　　一个月后。在一天放学后，我在前面走，陈华在后面走，我悄悄回头看了眼陈华，他也正在看我，他把手插进兜里，拿出两个小木船和一个小木雕，我指着其中一个小木船叫到:“我的天啊！”这不是我的小木船吗？我还以为它丢了！你从哪找到的？”陈华结结巴巴的说：“你……忘了吗？我……上次不小心弄坏了你的小木船，你让我修的，那……个小木船是我觉得我帮你修的不好看，重……新做的你回去画上自己喜欢的花纹吧。这个木雕是我和我爷爷一起雕的，我马上要去外地读书了，这个送你当个纪念！”说着他就把这些东西放在了我的手中，虽然这些东西只有几两重，但对我而言这是全世界最重的东西放在我手里。我想起那天的事本来是我的不对，我望着他热情的眼神顿时说不出话来了，只是紧紧的抱住了他。
　　到了告别陈华的时候了，我跟陈华挥手告别，但是我还是忘了把陈华的小船还给陈华，这成了我一年中最大的遗憾。
　　光阳似箭，日月如梭。一年后，我在小区打羽毛球，突然间我看见一个熟悉的身影，但又有点不像。我扔下羽毛球拍，抓起我的衣服拽下我的帽子，奔向那个人影，大声叫道：“陈华”！他回了一下头，他果真是陈华，我们俩聊了起来，他比以前精神多了，衣冠整洁了不像原来那么邋遢了，他的个儿差不多和我一样高了。我们俩又开始说笑，他告诉我：他这次回来是因为他爸又有事回来了，以后就定居在这了。突然我想起小木船的事，向陈华深深的道了歉后，我飞奔回家把陈华的小木船还给了陈华，我的心结终于打开了！
　　正如纪伯伦所说：“友谊永远是一个甜柔的责任，从不是一种机会，朋友是在你困难时两肋插刀，是在你伤心时给你安慰，朋友谢谢你为我做的一切！",《朋友》
150401,3.0,3.0,4.0,5.0,3.0,3.0,3.0,3.0,3.0,3.0,2.0,3.0,3.0,3.0,2.0,3.0,3.0,3.0,3.0,4.0,2.0,2.0,3.0,3.0,4.0,4.0,3.0,3.0,3.0,3.0,2.0,3.0,3.0,3.0,4.0,5.0,2.0,3.0,3.0,3.0,3.0,3.0,3.0,4.0,2.0,2.0,3.0,3.0,3.0,3.0,2.0,3.0,3.0,3.0,2.0,3.0,4.0,4.0,2.0,2.0,4.0,4.0,4.0,5.0,4.0,5.0,4.0,4.0,3.0,3.0,"感动一瞬
　　光阴似箭，日月如梭，转眼，到了一年一度的运动会了！同学们严阵以待，我也做好了认真打好每一场比赛的准备。打算赛出好成绩，赛出风格、赛出友谊。
　　运动会在欢快的乐曲声中开始了，第一个比赛项目是双人滑板，比赛中我们班同学都拼尽全力。其中有一个同学大叫起来！大家在看是怎么回事，原来那个同学在蹬的时候鞋掉了，但她的表情依然非常坚定，也没有去拾鞋，而是继续用脚奋力蹬，她的脚因地面摩擦而变红了，大家都非常心疼她，有同学说：“停下来吧，把鞋子捡回来再比赛吧！”可是她却说：“我是班级的一份子，我要为班级争光争采。”大家都被她这种集体荣誉感所感动，有人流下了泪水，她的比赛结束了，大家马上带她到医务室，可是她镇定地把鞋穿上，说：“不用了，这样会耽误你们后面的比赛的，我脚这点伤不碍事的”。说完她笑了，在一边休息了一会，就继续后面的比赛。
　　我们这一项比赛要结束时，又发生了意外。我们班最娇气的女生的手被轮子压到了，本以为她会终止比赛去医务室处理压到的手，没想到的是她竟然忍住了，继续完成了所有比赛，我们都为她在比赛中表现出的坚强喝彩。
　　通过这次运动会，我看到了同学之间深深的友谊和克服困难的精神，这些感动的瞬间将进一步加深同学之间的友谊，正如毛泽东曾说过的一句名言“团结一致，同心同德，任何强大的敌人，任何困难，都会向我们投降”。只要我们齐心协力，任何困难都难不倒我们。",《感动一瞬》
140709,4.0,4.0,4.0,3.0,4.0,4.0,4.0,3.0,4.0,4.0,4.0,4.0,4.0,3.0,4.0,4.0,3.0,4.0,5.0,4.0,3.0,4.0,4.0,3.0,4.0,4.0,4.0,4.0,4.0,3.0,4.0,4.0,3.0,3.0,3.0,4.0,4.0,3.0,3.0,3.0,3.0,4.0,4.0,3.0,4.0,4.0,3.0,4.0,4.0,3.0,3.0,4.0,3.0,4.0,3.0,3.0,4.0,3.0,2.0,2.0,3.0,3.0,3.0,5.0,4.0,5.0,4.0,5.0,4.0,3.0,"校园一景
　　校园里漂亮极了！有美丽的紫藤架，美观的小亭子，传出朗朗地读书声的教学楼和笑声串串的操场。但是，我最喜欢的就是安静而又温馨的图书馆了！
　　我们学校的图书馆在南楼两层，那里有数不清的书，一本本充满知识的书让我尽情地遨游在书的海洋里。
　　我在那里看了不少的书！我看了《上下五千年》这本书，了解了中华民族的悠久的历史，我看了《安徒生童话》让我懂得了许多道理，我还看了《数学世界》仿佛让我感到枯燥无味的数学变得有趣起来了！安静的就连一根针掉在地上都听不见！
　　我们在图书馆安静极了！如果你刚从操场上来到图书馆，你一定不太适应，好像是从一个有着吵闹声的世界来到一个雅雀无声的世界！那是因为图书馆里有两个管理员。他们不仅可以让图书馆保持一个安静的环境，还可以提醒同学们把书放回原处。
　　这就是我最喜欢的图书馆！",《校园一景》
160124,5.0,4.0,5.0,4.0,5.0,4.0,5.0,3.0,5.0,4.0,4.0,4.0,5.0,4.0,5.0,4.0,5.0,4.0,5.0,4.0,3.0,4.0,3.0,4.0,4.0,4.0,4.0,4.0,3.0,4.0,4.0,4.0,3.0,4.0,5.0,4.0,5.0,3.0,5.0,4.0,5.0,4.0,4.0,4.0,5.0,3.0,5.0,3.0,5.0,4.0,5.0,3.0,4.0,2.0,4.0,3.0,5.0,2.0,2.0,2.0,4.0,4.0,5.0,4.0,5.0,4.0,3.0,4.0,3.0,3.0,"付出
　　父母常说：“只要付出，就会有收获。”而在这个暑假我就真的懂得了这句话，这个暑假我就是因为这句话因为这句话我才过得更为有意义。
　　期未测评正在倒计时，还有两星期。我心急如焚地说：“完了，我还没复习呢！”妈妈说：“没事，现在复习还来得及！”于是，我每天早早完成作业，回家不干别的直接复习，每天抄、记、写、改……就在只剩一星期时，我收到了我的模拟卷，我突然觉得一块重重的石头从天上落了下来，我没考好。我安慰自己说：“失败乃是成功之母，不行我们就重头再来。”于是，我关了手机、电视、ipad……我开始拼了命地做题，无论手有多么痛多么难受，我一想起成绩就不管手痛了，因为我知道只有付出才会有收获。就在一个星期里，我做了一本卷子，但我还是不放心，我开始请教张老师和杨老师，就在考试前一天老师说：“没事，我信你。”爸爸妈妈说：“没事我相信你。”我怀着所有人的期望，踏着沉重的步伐迈进了校门。考试开始，我看了看题对自己说：“冷静，相信你自己一定会考好！考试结束。第二天，我听说了语文最高分：97.5分。我想：“最高分不是很高吗！一定会没事的。”直到我看见了我前面的才考了89分，我开始慌了。我想：“没考好怎么办？会多高？……直到我拿到了自己的卷子，我的心里笑开了花，我得了95分，后来，我高兴地回了家。
　　回家的路上我想：“我能得好成绩不就是因为我付出了吗！老天不会阻挡付出之人的。我抬头看了看天，对她笑了笑！”这个暑假，我不仅收获了好成绩，更收获了成长的奥秘！",《付出》
160240,3.0,4.0,3.0,4.0,3.0,3.0,2.0,3.0,3.0,3.0,3.0,2.0,3.0,3.0,2.0,4.0,2.0,3.0,3.0,2.0,2.0,2.0,2.0,2.0,2.0,3.0,3.0,2.0,3.0,2.0,2.0,3.0,3.0,3.0,3.0,4.0,3.0,3.0,3.0,3.0,3.0,4.0,3.0,2.0,2.0,3.0,3.0,4.0,3.0,3.0,2.0,3.0,2.0,2.0,2.0,4.0,3.0,3.0,2.0,3.0,3.0,3.0,3.0,4.0,3.0,4.0,3.0,4.0,3.0,4.0,"天使
　　一个是你干什么都不管，另一个是不管干什么她都会多说几句，这就是一种关爱，但我却什么都不懂。我们从平凡的角度看，天使只是一个假的，动画片的人物，但并不是。
　　早早起床，就闻到了妈妈做的煎饼的味道，真香呀！我看妈妈在厨房里正忙。早5点就起的妈妈，又要给我们洗衣服，找衣服，擦地，晾衣服，还要做早餐，铺床……，这些是每天起床我妈妈要干的，我问妈妈：“妈，您不累吗？要不我帮你干一点？或明天您再干？”妈妈加严肃而又不失温柔的对我说：“明天干？不行！明天不就要多干？反正我习惯了，也无所谓，更说要少干，我也没的干了呀！”说完对我笑了笑，话这样说，可妈妈光干活就得干一到两小时，干完了还要送我弟弟，这就可谓“超人”一样，刚到学校：“哎呀！回执忘了让妈妈签了！怎么办呀！爸爸不在家。唉！跟老师说吧！也不再提了。”跟老师说了后，老师让我打电话给我妈妈，我有点焦虑，打？不打？打了说不定回家要挨打，不打，她也自然会知道，不管了！打吧！拨通了！听着熟悉的声言：“喂？您好？”我说：“妈妈，我忘了让你签回执了……您能回来帮我签一下吗？”妈妈：“可以，下次一定要记住回到家就给我签哈！”我回：“谢谢妈妈！”我有点惊讶，为什么妈妈没说我？我想着想着就看到我妈妈走了过来，妈妈问我说：“你的回执呢？我快点帮你签，签完再说吧！”我给妈妈，签完妈妈跟我说还有事就先走了。我拿着笔，还有妈妈手心留下的温度，有着温暖，又有着妈妈四处走的汗水，心有点暖了。
　　满满的爱，妈妈背着家务，工作，看我弟弟的任务，还来帮我签回执，有时我误会妈妈，她也不说，而是解开，这就是妈妈给我的关爱",《天使》
160816,5.0,5.0,5.0,4.0,5.0,4.0,5.0,4.0,5.0,5.0,5.0,5.0,5.0,5.0,4.0,5.0,5.0,5.0,4.0,4.0,4.0,4.0,5.0,4.0,4.0,5.0,4.0,4.0,5.0,4.0,5.0,5.0,4.0,5.0,4.0,4.0,5.0,4.0,5.0,4.0,4.0,5.0,5.0,4.0,4.0,5.0,4.0,4.0,4.0,5.0,3.0,4.0,4.0,4.0,4.0,4.0,5.0,4.0,4.0,5.0,5.0,5.0,5.0,5.0,5.0,5.0,5.0,5.0,5.0,5.0,"离别的约定
　　春末，校园大操场绿色的地毯上两棵紫藤树的藤蔓长出了大片大片毛茸茸的绿叶，在绿叶下面一串串的紫藤花苞展开了淡紫色的花瓣，看着飘香四溢的紫藤花，我再次回忆起藏在心底和朋友离别时的约定和珍藏在柜子里的照片。
　　去年夏天，我的朋友就要转到另一所学校了，五年的时光转眼间就过去了，留下来的只有无尽的留恋与不舍，在和我的朋友送别的那天，我们肩并肩走到紫藤架下，无限的情感化为沉默。
　　看着铺着绿毯的大操场，我想起了几个月前的体育节，对朋友说：“你还记得吗？几个月前，在体育节双人滑板比赛上，你和另一个同学停了不久才继续比完，我后来才知道，你想滑得更快些，就开始用手滑地，但轮子却压到了你的手，你是忍受了多大的痛苦才滑到终点啊！是你教会了我团结和坚强，我为你点赞！”
　　她笑了，她爬上篮球架，采下了几朵经历了几个月的风吹日晒雨打，却依然坚毅地挂在藤蔓上的芬芳的紫藤花，送给我，说：“只有坚强地在逆流中斗争的人，才能开出最美丽的花朵，最芬芳的味道，明年，同一天，我会再回来，在紫藤树下，我们再相见，万一我真的没有回来,你就帮我摘几朵盛开到最后的紫藤花吧。”我望着最后盛开的紫藤花，点了点头。
　　回到班里，老师给所有人拍了一张照片，我和我的朋友手拉着手，别的同学也把他们的手放在紧紧握着的手上，我们手拉手，心连心，永不离，永不忘。
　　如今，到了约定的日期，昨天一场雷雨过后，地上落了不少紫藤叶和紫藤花，我站在去年我们约定的地方，她没有回来，我慢慢在紫藤架上找着，找着还没掉下的紫藤花。忽然，我看见当年她给我摘紫藤花的地方，还开着几朵娇艳的紫藤花，我摘下几朵和照片放在一起。
　　六年已过，再也回不去我们在一起玩的时光了，即便到了垂暮之年，我们也会扬起记忆的白帆，驶回到那金色的岁月里，不要挽惜，也不要啼笑，珍惜和父母，老师，朋友在一起的时光吧，一切都不是永久的，感谢身边的苦难吧，它们使我们变得更坚强。生活之树常青。我看见，她正爬上篮球架，摘了几朵紫藤花，她正在冲我笑。",《离别的约定》
130228,4.0,3.0,5.0,4.0,4.0,3.0,3.0,3.0,4.0,4.0,2.0,3.0,3.0,3.0,4.0,3.0,4.0,3.0,3.0,4.0,4.0,3.0,4.0,3.0,5.0,4.0,4.0,3.0,5.0,3.0,2.0,2.0,2.0,3.0,3.0,2.0,3.0,2.0,3.0,3.0,5.0,3.0,5.0,3.0,3.0,3.0,3.0,2.0,4.0,3.0,2.0,2.0,3.0,3.0,4.0,2.0,5.0,4.0,2.0,2.0,4.0,3.0,5.0,4.0,5.0,4.0,5.0,4.0,5.0,3.0,"我会弹钢琴
　　当我看到大哥哥和大姐姐们弹钢琴时，我就打心底里羡慕他们，于是我想开始学习弹钢琴。
　　一开始老师先教我有do、re、mi、fa、so、la、si这七个音，然后教了我手应该怎样放在钢琴，怎样识谱，怎样数拍，等等基本知识。过了一年我幼儿园毕业了，通过这一年的努力我已经学会了一些简单的曲子了，我觉得我可以坚持学下去，所以我有了一架属于自己的钢琴，我十分喜爱。上了小学我有了一位新的钢琴老师，她教了我一些对于我来说很陌生的曲子，一些比以前长了许多的曲子。就在一年级寒假的时候我考了音乐基础知识来检验一下我在前边一年里学的知识牢不牢固，结果考过了而且比我在家里复习的时候考的最高分还高。紧接着在二年级寒假的时候我考了钢琴三级也考过了，这使我的信心增加了许多，又过一段时间在三年级上学期的期末，我又考过了钢琴五级，在将来不久的几个月中我又要考钢琴六级了，希望我可以考个好成绩。
　　在学钢琴这件事中我懂了凡事不能做得虎头蛇尾，不能因难而退，要做就要坚持不懈，如果不坚持还不如不做。",《我会弹钢琴》
240213,4.0,4.0,5.0,4.0,5.0,4.0,5.0,3.0,4.0,3.0,3.0,3.0,4.0,4.0,4.0,3.0,5.0,4.0,4.0,4.0,3.0,4.0,3.0,4.0,4.0,4.0,4.0,4.0,4.0,4.0,4.0,3.0,5.0,4.0,5.0,4.0,4.0,4.0,3.0,3.0,4.0,3.0,4.0,4.0,5.0,4.0,4.0,3.0,4.0,4.0,4.0,3.0,4.0,3.0,4.0,3.0,3.0,4.0,5.0,4.0,4.0,3.0,4.0,4.0,4.0,4.0,5.0,4.0,5.0,3.0,"Lucky的到来
　　每年的春节我们家都会发生一件新事，而这件新事总会让1月的寒冷被我们淡忘。
　　今年我到了家，敲了敲门，姐姐给我开了门,并让我闭上眼睛，我当时觉得很兴奋，很好奇，当然，也有点害怕。这样闭着眼睛过了好久，直到听到一种轻快的脚步声，我的心跳加快了，因为我听到这是一种动物的脚步声，我猛然睁开眼睛，站在我面前的是一条看起来很乖巧而又觉得有点慵懒的巴哥狗，它的名字叫Lucky。姐姐告诉我，我要负责它的所有生活，不然就会让哥哥把狗带走，虽然我觉得这很麻烦，但是又实在不舍得让Lucky走，所以就一口答应了下来。Lucky跟我玩得很开心，我拿狗粮逗它带它一起跑，把它抱来抱去，玩得不亦乐乎。跟Lucky在一起也有很累的时候，比如说给它洗澡，它非常不听话，把它抱进水里，它又会跳出来，弄得我一身都是湿的。但是Lucky在我要从晋中回北京的时候，非常舍不得我走，之后姐姐告诉我，我走过后，Lucky一直蹲在门口，怎么叫都叫不走。
　　这个春节因为Lucky的到来而变得与往年不同，也因为Lucky的到来让我体验到养一个生物有多么不容易，这个春节我永远不会忘记，我希望下一个春节能再次见到Lucky。",《Lucky的到来》
160807,4.0,4.0,4.0,5.0,5.0,5.0,4.0,4.0,4.0,4.0,4.0,4.0,4.0,3.0,4.0,4.0,4.0,4.0,4.0,4.0,4.0,4.0,4.0,4.0,5.0,3.0,5.0,5.0,4.0,4.0,4.0,4.0,4.0,3.0,5.0,5.0,4.0,4.0,4.0,4.0,3.0,3.0,5.0,3.0,4.0,4.0,4.0,4.0,4.0,4.0,3.0,3.0,3.0,3.0,2.0,2.0,4.0,4.0,2.0,2.0,4.0,4.0,4.0,5.0,4.0,5.0,5.0,5.0,4.0,4.0,"难忘的教训
　　宋朝的苏洵曾说过，“教化之本，出于学校”，在我的记忆中有一件事令我难以忘怀。它让我懂得了要三思而后行，不要因为一时的难受、冲动而让自己后悔。
　　3年级时，我在学校里吃午饭。但过了一段时间后，我觉得在学校里吃饭既难受又闷。于是，有一天中午，一个同学就拉着我溜出了学校。溜出学校后，我只觉得一身轻松，再吸一口新鲜的空气，心情很是舒畅。我们看到班主任就立刻躲到一辆车后。老师只是走回学校，并没有看到我们，我们还偷偷窃喜老师没发现我们。但我没想到我放松一时的后果。一回到学校，我和同学就被叫到了办公室。
　　一到办公室，我就后悔了。老师当时具体说的什么我已经忘了，但大概就是：你们几个为什么溜出学校？躲在车后面的就是你们吧！别以为我当时不说就是我没看到！你们知道自己错在哪了吗？下次可不能再溜出去了，万一碰到坏人，你们怎么办？今天写检查明天给我，好好反思自己都错在哪了！我当时也不知道怎么了，一句话也说不出来，拉着我出去的同学也只是一开始分辩了几句，后来也渐渐不说话了，后来听同学说，我的脸当时一时白一时红一时青的，也不知是怎么了。可能是因为我太恨自己了吧。
　　这件事结束后，我反思了一天。最后得出的结论每一次都一样，就是：不应该因为自己的冲动而溜出学校。毕竟确实太危险了。不过如果不是当时冲动地溜出校园，也不会有现在这个规矩的我。是那次难忘的教训惊醒了在睡梦中的我，提醒我不能再散漫下去了，这次教训也深深地刻在我的人格及气质上，让我受益终生。
　　我的童年正如冰心所说的那样：“提到童年，总使人有些向往，不论童年是快乐，是悲哀你们总觉得都是生命中最深刻的一段；有许多印象，许多习惯，深固的刻画在他的人格及气质上，而影响他的一生。”",《难忘的教训》
160428,5.0,5.0,5.0,4.0,5.0,5.0,5.0,5.0,5.0,5.0,4.0,4.0,5.0,5.0,5.0,5.0,5.0,5.0,5.0,5.0,5.0,4.0,5.0,4.0,5.0,5.0,5.0,5.0,5.0,5.0,5.0,4.0,5.0,5.0,5.0,5.0,5.0,4.0,5.0,5.0,5.0,4.0,5.0,5.0,5.0,5.0,5.0,5.0,5.0,5.0,5.0,4.0,5.0,4.0,5.0,4.0,5.0,5.0,2.0,3.0,5.0,4.0,5.0,5.0,5.0,5.0,5.0,4.0,5.0,4.0,"观《哺乳圣母》有感
　　一幅画就像是一张照片，而画家就成为了摄影师，记录生活中的点点滴滴，他们总是挥动手中的画笔描绘一幅幅精美的作品。我却对达·芬奇的《哺乳圣母》有着独钟的喜爱。
　　画中一位圣母正哺育着那刚出生不久的婴儿，显得极为平静。这位圣母扎灰褐色头巾，在这头巾下一缕绸缎似的棕色头发轻轻搭在两旁，神似刚刚打过蜡。她的头微微前倾，注视着她手中捧着的婴儿，那微合的双目有时让人觉得有几分成熟，有时让人觉得十分慈祥，有时让人觉得略含自豪，有时又让人觉得不失那典雅与端庄。在她那高挺的鼻梁下，有一张正微抿着的双唇。那嘴唇虽轻轻合着，却显得十分想张开，她仿佛想对她的孩子诉说诉说这世间的新鲜事，又好似对他寄托了无比的期望。这神情把画中的她带到我面前，她就像是正在与什么人谈话，却仍是将目光放在这孩子身上。
　　她穿着大红色内衬，脖领上镶嵌着细密的金色花纹，透露出圣母喜得幼子略带狂热的感性；外披一件天蓝色披肩，这淡雅的蓝更是衬托着她那稍显矜持的理性。达·芬奇将感性与理性的相互依衬，都完美体现在圣母身上，他将母爱的渴望都寄托在这赞颂母爱的佳作之中。
　　艺术确实是生活的缩影，也的确源于生活，但艺术却是高于生活的，艺术家们都将自己的见解，以及对事物的情感都溶入在一段旋律，一个音符或是人物的眉目之间，渲染着生活中哪怕只是一瞬间的事。正因为这样，艺术才值得被人们去感悟，去研究，去学习。",观《哺乳圣母》有感
140518,4.0,3.0,4.0,4.0,4.0,4.0,4.0,4.0,3.0,3.0,3.0,4.0,3.0,4.0,5.0,3.0,3.0,3.0,3.0,4.0,3.0,4.0,4.0,3.0,3.0,3.0,3.0,3.0,4.0,3.0,4.0,2.0,3.0,3.0,5.0,3.0,4.0,3.0,4.0,3.0,4.0,3.0,4.0,3.0,4.0,3.0,5.0,3.0,4.0,2.0,4.0,3.0,4.0,2.0,3.0,2.0,4.0,3.0,2.0,3.0,4.0,3.0,5.0,4.0,4.0,4.0,4.0,4.0,5.0,3.0,"可爱的鹦鹉
　　我们家养了两只小鹦鹉，非常惹人喜爱。
　　一只是淡黄色的，另一只是黑斑点的，眼睛亮晶晶的，嘴巴弯弯的，很像老鹰的嘴，头上的冠羽很漂亮，一有声音惊吓就竖起来，羽毛很亮很滑，尾羽长长的，很有弹性，只是老粘在它拉的屎上，我写作业的时候老听到扑棱扑棱的声音，一看，鹦鹉在展翅呢。
　　鹦鹉不但长的好看，还很聪明呢。它吃瓜子的时候可快了，两三秒一个瓜子就只剩皮了，还弄的满地都是，幸好兔子吃，我的鹦鹉还会解扣呢，为了给它补钙，我们买了墨鱼骨，它不吃，倒是解扣，有一天，我在玩的时候听笼子碰撞的声音一看它在用嘴解扣呢，一会儿后，鱼骨就掉下来了，仔细一看，绳没断，是解开的，它好聪明。它还学说话，一没食，它就开始叫，好像在说：“主人，我饿了。”这时我妈妈就教它说：“你好。”它就叫，能听出来它在说：“你好。”小鹦鹉好聪明。
　　小鹦鹉真可爱，欢迎来看我家看小鹦鹉。",《可爱的鹦鹉》
160633,4.0,4.0,5.0,4.0,5.0,4.0,5.0,3.0,3.0,4.0,4.0,3.0,4.0,4.0,4.0,3.0,5.0,4.0,5.0,3.0,5.0,3.0,4.0,3.0,5.0,4.0,5.0,4.0,5.0,4.0,5.0,3.0,5.0,3.0,4.0,3.0,4.0,2.0,3.0,3.0,3.0,3.0,5.0,4.0,3.0,3.0,4.0,3.0,5.0,4.0,4.0,2.0,3.0,3.0,3.0,3.0,3.0,4.0,2.0,2.0,3.0,3.0,5.0,4.0,5.0,4.0,3.0,4.0,4.0,3.0,"我的理想
　　我的理想是成为一名医生，并找出治疗癌症、艾滋病等“五大顽症”的方法，造福全世界被这些疾病困扰的人民，为世界贡献自己的力量。
　　我想成为医生的主要原因是因为人类最大的敌人是各种疾病。急性传染病如黑死病能在几十年间杀死欧洲近一半的人口。而其它疾病有的能让人落下终身残疾，有的能让人无法说话、看见、听见，还有的能让人无法就业，也就间接的确定了他们的死亡。
　　由此可见，疾病对人类的伤害有多大，它们促使了无数人的非正常死亡并将人类文明拖后了几百年，所以我想找到一种能治疗这些可恶的疾病的方法。
　　纵观几千年的医学发展史，许多伟大、重要的发现都是细心的观察，缜密的推理加上那么一点点碰运气的偶然，如X射线的发现者伦琴教授，他就是在研究阴极射线时，偶然发现几米外的工作台上有闪光，于是他继续仔细的观察，发现这是一种新的射线，就把它命名为X射线。他又做了许多实验，最终发现它可以穿透皮肉，直接观察到骨骼，发现异物，帮助了许多人。所以，我也需要有敏锐的观察力和缜密的思维。
　　有一位名人曾经说过：“天才是99%的汗水加上1%的灵感。”中国也有一句老话“三分听天命，七分靠打拼！”它们都说明了努力的重要。天下没有免费的午餐，只有努力才能成功，只要努力就能成功！
　　坚持不懈也是非常重要的。居里夫妇发现镭后，在成吨的矿渣中提炼了三年又九个月，才终于提炼出了1克镭。这多亏了他们的坚持。
　　要想达成一个大目标，就必须先完成一些小目标，比如考上一个好中学再考上一个好大学，这样我就能拥有更好的资源，我就能找到关于那些疾病的几乎一切，来研究如何治疗；找到支持我的人也很重要，他们能成为我在困境中的帮手，还能给我启发、灵感，坚定我的信心，让我更不会轻易退缩。
　　我真心的希望我能通过我的努力，让有朝一日人类能摆脱病魔的侵扰，无忧无虑地生活下去。",《我的理想》
130831,4.0,4.0,3.0,2.0,5.0,4.0,4.0,4.0,5.0,4.0,2.0,4.0,5.0,4.0,3.0,3.0,5.0,4.0,5.0,3.0,5.0,3.0,5.0,3.0,5.0,4.0,5.0,4.0,5.0,4.0,3.0,3.0,4.0,4.0,5.0,3.0,3.0,2.0,5.0,2.0,5.0,4.0,5.0,4.0,3.0,3.0,3.0,2.0,4.0,3.0,3.0,2.0,4.0,3.0,3.0,2.0,5.0,3.0,2.0,2.0,5.0,3.0,4.0,4.0,5.0,4.0,5.0,4.0,4.0,4.0,"“神奇的笔”
　　小鸡和小鸭是同学也是好朋友。小鸡有一支红色的笔，写字又工整又漂亮，让人百看不厌，经常被老师表扬。小鸭总是不认真写字，所以字写的很难看。
　　一天上课的时候，老师又表扬了小鸡，小鸭听了后心里很嫉妒,心想：“有什么了不起的，如果我有那支红色的笔，肯定比你写的要好看多了。”
　　第二天小鸭早早的来到了学校，它翻了翻小鸡的桌兜说：“又没找到小鸡的秘密武器，一定是小鸡藏起来了。”它心里更加怀疑这是一支神奇的笔了。怎么才能得到这支笔呢？有了！
　　第三天小鸭故意把铅笔盒忘在家里，上课的时候向小鸡借笔，小鸡爽快地答应了，它非常高兴，拿起笔就开始写，怪了，用小鸡的笔还是写不好。回到家里它非常伤心，找到姐姐问这是怎么回事，它姐姐说：“不是因为你的笔不是神奇的，而是因为你不好好练字所以你的字不好看。”听了姐姐的话小鸭每天好好练字写的越来越好了。
　　这个故事告诉我们：“世上没有神奇的东西，要想成功必须通过自己的努力才能实现。”",《“神奇的笔”》
160204,3.0,3.0,4.0,5.0,4.0,5.0,2.0,2.0,4.0,4.0,2.0,3.0,2.0,2.0,3.0,3.0,3.0,3.0,4.0,4.0,3.0,3.0,3.0,3.0,4.0,4.0,4.0,4.0,4.0,4.0,3.0,3.0,3.0,3.0,3.0,3.0,2.0,3.0,2.0,2.0,4.0,4.0,2.0,3.0,3.0,3.0,3.0,3.0,3.0,3.0,2.0,2.0,2.0,3.0,2.0,3.0,4.0,4.0,2.0,2.0,3.0,3.0,4.0,5.0,4.0,5.0,2.0,3.0,3.0,3.0,"受伤
　　老话说的好：“父爱如山，母爱如海。”“慈母手中线，游子身上衣”记得，五年前的一个晚上我深深地体会到这些老话的含义。
　　那是一个鸟语蝉鸣的晚上，我、我妈和我朋友一家走在回酒店的路上，我和我朋友李波一边走一边打打闹闹，正巧路过工厂门口的空？上，我和李波在上面玩了起来，我一个不小心踩在碎上摔倒了，我的小腿像经历了地震似的全是伤。
　　摔完后我结结巴巴的跟妈妈说：“我……刚才跑到工厂上跑，不小心把腿……摔破了”妈妈蹲下看着我的伤口，她紧锁着眉毛，从她的脸能看出因为我实在走不动了，妈妈把我背着回酒，在妈妈背上我看着妈妈珍珠一般的汗珠，一滴一滴落在地上，我心想“我当时应该呆在妈妈的身边，我真希望天下有后悔药啊！”回到酒店里，我幼稚的问妈妈：“妈妈我这会不会严重感染？会不会那些碎石上有可怕的病毒啊？……”妈妈耐心的对我说：“不要怕，只要你这几天不碰到脏东西就能好。”紧接着妈妈帮我处理伤口，妈妈轻轻往我伤口吹气缓解我的疼痛，微微的探着身子，目不转睛的盯着我的伤口，拿起酒精棉，擦拭着我的伤口，处理伤口上的泥土，再消毒。然后轻轻的给我裹上创口贴。我甚至都没感觉到疼痛。心里酸酸的，暖暖的。经过妈妈半个月的呵护，我的腿终于好了。
　　母爱是伟大的，是无私的，世界上任何一种爱也比不上母爱的伟大。母爱是大海上的灯塔，为我在深深的大海指明方向。母爱是冬日里的阳光，为我在寒冷的冬天送去温暖。我爱您妈妈！",《受伤》
141217,4.0,3.0,5.0,4.0,5.0,3.0,4.0,3.0,5.0,3.0,4.0,4.0,4.0,3.0,4.0,3.0,3.0,3.0,4.0,3.0,4.0,3.0,3.0,3.0,3.0,4.0,4.0,3.0,4.0,4.0,4.0,3.0,3.0,3.0,4.0,4.0,4.0,4.0,3.0,3.0,4.0,4.0,4.0,3.0,4.0,3.0,4.0,4.0,4.0,3.0,3.0,3.0,3.0,3.0,4.0,4.0,4.0,3.0,3.0,3.0,4.0,3.0,3.0,4.0,5.0,4.0,4.0,4.0,5.0,3.0,"农家生活
　　我以前就很向往农家生活，因为，空气好，景色优美，这一次我就去体验农家生活。
　　我来到了怀柔的白河。这里的山，峰恋叠翠，像是披上了一层绿色的外衣，走进去像是走进了绿色的海洋。这里的河清澈见底，清澈的像一面镜子，这时我想到《桂林山水》中所说这样的山围绕着这样的水，这样的水倒映着这样的山。一座座村庄就在这样的美景下生活。
　　我来到了一个农家院，这里养了几只大白鹅，它们在河边嬉戏，玩得可开心了。房前有几株月季花，走进大门有一个宽敞的院子人们就在这里天高地阔的吃饭。我居然发现农家炒菜的锅是大口的铁锅，我还发现农家睡觉的床是火炕，这里的饭菜也非常美味可口。
　　我觉得农家和城市有很多不同之处，这些不同之处也是农家的独特之处，让我感受到了农家的美好。下次再来这里我会发现更多农家的乐趣之处，和奇妙之处。",《农家生活》
160507,4.0,4.0,4.0,5.0,4.0,4.0,4.0,4.0,3.0,3.0,3.0,3.0,4.0,4.0,4.0,4.0,4.0,4.0,4.0,4.0,4.0,4.0,4.0,4.0,4.0,4.0,4.0,4.0,4.0,4.0,4.0,4.0,4.0,4.0,4.0,4.0,3.0,3.0,4.0,4.0,4.0,4.0,5.0,5.0,4.0,4.0,4.0,4.0,4.0,4.0,4.0,4.0,3.0,3.0,3.0,3.0,4.0,4.0,2.0,2.0,3.0,3.0,4.0,5.0,5.0,5.0,5.0,5.0,4.0,4.0,"豆面灯
　　中国是文明千年的古国。各地的习俗也不会少，元宵节的豆面灯就是其中之一。关于灯的诗句也有很多，最令我念念不忘的是“谁家见月能闲坐，何处闻灯不看来。”下面我就讲讲山东莱西的习俗——做豆灯。
　　豆面灯亦称面盏。它是在正月十五前用玉米粉、豆粉和白面粉制成的。有些地区十五一过就将豆面蒸熟吃掉，以示福大寿大。有些地区会根据家庭成员每个人的生肖塑成动物形状的面灯，这样就既可以观赏也可以当作油灯了。也有些地区以面灯点燃谓之“灯山”的习俗，儿童在没有人的时候将面灯偷回吃下，称为“偷灯盏”。我老家是根据生肖来做灯，于是姥姥就教我做起了面灯。
　　正月十五前，我和哥哥姐姐围在姥姥身边准备做面灯。就拿小猴子来说吧。先拿一团面，用右手掌心把面往前按，左手则时不时的把面换一个方向，等面软了以后，用手轻轻捏出一个头，再搓出一个椭圆形并且光滑的身子。其次，把小猴的腿做上。做完腿后，用剪刀把猴子的脚趾剪出来。然后再取一团面做成猴子的胳膊，并用剪刀把手指剪出来。再把眼睛按上，一定要对称，不然就不好看了。最后，再拿一小团面搓成一个小桶让小猴抱着，这是用来装蜡油的。这样一个活生生的小猴就做好了。我看着自己做的小猴，圆圆的脑袋，胖胖的身体、微笑着的嘴和亮晶晶的大眼睛，心里满意极了。姥姥还教我们做了许多栩栩如生的动物，如小狗、小猪、兔子、鱼等。不过做豆面灯真是看着容易做起来难啊
　　中国的各个地方都有自己的风情习俗，而做豆面灯只是山东莱西在元宵节的习俗，山东的其他习俗还有很多很多，而中国的习俗更是多之又多，而我们了解的只是一小部分罢了。细看元宵节，还真是“一元复始，万象更新。”",《豆面灯》
130410,4.0,4.0,4.0,5.0,4.0,5.0,4.0,3.0,3.0,3.0,3.0,3.0,4.0,3.0,3.0,4.0,4.0,4.0,4.0,4.0,3.0,4.0,3.0,3.0,4.0,4.0,3.0,3.0,4.0,4.0,4.0,3.0,4.0,4.0,4.0,4.0,2.0,3.0,3.0,3.0,3.0,3.0,4.0,4.0,3.0,3.0,3.0,3.0,4.0,4.0,3.0,3.0,3.0,3.0,3.0,3.0,4.0,4.0,2.0,2.0,3.0,3.0,4.0,5.0,5.0,5.0,5.0,5.0,5.0,3.0,"爱心义卖
　　2016年6月1日。那一天是我最难忘的一天，那天有我最喜欢的义卖活动。
　　那天，我早早地来到学校，精心地布置卖场，不一会，我就干完了一大堆事，我们开始往下搬东西，玩具、学具、日常用品……一个个堆成了“小山”,老师很快把东西分好类了。我们有的卖书，有的卖玩具，有的大声吆喝、有的出去推销，起初，我大声吆喝：“卖东西啦，卖东西啦！!!”大家纷纷来抢购，场面很热闹，有人高兴地走了，有人讨价还价……，为了把东西更快地卖出去，我们还加上了一个抽奖环节，规则是买东西的价钱超过10元即免费抽奖一次……我觉得当商人还挺有趣的。我又去买东西，我先去了三（1）班，那里买一送一非常划算，我买了一个小汽车；三（3)班也很不错，物美价廉，我买了一个鳄鱼夹子才6元，叶青买了一包小玩具才1元，真是太值了！
　　这一次义卖光是我们班就挣了1100元！也让我懂得：付出比索取更有意义！",《爱心义卖》
160227,3.0,3.0,5.0,4.0,3.0,4.0,3.0,3.0,3.0,3.0,3.0,3.0,4.0,4.0,3.0,3.0,4.0,3.0,5.0,3.0,3.0,3.0,3.0,3.0,3.0,3.0,4.0,4.0,3.0,3.0,2.0,3.0,4.0,3.0,3.0,3.0,2.0,3.0,4.0,3.0,4.0,3.0,4.0,3.0,3.0,3.0,3.0,3.0,5.0,3.0,2.0,2.0,3.0,3.0,4.0,2.0,3.0,3.0,2.0,2.0,3.0,3.0,5.0,4.0,5.0,3.0,4.0,4.0,3.0,3.0,"一碗爱心粥
　　“爱不是用眼睛去看，而是用心去体会”这是著名英国诗人威廉·莎士比亚说的话。我们应该去关爱他人，去年我在A大学园旁边参加了一个公益活动，亲身体验了这句话的真谛。
　　那天我和妈妈走到粥店门口时，一位年轻人冲了出来，兴奋的叫着“欢迎，欢迎……！”我被吓了一跳。急忙躲到妈妈的身后，心里紧张地想：这个人是谁呀？怎么跟猴子似的这么不讲礼貌？这时屋里走出一位老太太说：“他的智力只有5岁小孩的水平，一见到小孩就会很兴奋，别管他。”老太太看着两眼的我们？，又继续讲了起来，“我们把它收留了之后，他每天四、五点钟起来，骑着自行车到我们这里来送粥。以前一进来就不停的大叫，现在守规矩多了。”老太太说完这句话时，我恍然大悟，开始不那么恐惧了，而是觉得这位年轻人很可爱。
　　老太太收拾好送的粥，我们就出发了，年轻人一碗接一碗地送。一些人嫌弃他，就没要粥，而有一些人，他们热心地把碗接过去。无论是遇到嫌弃他的，还是接过去的，年轻人都热情地把粥送给了工人们，像一个天真的小孩。
　　“关爱”是每个人都应该学会的。不管是收留年轻人的老太太，还是热心接过去的工人们，他们都有一颗会关爱的心。一碗爱心粥不仅仅指的是我们送给别人的那碗粥，同样也是一些人送给那位年轻人的关爱。",《一碗爱心粥》
150234,5.0,5.0,4.0,4.0,4.0,5.0,4.0,5.0,5.0,5.0,5.0,5.0,5.0,4.0,4.0,5.0,5.0,5.0,4.0,4.0,4.0,4.0,4.0,5.0,5.0,4.0,4.0,4.0,5.0,5.0,5.0,4.0,5.0,4.0,5.0,5.0,5.0,5.0,5.0,4.0,5.0,5.0,5.0,5.0,5.0,4.0,5.0,4.0,4.0,4.0,5.0,4.0,5.0,5.0,5.0,4.0,4.0,4.0,5.0,5.0,5.0,4.0,5.0,5.0,5.0,4.0,5.0,5.0,5.0,5.0,"致我在德国最好的朋友
远在他方的朋友:
　　你好！
　　好久不见，你与我的友情就好像还在昨天。仔细想想，我在德国最美好的事都与你一起度过。那些事情还历历在目留在我脑海里。如果我的脑海是一片浩瀚，那最美的几颗里，就有你与我那童稚的记忆。
　　我们记忆的开始，不知你还记得么？那天，我刚到幼儿园，我和幼儿园的同学们很快就打成一片，唯独你，在角落里默默的看着我。我在那时，对你产生了浓厚的好奇心。我悄悄的绕到了你背后，拍了一下你，你错愕的看着我，水汪汪的大眼睛盯的我有些发抖。我只好把老师刚刚送给我的糖果不舍的放在你那半握着的小手上。我本以为你会毫不犹豫的收下，但你送给了我一个像百合般纯洁又美丽的笑容。我呆了许久，回过神来竟发现手中有两块糖。
　　我在前方不远处发现了你，我什么也没想，直径向你跑去，未曾想脚下竟有一块石头。我重重的被摔在了地下。我抬起头，发现了一只小手，再看却发现，伸手的不是别人，而是你。就是这样一件小事，这样的一双手，让那时最可爱的我们相遇，到后来成为朋友，也正是这样的我们，从相遇、相识、相知……
　　不知你是否想起了呢？和你度过的半年，是我人生中最美的一瞬，宛如昙花一现。我想想离别时的痛苦，只是为了成就更好的我们。“谢谢”是来自6年后是我在千言万语中最想说的一句，谢谢你带给我最美的童年。现在的我很好，也祝你学习更好，我长大后会又找你哦！就让儿时的我们定格吧，我一直在。
　　此致
　　敬礼！
喻平
2018.4.1",《致我在德国最好的朋友》
130610,3.0,3.0,4.0,3.0,4.0,4.0,3.0,3.0,3.0,3.0,3.0,3.0,3.0,4.0,2.0,3.0,3.0,3.0,3.0,2.0,3.0,4.0,3.0,3.0,4.0,5.0,3.0,4.0,3.0,3.0,2.0,4.0,3.0,3.0,3.0,3.0,2.0,4.0,4.0,4.0,4.0,4.0,3.0,5.0,3.0,4.0,3.0,4.0,4.0,4.0,2.0,2.0,3.0,3.0,3.0,3.0,3.0,3.0,2.0,2.0,4.0,4.0,3.0,4.0,4.0,5.0,4.0,5.0,4.0,3.0,"参观北京海洋馆
　　今天，我们去海洋馆参观。刚一进门。一大片热带雨林花花绿绿的呈现在我的眼前。我们先路过锦鲤池，锦鲤身上红白相间，色彩鲜艳，漂亮极了！一进大厅，我的目光被一个大大的水池吸引住了。啊，原来里面住的是白鲸呀。它有洁白的身体，但它的头比较小，头上有个小包是突起的这就是它的额隆，额隆的作用是发出超音波来捕食。海豚表演很精彩表演了三个节目，首先表演的是“海豚顶球”，球距水面有3米高，饲养员一下令，海豚就奋力往上冲一下就顶倒了。大家掌声如雷。这一次海洋馆参观真有意思。",《参观北京海洋馆》
150644,4.0,4.0,2.0,2.0,4.0,4.0,4.0,3.0,3.0,3.0,3.0,3.0,3.0,3.0,3.0,3.0,3.0,3.0,2.0,3.0,4.0,3.0,4.0,3.0,4.0,3.0,3.0,2.0,2.0,3.0,3.0,3.0,3.0,3.0,4.0,3.0,4.0,4.0,4.0,4.0,4.0,4.0,3.0,4.0,3.0,3.0,3.0,2.0,3.0,3.0,3.0,2.0,2.0,2.0,2.0,2.0,3.0,4.0,3.0,2.0,4.0,4.0,3.0,5.0,4.0,5.0,4.0,4.0,3.0,3.0,"我来到神秘的洞穴
　　我走到洞口，里面黑的伸手不见五指，但强烈的好奇心把我勾了进去。里面寒风瑟瑟让我寒毛竖起，而且洞太黑了，只有洞口微弱的阳光照路，我继续往前走，前面就没有阳光了，我不得不贴着墙根住前走。路比较平坦，偶尔还会有一条珠丝垂下来。突然，一只毛茸茸的脚落在了我的肩上，我惊慌的沿着脚往上看，觉得有一千只眼睛在盯着我看，洞口照进来的光反射到它身上，有一些亮晶晶的碎片，这时我看清了它，是一只有6人圆桌大小，有一间屋子那么高的蜘蛛，我感觉全身的血液都要像火山一样爆发，脑子失去知觉，我的心脏跳动变快。我无法呼吸，四肢毫无力气，我的魂魄离我远去。只剩眼睛还模模糊糊的看见它蹭蹭我的脸，让我恢复活力，看我还是死气沉沉，苍白无力，它大摇大摆地从我身上跨了过去，我的眼睛慢慢的闭上，眼前一片黑暗……“吱吱”……“喳喳”我醒了过来，我躺在一片鸟语花香的树林里，有一只鸟儿在树头歌唱，树下有几只兔子正在吃菜，大自然是多么美好啊！",《我来到神秘的洞穴》
130418,3.0,3.0,4.0,4.0,4.0,3.0,3.0,3.0,3.0,3.0,3.0,3.0,4.0,3.0,4.0,4.0,3.0,4.0,3.0,4.0,3.0,4.0,3.0,4.0,4.0,3.0,3.0,3.0,4.0,3.0,3.0,3.0,3.0,3.0,4.0,3.0,3.0,3.0,3.0,3.0,4.0,3.0,4.0,3.0,3.0,3.0,4.0,4.0,4.0,3.0,2.0,3.0,3.0,3.0,2.0,3.0,3.0,4.0,3.0,4.0,4.0,3.0,4.0,4.0,5.0,4.0,4.0,4.0,5.0,3.0,"难忘的一件事
　　6月13日，我的上了一节科学课，这节课使我很难忘。
　　因为老师让我们自己做一个指南针。我们的材料是：大头针、磁铁和泡沫，我们知道要磁化，老师教了我们怎么磁化大头针，用磁铁从大头针的头磨到尾，抬起来，再磨一遍，不要磨到尾之后蹭回去。我们开始了，我们磁化之后把大头针扎进泡沫里放在水面上，因泡沫太小沉了，除了石磊，其他人的都沉了，王芳又拿了一块泡沫，我的那块还小又沉了，最后，我拿了一块大一点的泡沫，成功了，大头针的针头指南，说明针头是南极针帽是北极，我刚才用南极磨的，换北极磨，我磨完之后放在水面上，针帽指南，是南极，针头指北，是北极。我发现用南极和北极磨出的效果不一样，方向正好相反。
　　还使我知道了怎么靠磁铁辨别方向，通过亲手实验，我体会了失败不能退缩，要坚持才能成功。",《难忘的一件事》
140118,4.0,3.0,5.0,4.0,3.0,3.0,3.0,3.0,4.0,3.0,4.0,3.0,4.0,3.0,4.0,3.0,5.0,3.0,3.0,3.0,4.0,3.0,4.0,3.0,3.0,3.0,3.0,3.0,4.0,4.0,4.0,3.0,3.0,3.0,3.0,3.0,3.0,3.0,4.0,3.0,4.0,4.0,5.0,4.0,4.0,3.0,3.0,3.0,3.0,3.0,3.0,2.0,2.0,3.0,3.0,3.0,3.0,3.0,2.0,4.0,5.0,3.0,4.0,4.0,4.0,4.0,4.0,4.0,5.0,3.0,"游石林
　　石林位于云南彝族自治县，距昆明72公里处，是著名的喀斯特地貌，由于海平面下降，海底岩石上升后长期风化形成的。
　　步入石林一眼看到的就是翠绿的石林湖，石林湖上竖着很多奇形怪状的石头，中间最著名的就是出水观音。我们又看到了刻着石林两字的石头，风吹石是一块从石柱上断掉的一块石头，结果，卡在了两块石头中间，摇摇欲坠，看着大风一吹就要掉下来似的，我们来到了剑峰池，剑峰池因池中有一根石柱冲入云层，因石柱像一把利剑，因此得名剑峰池，可惜的是，剑柄上的剑峰因地壳运动断裂只留下了剑柄。剑峰池边还有阿黑哥解救阿诗玛一脚踹开巨石留下的大脚印。我们坐车去往小石林，路上我们看了万年灵芝，猪八戒娶媳妇、关公舞大刀等。
　　在小石林，我们看到了背着箩筐的撒尼族姑娘阿诗玛，望着远方，好像在等阿黑哥回来。
　　石林还有许多千姿百态的怪石，等你去发现，去命名。",《游石林》
140312,3.0,3.0,2.0,2.0,4.0,3.0,5.0,3.0,4.0,3.0,5.0,4.0,5.0,3.0,4.0,2.0,4.0,2.0,2.0,2.0,4.0,3.0,4.0,3.0,5.0,3.0,3.0,3.0,3.0,3.0,3.0,3.0,3.0,3.0,3.0,3.0,4.0,3.0,3.0,3.0,4.0,3.0,4.0,3.0,3.0,2.0,3.0,3.0,4.0,2.0,3.0,2.0,3.0,2.0,3.0,3.0,3.0,3.0,3.0,3.0,4.0,3.0,4.0,3.0,5.0,3.0,4.0,2.0,5.0,2.0,"第三层房子
　　从前有一个很有钱的人，有一天他去他朋友家做客，可他进了屋并没有人，于是他叫道：“有人吗？”过了一会从上面传来一个声音：“我在第三层。”于是他上到了第三层，看朋友正品茶呢，在往外看看风景也很好看，所以他很羡慕，觉得自己也想要一个这样的房子，所以他花了一笔钱让一些人帮他盖房子。过了一天房子快盖好地基了，然后又过了一天地基盖好了。又过了许多天盖好第二层了，有一天他来看看房子有没有盖好，他问那个人：“盖好了吗？”那个人说：“已经盖好一、二层了他生气地说：“最重要的是第三层我最看重的也是第三层你盖前俩层有什么用。那个人笑了一声又去盖房了。
　　这个故事告诉我们想要把一件事做好不打基础是不可能的。",《第三层房子》
240211,3.0,3.0,3.0,4.0,4.0,4.0,3.0,3.0,3.0,3.0,2.0,2.0,3.0,3.0,2.0,2.0,3.0,3.0,3.0,4.0,3.0,3.0,2.0,2.0,3.0,4.0,3.0,3.0,3.0,4.0,3.0,3.0,3.0,4.0,3.0,3.0,2.0,2.0,3.0,3.0,3.0,3.0,4.0,4.0,3.0,3.0,3.0,3.0,3.0,3.0,2.0,3.0,2.0,2.0,2.0,2.0,3.0,3.0,2.0,2.0,3.0,3.0,3.0,5.0,3.0,5.0,3.0,3.0,2.0,2.0,"做玻璃
　　1月25日，天气睛朗，蓝天白云，我和妈妈来到上海玻璃物馆，参观。
　　玻璃博物很大一共四个景点，分别是：主馆、玻璃迷宫、儿童玻璃博物馆、热玻璃制馆。主馆里介绍是历史，制作方法和过程还有许多玻璃作品。我最喜欢的是玻璃迷宫了。迷宫倒处是玻璃，我走啊走……咣我撞墙了，我们去看热玻璃表演我明白了玻璃是如何做出来的。
　　我们出来后，又去了DIY做玻璃。首先穿了件蓝色的保护衣，戴了一幅保护镜老师让我挑选颜色不同的三组玻璃棒，我选了个绿色；黄色；红色；老师把颜色棒放在炉上烤。然后老师把喷灯打开，点火，我开始做，先把一根玻璃棒烤软,再把两根玻璃棒弄圆……圆圆的小珠子出炉了，老师把穿在钢丝上的珠子放在土里。老师说：“一个小时后来拿。”一个小时后老师把小珠子拿下来。我的玻璃珠成功了！我好开心！
　　我喜欢玻璃博物馆！我爱上海！",《做玻璃》
140208,3.0,3.0,4.0,5.0,3.0,5.0,2.0,3.0,4.0,4.0,3.0,4.0,3.0,3.0,3.0,3.0,4.0,3.0,4.0,3.0,4.0,4.0,4.0,4.0,4.0,3.0,5.0,4.0,4.0,5.0,4.0,4.0,3.0,3.0,3.0,4.0,2.0,4.0,4.0,4.0,4.0,4.0,4.0,3.0,3.0,4.0,2.0,4.0,4.0,3.0,3.0,4.0,3.0,4.0,3.0,3.0,4.0,3.0,2.0,2.0,3.0,4.0,5.0,5.0,4.0,5.0,3.0,5.0,4.0,3.0,"观看天宫二号发射
　　2016年9月15日是中秋节，但它更是一个重要的日子，在今天，我国天宫二号空间实验室发射升空。
　　天宫二号是继天宫一号后中国自主研发的第二个空间实验室，也是中国第一个真正意义上的空间实验室，将用于进一步验证空间交会对接技术及进一系列的空间试验。由于22时4分天宫二号要在酒泉卫星发射中心发射，所以我们9:30就将电视调到直播台，“30分钟准备！”21时34分，调度声响起。中心飞控大厅巨幅屏幕上的实时画面上，发射场的最后一批工作人员正在撤离，飞控大厅的气氛开始紧张。我也有些紧张，最后十分钟，全场安静下来，只听见电视里调度声再次响起：“十九八七六五四三二一”点火！“轰”火一下从底部喷发出来，犹如火山爆发一样，好像大地都被烧着了，还散发了两片巨型蘑菇云。
　　最后发射585秒后，长征2号下火箭与天宫二号分离，天宫二号成功进入预定轨道。听到主持人说一切正常，我的心也跟着沸腾起来，我为祖国的航天科技感到无比自豪。",《观看天宫二号发射》
160222,4.0,3.0,4.0,4.0,4.0,3.0,4.0,3.0,5.0,3.0,4.0,3.0,5.0,4.0,4.0,3.0,5.0,3.0,4.0,3.0,4.0,3.0,4.0,3.0,4.0,4.0,4.0,3.0,5.0,3.0,5.0,3.0,4.0,3.0,4.0,3.0,4.0,3.0,4.0,3.0,4.0,3.0,5.0,4.0,4.0,3.0,4.0,3.0,4.0,3.0,3.0,3.0,3.0,3.0,4.0,3.0,4.0,3.0,3.0,3.0,5.0,4.0,5.0,4.0,5.0,4.0,4.0,4.0,5.0,3.0,"公交车上的关爱
　　在生活中，关爱，是无处不在的，生活中到处充满了关爱！人与人之间的关爱有很多种，有母爱和父爱，这是父母给予孩子的关心，爱护；有亲朋好友之间的关爱；还有人与人之间特殊的关爱，那就是陌生人给予的关爱。那种爱让人感到温暖，让人感到亲切……
　　记得很久以前，那天我正打算去看望爷爷、奶奶，我挤上了公共汽车，刚好，有一个空座位，我马上跑过去，坐了下来。过了一会儿，公共汽车到了下一站停了的时候，我看见有许多人上了车，有许多人都没有座位坐。其中，有一位白发苍苍的老奶奶。我心里想：我们老师教过我们在公共汽车上应该要给老爷爷、老奶奶让座。可是我一旦让位了，我自己不就没得坐了吗？但是，给老爷爷，老奶奶让座是我们少先队员们应该做的一件事情。想到了这里，我马上站了起来，对着奶奶说：“奶奶您坐吧。”老奶奶听了我的话后，和蔼地对我说：“小朋友还是你坐吧，我站着就行了。”我听了老奶奶的话后，我对老奶奶说：“老奶奶还是您坐吧。”老奶奶听了我对她说的话后，慢慢地坐在了我让出来的座位上，亲切的对我说：“小朋友，你真懂事，谢谢你让给我座。”说完还用手摸了摸我的头，我对老奶奶说：“老奶奶，您不用客气，这是我们少先队员应该做的事情。”
　　从这件事情以后，我感受到了：关爱他人，关心他人，帮助他人的快乐！我们应该多帮助需要我们帮助的人，让生活更美好！",《公交车上的关爱》
130216,3.0,4.0,4.0,4.0,4.0,4.0,4.0,3.0,4.0,4.0,3.0,4.0,4.0,4.0,3.0,3.0,3.0,4.0,4.0,4.0,3.0,4.0,3.0,4.0,4.0,4.0,4.0,4.0,3.0,3.0,4.0,3.0,4.0,4.0,4.0,4.0,4.0,4.0,3.0,4.0,4.0,4.0,5.0,4.0,3.0,3.0,3.0,3.0,3.0,4.0,2.0,3.0,3.0,3.0,3.0,3.0,4.0,4.0,3.0,3.0,4.0,4.0,5.0,4.0,5.0,4.0,5.0,4.0,5.0,4.0,"我会写毛笔字
　　在一年级的时候，我学会了写毛笔字，写毛笔字看似简单，其实要想写好一幅好的作品，那可不简单。
　　我第一天学写毛笔字时，老师先教我怎么拿笔，然后教我怎么顿笔、起笔、收笔。这时候老师让我模仿字帖的笔画和毛笔的行走路线。老师先给我做了一个示范，老师让我照着他的示范和字帖上的示范写。我每写一个笔画，老师都会让我写好为止。就这样一天一天过去了，我终于学会了写毛笔字。
　　我学了写毛笔字，老师也老给我讲一些书法家小时候的故事。世上最有名的书法家父子王羲之和他的儿子王献之。古代的时候，他们这些书法家都是用尽古代的八缸墨。古代时候涮毛笔都是在小河里涮，涮一次毛笔小河里的水就会黑一点点，要把整个小河都涮黑。还有一个书法家，他正在吃馒头，他右手写着字。他太专注了，他本想用馒头沾糖，不料他用馒头沾的是墨，他就一边写字一边用馒头沾墨吃。
　　我体会到写毛笔字不是件容易的事。不管你做什么，都要下工夫，刻苦钻研，你才能有所成就。",《我会写毛笔字》
150416,4.0,5.0,4.0,4.0,5.0,4.0,5.0,4.0,4.0,5.0,5.0,5.0,5.0,5.0,4.0,4.0,3.0,5.0,4.0,4.0,3.0,5.0,3.0,5.0,3.0,4.0,4.0,4.0,3.0,5.0,3.0,5.0,2.0,4.0,3.0,4.0,4.0,3.0,3.0,4.0,4.0,4.0,5.0,4.0,4.0,5.0,4.0,4.0,5.0,4.0,3.0,4.0,4.0,4.0,3.0,4.0,4.0,5.0,3.0,4.0,5.0,5.0,5.0,5.0,5.0,5.0,5.0,5.0,5.0,4.0,"真正的团结是什么
　　真正的团结是什么？不是在别人犯错时，你慷慨的原谅，不是在受伤时还坚持不懈，而是在你的性格不允许你在做下去时，你还不懈的努力。这样的感受缘于一次感动的经历……
　　老师为了鼓励我们，还允诺我们如果在比赛中得了两个第一或总分第一就不留作业了！我们因此而更期待体育节了。
　　到了，到了，体育节终于到了！我们既紧张又兴奋，在第一个项目中，我们齐心协力，获得了第一名。而第二项比赛，我们由于力气小，得了第三名。这与我们的预期大相径庭，我们只好垂头丧气地回到了座位上。这离我们的目标又远了一步。
　　终于到了这一刻，第三项滑板比赛开始了，太阳像滚烫的火球，照着我们瘦弱的身体，豆的汗珠如雨一般，“啪嗒”“啪嗒”地滴到地上，因为第二场比赛失利，大家拼尽全力比赛。我的心脏像上了弦的节拍器一样，越跳越快，仿佛要跳出来了。我的目光忽然暗淡下来，在我前一组的同学稍微歪了一点，又用手来回推着地，速度突然减慢了，甚至停下来了！只见她一只手使劲往上伸，而另一只手却像被粘住了一样，一直不动。我们焦急万分，像热锅上的蚂蚁，喊叫声，脚步声，责备声，响成一片。她用手来回滑了半天，才滑到了终点。我替她难过，我想她慢下来一定有原因。
　　我问了别人，有人说：“她的手被轮子压了。”我轻笑到，想着：在上次练习时，她的手不小心脏了一点，她喊叫着，慌忙地停下来，用另外一只手擦来擦去，后来干脆不动了。甚至，她不仅不继续滑了，还从滑板上跳下来，喊道：“我不参加了！”她像一只凶猛的狮子，咆哮着，狂奔着，冲出了我们的视野。而我们用了一天的时间，才劝她继续参加比赛。而现在，她如果被压了，又怎么会一声不吭地完成比赛呢？
　　当我回班问她时，她却无所谓地说：“没什么，早就不疼了，没什么大不了的。”她的伤口上还有血痕，闪着彩红般的光芒，向着远方延伸……
　　我感动不已，我终于知道了什么是真正的团结。
　　真正的团结是什么？是克服自己的性格；是在自己不能忍受的情况下依然坚持；也是在别人说自己时保持沉默，当我知道这件事的经过时，我感动万分，看到了那美丽的彩虹照耀着所有人。团结像一流源泉，让枯萎的花儿再次绽放。",《真正的团结是什么》
240216,4.0,3.0,5.0,4.0,5.0,5.0,4.0,3.0,5.0,3.0,3.0,3.0,4.0,4.0,4.0,3.0,3.0,3.0,3.0,2.0,3.0,3.0,3.0,3.0,3.0,4.0,3.0,4.0,4.0,4.0,3.0,3.0,3.0,4.0,3.0,2.0,3.0,2.0,3.0,2.0,4.0,3.0,5.0,4.0,3.0,3.0,3.0,3.0,4.0,3.0,3.0,3.0,3.0,2.0,3.0,3.0,3.0,3.0,2.0,3.0,4.0,3.0,5.0,4.0,5.0,4.0,5.0,4.0,5.0,4.0,"值周总结
　　2017年1月9日，下午1点15分，全校的师生都知到了我和王芳在广播室里广播值周总节，这是怎么一回事呢？
　　原来，2016年12月29日，李老师利用午管时间跟我们宣布一件让人兴奋不已的事，那就是2017年的第一周由我们班来值周！李老师又讲又选人。2017年1月3日，一进教学楼就可以见到我们班的值周生了，2017年1月6日，我和王芳把值周生的文件夹收齐，回去统计，下周一上报。可我想说的不是这件事，而是我们怎么在一起总结。
　　2017年1月8日，下午快5点了，王芳来到我家，一起总结值周，我们发现第一项领巾佩带方面值周生没写，一开始我们还奇怪，但后来我想起来周一放假，我们又开始总结，第二项的一大项是主动问好，而这一大项又分三小项：晨检，进校和午管。我们又发现问题了，管北楼一、二层晨检的同学没给我们文件夹！这回我们可急坏了，不过兴好这个同学就住在我们家前面那个楼的二层。还好能找到他，妈出去找他，而我们又开始总结。第三项是晨检方面。唉，妈妈还没回来，我开始想妈妈怎么还不回来？会马上回来的。我们又开始总结第四项，眼操方面。这还没遇到问题。总结完开始第五项，午巡查方面。唉，这写得太乱了！我们就就着能看清的写，这时候妈妈终于回来了，手里还拿着文件夹！这可把我们高兴坏了。第六项是广播方面。一说广播，我们就想起来下周一还要广播！先是一阵兴奋，我们忽然想起还要写值周总结，可时间已经不早了，我们就更加努力地写。第七项是路队。问题真是一个接一个，而且这问题还不小呢！班老师以为不用查路队，所以值周生没写这个！我们把这个写完了，也把十佳值周生选出来了，就写值周总结了。到了路方面我们就写了一个全体表扬。我写上半段，所以读上半段，王芳写下半段，所以读下半段。王芳的爸爸也来了，我们赶紧读了一遍，在这过程中，有很多好笑的地方，我们禁不住笑了。读完了，王芳就和她爸爸走了。
　　这是多么快乐的一天啊！你们在广播上听到的，就是我们的成就！我终于知道为什么要有两个值周长了，因为可以相互帮助。我还从中学到遇到什么样的困难都可以解决，只要你冷静下来思考，遇到什么样的问题都可以解决！",《值周总结》
160508,4.0,3.0,5.0,4.0,4.0,4.0,4.0,3.0,4.0,4.0,3.0,3.0,4.0,3.0,4.0,3.0,4.0,4.0,5.0,4.0,4.0,3.0,4.0,4.0,5.0,4.0,5.0,3.0,5.0,4.0,4.0,4.0,5.0,3.0,4.0,4.0,3.0,4.0,4.0,4.0,4.0,3.0,5.0,4.0,4.0,3.0,4.0,4.0,5.0,4.0,4.0,3.0,4.0,3.0,4.0,3.0,4.0,4.0,2.0,2.0,3.0,3.0,5.0,5.0,5.0,5.0,5.0,5.0,4.0,3.0,"我家的大年三十
　　春节是中国人最热闹、最隆重的传统节日，春节期间亲人们会从四面八方欢聚到一起，团团圆圆，共庆佳节。这些都是春节习俗。
　　中国的春节从腊月就开始了，腊月二十三被称为小年，但真正大年三十才是春节的重头戏。人们把大年三十的团聚看的格外重要，今年的大年三十我们全家在姑姑家团聚。爸爸妈妈和我一早就到了姑姑家，大红的春联和福字装点着家里，姑姑的新家呈现出一个幅张灯结彩祥和喜庆的画面。吃过早饭，我们陪着奶奶看电视，姑姑就开始准备晚上的年夜饭了，厨房里不时散发出阵阵香味，而我除了尽情的玩耍外，偶尔还会到厨房去“视察”，厨房里鸡鸭鱼肉摆满了案台，实在佩服姑姑，觉得她真是个大厨。午餐我们吃得比较简单，说是简单其实也有很多菜，只是没有晚餐丰盛，因为晚餐全家人才聚齐。下午已经上班的哥哥，姐姐，姐夫姑父他们陆陆续续都到家了，感觉家里热闹得温度都上升了几度，每个人都穿上了短袖。6:00多我们的年夜饭拉开了序幕，满满一桌菜，姑父直叹家里的餐桌买小了，大家也你一句我一句起哄，让姑夫去把新买的大冰箱、大餐桌年后换个更大的。说完大家都哈哈大笑，整个气氛热闹极了。姑姑做的菜有红烧鱼、卤菜、年糕等十几道菜，鱼代表年年有余，年糕代表年年高，步步高。卤鸡爪代表抓钱手，发财的意思。这些都是春节习俗。姑父拿起两瓶五粮液，几个男人喝上了，妈妈和姑姑他们几个女人喝了洋酒，我和奶奶喝饮料。大家在欢声笑语中举杯祝愿，开怀畅饮，共度佳节。
　　伴随着电视里的春晚节目，年夜饭从晚6:00-10:00这是我见过吃得时间最长的一顿饭，也是我见过剩菜最多的一顿饭。妈说年夜饭图的就是多，必须有剩下的，那叫年年有余。年夜饭后我们围在电视机前，边玩扑克，边抢红包，边拜年。每个人都一心多用，眼疾手快。把聪明才智发挥到极致。嘿嘿，要说最大的赢家还是我哟，因为我给大人们拜年，大人们都给我发了大红包哟！
　　当幸福的钟声在十二点敲响时，姑姑端上热气腾腾的饺子，饺子有富意吉祥平安之意，又因长得酷似元宝，有发财之意。每个人都吃了饺子，真香！
　　这就是我家快乐的大年三十和很多春节风俗。",《我家的大年三十》
150423,4.0,3.0,5.0,4.0,4.0,3.0,3.0,3.0,4.0,3.0,2.0,3.0,3.0,3.0,4.0,3.0,4.0,3.0,4.0,3.0,4.0,3.0,4.0,3.0,5.0,3.0,5.0,4.0,5.0,4.0,4.0,3.0,5.0,3.0,2.0,3.0,2.0,2.0,4.0,3.0,3.0,3.0,5.0,3.0,5.0,2.0,4.0,3.0,5.0,3.0,5.0,2.0,5.0,2.0,5.0,2.0,3.0,3.0,4.0,2.0,5.0,3.0,5.0,3.0,5.0,4.0,2.0,3.0,2.0,2.0,"体育节第二的故事
　　上午，让人期盼已久的体育节终于到来了，我们得了一个项目的第一，还得了总分的第一。这时，全班的同学都沉浸在喜悦当中，因为它是我们班同学的努力换来的。让我最感动的故事、就是我们班得第二的那场比赛。
　　第一个项目是“双人软排接力”，我们轻松就获得了第一名。比赛开始了，每个班的同学都不相上下、势均力敌，旗鼓相当，精神抖擞，生龙活虎的。准备好了，裁判老师的哨子“嘟”地一声响，各班同学好似离弦之箭，脱缰的野马，下山的猛虎一样，一下了就冲了出去。
　　终于轮到了王芳了，每个班还只剩下四个人了，而我们班还排在第三，只见王芳拉起轮胎就飞快地跑起来，由于上一个人的速度有点快，没有停下来，所以王芳拉的时候那个轮胎不听话地在地上跑，而是一蹦一跳地弹。于是，一个不小心，她的右腿被轮胎刮了一下，我感觉周围的一切都静止了。旁边的同学喊着：“坚持住，你一定能行的”我们班得了第二名。
　　我感觉这次比赛很好，因为最终我们班出现了很多让人激动的故事，深深地打动着我。既使这次比赛没得第一，我们也是最团结一心，齐心协力的班级。",《体育节第二的故事》
160604,3.0,3.0,4.0,5.0,3.0,4.0,3.0,3.0,2.0,3.0,3.0,3.0,2.0,2.0,4.0,3.0,3.0,4.0,4.0,4.0,3.0,3.0,3.0,3.0,2.0,2.0,3.0,3.0,3.0,3.0,2.0,2.0,3.0,3.0,3.0,4.0,2.0,4.0,2.0,4.0,3.0,3.0,2.0,3.0,2.0,2.0,2.0,2.0,3.0,3.0,2.0,4.0,2.0,3.0,3.0,3.0,2.0,2.0,3.0,3.0,2.0,3.0,3.0,5.0,4.0,5.0,2.0,2.0,3.0,3.0,"让环境变得更好
　　“赶明儿胜利了，咱们也能用上电灯，让孩子们都在那样亮的灯光下学习，该多好啊！”《灯光中的郝副营长正是靠着这样美好的憧憬，这样崇高的理想，勇往直前的。理想是人生导航的灯塔，我的理想是让地球环境变得更好。
　　在一个烈日炎炎的下午我和我的夏令营同伴在郊区草地上野营，我们在欢声笑语中吃完了午饭，和其他同伴去踢球了，队长让我和剩下的三个同伴收垃圾，我们四个相当的不愿意，我又不敢抱怨。我们四个就相当不负责任的把有些大纸片子扔了，把小一些的垃圾留在了地上我们四个人就不管不顾的去踢球了。风一吹垃圾正好飞到了我们踢球的地方。刚踢了一会我们队的何小胖大叫一声：“啊—！”何小胖倒在地上，只见一个塑料垃圾划伤了他，汗水和血液一滴一滴的滴在地上，我和我的三个同伴脸上又羞愧又诧异，恨不得找一个地缝钻进去，这时队长发话了：“都别吵了，赶快把垃圾收好。赶快！”然后我们就一起收拾垃圾了，从这以后我就有了环保的理念。
　　过了一天后，我们的教官告诉我们今天的任务是把宿舍楼打扫干净和给我们讲我们的地球是很脆弱的。再加上我们的浪费和破坏环境使得地球更脆弱，我们现在要有环保理念，不在郊区破坏植物，不乱扔垃圾，不污染河流，湖泊等等。”会后我们选出了环境保护长刘东林，事后我们打扫好宿舍,刘东林让我们分为三组，一组为画海报，内容是让环境变得更好，二组是帮一组粘海报和打扫宿舍外小院的垃圾，三组是我和十二个同伴一起打扫活动场地，经过二天的努力我们夏令营童子军成功的把我们的宿舍、小院和活动场地打扫得一尘不染。这次大扫除虽然很辛苦，但是让我的环境变得更好我们都很开心。
　　这就是我的理想，让环境变得更好，我相信未来我们都特别爱护环境，我们的空气会更清新，花草一定更美丽，水会更清洁，让我们一起来为环保事业做贡献吧！",《让环境变得更好》
240124,3.0,3.0,5.0,5.0,5.0,5.0,4.0,4.0,5.0,5.0,3.0,3.0,4.0,4.0,3.0,3.0,4.0,4.0,3.0,3.0,4.0,4.0,4.0,4.0,5.0,5.0,5.0,5.0,5.0,5.0,4.0,4.0,4.0,4.0,3.0,3.0,3.0,3.0,3.0,3.0,4.0,4.0,3.0,3.0,3.0,3.0,3.0,3.0,5.0,5.0,2.0,2.0,3.0,3.0,2.0,2.0,4.0,4.0,2.0,2.0,5.0,5.0,5.0,5.0,5.0,5.0,4.0,4.0,4.0,4.0,"老师进班了
　　叮叮，叮叮上课了，班老师进班了在非常吵的时候，班老师生气的说：“别说了，全班起立！“我们起立了以后，老师又说：“保证安静的,坐下。”只看全班都坐下了，班老师笑了笑。她让一名同学去拿一下语文书，班老师笑笑说：“大家打开书P48”,班老师看着我们眼里放出光明！她叫同学发言的时候总是会叫大名不会说你……你……你！”班老师有时还很可爱比如：“哎呀谁踩了我一脚，哎呀这箱子怎么也让我站不好呢！”她哎呀……哎呀的声音，我老能听见，我非常喜欢班老师的样子！",《班主任进班了》
130113,3.0,3.0,4.0,4.0,4.0,3.0,4.0,3.0,4.0,3.0,2.0,3.0,3.0,4.0,4.0,3.0,4.0,3.0,3.0,3.0,3.0,3.0,4.0,3.0,3.0,3.0,4.0,3.0,3.0,3.0,4.0,2.0,4.0,3.0,3.0,2.0,4.0,2.0,4.0,2.0,4.0,2.0,5.0,3.0,4.0,3.0,4.0,3.0,4.0,3.0,4.0,3.0,3.0,2.0,4.0,2.0,4.0,3.0,2.0,3.0,4.0,3.0,4.0,3.0,4.0,3.0,4.0,3.0,5.0,2.0,"我家养的热带小鱼
　　我家养的热带鱼是我圣诞节礼物，本来我想要的是蝴蝶鱼，而且我也很清楚的写在了我给圣诞老人的信上。但当我发现早上我什么都没有的时候，我的心情糟糕透了，没精打采的吃早饭后，便去上学了。
　　但是晚上我回家的时候发现桌子上有一缸鱼，但是不是蝴蝶鱼。圣诞老人给我回信说：蝴蝶鱼是海水鱼我现在不能养，就先送我几条热带鱼。
　　热带鱼一共有10条。有淡粉的、浅蓝的、黄色的、橙色的、还有大红的，五光十色，非常漂亮。
　　可惜现在只剩五条了，另外五条已经死了。而且我发现，不管我为多少吃的，它都会全部吃完，所以我觉得前几条鱼都是被撑死的。之后我就有经验，每次少放一点，果然那五条鱼越来越健康。
　　我通过养这个鱼，我明白了，要做一个负责任的人。因为只要我稍微一大意，小鱼就会死掉，既然我选择要养鱼，我就要把它养好了。",《我家养的热带小鱼》
150434,5.0,4.0,4.0,5.0,4.0,5.0,3.0,4.0,4.0,4.0,4.0,3.0,4.0,3.0,5.0,4.0,5.0,5.0,5.0,4.0,5.0,5.0,5.0,4.0,5.0,4.0,5.0,4.0,5.0,4.0,4.0,4.0,5.0,5.0,5.0,4.0,5.0,5.0,5.0,4.0,5.0,5.0,5.0,5.0,5.0,4.0,5.0,4.0,4.0,4.0,4.0,3.0,4.0,4.0,4.0,3.0,5.0,5.0,5.0,4.0,4.0,4.0,5.0,5.0,5.0,4.0,5.0,5.0,5.0,5.0,"一次比赛中的友情
　　期待之已久的体育节终于来临了，经过了一次又一次的练习，我和我的队员王芳也练成了十足的默契。不知是否是一时的狂妄，我完全抱着排球项目“第一”的心态来比这场比赛。但我不知道，我竟然在关建时刻掉了链子。”更不知道正因为比赛，收获到了朴实的友情。
　　经过了开幕式，体育节也在无数掌声和紧张的气氛中拉开序幕。仔细看，同学们的额头上有一层细小而又密集的汗珠。不知是炎热的原因还是紧张，汗珠多的好似可以接一杯水。时间一分一秒的过去了，终于到了“排球接力。”我们手挽着手，她托着球，并且对我说着：“加油，加油。”她手上的汗多的似乎连球都拿不住了，滑滑的。我顿时觉得压力倍增，因为我们更是班级第一棒的“希望。”恍惚中，哨声已然吹响。每位选手都拼尽全力，我们更是不例外。突然，不知什么原因，我的脚竟向外歪了一下。顿时，刺骨的疼在我脚踝处蔓延开来。我的身体已然越来越沉。我知道，她此时承受的重量绝不是一个的重量。她的步子毅然坚定，我的意识告诉我，再疼也绝不能倒下！三步，二步，一步，终于，我们到达了终点。
　　我终于忍不住痛，坐在了吵闹的操场上。她似乎发觉了我的不同，立刻快步跑到了我身边。她的声音低落，我好似看见了她面上那双红润的眼睛。火辣辣的阳光照在她的背上。背后已经湿了一片。恍然她的一滴不知是汗还是泪落在我的手上。脚上的痛好似一点也不痛了，但我的眼角又一次湿了，因为她那些举动或神形，令我感动的流下了眼泪。
　　这次比赛令我收获了许多。而王芳可以与朋友同忧、与朋友同乐、从不自私，真心相待朋友的品格与举动都令我十分感动。也正因为这样一件小事，让我从点滴中感受到纯真的友情，令我深深的感动。",《一次比赛中的友情》
240229,4.0,4.0,5.0,5.0,5.0,5.0,4.0,4.0,5.0,5.0,3.0,3.0,4.0,4.0,3.0,3.0,3.0,3.0,3.0,3.0,3.0,3.0,3.0,3.0,5.0,5.0,5.0,5.0,5.0,5.0,3.0,3.0,5.0,5.0,5.0,5.0,4.0,4.0,3.0,3.0,4.0,4.0,4.0,4.0,3.0,3.0,3.0,3.0,4.0,4.0,2.0,2.0,3.0,3.0,2.0,2.0,4.0,4.0,2.0,2.0,5.0,5.0,5.0,5.0,5.0,5.0,5.0,5.0,3.0,3.0,"难忘的一件事
　　今天是一个阳光明媚，晴朗的天气，我和爸爸妈妈决定今天不开车，要绿色出行。
　　我们坐车来到了A大操场，看见那里停了好几辆OFO共享单车，爸爸提议说：“要不今天咱们就在大操场，教笑笑骑车吧。”我和妈妈都举双手赞同，我们推着车子来到了一处人比较少的地方，爸爸说：“我给你扶着，你先上去骑骑试试，”我胆战心惊的坐了上去，心想：“千万别摔下来，”不知为什么，骑的时候身体总是往一边倒，骑了几次都是这样，我有些灰心了，这时，妈妈走过来说“别急，你第一次骑可能太紧张了，放轻松，”妈妈突然又说了一句话：”笑笑，别让爸爸扶了，你自己骑，你不能总是依靠别人扶你，这样的话，你永远都学不会。”我有些不高兴，不扶我那还不摔倒我了，妈妈说：“我教你一个好办法，你把两腿放到车子中间，往前蹬的时候自己坐上去骑，你试试。”照着妈妈教我的方法我自己试了好几遍，有时候成功了，可是骑一下就掉下来了，妈妈说：“别急，自己要找感觉，”我松了口气，又试了几次就在我想到放弃的时候，我突然就骑出去了，虽然骑的真是歪七扭八，但是我很开心，我终于可以骑起来了，就这样，我好像真的找到了感觉，不一会儿，我就会骑了，可以在大操场上骑好几个来回，我真是太高兴了。
　　虽然一开始骑车，我有些害怕，但是我战胜了害怕，我学会了骑车，我会永远记住的。",《难忘的一件事》
160209,4.0,4.0,4.0,4.0,4.0,4.0,4.0,4.0,3.0,3.0,4.0,4.0,4.0,4.0,4.0,4.0,5.0,5.0,4.0,4.0,4.0,4.0,5.0,5.0,4.0,4.0,4.0,4.0,4.0,4.0,5.0,5.0,4.0,4.0,4.0,3.0,5.0,3.0,4.0,4.0,4.0,4.0,4.0,4.0,4.0,4.0,4.0,4.0,4.0,3.0,3.0,3.0,4.0,3.0,4.0,3.0,5.0,5.0,2.0,2.0,4.0,4.0,5.0,5.0,4.0,5.0,4.0,3.0,3.0,3.0,"雨时的温暖
　　有人说，关爱如黑夜一盏明亮的灯，照亮你前方的路；还有人说，关爱仿佛是寒冷的冬日里一缕温暖的阳光，给予你希望。而我认为，关爱其实就是在别人遇到困难时，尽你所能的去帮助他，即使只有一句安慰的话语，也会让他感到温暖。有一件事，令我至今也难以忘怀。
　　那是一个灰暗的下午，灰暗的天空里竟没有一点白云。在这样的天气里，我的心也并不快乐，我怅望灰天，不禁有些忐忑不安：不会要下雨了吧！我那天并没有带伞。
　　下午的课我一点儿也没听进去，一心只想着我的“霉运”… …
　　终于我挨到了放学，可雨还是伴随着我忧虑的心情，一滴，一滴……的下起来。我焦急着翻着书包，把书包翻了个底朝天也没有找到。匆忙之下，我万不得已，只好快步跑起来。
　　时间一分一秒的过去了，雨越下越大。我无可奈何的停在书摊前面躲雨。我焦急的等待着，如热锅上的蚂蚁，不知所措的来回踱步。各种不同的预想在我的脑海中回荡。泪水也如断了线的珠子般不争气和雨一起打在我的脸上。
　　我哭累了，在天色朦胧中，隐隐约约的看见一个身影，她走近一些，我才看清，原来是我的一个课外班的同学，我上周可刚跟她吵完架。
　　我正犹豫着该不该向她借伞时，她却走到我身边，不计前嫌地说：“我们一起走吧。”我被她深深的打动了。我仰起头，真诚的看着她。她笑了笑，我们一起享受着这雨时的温暖……
　　这件事后，我不禁想起龚自珍的诗：落红不是无情物,化做春泥更护花。关爱如一口清泉，让枯萎的花儿再次绽放。",《雨时的温暖》
150438,3.0,3.0,3.0,4.0,3.0,4.0,2.0,2.0,2.0,3.0,2.0,3.0,2.0,3.0,2.0,2.0,2.0,3.0,3.0,3.0,2.0,2.0,2.0,3.0,2.0,3.0,2.0,2.0,2.0,3.0,2.0,2.0,3.0,3.0,2.0,2.0,2.0,3.0,2.0,3.0,2.0,2.0,3.0,3.0,2.0,2.0,2.0,3.0,3.0,3.0,2.0,3.0,2.0,2.0,2.0,2.0,2.0,3.0,3.0,3.0,2.0,2.0,3.0,4.0,3.0,4.0,3.0,3.0,2.0,3.0,"一根“善”的签字笔
　　一天我去高思上数学，但是我放了学以后，因为忘了拿公交卡所以就又回去了一次，因此没有及时到家，所以我就没时间吃饭去了。还得打车去。这让我忘了带上刚刚才写完了高思的作业和笔袋。我觉得像被人偷了钱一样。
　　但当时我并没有发现我没有带笔袋，所以我就朝着出租车的方向飞奔而去。而我到的时候满脸通红，头上顶着豆大的汗珠，被霞光一照，就像是刚刚开凿出来的价值不菲的缅甸的红宝石一样白里透红。别提有多狼狈了。
　　我怀着必定要迟到的心态来到了学校。但是没想到我不仅没迟到，到的时候教室里的座位还很空，这让我高兴的情不自禁、不能自已。就在此时一阵悦耳的，动感的音乐响了起来，很是好听，我的不高兴，不舒服仿佛在一瞬间都被这美妙的音乐给去掉了，也随着它的旋律动了起来，突然音乐停下了原来是老师来了，说期中考！这时我才发现我没带袋。我心想，完了！没带笔袋！怎么办！怎么办！这时我救星说：“你没带笔？没带的话我借你。”因为他的善让我考了142分的高分！全校第1！
　　我才发现人的美可以体现在很多方面，就像借笔这种小事。正因为他的善让我记住了这件事，让我久久不能忘怀！“入木三分！”",《一根“善”的签字笔》
140211,3.0,3.0,3.0,5.0,3.0,5.0,3.0,3.0,3.0,4.0,3.0,2.0,3.0,3.0,3.0,3.0,3.0,3.0,3.0,5.0,3.0,4.0,3.0,4.0,3.0,4.0,3.0,5.0,3.0,4.0,3.0,4.0,3.0,5.0,3.0,5.0,3.0,4.0,3.0,4.0,3.0,4.0,4.0,4.0,3.0,4.0,3.0,4.0,3.0,4.0,2.0,4.0,2.0,3.0,3.0,3.0,3.0,4.0,2.0,2.0,4.0,3.0,4.0,5.0,4.0,5.0,4.0,3.0,3.0,3.0,"难忘的一件事
　　在我脑海里，有许许多多的难忘的事，但其中有一件事最令我难忘，那就是我第一次做饭。
　　今年妈妈生日，我想给妈妈一个惊喜。我想给妈妈做一个我最喜欢的西红柿炒鸡蛋。
　　首先洗西红柿如给西红柿洗澡，左手拿刀，右手扶着西红柿，心想可要小心了，不能刀切到手。
　　接着是打鸡蛋，先敲一个口，把鸡蛋打散，然后把油放入锅里，过了一会儿滚烫的热油顿时四溅，不一会儿鸡蛋的香味不由得让我的脖子往里一看，最后把西红柿放入锅中，把盐躺放入锅里。我继续翻炒，过了一会西红柿的皮皱了起来，我赶紧关火，装盘。瞧！金黄的鸡蛋配上红艳艳的西红柿，看着就有食欲！
　　我的西红柿炒鸡蛋被一抢而光，妈妈说，她过了一个难忘的生日，我心里别提有多高兴了。",《一件难忘的事》
141430,4.0,4.0,5.0,3.0,5.0,3.0,4.0,3.0,5.0,3.0,3.0,3.0,4.0,3.0,5.0,3.0,5.0,3.0,4.0,3.0,3.0,3.0,3.0,3.0,5.0,3.0,5.0,3.0,5.0,3.0,4.0,3.0,4.0,3.0,5.0,3.0,5.0,3.0,5.0,3.0,5.0,3.0,5.0,4.0,5.0,3.0,5.0,3.0,5.0,4.0,4.0,2.0,3.0,3.0,3.0,2.0,5.0,3.0,2.0,2.0,5.0,3.0,5.0,4.0,5.0,4.0,5.0,4.0,4.0,3.0,"我最敬佩的人——里奥·梅西
　　我是个球迷，要说我最敬佩的人，那当然就是梅西了，他有灵巧的体型、敏捷机智的反应、还有跟豹一样的速度、自信满满的笑容他现在是巴塞罗那队的中流砥柱，同时他也多次当选了世界足球先生。
　　在他八岁时梅西被诊断出发育荷尔蒙缺乏，这样会阻碍他的骨骼生长使他无法长高，而且梅西家里的经济条件难以承受小梅西治疗费用，当时企图去梅西的河床队得知他的顽疾后也打消了“控角”的念头，但是梅西所没有放弃自己对足球的热爱，依然积极乐观面对每一天，就这样在2000年，梅西被教练库卡看中，被滞到了巴塞罗那，2000年9月仅13岁身高只有140cm的梅西去了巴塞罗那青训营试训，在试训期间，梅西征服了巴萨青年队教练，他们与梅西签订了2012年到期的工作合同。俱乐部在帮助梅西成长方面作出了巨大的努力，由于梅西骨骼线早已闭合，俱乐部专家专门为他制定了腿部系列运动，帮助梅西生长。
　　后来梅西带领巴塞罗那取得了许多的成就，而且梅西成为历史第一个获得5次金球奖的队员。我敬佩梅西的地方还有很多很多，他还有许多让我们学习的地方，我们不仅要学习他的技术；还要学习他的精神品质。",《我最敬佩的人——里奥·梅西》
140203,4.0,5.0,4.0,5.0,4.0,5.0,5.0,4.0,4.0,5.0,3.0,3.0,4.0,4.0,4.0,4.0,5.0,3.0,4.0,5.0,4.0,5.0,4.0,4.0,4.0,5.0,4.0,4.0,4.0,5.0,4.0,4.0,4.0,4.0,5.0,4.0,3.0,4.0,4.0,4.0,4.0,3.0,5.0,4.0,4.0,5.0,4.0,4.0,4.0,4.0,3.0,3.0,4.0,3.0,3.0,4.0,4.0,3.0,2.0,2.0,4.0,4.0,4.0,5.0,4.0,5.0,5.0,5.0,4.0,3.0,"骑自行车
　　今年暑假，我学会了骑大轮自行车了。
　　有一天晚上，我爸爸带回来了一辆崭新的自行车。“哇！好漂亮的自行车呀！”我叫道，“我能不能吃完饭后去骑一会儿呀？”“可以呀”爸爸说。于是，我飞快地吃完饭后，“咚咚咚”地跑下楼。“自行车!我来了！”
　　我骑上自行车后，总是把不平车把。所以车老偏移方向。之后，老爸教我了一个小窍门。就是：骑车的时候要把身子向前压，这样就不会把不住车把啦！
　　我按照爸爸的方法骑了一圈。嘿！果然把住车把了。第二圈可就没那么幸运了。刚骑不一会儿，我的脚就和脚蹬“离别”了。好不容易让它们“会合”，又一个飞盘“嗖”地冲我飞过来。还没等我反应过来，飞盘已经结结实实地打在了我的手上。当时，我的手火辣辣的疼。最可气的是，那几个小孩子还咯咯地笑！我又生气，又伤心。本想跑到爸妈身边大哭一场。“可是，这样不就等于放弃吗？”我心里有这样一个声音。“放弃就放弃呗，反正又不是什么大事。”又有一个声音插了进来“如果小事就放弃，那怎么可以做大事呢？”“……”“……”就在它们吵得不可开交的时候，我已经做出了决定：我要继续骑下去！一圈、两圈、三圈……
　　我把自行车骑得飞快，风在我的背后呼啸而过。我觉得我要把自行车骑到天上去，和白云一起玩耍。（虽然当时是晚上，呵呵）
　　要回家了，我心想：今天我明白了很多东西，比如：做事要持之以恒，不能轻言放弃。
　　最后，我真的想问问那个捣乱的声音：“你是哪来的？我饶不了你！”",《 骑自行车》
150323,5.0,3.0,5.0,4.0,5.0,3.0,4.0,3.0,5.0,3.0,2.0,3.0,4.0,3.0,4.0,3.0,4.0,3.0,5.0,3.0,5.0,3.0,5.0,3.0,5.0,2.0,5.0,2.0,5.0,3.0,4.0,3.0,5.0,3.0,5.0,3.0,5.0,2.0,5.0,3.0,5.0,3.0,5.0,4.0,5.0,2.0,4.0,3.0,5.0,3.0,5.0,2.0,5.0,2.0,5.0,2.0,5.0,3.0,2.0,2.0,4.0,3.0,5.0,3.0,5.0,3.0,5.0,3.0,3.0,2.0,"我的小侄
　　今天，我来给大家介绍一下我的小侄。他3岁了，有一双大大的眼睛，一眨一眨的，像蓝宝石一样，那颜色比蓝莓浅一点，又比海水深一点，蓝中透着绿光，滴溜溜地转着。他的头比别人的大一点，像是装满了知识一样。说起话来抑扬顿错的。他还得爱笑，笑起来，像是用牵牛给吹出来的，又像是用百灵鸟唱出来的。
　　他还有一个了不起的本领——背诗，他背的诗特别多，背的特别快，也特别喜欢背诗。我上次送他过一本书：《千家诗》。那是我小的时候上幼儿园时候花了三年多时间才背下来的，那里面足足有一百多页，一百多首诗。他经常在吃饭的时候看那本书，我让他吃完饭再看。那次他吃饭，吃的飞快。吃完后，他和书都不见了。原来，他去自己的卧室里一心一意地看书了。
　　一个学期后，他那本书已经被他翻卷了边。老话说：“读书破万卷，下笔如有神”。他现在说话用词就跟以前大有区别了。而且这本书他不光连诗名、作者、朝代、内容和意思都背了下来，还连页数和序号他都背了下来。
　　这就是我的小侄，一个爱背诗的小孩。每次看着他的大头，大眼睛，不知道他又在背什么诗词呢。",《我的小侄》
240236,4.0,4.0,4.0,4.0,4.0,4.0,4.0,4.0,4.0,4.0,5.0,5.0,5.0,5.0,3.0,3.0,4.0,4.0,4.0,4.0,4.0,4.0,4.0,4.0,4.0,4.0,4.0,4.0,4.0,4.0,4.0,4.0,4.0,4.0,5.0,5.0,5.0,5.0,3.0,3.0,3.0,3.0,4.0,4.0,4.0,4.0,4.0,4.0,4.0,4.0,3.0,3.0,3.0,3.0,3.0,3.0,4.0,4.0,4.0,4.0,4.0,4.0,4.0,4.0,4.0,4.0,4.0,4.0,3.0,3.0,"难忘的三亚之旅
　　这个寒假，我去了三亚。让我印象最深刻的地方是西岛和呀诺达热带雨林公园。
　　回忆西岛，我们在岸边喂鱼，成群结队的鱼游了过来，有红色的、黄色的、粉红色的，五彩斑澜，漂亮极了！我们还在岛上买了一个充气海龟，海龟站起来比我都高。我骑着充气海龟，在海里玩儿。浪来了！小心！只见大浪漫天卷地般涌来，海龟翻了。我沉入海中，扑腾了几下，爸爸立刻把我捞了起来，我像小猴子一样紧紧地抱住爸爸。我呛了一口海水，好咸啊！原来大海也会经常和我开玩笑！
　　呀诺达热带雨林公园是三亚著名的景点，里面有各种各样的热带植物、动物，还有很多有意思的娱乐项目，其中最有名的就是我玩的野外拓展项目，踏瀑戏水。其中让我印象最深刻的项目是有一个大水塘，据导游说水有三米深，水塘中间有一条用废旧的汽车轮胎连起来的独木桥，人走在上面会摇摇晃晃，一不小心就会掉进水里。虽然我不会游泳，但是我还是鼓起勇气朝前走，走到一半时我的脚没踩稳轮胎，结果扑通!一声，差点儿掉下去，幸好爸爸拉了我一把，我站起来重整旗鼓。最后，终于走到了对岸。
　　三亚是一个非常美丽的地方，大海清澈见底，海里还有小虾和巨犄蟹。另外，我还懂得了做人做事要有毅力，克服困难、战胜自己，才能把事情做成功。",《难忘的三亚之旅》
140624,4.0,3.0,5.0,4.0,5.0,3.0,3.0,4.0,5.0,3.0,3.0,3.0,2.0,3.0,2.0,4.0,2.0,4.0,2.0,4.0,2.0,3.0,2.0,3.0,3.0,4.0,4.0,4.0,4.0,3.0,2.0,3.0,2.0,3.0,3.0,3.0,3.0,3.0,4.0,3.0,2.0,3.0,5.0,3.0,3.0,3.0,3.0,3.0,2.0,3.0,3.0,2.0,4.0,3.0,3.0,2.0,2.0,3.0,2.0,2.0,3.0,3.0,5.0,4.0,5.0,4.0,2.0,4.0,3.0,3.0,"狼爷杨
　　狼爷杨是我爸爸单位的一名干瘦干瘦的爷爷，但力大无比，他有一双大大的眼睛和大大的手！为什么我叫他狼爷杨呢？你们也想问吧！看一看就知道了！
　　有一次，他在吃饭，我爸爸也在场！他们一起吃罐头，谁也打不开的，只看狼爷杨一打就开了，他真的太厉害！他是一名绞车手，负责把货或人送上飞机！是要把绞车放下去，再把人送上来就ok了！还有，我爸爸说！“有一次他和海军的一个小伙子比赛跑步，一开始他一直在后面，经过了草丛，断木、林子一直跑了3公里呢！你们说：一位快70岁的老头能比过一个小伙！你们说他肯定输了，错！他没输还反过来了！你们不行但他行！他还老转。我所以我叫他狼爷杨！
　　知道我提的那个问题了吗？答案就在最后一句话！",《狼爷物》
160224,3.0,3.0,5.0,4.0,3.0,4.0,3.0,4.0,3.0,4.0,3.0,4.0,4.0,3.0,3.0,3.0,4.0,3.0,5.0,3.0,3.0,3.0,3.0,3.0,3.0,4.0,4.0,4.0,3.0,3.0,2.0,3.0,4.0,3.0,3.0,4.0,2.0,3.0,3.0,3.0,4.0,3.0,4.0,4.0,3.0,3.0,3.0,3.0,5.0,3.0,2.0,2.0,3.0,3.0,4.0,3.0,3.0,3.0,2.0,2.0,3.0,3.0,5.0,4.0,5.0,4.0,4.0,3.0,3.0,3.0,"捐书
　　俗话说：“送人玫瑰，手留余香。”可我想不明白为什么说送人玫瑰手留余香呢？我从捐书这一件小事中理解了它的真正含义。
　　古话说：读书破万卷，下笔如有神。”这周我们就要把这句话最重要的书送给山区的小朋友。小朋友喜欢什么呢？我左思右想，自言自语说：“这个，不行！我最喜欢这个！那个，也不行！我还没看呢！算了就这个吧，反正我也不喜欢！”我突然脑子中冒出了一篇文章。这篇文章讲的是：“一个山区小朋友到普通人家家里玩，一个小女孩把自己最喜欢的裙子送给了她，而她妈妈却觉得裙子太贵不舍得给她。”当时我就骂那个妈妈说：“你那样有钱，对待一位山区小朋友都这样，你可真是没良心！”转头一想：“刚才我不是也干了这样的事吗？山区小朋友甚至一本书都没有，而我却有着这么多的书，他们都已经很穷了而我却把自己不喜欢的书送给他们！想到这里我特别想打自己一下。我重新挑了书，找到了一本我最喜欢的书送给他们。
　　找书的时候我明白了：“送人玫瑰，手留余香。必须真心实意的送才会真的有香气。己所不欲，勿施于人。若把自己不喜欢的送给别人，在你的内心中是关爱，但他其实是同情。你本以为是帮助别人，其实是伤害他们的自尊心。想到这儿，我默默说了一句：“对不起，我为我的行为道歉。”",《捐书》
130409,3.0,4.0,4.0,5.0,4.0,4.0,3.0,3.0,3.0,4.0,2.0,3.0,2.0,4.0,3.0,3.0,3.0,4.0,3.0,3.0,3.0,3.0,3.0,4.0,4.0,3.0,4.0,4.0,4.0,4.0,3.0,3.0,3.0,4.0,2.0,4.0,2.0,3.0,3.0,4.0,2.0,4.0,4.0,4.0,4.0,3.0,2.0,4.0,4.0,4.0,2.0,3.0,3.0,4.0,2.0,4.0,4.0,4.0,2.0,2.0,3.0,3.0,4.0,5.0,4.0,5.0,3.0,5.0,4.0,3.0,"运动会
　　我从出生一直到现在有开心的事,有高兴的事，有悲伤的事，也有伤心的事，当然也少不了难忘的事。我的难忘的事有很多。但是，我最最难忘的是今年三年级的运动会。
　　一年一度的运动会又开始！我们开心极了！可是让我紧张的是，今年的运动会和以前的都不一样，因为今年的运动会是和D校区一起比的。我校区三年级有5个班，D校区三年级有6个班。我们班可是常常得第一呀！这么一来班级多了我们班不就很难得第一吗？回家的路上我一直这么想着……
　　到运动会那天了！!!那是一个阳光明媚的早晨。那天我起的很早（因为生怕会迟到）然后，我穿上班服吃了早餐,就在大操场上找到了自己的班级，就集合了……过了一会儿我们班到D校区了。到了那里,我们先坐在了小板凳上了。那天我们班穿着班服当然，别的班也不例外。可是我不远怎么看还是觉得我们班的更好看一些。那天，我们戴着红色的帽子，红色的上衣和白色的裙子还有白色的鞋。就因为这让我们先的精神抖擞。而且我们班还准备了花球呢！手上再拿上花球显的更加完美。
　　我们坐在板凳上看其它班的入场是心里既紧张又兴奋！过了一会心,到我们了！我走着整齐的队舞。我们嘴里还用洪亮的声音喊着班老师精心给我们编的口号，口号是“三二三二，独一无二，三二三二，相当有范！我们可精神了!
　　过了一小会儿我们班就表演完了！不过，这只是个入场式罢了！我们接下来还要比赛虫虫向冲和车轮滚滚还有迎面接力。
　　虫虫向前冲就是一只拿塑料做的虫子。7个人坐在上面然后每个人一起拿起把手脚还是像以前走路一样向前走。看谁走的最快。
　　车轮滚滚也很好玩儿！不过我最喜欢的就是迎面接力了！比赛迎面接力的时候老师吹了一声哨，我们听到哨声像一支箭一样飞奔过去！我们不甘示弱，用自己最快的速度向前“飞”去！
　　时间过的真快呀！比赛结束了！我们踏着欢乐而又难忘的脚步离开了D校区。",《运动会》
160211,3.0,3.0,4.0,5.0,4.0,5.0,4.0,4.0,3.0,4.0,3.0,3.0,3.0,4.0,3.0,5.0,3.0,5.0,4.0,5.0,3.0,4.0,3.0,3.0,4.0,4.0,3.0,4.0,3.0,4.0,3.0,3.0,3.0,3.0,2.0,2.0,2.0,4.0,3.0,3.0,2.0,3.0,4.0,3.0,3.0,4.0,3.0,3.0,3.0,4.0,2.0,3.0,2.0,3.0,2.0,3.0,3.0,3.0,2.0,2.0,3.0,3.0,3.0,5.0,4.0,5.0,2.0,2.0,2.0,2.0,"关爱无处不在
　　在我们的生活中，关爱就像一盏明灯，能照着你的前进的方向；关爱就像一团火焰，能融化你前进的方向。人与人之间的关爱，在生活中无处不在。
镜头一
　　一个周六下午妈妈和我去看眼睛。发现是真性近视,右眼100°，左眼50°,回到家我和妈妈把这人事经告诉了爸爸。爸爸说：“作业都做完了吧，”爸爸一本正经的说：“先做第一节揉天应穴，二、挤按晴明穴，三、揉四白穴，四、太阳穴、刮上眼眶（我爸自己总结的）做完后眼睛明亮了许多。
镜头二
　　每次在我“低血糖”的时候你总是热心的问候我“你怎么了？没事吧？要不要和老师说？”就是我的同桌（以前的）“籍晨”每次你关心我的时候，我的心里总是暖暖的。
镜头三
　　刚上六年级，成绩下滑了，每天心情低沉沉的，不知道应该怎么办,有一次午休的时候老师跟我说：“基础要上去啊！”我明白了如何去复习，每一次成绩不稳定的时候都能获得老师的一点点关心。
　　关爱来自家人、朋友、老师和身边的每一个人；关爱在我们身边无处不在，像温暖的阳光驱散黑暗给我的生活给来一片光明。",《关爱无不在》
150440,3.0,4.0,4.0,4.0,3.0,4.0,3.0,4.0,2.0,3.0,2.0,3.0,3.0,4.0,2.0,3.0,2.0,2.0,3.0,4.0,2.0,3.0,2.0,3.0,2.0,3.0,3.0,4.0,2.0,2.0,2.0,2.0,2.0,3.0,2.0,3.0,2.0,3.0,2.0,2.0,2.0,3.0,2.0,3.0,2.0,3.0,3.0,2.0,3.0,2.0,2.0,2.0,2.0,2.0,2.0,3.0,2.0,2.0,2.0,3.0,3.0,3.0,3.0,4.0,3.0,4.0,3.0,4.0,3.0,4.0,"坚持是一种无私贡献
　　一天，一个我们全校同学既紧张却又快乐的日子到了！那就是我们一年一度的体育节呀！班老师为了鼓励我们把体育节过好，就说：“同学们！只要你们2项或是全校第一的话我可以免一次考试和作业！“我们班同学听了之后都兴奋不已。之后我们班同学一步一步的接进夺冠。但在体育节的时候，突发了意外。
　　就在玩第一个项目，“运软排”，在开始时我出了一身冷汗，心想：“如果有人受伤该怎么办？有人放弃不玩了该怎么办？”之后就在一边看，一边想时，喻平和王芳那一组，起初，她们跑的很快，很快，快的就像在草原上飞奔的马儿一样！可就在我暗喜的时候，她们放慢了脚步，我看到喻平右脚一直走的很别扭，当我想去看一看喻平脚怎么了时，不料看到喻平正舍在队的最后哭了起来，我去问她：“喻平，你没事吧！要是实在是不能走动的话，我带你去医务室吧！”可是喻平不去，我和严静把她带回去了，可她也哭了，哭了一会儿，就没事了。
　　大家说体育精神，什么东西要做到底，那难道这就不是吗？为班级，自己默默流泪，这不是坚持是什么？!",《坚持是一种无私贡献》
141109,4.0,4.0,4.0,5.0,4.0,5.0,4.0,4.0,4.0,3.0,4.0,4.0,5.0,4.0,4.0,4.0,3.0,3.0,4.0,3.0,4.0,4.0,4.0,3.0,4.0,4.0,4.0,4.0,4.0,3.0,4.0,4.0,3.0,4.0,4.0,3.0,3.0,4.0,4.0,4.0,4.0,4.0,4.0,3.0,4.0,4.0,4.0,3.0,4.0,3.0,3.0,4.0,3.0,4.0,3.0,3.0,4.0,3.0,2.0,2.0,4.0,4.0,4.0,5.0,5.0,5.0,4.0,4.0,4.0,3.0,"好玩的活动课
　　今天，上语文课的时候班老说“今天我们上一节活动课。”我们显然很开心，要知道这可是第一次上活动课呀！但是班老师又说：“拿出听写本。打开新的一页。”这时我心想：不是活动课吗？为什么要拿出听写本啊！这回可惨了。我还没复习呢！肯定考的不好。于是，我带着疑惑而又忐忑的心情掏出了听写本。然后，班老师又说：“我们今天只听写一个词，给30秒钟写，开始……再然后班老师看了看表。30秒钟到了，老师首先采访了还没有写的同学，同学们都说：“还没有说是什么词语，怎么就开始看表了呢？“采访完没有写词语的同学后，又采访了写了词语的同学，同学们争先恐后地说：老师说开始之后没有说任何词语，所以我认为开始就是要听写的这个词。
　　紧接着，班老师又说：今天再听写一个词，只给10秒，听清了吗？10、9、8、7、6、5、4、3、2、1、0。听完了这句话，我心想，为什么还没有给出词语，就说10、9、8、7........0了呢？其实，那个时候，我觉得词语是“听清了吗”，毕竟这也是一个词呀！而且班老师听写的时候总是加重要听写的词语，听清了吗是最重的。可以，那个时候我不确定所以我就没有写。（一开始，我不知道，但是，班老师说完之后，我知道了。）
　　最后，班老师又采访了两个词语都没有写的同学和只写了一个词语的同学还有两个词语的同学。只写了一个的同学纷纷举起了手，有的说：总是还没说听写的内容就完了”还有的说：每次都是听完了，才反应过来。”而只写了一个的同学说：“我觉得第一个应该是开始，因为开始后面就没有在说什么只是看表，但是第二个我就没有反应到“听清了吗”也是一个词。”
　　班老师又采访了两个词都写了的同学，他们争先恐后的说：“第一个是：开始。第2个是：听清了吗？”
　　最后，班老师又带着我们分析了刚才的活动过程也让我们说了感受，有的说：“听完了刚才的句子，我都懵圈了，不知道到底是什么词语。”也有的说！虽然第一个词语我会，因为说完了开始就不说了，所以我认为是开始，但是到第二句子的时候，我也懵圈了因为我们不知道是写：“倒计时”还是写“听清了吗。”
　　我觉得这个活动不仅很好玩而且还可以提高我们的推理能力，和要认真倾听的好习惯，希望以后能多开这样的活动。",《好玩的活动课》
150514,5.0,4.0,4.0,4.0,5.0,4.0,4.0,4.0,5.0,4.0,5.0,4.0,4.0,4.0,4.0,3.0,4.0,3.0,3.0,3.0,4.0,3.0,3.0,3.0,4.0,3.0,3.0,3.0,3.0,3.0,2.0,4.0,3.0,3.0,5.0,3.0,4.0,3.0,5.0,4.0,5.0,4.0,5.0,4.0,5.0,4.0,4.0,4.0,4.0,4.0,4.0,4.0,5.0,4.0,5.0,4.0,4.0,4.0,4.0,4.0,4.0,4.0,5.0,4.0,5.0,4.0,4.0,4.0,5.0,4.0,"我的朋友刘波
　　我有一个好朋友她就是五（1)班的刘波。她个子高高的，身材苗条，一头乌黑的长发时而扎成马尾辫时而盘成圆发髻。瓜子似的脸庞上长着一对弯弯的眉毛。她有一双水灵灵的大眼睛，一闪一闪的犹如两颗晶莹的黑珍珠。上课时她的眼睛专注地目视着老师，黑板。透出一股聪明伶俐的劲儿。课后大家一起玩闹时，她的眼睛常常笑得眯了起来，像是一朵绽放的太阳花，灿烂绚丽。鼻子端端正正地站在自己的岗位上；下面是一张能说会道的小嘴，一对小酒窝分布在脸颊两边，浅浅一笑，小酒窝若隐若现，可爱俏皮，哈哈大笑，小酒窝里好像盛满了美酒，漂亮甜蜜。“小酒窝长睫毛你是最美的记号。”唱着这首歌，让我越发喜欢我的朋友刘波了。",《我的朋友刘波》
150443,3.0,4.0,4.0,4.0,3.0,3.0,3.0,3.0,3.0,4.0,3.0,3.0,3.0,3.0,2.0,2.0,2.0,3.0,3.0,2.0,3.0,4.0,3.0,3.0,3.0,4.0,3.0,3.0,3.0,2.0,2.0,2.0,3.0,2.0,2.0,2.0,2.0,3.0,3.0,3.0,3.0,4.0,3.0,2.0,2.0,2.0,2.0,3.0,3.0,3.0,2.0,2.0,2.0,2.0,2.0,3.0,3.0,3.0,2.0,2.0,3.0,2.0,3.0,4.0,3.0,4.0,3.0,4.0,1.0,3.0,"一次特殊的运动会
　　童年是丰富多彩的，五彩缤纷的。在我的记忆里有一次特殊的运动会。这次运动会让我知道了团结的真正意思是什么。
　　运动会到了，天气非常炎热，就像一个巨形大烤炉在烤着我们一样。同学们斗志昂扬，信心百倍，精神抖擞、神采奕奕。因为我们班，班老师给我们一个承诺：如果两项都拿第一就可以免一次作业。听了这话同学们也不知道哪里来的这股信心，全班都沸腾了起来。
　　比赛开始了，第一项是双人背对背夹球走，这一项我们班可是有技巧的，我敢肯定不是第一，就是第二名了，果不其然，很快我们班就完成了，轻而易举的拿到了第一。第二项是拉轮胎，这回我们班的成绩不是很理想。可能是我们太自大，也可能是没有一定的技巧……
　　能不能免作业就靠它了！各就各位3—2—1—开始！同学们像一匹饥饿的狼看见了一只猎物一样，飞快的窜了出去。同学们大声而又有节奏的叫着：“加油！加油！加油！”声响亮的足以让全世界听见。眼看就胜利在望了！突然，杜明那组的滑板不知道被什么给硌了一下，杜明的手上红了一大块，她的眉毛紧皱着，汗流夹背表情痛苦，动作渐渐慢了下来。但她仍然坚持着。虽然不是第一，但还是获得了不错的成绩。
　　那一刻，我明白了团结是什么。团结是每个人的大公无私，团结是每个人都贡献出一份力。杜明这种不顾自我，无私贡献的精神让我感动。这次运动会真叫我难忘！",《一次特殊的运动会》
240107,3.0,3.0,3.0,3.0,3.0,4.0,3.0,3.0,3.0,3.0,2.0,2.0,3.0,4.0,3.0,3.0,3.0,3.0,3.0,3.0,3.0,3.0,3.0,4.0,3.0,3.0,2.0,3.0,3.0,3.0,3.0,3.0,3.0,3.0,3.0,3.0,2.0,2.0,3.0,3.0,3.0,4.0,4.0,3.0,2.0,2.0,3.0,3.0,3.0,4.0,2.0,2.0,2.0,2.0,2.0,2.0,2.0,2.0,2.0,2.0,3.0,3.0,3.0,5.0,3.0,4.0,4.0,4.0,4.0,4.0,"老师进班了
　　这节课是数学课，班里很吵，因为很多同学在说话，有的在说老师什么时候进班，有的同学在说下课的事，有的在看书，还有的在准备文具。
　　这时老师突然推门进来了，班里顿时鸦雀无声。我想，老师可能并不知道刚刚班里还很吵，因为老师说起作业的事来，刚说到一半，有一位老师进来把上课的老师叫出去说事，老师出去的后一秒班里就变的吵吵嚷嚷的，这次老师可是听的清清楚楚了，老师进来后，就让我们全体起立，站着听课。
　　我本来想这次说话的人下次不会说话了，但没想到，有些人又说话了！",《班主任进班了》
160601,3.0,3.0,3.0,5.0,3.0,3.0,2.0,2.0,3.0,3.0,2.0,3.0,3.0,4.0,3.0,3.0,3.0,3.0,3.0,3.0,3.0,3.0,3.0,3.0,4.0,5.0,3.0,3.0,4.0,3.0,3.0,3.0,3.0,3.0,3.0,4.0,2.0,3.0,4.0,4.0,3.0,3.0,3.0,4.0,3.0,3.0,3.0,3.0,3.0,3.0,2.0,3.0,3.0,3.0,3.0,3.0,3.0,3.0,2.0,2.0,3.0,3.0,4.0,5.0,3.0,5.0,2.0,3.0,3.0,3.0,"我的理想
　　如果没有居里夫人发现的镭，现在人们就无法发明原子弹。如果没有爱迪生发明的灯泡,现在人们就光明又省电的LED灯。如果没有爱因斯坦发现的向对论，现在就不会有人有快速传递消息的能力。所有这些社会的发展都离不开科学的推动，我也想为社会的发展做一丝贡献，所以我想成为一名科学家。
　　如果想成为一名科学家，就要细心观察身边的一点一滴，比如牛顿就是因为一个苹果掉落想到了万有引力。牛顿是万有引力的发现者。一天牛顿正在苹果树下思考引力的问题这时一个苹果突然掉下，这激发了牛顿的思潮……最终在多种猜测之后终于在1687年正式发表了万有引力定律。
　　为了实现这个理想，我也在默默努力着。有一天，那是一节科学课，在课上科学老师正在讲着细胞的内部结构，这时老师突然提问说：“同学们，你们看一看这植物细胞和动物细胞有什么不一样吗？”甲同学回答：一个有绿色的小东西，另一没有。”其他同学说：我认为一个有大大的泡，另一个只有一个小小的泡。但是科学老师都不是非常满意。大家都苦苦的思索着，大家也一直看着图，好似要把信息全部夺走一样，。就在这时我开口了：“动物细胞只有细胞膜没有细胞壁；而植物细胞有细胞膜也有细胞壁。”老师眼睛一亮随后说：“对，这就是它们的最大差别。”之后老师给每一组都发了一台显微镜，教了用法之后让我们观察了一下标本，只要是直接和外界物体接触的地方都有细胞壁。只要认真观察细心思考就会发现在细胞有很多不同，从这些不同中我还可以感到科技的奥妙。
　　我需要一个扎实的基础，还要仔细发现和精心思考。就如同牛顿，如果没有他没有丰富的知识就无法想出那么高深的问题，如果他没有发现那个苹果掉落他就无法很深的思考，如果他没有思考和验证他就无法得出结论。所以只要有了这几样就能为科学界做出贡献，让我们的家园更加美好。
　　从上述牛顿的故事中，我领悟到如下真谛：在科学的道路上，基础知识的积累固然重要，在实际生活中，对现象背后真理的探寻和思考更为重要，它将指引我去发现真理。我立志成为一名科学家，将在现实的学习和思考中，感受科学的魅力与真谛。",《我的理想》
150241,3.0,3.0,4.0,4.0,3.0,3.0,3.0,4.0,3.0,4.0,3.0,4.0,2.0,3.0,3.0,3.0,3.0,3.0,3.0,3.0,3.0,3.0,3.0,4.0,2.0,3.0,3.0,3.0,2.0,2.0,2.0,3.0,2.0,2.0,3.0,4.0,2.0,3.0,2.0,2.0,3.0,4.0,3.0,4.0,2.0,3.0,2.0,3.0,2.0,3.0,2.0,2.0,2.0,3.0,2.0,2.0,3.0,2.0,3.0,3.0,3.0,2.0,3.0,3.0,3.0,3.0,3.0,3.0,1.0,4.0,"致班老师的一封信
亲爱的班老师：
　　您好！
　　老师，您还记得开学时我们在一起的愉快时光吗？还记得我们二年级时一起背的愉快吗？还记得三年级卷子上的批语吗？还记得四年级担忧我们学习的心情吗？还记得五年级您给予我们的声声鼓励吗？那些时光使我难以忘怀。是您点燃了我们心中的梦想，是您为我们领航。
　　您不停的忍受着我们的无知，我们问出去的每一个问题，您都会不停地讲，讲到我们懂为止。如果有一个人没有听懂，您都会耐心的讲给他。
　　您又是多么敬业啊！只要我们不交作业，您总是在讲台前不管自己有多么饿，您都会等到所有人改完再去打自己的饭。有时食堂的饭吃光了，您也不会怎么样生气。
　　您又是多么的让人坚持啊！如果某人以为他已无可救药，那人也不想坚持时，您总会说一句：“没事，只要努力就可以了。”然后给我们一个微笑。
　　老师是世界上最奇怪的职业，它一直在为我们担心。
　　老师，您和我们一起努力，一起冲向人生的远方吧！
　　此致
　　敬礼！
您的学生张磊
2018，3,32",《致班老师的一封信》
141403,4.0,4.0,4.0,5.0,5.0,5.0,4.0,4.0,4.0,4.0,4.0,4.0,4.0,5.0,4.0,4.0,4.0,4.0,4.0,4.0,4.0,4.0,4.0,5.0,5.0,5.0,5.0,5.0,5.0,5.0,5.0,5.0,5.0,5.0,4.0,4.0,4.0,4.0,4.0,4.0,4.0,4.0,5.0,5.0,4.0,4.0,4.0,4.0,4.0,4.0,3.0,3.0,4.0,4.0,3.0,3.0,4.0,4.0,2.0,2.0,4.0,4.0,5.0,5.0,5.0,5.0,5.0,4.0,4.0,3.0,"我敬佩的一个人
　　我最敬佩的人是班老师，她是我的班主任。
　　有一天，我早早地来到了教室。教室里只有几个人。他们都在复习呢。我一想：不好！今天有考试呀！我赶忙拿出书，认真地复习起来。我一抬头，发现早读的时候班老师在给我们判作文。班老师手中的红笔像有魔法似的，飞快地画着一条条的波浪线。班老师的脸上没有一丝犹豫，仿佛已经融入了一篇篇或是工整，或是潦草的作文里了。
　　中午，我拿到我的作文后，发现班老师详细地给我提了建议，并说了该怎么改。
　　班老师的这种一丝不苟的精神令我敬佩。“天下难事，必做于易；天下大事，必做于细。班老师教导过我们做事要认真，要一丝不苟，才可以做成一件大事。
　　“世上无难事，只要肯登攀！”班老师就是完美地解释了这句话。我们也要学习班老师的这种一丝不苟的精神。将来，你会感谢今天认真，一点不马虎的自己！",《我敬佩的一个人》
141016,5.0,4.0,5.0,3.0,5.0,4.0,5.0,5.0,5.0,4.0,5.0,5.0,5.0,4.0,5.0,4.0,5.0,4.0,5.0,5.0,5.0,5.0,5.0,5.0,4.0,4.0,5.0,4.0,5.0,4.0,5.0,4.0,4.0,4.0,5.0,3.0,5.0,3.0,3.0,4.0,5.0,3.0,5.0,4.0,4.0,4.0,5.0,3.0,4.0,3.0,3.0,3.0,4.0,3.0,4.0,3.0,5.0,4.0,3.0,3.0,5.0,4.0,5.0,4.0,5.0,4.0,5.0,4.0,5.0,5.0,"属于自己的世界
　　我常常想，什么可以算生命呢？
　　我一开始觉得人和动物才算生命，后来才知道不一定会动，会思考才算生命，世界万物都是一个个独一无二的生命。
　　在我小的时候什么也不懂，一看到蚂蚁就踩，一看到漂亮的花朵就摘。一旦我知道它们都是一个个生命之后，我就再也不伤害它们，让它们有一个属于自己的世界。
　　我知道世界上有那么多残疾人，可是有些残疾人就很乐观、积极。生命的价值不是在于外表，而是在于内心，不要因为外表而把生命的价值给忘了。你的生命就像一快白布，你是想把它放在什么颜色的染缸里全由你自己决定，你要把它放到黑缸里，你的一生都会很悲伤，你要把它放到白缸里，你的一生就会一无是处，你要把它放到彩红里，你的一生就会是多姿多彩的。你的世界，是单单属于你的，就看你想怎样利用你的生命。
　　当我知道世界万物都是生命之后，我便不再伤害它们。但我发现，不是所有人都意识到世界万物都是生命，即便知道，他们也要伤害它们。也有的人看不起那些残疾人。
　　所以我向全世界提出倡议，请你们不要伤害小动物们，它们也像人一样有生命，不要伤害它们，它们也有生活的权利，谁都有生活的权利，我们可以一起生活，不要以为自己大，自己聪明，就可以不让它们生存，谁都可以创造一个属于自己的世界。请你们也不要伤害植物，它们虽然不会动，不会思考，但这并不代表它们没有生命。它们能由小变大，它们也能枯老死去，这就代表着它们有生命。如果没有这些植物，人就活不了。植物能帮助人们制造很多东西，也能让这个世界变得五彩缤纷。所以，请不要伤害植物。请你们不要瞧不起那些残疾人。因为这个世界已经对他们不公平了，为什么我们很健康，而他们残疾呢？你可以想象一下，你是一个残疾人，别人却是健康的人，而他们又在笑话你，你是什么感受？再说，生命的价值，意义不在于外表；而是在于内心。我希望全世界的人都能意识到这个道理。
　　谁都有生活的权利，谁都可以创造一个属于自己的世界，只要你觉得你的一生是有意义的，那就可以了，因为，你的世界由你做主。你一定要创造一个属于自己，有意义的缤纷世界！",《属于自己的世界》
130124,4.0,3.0,5.0,4.0,5.0,4.0,3.0,3.0,5.0,3.0,2.0,3.0,3.0,3.0,2.0,3.0,2.0,3.0,4.0,3.0,3.0,3.0,2.0,3.0,2.0,4.0,5.0,3.0,5.0,3.0,4.0,3.0,2.0,3.0,3.0,3.0,5.0,3.0,4.0,3.0,4.0,4.0,5.0,4.0,3.0,3.0,3.0,3.0,4.0,3.0,4.0,2.0,4.0,3.0,3.0,2.0,5.0,3.0,2.0,2.0,4.0,3.0,5.0,4.0,5.0,4.0,4.0,4.0,3.0,4.0,"我家的小金鱼
　　我养了一条小金鱼，它头上戴着赤色的头巾，身上披着金色的外衣，长着一双带金边的黑眼睛，一对剪刀似的尾巴。
　　小金鱼很机灵，也很可爱，没人时，它在鱼缸里悠闲地游动，尽情的享受着它最爱吃的小蚯蚓，有人经过时它会受惊吓了似的，围着鱼缸转来转去，当我走来时，它会像见到老朋友一样，静静地看着我，我每2-3天喂一次食,一周换一次水，并且放一些盐，放盐的目的是杀菌。
　　我通过养鱼，我懂得了要保护大自然、爱护动物，因为人和动物都要水和氧气。当然，也要爱花草树木，绿色出行、节约用水。",《我家的小金鱼》
140507,2.0,2.0,3.0,5.0,2.0,4.0,2.0,2.0,2.0,2.0,2.0,2.0,3.0,3.0,2.0,3.0,1.0,2.0,3.0,3.0,2.0,3.0,2.0,3.0,3.0,3.0,3.0,3.0,3.0,3.0,3.0,3.0,2.0,3.0,2.0,2.0,2.0,3.0,3.0,3.0,3.0,3.0,3.0,3.0,2.0,2.0,3.0,3.0,3.0,3.0,2.0,2.0,2.0,2.0,3.0,3.0,3.0,4.0,2.0,2.0,2.0,2.0,3.0,5.0,4.0,5.0,4.0,4.0,3.0,3.0,"小狗贝贝
　　不久前，我养了一条小狗，给它取名叫贝贝。贝贝是泰迪狗，它一身棕毛、眼睛大大的，耳朵总是垂向身子下面。
　　每天我放学回到家后都会陪它玩一会，在这个过程中，它喜欢舔我的鞋子、抓我的手、玩毛绒兔子……有一次，它跟在我后面紧紧的，当时我不知道后面跟着条小狗，它也不知道我什么时候平衡不住，踩它一脚。结果真把它踩了一脚，它痛地嗷嗷叫，当时我就说：“你这只狗狗，非等我把你踩骨折你才罢休吗？!它听完这句话后，好像被我吓到一样，连着往后退了几步，老爸说刚买回来，不听话就是要打、骂，实行了几次后果然有效果，它听话多了。
　　还有一次，妈妈回来后发现狗狗在啃她的鞋，她冲狗狗吼了几声，但发现根本不管用，所以就把狗狗拿到它的窝里，她担心狗狗跑出来，就让我守着，我知道它很乖,不会跑出来的。",《小狗贝贝》
160220,5.0,4.0,4.0,3.0,5.0,4.0,5.0,3.0,4.0,3.0,5.0,4.0,4.0,4.0,4.0,3.0,4.0,3.0,5.0,4.0,5.0,4.0,4.0,4.0,4.0,4.0,3.0,4.0,4.0,4.0,4.0,4.0,4.0,4.0,5.0,4.0,5.0,4.0,5.0,4.0,5.0,4.0,4.0,4.0,5.0,3.0,5.0,4.0,5.0,4.0,4.0,4.0,4.0,3.0,5.0,3.0,4.0,3.0,3.0,4.0,4.0,4.0,4.0,4.0,5.0,4.0,5.0,4.0,4.0,3.0,"关爱不需要被提出，有人会默默出现在你身边
　　“这世界上遇到好人太难，可有些人太幸运……”听着这首慢抒情歌，躺在床上，眼前浮现起了我那年被不相识的人默默关爱的经历。
　　当时的我刚参加完夏令营，妈妈有事，没人能来接我，我独自地、默默地上了地铁，车厢里冷清的很，没几个人，基本上都是三五成群出来玩的，大家都用异样的眼神看着我，我选择了一个比较偏辟的地方坐了下来，对面是一个年迈的老奶奶，我冲她笑了笑，她也回了一个笑容，那个笑容是那么温暖，我沉思起来……这时我旁边有个小伙子坐了下来，我打量着他，他也看看我。我问他：“你也是来北京玩的？”“嗯”他回答“你呢？怎么独自一个人拿着行李？”“噢，我刚参加完夏令营，妈妈有事，接不了我了。”这时广播响了“北京动物园站到了！”人从门口蜂拥进来，我们便再也一句话没说。过了许久对面的老奶奶喊了一声：“小姑娘，你的钱被人偷了。”“嗯？我的？”刚从睡梦中醒来迷迷糊糊的我问道，我还没反应过来，我旁边的小伙子已经冲了出去，可无奈车门关了，只能眼看着小偷逃之夭夭了。小伙子回来跟我说：“对不起，我早应该提醒你，你钱够吗？需要我再借你些吗？”“不用了，我一下车就到家了！”“噢！”我现在才开始仔细打量他，他穿着一身休闲服，带着耳机，看着一本书。他笑了笑说：“有什么不对劲吗？”“噢，没有。对了，你是一名警察吧？”“我要是一名警察就不会在这里坐着了！”我看了眼地铁表，便说：“我要下车了，今天谢谢你！”“没事，那再见了！”
　　下了地铁，我看见了妈妈，便飞扑到她怀里，痛哭了许久，妈妈不解地问：“怎么了？”我便把地铁上的经历告诉了妈妈，妈妈摸了摸我的头说：“虽然你钱丢了，但你收获了更珍贵的东西呀！”我急忙问道：“有什么事比丢了100块钱还重要？”妈妈冲我笑了笑，又说：“这世间大人对你的关爱呀！”我更不解了：“关爱又不是可以捧在手心里的东西！”妈妈神秘地笑了笑说：“等你长大了，就知道了！”
　　回想起这件事，被我当初的无知笑了笑，的确，这人世间总会有那些默默为别人付出的人，他们总说只不过是举手之劳，却让这种美德铭记在我们心中。在以后的时光里我也会伸出关爱之手去帮助身边的人！",《关爱不需要被提出》
150405,3.0,3.0,3.0,5.0,3.0,4.0,3.0,3.0,2.0,2.0,2.0,2.0,3.0,3.0,3.0,3.0,4.0,4.0,3.0,3.0,2.0,3.0,2.0,3.0,3.0,3.0,3.0,3.0,2.0,3.0,3.0,3.0,3.0,4.0,3.0,4.0,2.0,3.0,3.0,3.0,3.0,4.0,2.0,2.0,3.0,3.0,3.0,3.0,3.0,3.0,2.0,3.0,2.0,3.0,2.0,3.0,3.0,3.0,2.0,2.0,3.0,4.0,3.0,5.0,3.0,5.0,3.0,3.0,3.0,4.0,"伤浪之谢
　　你们是否认得，什么是“不计前嫌”与“既往不咎”这或许不难理解，它却深深掩入了许多人之间的矛盾，过错。我曾经在体育课上不守规矩，又追跑打闹，四处乱窜，就像一只调皮的野猫，这样，也给老师留下了深刻的“印象”，便时刻提防。可是，现在我却已经不再如此了，正是一件事，它改变了我的想法、态度。
　　又开始了无法避免的体育课。也又是一如即往的跑步10圈，“身体锻炼”，而比白纸中一张反光铝纸更加扎眼的是，出新动作了！也许是出于骄傲与争强斗胜，我并不屑于女同学的成功和多多少少的失败，我便径直扎进了男生堆中，信誓旦旦地湮没之中了，又傲慢地看了大家一眼。结果你猜如何？我充满骄傲的双手，从不滑不涩的单杆上掉了下来，摔了个狗嘴泥。我又气愤，心情复杂极了，又不知脸往哪放。
　　出乎意料的是，当我拖着伤腿，沮丧地坐在长椅上时，老师提着急救箱跑过来了。他细心地帮我涂碘酒，擦棉花……我不知不觉愧疚起来了。我怎么可以这样不尊重我的老师？被人责备要“敬畏课堂”的我，怎么能不忏悔呢？是啊体育课，即使不是主科，也是有必要同它们认真的，何况对老师呢？",《伤痕之谢》
130720,4.0,4.0,4.0,4.0,4.0,4.0,5.0,3.0,4.0,3.0,4.0,3.0,4.0,4.0,4.0,3.0,3.0,4.0,5.0,3.0,4.0,3.0,3.0,3.0,3.0,4.0,4.0,4.0,3.0,4.0,3.0,3.0,4.0,3.0,4.0,4.0,3.0,3.0,4.0,3.0,4.0,4.0,4.0,4.0,3.0,3.0,4.0,4.0,4.0,3.0,3.0,3.0,4.0,3.0,4.0,3.0,5.0,4.0,4.0,3.0,4.0,3.0,5.0,4.0,5.0,4.0,4.0,4.0,5.0,2.0,"迷人的地方——香山
　　我从三岁开始坚持每周日爬山，我也对香山有了更多的了解和认识。
　　香山的春天是美丽多彩的，百花在比赛谁是花朵中最美丽、最娇嫩的花朵来当它们的花王。榆叶梅张开最美丽的脸蛋、花毛茛张开自己最好看的花朵、玉兰也不甘示弱……,它们在微风的吹拂下，显得格外娇嫩、美丽。
　　夏天是快乐的，鸭子在池塘里欢快的游着，欣赏自己在水中美丽的倒影。小鸟在枝头欢快的叫着，看谁是唱歌最好听的小鸟。
　　在我眼中秋天是收获的，一大串一大串熟透了的桑葚,像雨点般落到人们的手心中，树叶像林中飞舞的小精灵，好像雪花在跳舞，树妈妈要让自己的孩子离开家乡，去闯闯新的世界。红色的是枫叶、黄色的是银杏、绿色的是松针，合在一起像幅美丽的山水画。当然秋天也是我最喜欢的季节，因为小松鼠很忙，它们要储集食物，以防备冬天的来临。
　　冬天，雪后的香山也格外娇美。
　　香山的一年四季景色不相同，让我们用心去感受这里的迷人风景吧！",《迷人的地方——香山》
160836,5.0,4.0,5.0,4.0,5.0,5.0,4.0,5.0,5.0,5.0,4.0,5.0,5.0,5.0,5.0,5.0,5.0,5.0,5.0,5.0,5.0,4.0,5.0,4.0,5.0,5.0,5.0,5.0,5.0,4.0,4.0,4.0,5.0,5.0,5.0,4.0,5.0,5.0,5.0,5.0,5.0,4.0,4.0,4.0,4.0,5.0,4.0,5.0,4.0,5.0,4.0,4.0,3.0,3.0,3.0,4.0,4.0,4.0,4.0,5.0,5.0,5.0,5.0,4.0,5.0,5.0,5.0,5.0,5.0,4.0,"难忘的小学生活
　　光阴似箭，日月如梭。小学六年生活转瞬即逝，我们从一个个懵懂无知的儿童成长为一个个翩翩少年。在毕业之季，我的脑海每天都像过电影一样不停地出现那些在过去日子里发生的事，有哭的、有笑的、有玩的、有闹的然而，这些事情都将一去不复返，想到就要毕业了，我不禁头潜渗而泪潸潸了。
　　我怀念那些在校园中所留下的我的每一个脚印，每个脚印都蕴含着我所经历过的最精彩、最难忘的故事。走在空旷的大操场上，看着那一个个意义非凡的脚印，我想起了这件事——
　　那是小学六年中的最后一次运动会，大家都想在这次比赛中夺得冠军，我们班也不例外。体育课上认真训练，总结技巧；课下班老师带着练习，修整不足。终于，大家都翘首以盼的比拼开始了。因为在第一项比拼双人背对夹球接力中我们班只得了第二，与第一名只相差不到一秒，功亏一篑，所以我们一定要在第二项比拼双人滑板接力中夺冠。为此我们全班都蓄势待发，准备夺冠。
　　比赛进行得很顺利，我们班已经遥遥领先。眼看比赛就要接近尾声了“太好啦，这次一定是第一名！”我心想看看别的同学，他们的脸上也有了胜利的希望。“到最后一组啦，一定能赢！”加油！”我听到同学们这样喊着。可是，事与愿违，最后一组两位女生的裙摆夹到了轮子中，她们滑走一步，翻一个车。在一旁呐喊助威的我们脸色大变，开始紧张起来，大家都喊着：“快点快点，别的班就要超过咱们了，加油！”可越是这么喊，那两位同学就越慌张，越不知所措，她们的额头上流下，一颗颗汗珠，手紧紧地扶着滑板的两侧，眼神坚定，可她们的裙摆仿佛故意在轮中玩耍，怎么都不出来，那些喊着加油的同学也失去了信心，开始抱忽起来：“哎，全班的努力都毁在这两人身上了，太不争气了。”我也有些失望。就这样，我们又得了第二。不过正是因为这样，激发了我们每位同学的“小宇宙！”
　　在第三项翻轮胎的比拼中，我们重整旗鼓，用尽了力气、喊破了嗓子。仿佛在拼命挽回那份本属于我们班的荣誉，也展现着我们班每个人的那份强烈的集体荣誉感。本来这个项目是我们最不擅长的，可是最后我们却拿了第一名并且荣获全年级总冠军的荣耀。这时，我们班每个人的脸上都出了满意、幸福的笑容。此时，此刻，我走在大操场上，也露出了美满的笑容。
　　难忘的小学六年生活仿佛就在昨日，我却无法挽回，如果时光能倒流，我会比以前更加珍惜与同学、老师和校园在一起的日子，珍惜在这六年中发生的一切。这就是有我无数个脚印的校园，它美不胜收；这就是我生活了六年的班级体集它充满阳光和爱；这就是倍伴了我六年的同学们，他们都在尽情绽放！",《难忘的小学生活》
160440,3.0,3.0,4.0,4.0,3.0,4.0,4.0,4.0,3.0,3.0,3.0,3.0,3.0,3.0,3.0,2.0,2.0,2.0,3.0,4.0,3.0,3.0,3.0,2.0,3.0,3.0,3.0,2.0,2.0,3.0,3.0,2.0,2.0,3.0,2.0,2.0,2.0,3.0,3.0,3.0,3.0,3.0,3.0,4.0,2.0,3.0,3.0,2.0,3.0,2.0,2.0,2.0,2.0,3.0,2.0,2.0,3.0,3.0,4.0,2.0,3.0,4.0,3.0,4.0,3.0,4.0,3.0,4.0,3.0,5.0,"艺术的一条小路
　　“要通过喉咙而不使用喉咙！”这句话老师已经说了不下一百遍了，我一年级进入合唱团，如今已五年半了，这五年半中有不少的苦和甜，被老师骂了不下10次，终于有一天，我开窍了。！
　　从小时候，刚上了幼儿园，我总忍不住想去唱歌，我不停地唱，我妈妈爸爸说我唱的好听，听了家长的评价后我就更自信满满了，于是我玩的时候唱，写作业时唱，就连洗漱时间都不放过！后来，我从幼儿园毕业了，升上了小学。
　　进入了我的第二阶段——小学时期，交了两个好朋友，她们也都很喜欢音乐，只是喜欢的风格不同，我一年级就连上音乐课都非常活跃，就感觉自己走进音乐教室时，像披着披风，戴着王冠一样，有一次音乐老师说：“今天做一个小小的测试，我们要挑出合唱团新生和乐团新生，所以，大家尽力发挥！”一个一个又一个的学生都把自己的手举的很高，老师先点了我，我唱完后，老师让我站在她右手边，然后慢慢，老师左右手两边都已经满了，后来妈妈得知了我进了合唱团的消息，可开心了！
　　不过在合唱团被骂了几次，回家妈妈对我说要多练一练，这也就练好了。
　　这一段路就如同有断壁，有平路，要自己找到办法出去，要不断向前走，不是后退。",《艺术的一条小路》
130211,3.0,5.0,4.0,5.0,4.0,5.0,3.0,5.0,3.0,5.0,3.0,4.0,3.0,5.0,3.0,5.0,3.0,5.0,3.0,3.0,3.0,5.0,3.0,5.0,3.0,4.0,3.0,5.0,3.0,5.0,3.0,3.0,3.0,4.0,3.0,5.0,2.0,5.0,3.0,3.0,3.0,4.0,3.0,5.0,3.0,3.0,3.0,3.0,3.0,4.0,2.0,3.0,2.0,3.0,2.0,3.0,3.0,4.0,2.0,4.0,3.0,4.0,3.0,5.0,3.0,5.0,4.0,5.0,2.0,3.0,"左手总动员
　　如果问到我都会做些什么？我会不假思索地答，我会用左手写字，用左手画画，用左手拿筷子吃饭……
　　2015年12月我的右手骨折了。为了不妨碍学习和生活，我开练习使用左手。我一开始练习写数字，我开始写得歪歪扭扭很丑。二天后我的数学写得有进步了。我出院了，妈妈带我去了美术学校学画画，张老师一笔一画的教我画画，2个小时我画完了《皇帝的新装》的铅笔稿。我非常开心，可是我的速度太慢了。元旦期间，我非常想念老师和同学们，因此我给他们每个人都写了一张贺卡。贺卡上写着：“2016年，快乐！”希望我能早日归队。这样我慢的可以用左手写字，画画……
　　石膏拆了我可以用右手写字，右手写累了，我就换左手写字。我可以用左右手一起写字。这样就不那么累了。
　　我体会到了“祸兮福所倚，祸所伏。”",《左手总动员》
140608,4.0,3.0,4.0,4.0,5.0,4.0,4.0,3.0,4.0,4.0,3.0,2.0,3.0,3.0,4.0,3.0,4.0,3.0,4.0,4.0,4.0,3.0,4.0,3.0,4.0,4.0,5.0,4.0,4.0,3.0,4.0,2.0,4.0,3.0,4.0,4.0,3.0,4.0,4.0,3.0,4.0,4.0,5.0,4.0,4.0,3.0,5.0,3.0,5.0,3.0,4.0,3.0,4.0,3.0,3.0,3.0,4.0,4.0,2.0,2.0,4.0,3.0,5.0,5.0,5.0,5.0,4.0,5.0,4.0,3.0,"型男付
　　我的爸爸叫付杰，我们给他起了个外号名叫“型男”付，因为他每天都要去健身房锻炼，拥有标准的身材，由此取“型男”得名。
　　我爸爸个子有180厘米高，体重有80kg,穿着衣服看起来显瘦，可是如果他脱掉衣服，你就能看出他很健硕。他的肩很宽，手臂很粗壮，只要爸爸一用劲绷紧身体，就明显能看出两大块胸肌和手臂上鼓出的肌肉，腹肌不太明显，没有大肚子，腰看起来也很细，爸爸的上半身体像个倒着的三角形。
　　听妈妈说，爸爸谈恋爱时，他就每天去健身房健身，几十年如一日，现在我都9岁多了，他每天依然去健身房锻炼，几十年一直坚持着，健身已经成了爸爸的爱好和习惯。每天下班回家，爸爸就去健身,跑2公里，一分钟50个俯卧撑，能举起60kg扛铃。现在爸爸还指导我健身呢。
　　这就是我们叫的“型男”爸爸很喜欢我们这样叫他。",《型男付》
160725,3.0,2.0,4.0,2.0,3.0,2.0,3.0,2.0,4.0,2.0,3.0,2.0,3.0,2.0,3.0,2.0,3.0,2.0,3.0,2.0,3.0,2.0,4.0,2.0,4.0,2.0,4.0,2.0,3.0,2.0,3.0,2.0,3.0,2.0,3.0,2.0,3.0,2.0,3.0,2.0,3.0,2.0,4.0,2.0,3.0,2.0,3.0,2.0,3.0,2.0,3.0,2.0,3.0,2.0,2.0,2.0,4.0,2.0,2.0,2.0,3.0,2.0,5.0,2.0,5.0,4.0,2.0,3.0,3.0,2.0,"读《假如给三天光明》有感
    说到书大家应该都不陌生，但是当大家看完这本书以后明白是什么意思吗，下面我会来说《假如给三天光明》这本书，我会先想他的意思给大家说下。
　　这本书次要讲述了又盲又聋的海·凯勒的终身，以及她的心路历程，她的世界是无声，无色的，无疼的孤单岁月。但她却顽强地认为假如给我三天光明，第一天我要看人，第二天看在黎明起身，看白天变为黑夜，看黑夜变成白天，第三天，我要在事实的世界里，在从事日常生活的人们和他们度过这最美好的一天，这就是这本书次要内容。
　　光明对咱们来说，并不缺乏也不是可遇而不可求的。对自己需求的意志上的顽强，不向命运投降的，不自暴自弃的精神，重要的是让咱们这个世界上的上天给了我们思维，思考，是上天赐予我们眼睛，是让我们看清楚这个世界，上天赐予我们思想是让我们改变这个世界，是为了让我们拥抱将来，创造出新的生命的奇迹！
　　这本书我个人认为是一本非常好的书。这本书在生动的音符方面就已经打动了朗读者，这本书里面的人物都能很好的把握住人物的特点来进行描写，然后进行人物对话，其中海伦·凯勒的保姆让我记忆犹新，她那慈祥的眼神是多么的温柔，作者也抓住了保姆的慈祥……来写的。
　　而且海伦·凯勒她不惧艰难，不怕困难，还坚持不懈的精神是值得我们学习的，而且海伦·凯勒她们也没有说因为看不见，或行动能力有问题就自暴自弃，我们要向他学习。
　　我喜欢这本书！",《读后感》
160643,4.0,4.0,3.0,5.0,4.0,5.0,4.0,4.0,4.0,5.0,4.0,3.0,4.0,4.0,4.0,4.0,3.0,3.0,5.0,4.0,4.0,4.0,4.0,4.0,4.0,3.0,4.0,4.0,4.0,3.0,3.0,4.0,4.0,4.0,3.0,4.0,3.0,3.0,4.0,4.0,4.0,5.0,4.0,4.0,3.0,3.0,4.0,4.0,4.0,4.0,3.0,4.0,3.0,3.0,3.0,3.0,4.0,5.0,4.0,4.0,3.0,4.0,4.0,4.0,4.0,5.0,4.0,4.0,3.0,4.0,"我的理想
　　以前的我认为理想就是将来要选择的职业。后来随着我年龄的增长，我开始发觉理想是成长中的一个目标，是指引我们前进的方向。爱因斯坦曾说过：“每个人都有一定的理想，这种理想决定着他的努力和判断和方向。”我的目标是当一名医生，经过一些事我更加坚定了我当医生的目标和愿望。
　　在我四岁的时候，我发烧了。妈妈开着车飞快的来到了医院。一打开车门一股寒风迎面而来。我用力眨开沉重的眼皮，看了看妈妈，她的头上流露着几滴汗珠。进到医院后我呆住了，真是人山人海。好不容易挂完号，一看我们是三百多号，而现在才叫的二百四五十号。过了一会，只听后面有人叫到：“借过！借过！”车轮快速有节奏的转着。床上躺着病人，左右两边是几个医生。后面跟着病人家属。病人像风一样，飞快的被推进手术室，家属着急的等待着。过了大约十几分钟医生出来了，患者也出来了。家属赶忙冲了过去，叫着患者的名字，医生赶忙过去，告诉他们病人一会就醒。家属很快冷静了。还向医生道谢。这时我觉得医生很厉害，这么快就救好病人了，还被家属道谢，她一定非常高兴！长大我也要当一名医生！
　　有一年春天，我住院了。因为病房里没有什么可玩的。所以就在医院里到处走着玩。不知不觉中我走到了医院的前台。当我向后望的时候。不由的哇了一声。“好多的锦旗啊！它们一张紧挨着一张，有的甚至叠在了一起。这时我觉得医生是一个伟大的职业。他们救死扶伤，而且还让家庭团圆。
　　从那时起我就开始有了当一名好医生的愿望了。我要努力学习，为了我的目标，为了我的愿望而学习。我要珍惜时间，留住每一分每一秒去学习知识，未来我成为医生后要把握每秒，不然患者就会失去生命。为了梦想努力。所以珍惜时间吧！",《我的理想》
140816,5.0,4.0,5.0,4.0,5.0,4.0,4.0,3.0,5.0,4.0,4.0,4.0,5.0,4.0,5.0,4.0,4.0,4.0,5.0,4.0,5.0,4.0,5.0,4.0,5.0,4.0,4.0,3.0,5.0,4.0,5.0,4.0,4.0,4.0,5.0,3.0,5.0,3.0,4.0,4.0,5.0,4.0,5.0,4.0,4.0,4.0,4.0,4.0,4.0,4.0,3.0,3.0,4.0,3.0,4.0,3.0,4.0,4.0,4.0,4.0,5.0,4.0,5.0,4.0,5.0,5.0,5.0,5.0,5.0,5.0,"交往中的惊喜
　　谢谢你们，因为你们，我才能开心。
　　张勇，刘阳，你们是我的知心朋友！我到三年级时，我觉得你们不是我的知心朋友，直到四年级时，我才知道你们是我的知心朋友。因为一件事，我才懂得谁值得做知心朋友。
　　那天发生的事情，我会一辈子都记住的！那天我们一起做品德课PPT。我们先找资料，再一起吃晚饭，就在吃完晚饭的一个多小时内。是我从生下来到现在最欢喜的时候！你们说了一些咱们班里发生的事情。当时我们津津有味地说着，直到现在，我还很怀念。我原来和班里的人接触不深，其实班里有好多事情我不了解。谢谢你们让我知道我必须得当一个会用眼睛观察，会用心思考的孩子。
　　我发现已经没多少人喜欢我，我不知道该怎么办，是你们把我从困境中救出来。当时我不知道我还能不能被大家认可，是你们告诉我怎样能和大家关系好，怎样能被大家认可。我知道我请教你们没有错。你们让我下楼和同学玩。让我别只跟那一两个人玩，这就表示我得奉献出我的一些时间，但如果我能和大家做好朋友，我也心甘情愿。
　　谢谢你们，你们让我做一个会观察，会思考的孩子。你们在我最困难的时候帮助了我，让我学会了怎样和别人交往，怎样和别人相处。也让我知道了取长补短，只看别人的优点，只看自己的不足。
　　自从我知道方法后，就去尝试，结果发现大家都很优秀，不能别人认为他(她)不好，就说他(她)不好，要去尝试着和每一个人相处。结果我发现大家认为淘气的孩子，如果和他相处深了，就一点儿也不觉得他(她)很淘气，和这恰恰相反的是，我倒觉得我还有好多不足的地方要和他(她)去学习。我每和一个人相处，都会意识到他(她)有哪些长处，自己有哪些不足。我做到了这些也有你们的功劳。
　　刘阳、张勇，你们让我知道一件最重要的事情是：能把自己的好方法传授给别人。因为如果传授给别人，有可能别人用这种方法能比你做很更棒。很多人怕别人超过自己，就不告诉别人。但你们没有!我觉得你们永远是我最好的朋友，以后不管怎么样，我都会觉得你们是我最好的朋友，谢谢你们！我永远不会忘记你们！我们永远是最好的朋友!",《交往中的惊喜》
141201,4.0,4.0,4.0,5.0,4.0,4.0,4.0,3.0,4.0,4.0,3.0,3.0,4.0,4.0,3.0,3.0,2.0,2.0,3.0,4.0,3.0,3.0,3.0,4.0,4.0,4.0,4.0,4.0,4.0,4.0,3.0,3.0,4.0,3.0,3.0,3.0,3.0,4.0,4.0,4.0,4.0,4.0,4.0,4.0,4.0,4.0,4.0,3.0,4.0,4.0,3.0,3.0,3.0,4.0,3.0,3.0,4.0,3.0,2.0,2.0,4.0,4.0,4.0,5.0,4.0,5.0,4.0,4.0,2.0,2.0,"农家风光
　　今天，让我们来体验一下农家风光。
　　我早上6：00起床，可是村庄的人们起的更早，他们早已准备好了香喷喷的饭菜，我下楼想去吃那些香喷喷的饭菜时，我的脚差点踩到一只绿油油的虫子的身子上。下了楼问村庄里的人说这个是什么虫子？村庄里的人说这个是“蚱蜢”。
　　我下去一看啊，这么多好吃的饭菜我都不知道何从下手！好多人已投入战斗，我也不由自主的投入到战斗中去，吃完了饭我就去摘苹果了，一说到苹果这个村庄的人，人人都种，我去摘苹果的时候我的身子就像被蚊子吃了一样，当我不挠了就慢慢的不痒了。
　　回来的时候看到了好多好多树的青苹果，我问：“这一些也会变成好多好多好多红红的。非常非常非常大的苹果么”？村庄的人们说：“这些苹果是长不红的因为它是另一类的苹果。”我说：“原来是这样的啊！”
　　农村的乐趣是无限的，农村的空气是新鲜的，农村的水源是干净的……",《农家风光》
140730,4.0,4.0,5.0,4.0,5.0,4.0,3.0,4.0,5.0,4.0,2.0,4.0,3.0,3.0,3.0,4.0,3.0,3.0,4.0,4.0,3.0,3.0,2.0,3.0,5.0,4.0,5.0,3.0,5.0,4.0,3.0,4.0,4.0,4.0,5.0,4.0,5.0,4.0,5.0,3.0,5.0,4.0,4.0,4.0,5.0,3.0,5.0,3.0,5.0,4.0,5.0,2.0,3.0,3.0,2.0,2.0,5.0,3.0,2.0,2.0,5.0,3.0,5.0,4.0,5.0,4.0,3.0,4.0,4.0,3.0,"校园一景
　　校园里面的景色有很多很多，但是我觉得最值得观赏的就是我们四年级2班。
　　每次上学一进班就能看见在墙壁上高高挂起的毛笔作品，这些都是同学们在课后用心地完成的。还有同学们捐的书和书柜，摆在一进班级的门口，书柜上的书被同学们摆放的整整齐齐，同学们真的很热心呀。
　　当然了，我需要隆重介绍一下我们班里最美的地方，在我们班后面的板报上有好几十张奖状都贴在上面，每一张奖状都是班老师带领我们班的同学一步一步艰难、刻苦、团结、努力地获得的，我们得到的奖项有优秀班级体、文明问好冠军班等等，这些都是我们努力地结果，我为我们班而感到自豪。
　　我们四（2)班是一个团结有爱、积级向上的班，我们每个人心中都充满着爱，只要是有同学生病了或者是很难受的时候，我们班的同学都会上去安慰他一下，问问他那儿不舒服。
　　作为四（2)班的一员我觉得很幸福，在我心中我的班级永远都是校园最美的影色。",《校园一景》
160431,5.0,4.0,5.0,4.0,5.0,4.0,5.0,4.0,5.0,4.0,3.0,4.0,5.0,4.0,5.0,4.0,5.0,4.0,5.0,4.0,5.0,3.0,5.0,3.0,5.0,4.0,5.0,4.0,5.0,4.0,5.0,4.0,5.0,3.0,5.0,4.0,5.0,3.0,4.0,4.0,5.0,4.0,5.0,4.0,5.0,4.0,5.0,4.0,5.0,4.0,3.0,2.0,5.0,3.0,3.0,2.0,5.0,4.0,2.0,2.0,5.0,4.0,5.0,4.0,5.0,4.0,5.0,3.0,5.0,3.0,"一场音乐会
　　艺术离我们不遥远，艺术就在我们身边。它可能是一个工艺品、一首歌、也可能是一次艺术欣赏活动……而让我印象最深的一次感受艺体验是那次观看一场中央乐团演出的音乐会。
　　记得那年我才六岁，我第一次来到D音乐堂听音乐会，走进音乐厅，光滑的大理石地面，暗昏的灯光，衬托出了一种神秘的气息。这个音乐厅有两层，豪华秀丽，气派非凡。
　　由于去的时候有点堵车，时间比较紧，我们只在大厅停了几分钟，便来到了演出大厅，我们刚刚落座，音乐会马上就不始了，伴着主持人的介绍声，一个年轻人走到了钢琴边，他非常礼貌的为大家鞠了一躬，便开始演奏，第一首曲目正是著名的钢琴曲《命运交响曲》，我静静的听着，闭上眼感觉眼前展现出一副惊心动、与命运交战的宏伟图画，第三乐章，虽然是谐谑曲，曲子非常幽默搞笑，可演奏者那慷慨激昂，催人奋进的演奏，使我好像看到了英勇的战士们重新拿起武器，回到了阴云笼罩的战场……
　　一曲终了，我却还沉浸在那个虽然耳聋但是却不放弃艺术梦想的作曲家贝多芬的音乐作品中……久久不能平静。
　　通过观看这场音乐会，我深刻的体会到：生活中处处有艺术，可能是一个小泥人，或是一幅画，只有我们仔细留意身边的艺术，我们才能感受到艺术的魅力。",《一场音乐会》
240217,3.0,3.0,4.0,4.0,4.0,2.0,4.0,3.0,5.0,3.0,4.0,3.0,4.0,3.0,5.0,2.0,4.0,2.0,3.0,3.0,3.0,3.0,3.0,3.0,4.0,3.0,4.0,3.0,4.0,3.0,3.0,2.0,3.0,3.0,4.0,3.0,3.0,3.0,3.0,3.0,4.0,2.0,5.0,3.0,3.0,3.0,3.0,2.0,4.0,3.0,3.0,2.0,2.0,2.0,3.0,2.0,4.0,3.0,3.0,3.0,4.0,2.0,5.0,3.0,4.0,3.0,5.0,3.0,5.0,3.0,"难忘的一件事
　　在春节里有人爱看电影，有人爱逛公园，还有人爱放鞭炮，而我却爱逛庙会。
　　2017年二月二日的时候我去了凤凰岭逛庙会。那天，天气晴朗，风和日丽，我怀着高兴的心情走进了庙会，庙会里有人卖特色小吃，各种各样，每个小吃都排着大长队。
　　庙会里除了小吃就是游戏活动了！游戏活动里最引人注目的就是套圈了。我迫不及待地买了十个圈开始套圈了。我心里想我一定能套中，我身体一侧，右手拿圈往自己喜欢的礼物套去，可惜差一点，再来可还是没中，我的心情有些失落，干脆往离我最近的套，可是礼物好像故意和我作对，怎么套也套不中。看别人套中了好几个，我心里很不是滋味。走时仍然依依不舍，想明年一定再来。
　　我觉得看似容易的事也不一定能成功！",《难忘的一件事》
250136,3.0,3.0,4.0,4.0,3.0,3.0,4.0,5.0,4.0,4.0,4.0,3.0,3.0,4.0,3.0,4.0,3.0,3.0,4.0,4.0,4.0,3.0,4.0,4.0,4.0,3.0,4.0,3.0,3.0,3.0,3.0,4.0,4.0,4.0,3.0,4.0,3.0,3.0,3.0,3.0,3.0,5.0,4.0,3.0,4.0,3.0,4.0,4.0,3.0,4.0,3.0,3.0,3.0,2.0,3.0,3.0,4.0,4.0,3.0,4.0,3.0,4.0,4.0,5.0,4.0,4.0,4.0,5.0,3.0,4.0,"悬空寺之旅
　　大年初五，我和爸爸妈妈去了山西悬空寺。
　　远远望去悬空寺仅仅用几根木棍嵌在悬崖峭壁上，山下还有一块大石头，上面写着两个大红字“壮观，”据说这两个字是诗仙李白写的。仔细一瞧，除了普通的宫、殿，古人竟然还建了一个小亭子和两个三层阁楼，好不威风！一听讲解，寺庙是在大约1500年前的北魏时期建造的，材料是木质的，没有一颗钉子。我心想：“它已经有1500多年的历史了，这是什么木头啊？不会干枯吗？而且那时也没有起重机，古人还没有利用钉子，怎么建的啊？”于是我带着种种疑惑登上了悬空寺。
　　上去之后，我有点害怕，不过没关系，只要不往下看就行，我重整旗鼓，小心翼翼的通过狭窄的走廊，来到了小亭子，令我吃惊的是：“小亭子外的墙壁上还有画，古人是怎么画上去的呢？脚下就是悬崖啊！之后我们又通过陡峭梯子来到了纯阳宫，别看只是一个小小的宫，里面还有床呢！我好奇地问爸爸：“难道古人住在悬崖上吗？”爸爸指着山下一条已经干枯的河说：“北魏时期总是会发洪水，所以古人为了避灾才会住在这里。”我似懂非懂地点点头。
　　悬空寺让我由衷的钦佩古人伟大的建筑艺术，历经1500多年的风吹雨打，依然完好无损，这不得不说是中华文明的奇迹！",《悬空寺之旅》
150531,5.0,4.0,5.0,4.0,5.0,4.0,4.0,4.0,5.0,4.0,2.0,3.0,3.0,4.0,5.0,2.0,4.0,4.0,2.0,2.0,3.0,2.0,3.0,3.0,4.0,4.0,4.0,2.0,4.0,4.0,4.0,4.0,2.0,2.0,5.0,4.0,5.0,3.0,5.0,4.0,5.0,4.0,5.0,5.0,5.0,4.0,5.0,4.0,5.0,4.0,5.0,4.0,5.0,3.0,4.0,2.0,5.0,4.0,2.0,2.0,5.0,4.0,5.0,4.0,5.0,5.0,5.0,5.0,5.0,3.0,"风趣幽默的刘指挥
　　一头乌黑的头发，一双小小的眼睛，一张会讲笑话、会骂人的嘴，一个高高的鼻梁，高挑的身材，瘦瘦的体型。这就是我们幽默的刘指挥。刘指挥经常穿一件蓝色的Ｔ恤。他从来也不穿短裤，只是穿一件黑色的长裤。刘指挥在台上指挥的时候表情可丰富了！他时而像一条小金鱼一样嘟着嘴；时而像一只喜欢音乐的小熊左右摇摆，摇头晃脑；时而像一只豹子，好像一个眼神就能杀人；时而又像一只疯狂的野马，谁也拦不住，高高举起指挥棒，捶胸顿足、手舞足蹈。这是台上的刘指挥，可台下的刘指挥却是可爱的，活泼的。有时和我们开个玩笑都是很平常的，让人觉得这不是老师，是我们的同学；一个和蔼可亲的同学；一个孩里孩气的同学。这就是台上台下的刘指挥，台上是一个神态严肃的，台下是一个总爱做鬼脸，总爱和我们开玩笑的刘指挥。",《风趣幽默的刘指挥》
150522,4.0,4.0,5.0,2.0,4.0,3.0,4.0,3.0,4.0,3.0,3.0,4.0,3.0,3.0,4.0,3.0,4.0,5.0,2.0,4.0,3.0,4.0,2.0,4.0,3.0,4.0,2.0,4.0,3.0,4.0,3.0,3.0,3.0,4.0,3.0,4.0,4.0,4.0,5.0,4.0,5.0,3.0,5.0,4.0,4.0,4.0,5.0,3.0,5.0,4.0,3.0,3.0,4.0,3.0,4.0,3.0,4.0,4.0,3.0,4.0,4.0,4.0,5.0,4.0,4.0,4.0,4.0,4.0,5.0,4.0,"强壮的老师
　　每当操扬上响起嘹亮的哨声，操场就立刻安静下来。这哨声坚定而有力，就像一道命令，同学们小步快跑排好队站在老师面前。这就是我们强壮老师的出场秀。老师喜欢穿黑色紧身衣，头戴黑色遮阳帽，头发粘着发胶，在我的眼里，帅极了。穿着黑色外套的老师，身体看起来结实而强壮，隔着衣服都能看到上臂结实的肌肉。一次，老师做抓杠后空翻，老师的双手稳稳地抓住单杠，双臂肌肉发力，一个在我看来难度极高的后空翻被老师轻松完成。同学们发出了一阵阵欢呼声。最主要的是老师做的抓杠后空翻除了双臂发力还要腿部肌肉发力。这样身轻如燕我羡慕极了。这就是我的强壮老师。",《强壮的老师》
130231,3.0,4.0,5.0,4.0,4.0,3.0,3.0,4.0,4.0,4.0,2.0,4.0,3.0,4.0,3.0,3.0,4.0,3.0,5.0,3.0,4.0,3.0,4.0,3.0,3.0,4.0,4.0,4.0,5.0,4.0,3.0,4.0,4.0,4.0,3.0,3.0,3.0,3.0,4.0,3.0,4.0,3.0,5.0,4.0,3.0,4.0,3.0,4.0,4.0,4.0,2.0,2.0,3.0,3.0,2.0,2.0,4.0,4.0,2.0,2.0,4.0,3.0,5.0,3.0,5.0,4.0,5.0,3.0,4.0,3.0,"我的本领
　　我的本领可多了，有画画、拉小提琴、游泳……其中我最喜欢的就是小提琴。
　　我从四岁半开始学习小提琴，起初我听着小提琴那优美琴声让我有了想学小提琴。
　　我从四岁半开始学习小提琴，起初我听着小提琴那优美琴声让我有了想学小提琴的想法，于是我报名参加了小提琴学习，开始的时候我以为小提琴很容易，学了以后才知道小提琴非常难学，因为又要托琴又要夹琴，一次因为我手托琴姿势不对，老师把我的手都扎破了，当时我就流下了眼泪，我忽然有了一种不想学的感觉，晚上我对爷爷说我不想学了。可是我爷爷却说“孩子，既然你选择了这门艺术就要坚持下去才有收获。”爷爷的一番话鼓舞了我，使我有了学下去的勇气。
　　还记得有一次我去上课我爸爸说今天一定好好拉，拉好了带你去看电影，果真老师说今天拉得不错。我心想电影看成了，结果爸爸和我吃完饭就去看电影了。
　　最后通过我的努力三年级的时候我考上了学校的金帆乐团，这让我真正的懂得了台上一分钟台下十年功，要想成功就要付出努力，所以学习文化知识也是一样的，一定要认真努力的去学习，才能取得好成绩。",《我的本领》
140329,3.0,3.0,5.0,5.0,5.0,5.0,4.0,4.0,5.0,5.0,2.0,2.0,4.0,4.0,3.0,3.0,3.0,3.0,4.0,4.0,3.0,3.0,3.0,3.0,4.0,4.0,4.0,4.0,5.0,5.0,3.0,3.0,3.0,3.0,3.0,3.0,3.0,3.0,3.0,3.0,5.0,5.0,4.0,4.0,3.0,3.0,3.0,3.0,5.0,5.0,3.0,3.0,3.0,3.0,2.0,2.0,5.0,5.0,2.0,2.0,5.0,5.0,4.0,4.0,3.0,3.0,4.0,4.0,4.0,4.0,"探险
　　一天，小狗潘多拉和小兔莱西一块约着去公园里玩，它们走着走着看见了一些小动物在欺负一只小羊莉沙，它们非常气愤走了过去，莱西把那些小动物赶走了，它们救出了小羊莉沙，小羊莉沙说：“谢谢你们。”它们说：“不客气。”就这样它们成了好朋友。
　　它们来到了公园的尽头，突然小狗潘多拉看见了一个山洞，大家都很好奇地走了过去。小狗潘多拉说：“这是什么呀？”小兔莱西说：“不知道，要不天黑的时候，我们来这里探险吧。”它们说：“太好了！”到了晚上，它们在公园门口集合，小兔莱西说：“准备出发，”小狗潘多拉说：“好，出发。”它们走进山洞，小兔莱西说：“这里好黑呀！大家拿好手电筒，注意脚下，不要摔倒了。”
　　大家一个挨着一个的慢慢走，突然不远处有声响，大家一起把手电筒照向了那里，原来，是一只小老鼠跑了过去，大家互相对着笑了笑，终于没有那么紧张了。大家继续往前走，这时小狗潘多拉叫大家停住，它说：“你们听，前面好像有水的声音，大家小心点。”它们大概走了10分钟，终于走到了尽头，原来这是一条通往瀑布的通道。大家都开心极了。
　　这次探险就这样结束了，几个小伙伴既紧张又兴奋的回到了家里，每个人都做了个美丽的梦。",《探险》
240104,2.0,2.0,2.0,5.0,2.0,4.0,2.0,2.0,2.0,3.0,2.0,2.0,2.0,3.0,2.0,2.0,2.0,2.0,2.0,2.0,2.0,2.0,2.0,2.0,2.0,3.0,2.0,2.0,2.0,2.0,2.0,2.0,2.0,2.0,2.0,3.0,2.0,3.0,2.0,2.0,2.0,2.0,2.0,3.0,2.0,2.0,2.0,2.0,2.0,3.0,2.0,2.0,2.0,2.0,2.0,3.0,2.0,3.0,2.0,2.0,2.0,2.0,2.0,5.0,3.0,4.0,3.0,3.0,3.0,3.0,"老师进班了
　　老师不在班里很热闹。
　　有人在门口放哨，
　　有人在班里说话。
　　有人说老师来了，
　　有人说是保洁大妈。
　　真正的大妈来了！
　　他就是“周大妈”！
　　是帮我们放哨的周子曦。
　　在前面跳奇葩的舞！
　　老师来了！
　　班里立马安静。",《班主任进班了》
130104,3.0,4.0,4.0,5.0,4.0,5.0,5.0,4.0,4.0,4.0,3.0,3.0,3.0,3.0,3.0,3.0,3.0,3.0,4.0,4.0,3.0,3.0,2.0,2.0,4.0,4.0,4.0,4.0,4.0,4.0,3.0,3.0,4.0,4.0,3.0,3.0,2.0,4.0,4.0,3.0,3.0,3.0,2.0,2.0,3.0,3.0,3.0,3.0,3.0,3.0,2.0,2.0,3.0,3.0,2.0,2.0,3.0,3.0,3.0,3.0,3.0,4.0,4.0,5.0,2.0,5.0,2.0,4.0,4.0,3.0,"螳螂
　　我相信同学们都在课外书上看见过螳螂。在我住在爷爷家的时候,我叔抓到一只螳螂带回了家养，它长着细长细长的触角像又长又细的天线似的，触角长在两眼之间，三角形的脸，绿色的眼睛占脸部的百分之五十，螳螂的眼睛有个黑眼珠似的下小黑点，螳螂的嘴小小的，占脸部的百分之十，它是咀嚼食物，它长有三对足，前足像绿色，锋利，带刺的镰刀，它长着两对翅膀，翅膀是半透明的薄薄的。
　　我以前在课外书上知道了，螳螂生活在山村的田野里和树木茂密的森林里，螳螂是肉食性昆虫，它喜欢吃：蚱蜢、蝗虫、蚊子、苍蝇等等害虫。所以，它是益虫，母螳螂为了繁殖后代，要把公螳螂在交配时吃掉好补充能量。
　　我看着这只碧玉色的螳螂，我吵着说：“我要养螳螂”，爷爷立即找来了一个小笼子养螳螂，我也找来一个小瓶盖方便螳螂喝水。中关村夏天蚊虫很多，我叔买了一些蚱蜢喂螳螂吃，我们把蚱蜢放进笼子里，螳螂身手敏捷用带刺的前足牢牢的夹住蚱蜢残暴的咀嚼掉蚱蜢。有时喂它吃打到的蚊子，有时喂吃一点点白菜。有时我把它放在我床上玩，有时我把它放在地上看它爬来爬去就像一个名绅士。我养了一个多月，可惜它死了我非常伤心。
　　我喜欢我养的那只螳螂，我当时不应该把养在笼子里，我应该把它放在大自然中捕食害虫。",《螳螂》
160318,4.0,3.0,4.0,3.0,5.0,3.0,3.0,3.0,4.0,3.0,3.0,3.0,3.0,3.0,5.0,3.0,3.0,3.0,4.0,4.0,5.0,4.0,3.0,4.0,4.0,3.0,3.0,3.0,3.0,3.0,3.0,4.0,3.0,4.0,5.0,3.0,4.0,3.0,4.0,3.0,5.0,3.0,5.0,4.0,4.0,4.0,4.0,3.0,4.0,3.0,3.0,3.0,4.0,3.0,3.0,3.0,5.0,3.0,3.0,4.0,4.0,4.0,4.0,4.0,5.0,4.0,4.0,4.0,4.0,3.0,"关爱是一种美德
　　我们在公交车上，地铁上，常常听到这样一句话“尊老爱幼是中华民族的传统美德”。在现实生活中，能做到尊老爱幼就是对他们的一种关爱。而我有一天就碰上了这种让我意想不到的事。
　　在周四下午放学后的一天，我像往常一样从学校西门拖着疲惫的身躯走向公交车站，因为刚刚下了电子制作的课，我想让车快点到站，说曹操曹操到，刚说完，549路就到了，我赶忙上车，惊奇地发现，竟然还有座位，我抢了一个座位坐下，心想：今天运气真好，上车就有空座。没想到刚走一站，一位头发花白，背有点驼的老奶奶上了车，她每走一步都要扶一下扶手，看起来大约70岁到80岁。车上没有了空座，她满脸愁云地站在那里，而车上的哥哥姐姐，叔叔阿姨们都在看手机，对老奶奶的到来不理不睬，我起身对她说：“您坐这吧，我站一会就到了。”她还说：“没事，你坐下吧，我站一会儿也没什么事。”“您坐下吧，我下一站就到了，尊老爱幼也是我们少先队员的职责。”她道谢后坐下，脸上洋溢着笑容，我的心里也无比高兴。
　　通过这件事让我知道了关爱他人也会使自已快乐，而且也可以用自己的言行来感化他人。如果每一个人都献出一点爱，世界将会变得更美好。",《关爱是一种美德》
130536,2.0,3.0,4.0,4.0,3.0,3.0,2.0,4.0,2.0,3.0,2.0,3.0,3.0,4.0,2.0,3.0,3.0,4.0,2.0,3.0,3.0,4.0,3.0,4.0,3.0,3.0,2.0,3.0,3.0,4.0,3.0,2.0,3.0,2.0,3.0,3.0,3.0,4.0,2.0,3.0,3.0,4.0,4.0,3.0,2.0,3.0,2.0,3.0,3.0,4.0,2.0,2.0,2.0,3.0,2.0,3.0,2.0,3.0,2.0,2.0,3.0,4.0,3.0,3.0,2.0,4.0,3.0,4.0,3.0,5.0,"我的老师班老师
　　班老师已经教我们三年了，班老师的眼睛亮亮的、身体瘦瘦的。而且每次讲课都讲地很生动。有一次班老师讲了：“金色的草地”这篇课文，首先班老师为我们详细的介绍了：“为什么早上蒲公英是绿色的，中午的时候是金色的，而傍晚时又变回绿色的。”还给我们做了非常有意思的PPT。在讲生字的时候，班老师先给我们讲容易错的字，再给我们讲容易错的重点笔画。如：“突”字很容易忘那个点。
　　班老师详细、生动、的讲课给我留下了非常深刻的印象，我非常喜爱我们的班老师。",《我的老师班老师》
130139,3.0,3.0,4.0,4.0,3.0,3.0,3.0,4.0,3.0,4.0,2.0,3.0,3.0,3.0,2.0,3.0,2.0,2.0,3.0,2.0,3.0,3.0,3.0,2.0,2.0,3.0,3.0,2.0,3.0,3.0,3.0,2.0,3.0,3.0,2.0,3.0,2.0,3.0,2.0,4.0,3.0,4.0,3.0,3.0,2.0,2.0,3.0,2.0,3.0,3.0,2.0,3.0,2.0,3.0,2.0,3.0,3.0,3.0,2.0,3.0,3.0,3.0,3.0,5.0,3.0,4.0,3.0,4.0,2.0,3.0,"我家的小金鱼
　　上个月爸爸带我去了清河的花鸟鱼虫市场，买了一条可爱的小金鱼，回来后我马上把它放到了鱼缸里。小金鱼喜欢在水里面快活的游来游去，好像在给我展示那美丽的身姿呢！小金鱼非常活泼。一条小尾巴像一把美丽的小扇子。背上的鱼鳞可漂亮啦，像一件做工精细的，绣满花纹的花外套，加上一双又大又鼓的眼睛和一张小巧的嘴巴，简直像一个小精灵。小金鱼吃食的时候一摇一摆的游过来，活像只小狗扭屁股。我把鱼食洒进鱼缸,鱼食飘在水面上，小金鱼看到了鱼食立刻游了过去，它一口吞下鱼食好似三天三夜没吃饭一样。
　　小金鱼真可爱啊！虽然小金鱼没有濒临灭绝，但我认为不管它们是否濒临灭绝，还是数量极多，我们都应该去保护它们，我呼吁所有人请保护你们身边的那些动物们吧！",《我家的小金鱼》
140327,3.0,3.0,2.0,2.0,2.0,3.0,4.0,3.0,2.0,3.0,3.0,3.0,2.0,3.0,3.0,3.0,4.0,3.0,3.0,3.0,3.0,3.0,3.0,3.0,3.0,3.0,4.0,4.0,2.0,3.0,2.0,3.0,4.0,3.0,2.0,3.0,2.0,2.0,4.0,3.0,3.0,3.0,2.0,3.0,3.0,4.0,3.0,3.0,4.0,3.0,2.0,2.0,3.0,2.0,2.0,2.0,3.0,3.0,2.0,2.0,3.0,3.0,5.0,3.0,2.0,4.0,5.0,4.0,3.0,4.0,"小鹿与大老虎
　　很久很久以前有一个小鹿，他每天都在湖面上照镜子，但是有一天它在湖面上照镜子的时候发现后面有一个黑黄色的影子。
　　它马上转身一看，啊！是一只大老虎！它还没说完就用它飞快的脚跑回了自己的家，到晚上的时候它一时睡不着，还梦见了老虎把它吃掉，它一下睁开眼睛，叹了口气说：“原来是场梦呀。”它便从它那毛绒绒的毯子上站了起来，并冒险去找老虎的家要不就永远不会这件事解决掉。老虎的家在遥远的南方。小鹿在黑沉沉的傍晚去了老虎的家。
　　第二天一早小鹿终于到了老虎的家，它便躲在一棵树上观察老虎，看看有什么诡异。突然！老虎看见了小鹿，而且凝视着它，老虎说:“别害怕，我不吃你。”小鹿只好走了下来。下来以后它们一块玩了很多游戏，但是到了晚上老虎悄悄地走到了小鹿跟前，说：“哈哈，你被我骗了！”它硬要吃它的时候小鹿睁开了眼睛，老虎目瞪口呆，心里想完了，都被小鹿看见了这可怎么办？小鹿说：“呃，我再也不信任你了。”小鹿就回到了自己的家。过着幸福快乐的日子。
　　我想告诉大家自己说的话要尊守诺言，诚实，如果做的不好要改正，要不的话会有坏的结果。",《小鹿与大老虎》
140903,3.0,3.0,3.0,5.0,4.0,5.0,3.0,4.0,3.0,3.0,2.0,2.0,3.0,4.0,3.0,3.0,3.0,3.0,3.0,3.0,3.0,4.0,3.0,3.0,4.0,4.0,4.0,4.0,4.0,3.0,4.0,4.0,4.0,3.0,3.0,3.0,2.0,2.0,4.0,3.0,4.0,4.0,4.0,4.0,3.0,3.0,3.0,4.0,4.0,4.0,3.0,3.0,2.0,3.0,3.0,3.0,3.0,3.0,2.0,2.0,4.0,4.0,4.0,5.0,4.0,5.0,4.0,5.0,3.0,3.0,"好书推荐之《笨狼的故事》
　　最近我看了一本书，书名叫《笨狼的故事》。这本书讲了一个个有趣的故事。故事的主人公是一只小狼，他叫笨狼，顾名思义，他是一只很笨很笨的小狼。很多故事都是因为他的“笨”而发生的。笨狼还有一个好朋友叫聪明兔，聪明兔和笨狼正相反，他非常聪明，每次笨狼做傻事的时候都能出来帮忙圆场。
　　我最喜欢的故事是：半小时爸爸。故事是这样的：一天，花背鸭正在孵蛋，她看见笨狼走过来，就问：你能帮我照看一下我的小宝贝吗？”笨狼高兴地点点头。不一会儿，一只小鸭从蛋里跳了出来。它一见到笨狼就叫：“妈妈，妈妈！”小笨狼忙说：“不是的！我不是你妈妈！”小鸭子又说：“爸爸！”笨狼又说：“我也不是你爸爸。”“哇——”小鸭子哭了。笨狼只好说：好吧，我是你爸爸。”之后，他们去挖蚯蚓。笨狼教小鸭唱：“我是一只来自北方的狼……”
　　半小时后，花背鸭把小鸭接走了。小鸭过了一会儿，突然放声大唱：“我是一只来自北方的狼！”把妈妈吓了一大跳！哈哈！我很喜欢这本书，它用简洁的语言，细致地写出了每一个故事。希望大家都来读读这本书。",好书推荐之《笨狼的故事》
150215,4.0,3.0,4.0,3.0,4.0,3.0,5.0,3.0,4.0,3.0,5.0,3.0,5.0,2.0,5.0,3.0,5.0,3.0,3.0,2.0,3.0,3.0,3.0,3.0,4.0,3.0,4.0,2.0,4.0,3.0,4.0,3.0,3.0,3.0,4.0,3.0,4.0,3.0,4.0,2.0,5.0,2.0,5.0,3.0,4.0,3.0,3.0,2.0,4.0,2.0,3.0,2.0,4.0,2.0,3.0,2.0,3.0,2.0,2.0,3.0,4.0,2.0,5.0,3.0,4.0,3.0,4.0,3.0,5.0,2.0,"写给十年后的自己
十年后的自己：
　　你好！
　　现在人类文明发展的这么快，聊天都用QQ微信，打电话。但我不知道发了神经病还是怎么的，突然想用用写信这个“老掉牙”的方法，给十年后的自己留下一些建议与设想。
　　2028年的我也该上大学了吧。那时的我应该在思考上哪所大学了吧。哈弗？剑桥？还是清华？让我想想我应该去哪个系，肯定是理科，毕竟现在的我最欢数学，哈，那我现在学数学不算白学啊！
　　我关心的是十年后的科学发展，按理来说不会有太大区别，但还是有一点进步的。比如电话就是在空中随便点一下出现的一个全息电话窗口，并只有你自己能不须载体就可以像火箭一样直上云霄，就像虫洞穿梭一样一秒钟就能到达目的地。当然这只是我的假设。但没准你再过几年就能发明出来，所以好好想想！利用大学的时光多做一些知识储备吧！
　　你打算上到博士还是博士后呢，更多的知识是一定有用的，现在你也该考虑考虑去哪里工作了，我在此就不能提供有用的建议了，但是有一点，紧盯人类急需的方向，你总会做出一番事业来的。
　　那时一定有治癌症的方法了吧。如果没有，那冬眠已出现，并广受采用了吧。既使有这些方法，你也要保证身体才行，毕竟身体是革命的本钱嘛！
　　好了，希望十年后的我，能够把握时代的脉搏，并为蓬勃发展的人类社会能尽自己的一份力。
　　祝你
　　身体健康、学业有成！
李锐
2018.3.25",《写给十年后的自己》
160201,2.0,3.0,3.0,5.0,3.0,3.0,3.0,3.0,2.0,2.0,2.0,2.0,2.0,2.0,2.0,2.0,3.0,3.0,3.0,3.0,3.0,3.0,3.0,4.0,3.0,3.0,3.0,3.0,3.0,4.0,2.0,2.0,3.0,4.0,3.0,3.0,2.0,3.0,4.0,4.0,4.0,4.0,2.0,3.0,3.0,3.0,3.0,3.0,3.0,4.0,2.0,2.0,3.0,3.0,3.0,3.0,3.0,3.0,2.0,2.0,3.0,3.0,3.0,5.0,4.0,5.0,3.0,4.0,3.0,3.0,"医生的帮助
　　光阴似箭，日月如梭，一转眼就从7月1日到了10月27日，我记得在7月25日时那次刻骨铭心的痛苦，要是没有医生的帮助和关爱我还不知痛苦到什么时候呢！
　　那天早上我和我妈妈去小区下面玩。当时我在玩健身器材中的一种（就是练臂力的，可以把自己撑起来的）我先看了看说明，心想：我才不按说明上的做呢！多不好玩。我自己想出了一种更好玩的玩法开始玩了起来，我一不小心脚落个空就摔了下来了，我妈妈一看就带我去医院了。
　　在路上我一直担心会疼，可是妈妈说不会疼的。一到医院我们就直奔大厅挂号，挂完号就去医生那里了，一进门一股消毒水味就向我的身子袭来让人毛骨悚然，但是进门一看，是一位年轻帅气的学者，他的头上涂满了发胶，油光发亮，他的鞋和他镇定的神情都使我敬佩万分。他和蔼的问：“小朋友你的腿怎么了？我说：“我的腿今天摔伤了”。“那能让我看看么？”他又和蔼的问，“可以”我回答。后来他看了看说：“没有什么大碍，不过必须要包扎一下。”我一听包扎就准备逃跑可是被妈妈叫住说。“你要是不包扎就会化脓的！”我只好跟妈妈去包扎室了。走的时候我有好几次都想逃跑，可是都被我妈妈叫住了。我只好进了包扎室让我没想到的是医生包扎时非常小心，一点都不痛，他先小心yi1 yi2的把酒精棉在我的伤口上轻轻涂抹，然后再包上纱布，最后在将医用胶带缠了好几圈，最后说：“小朋友好勇敢我奖li3你一颗糖吃。”把糖拿了出来。我很快就好了。
　　人与人之间要相互帮助所以我们要好好学习，争取以后的要帮助更多的人，正如拉布吕耶尔所说：“最好的满足就是给别人以满足。”",《医生的帮助》
130109,4.0,3.0,4.0,4.0,4.0,3.0,4.0,3.0,4.0,4.0,3.0,2.0,4.0,3.0,3.0,3.0,3.0,3.0,4.0,4.0,3.0,3.0,3.0,4.0,4.0,4.0,4.0,3.0,4.0,4.0,4.0,3.0,4.0,3.0,3.0,4.0,3.0,3.0,4.0,4.0,4.0,4.0,4.0,4.0,3.0,3.0,3.0,4.0,4.0,4.0,3.0,3.0,2.0,3.0,3.0,3.0,4.0,3.0,2.0,2.0,4.0,3.0,4.0,5.0,4.0,5.0,3.0,5.0,4.0,3.0,"小狗团团
　　我的家有一只小狗，它是在六一儿童节那天张勇送我的。我们从一个月的时候开始饲养。它现在已经一起跟我生活一年了。虽然我跟它才生活了一年，但是我跟它的感情非常的深厚。
　　它长着一身黑白相间的毛发。它头部的毛发是黑色的中间有一道白色(白色的那条道有点像H形）它脖子上的毛发是白色的,像围着像雪一样白的头巾。然后，背上全部都是黑色的了。腹部的毛发是白色的。四条腿和小爪子也是白色的，最后，它的尾巴尖有一点白色。它最大的特点是：“它去哪人们都说长的像边牧”，实际上它是蝴蝶犬的串儿。
　　在家里，它喜欢玩拖鞋、球、毛绒玩具。不过，它最喜欢玩的就是毛绒玩具了。如果我要去上学不关上卧室的门而且不把毛绒玩具藏起来的话，在床上的毛绒玩具就会被小狗咬的破了洞。它玩毛绒玩具也非常有意思!有一次我晚上上完课回到家练钢琴，我弹着弹着突然小狗也跟着钢琴的节奏叼起毛绒玩具玩了起来。
　　这就是我最要好的动物朋友！怎么样？！不错吧？！",《小狗团团》
160340,3.0,3.0,2.0,3.0,3.0,3.0,3.0,2.0,3.0,3.0,3.0,2.0,3.0,3.0,2.0,3.0,3.0,3.0,2.0,2.0,3.0,2.0,3.0,2.0,3.0,3.0,2.0,3.0,3.0,3.0,2.0,3.0,3.0,3.0,2.0,3.0,2.0,3.0,3.0,2.0,3.0,4.0,3.0,3.0,2.0,2.0,3.0,2.0,3.0,3.0,3.0,2.0,2.0,2.0,2.0,2.0,3.0,3.0,3.0,2.0,3.0,3.0,3.0,4.0,3.0,4.0,3.0,5.0,3.0,4.0,"友谊要永恒
　　我一把夺过他的小木船，对他说：“要么我把你的小木船踩坏，要么你再重新给我买一个！”陈华爱搭不理的对我说：“只是一件小事，没有必要，而且一条小船也不贵，小船还可以重新拼起来呀！”我却不想这样，我希望能把我自己的小船要回来。我都快要哭出来了，一阵憋屈，心里有一把火柴，不过已经烧尽了一半了，脸气的通红，而陈华却一直在和旁边的人说说笑笑的没有在意这件事情的样子，我的心里再一次燃起了熊熊大火，我忍不住了，就走了出去。
　　在教室里坐着，想着这件事，心里有一根琴弦在晃，我听到了让人难受的声音，我再也忍不住了，去找老师，老师对我说：“你和陈华都有错，去和他道歉吧！”我想了想，的确，我唯一需要——和陈华道歉。
　　我飞快的回到教室，和陈华道了歉，他原谅了我。
　　友谊就如此，时好时不好，易碎，如同玻璃，珍惜友谊时光。",《友谊的永恒》
150127,4.0,3.0,5.0,4.0,3.0,3.0,3.0,3.0,4.0,3.0,3.0,3.0,4.0,3.0,2.0,3.0,4.0,3.0,4.0,3.0,4.0,3.0,4.0,3.0,3.0,3.0,5.0,3.0,5.0,3.0,3.0,2.0,4.0,3.0,4.0,3.0,2.0,2.0,4.0,3.0,4.0,3.0,2.0,3.0,3.0,3.0,2.0,3.0,4.0,3.0,2.0,2.0,2.0,2.0,2.0,2.0,3.0,3.0,2.0,2.0,3.0,3.0,5.0,3.0,4.0,3.0,5.0,2.0,3.0,3.0,"多次的离别——读《城南旧事》
　　这个寒假，我在香港看了一书叫《城南旧事》，这里的英子是主人公，这本书回忆林海音在北京的童年生活。
　　《城南旧事》主要讲了：英子经常到惠安馆去找秀贞（疯子）玩，秀贞给英子讲关于她还没结婚，就生了孩子，但是孩子却丢了，别人才叫她“疯子”的故事。最后才知道原来妞儿（英子的好朋友）是秀贞的孩子。有一天，英子被阳光照着，秀贞带着妞儿去找她丈夫，英子去了，可是没赶上。回到家，英子发了高烧，在医院住着，把所有的事情忘的一干二净！英子要上小学了，她妈妈把她送到新帘子胡同。英子在哪里遇到了许多有趣的事。每一次，英子总会感到难过，因为她碰到了很多让人心痛的离别。
　　我觉得这本书是一本“不好”的书，因为它一次又一次地让我伤心，让我感到离别的痛苦。英子一次一次地和别人离别，也一次一次地长大，最后“爸爸的花落了，我也不再是小孩了”这句话让我很紧张，因为她爸爸死了，曾经对她这么好，虽然打她，但是还是很在乎英子的。经过跟秀贞的、贼的、兰姨娘的、宋妈的和爸爸的离别，英子已经是大孩子了，爸爸的生命已经落了。她需要硬着头皮闯过任何艰难的事。当跟一个人离别后，可能再也见不到了或见的可能性很小。
　　这本书还让我想起了，我在美国的时候，我交了一个好朋友叫Penny我们一块玩，玩的很开心，但是有时候也起小矛盾。就把时间浪费掉了。当我要走的时候却依依不舍，我现在很想哭，很伤心，也想怎么这么快就走啦？那是因为我没有珍惜好友情，所以才会出现这样的后果。
　　我从这本书中读懂了要珍惜友情、亲情,不能把和朋友亲人在一块的时间全都浪费掉。",《多次的离别》
150344,4.0,4.0,4.0,5.0,4.0,5.0,3.0,3.0,4.0,4.0,4.0,3.0,4.0,5.0,3.0,3.0,4.0,4.0,4.0,5.0,4.0,4.0,4.0,3.0,4.0,3.0,4.0,4.0,3.0,4.0,4.0,4.0,4.0,3.0,4.0,3.0,4.0,4.0,4.0,3.0,4.0,3.0,4.0,4.0,3.0,3.0,4.0,3.0,4.0,3.0,3.0,2.0,3.0,2.0,3.0,2.0,4.0,4.0,4.0,3.0,4.0,3.0,4.0,4.0,4.0,4.0,4.0,5.0,4.0,5.0,"初见张老师
　　我第一次见到这个老师，是在一次试听课上，一进门就感觉有一种势不可挡的气势向我扑面而来，他的一张国字脸，绷的紧紧的，好像从没笑过似的，两道眉下面一对黑眸扫我一下就感觉全身发抖，那眼袋沉在脸颊里，好像几天没合眼。他说话气势高昂，连坐在最后一排都能听的清清楚楚，一字不落，而且他说话很精炼，如果一个同学不听讲也是喊一声：“注意听讲！”不像别的老师叨叨半天，他的一句话一直让我铭记在心：“我认为老师和同学不能当明友，老师必须要有威慑力，要不然就学不好！”后来，妈妈决定上他的课。
　　他讲的的确很好，治学严谨，学问很深，不过讲义越来越难了，奥数枯燥起来，终于有一天，我跟妈妈说：“太难了，给我转一个班吧，我都听不懂！”于是妈去找张老师谈话，谈了很久，回家来妈妈说一定要在这个班学下去，因为：你在这个班学了很长时间了，可能只超过了几个人，只有一直学下去，才能成功！“这句话是张老师对我的鼓励是对我的肯定，它支持我一直学了下去，而且使我对奥数产生了一丝兴趣，我也能快速的写完作业，还渐渐会解难的题了。
　　慢慢的，我发现这个老师不像表面那严肃，他上课也会讲些关于数学家、发现，发明的小故事，下课他也会和我聊天，捏我脸蛋，就连我丢了什么东西，他也会问上一问。有一次，寒假班连续了13天，每天早上8点就上课，正赶上一天，下着倾盆大雨，我们依然准时到达，老师的开场白就是：“很高兴大家有这么高的学习热情，没受到天气的影响，今天来的人发5积分！”我们欢呼起来，因为老师从不发，今天不但发了，而且是大手笔的。我还惊喜的发现：老师也会笑！张老师真是“面严心慈”呀！
　　现在，老师再也不是当初的那样，他在我心中是一位可敬可亲的长者，严肃的表情下是一颗热情的心，我敬佩我的张老师！",《初见张老师》
160736,4.0,4.0,3.0,4.0,3.0,4.0,3.0,5.0,4.0,4.0,4.0,5.0,3.0,4.0,4.0,5.0,4.0,4.0,4.0,4.0,5.0,4.0,5.0,5.0,5.0,4.0,5.0,4.0,5.0,5.0,4.0,4.0,4.0,5.0,3.0,5.0,3.0,4.0,4.0,5.0,4.0,4.0,5.0,4.0,3.0,3.0,4.0,4.0,4.0,4.0,3.0,4.0,3.0,4.0,3.0,4.0,4.0,5.0,3.0,3.0,4.0,5.0,5.0,4.0,5.0,4.0,5.0,5.0,5.0,5.0,"读《佐贺的超级阿嬷》有感
　　在暑假期间，我获得了一本好书——《佐贺的超级阿嬷》。起初我只是随手翻了翻这本书，可这本书中的故事却像一块大磁铁一样深深地吸引了我。
　　这本书所讲述的是日本相声大师岛田洋七先生与他的外婆一起在佐贺度过的八年时光。1945年8月6日，世上第一颗原子弹在广岛爆炸。父亲死于核辐射，母亲因无力抚养昭广，只好将年仅八岁的他寄养到佐贺的外婆家。虽然生活极度艰苦，乐观的外婆却总有神奇的办法让日子过下去，让生活充满创意，发现的欢笑。在佐贺乡下居住的这八年里，外婆除了把旷广抚养长大，还教给他许多做人的道理。
　　读完这本书后，我的心灵深深地颤动了，那时候阿嬷每天都会从河里拦住从上游的菜市上漂来的不好的蔬菜；现在，如果有人遇到不愿意吃的蔬菜，我想他一定会立刻扔掉。也许在现在的人们看来，捡有烂掉地方的蔬菜或变形了的水果很不干静，很没面子；而外婆却认为这没什么，反而觉得这样既不浪费又不污染环境。这也可以看出来，阿嬷是很节俭的。
　　记得阿嬷说过：“世上有两种穷人，一种是穷得消沉，一种是穷得开朗，我们家是穷得开朗。”是啊，即使你再穷，只要你有一颗乐观的心，开朗的情怀，这个世界就会更加美好，更加值得你去爱。外婆甚至不想变成富人，她觉得富人一天到晚有很多事情要做，她喜欢贫穷的生活。可想而知，外婆是一个多么开朗的“穷”人呀！
　　我认为外婆是一个物质上穷而内心富有的人。她不在乎什么荣华富贵，只是乐观的去面对世上的一切。无论遇到什么麻烦，如果你以乐观开朗的情怀去看待的话，那一定会让这件麻烦的事变得简单。如果世界上所有的人都能像她这样乐观，那么这个世界将会多么美好呀！
　　读完这本书，我觉得我们要像阿嬷学习，学习她那开朗、节俭的精神和品格，更要学习的就是她那十分可贵的乐观精神。这真是一本令我受益匪浅的书啊！",读《佐贤的超级阿嬷》有感
160223,3.0,3.0,4.0,4.0,3.0,3.0,3.0,3.0,3.0,3.0,2.0,3.0,4.0,3.0,3.0,4.0,4.0,3.0,4.0,3.0,4.0,3.0,4.0,3.0,4.0,3.0,5.0,3.0,3.0,3.0,3.0,3.0,4.0,3.0,2.0,3.0,2.0,3.0,4.0,3.0,4.0,3.0,5.0,3.0,3.0,3.0,3.0,3.0,4.0,3.0,3.0,2.0,3.0,3.0,4.0,2.0,4.0,3.0,2.0,2.0,4.0,3.0,5.0,3.0,5.0,3.0,3.0,3.0,3.0,3.0,"严厉的关爱
　　这个老头真奇怪，天天冲我们大声“咆哮”。喊“不要跑”或“不要喊了”之类的话。他总是背着手，沉着脸，在走廊里走来走去，从来没见他笑过一次，我们都很讨厌他，在他背后说他的坏话，管他叫“老大爷”。可我做梦都没想到，有一天，我竟然会喜欢上“老大爷”的“咆哮”声。
　　那一天的课间，我们依旧在楼道的柱子边玩盲人摸象，在那里拍手、跺脚，一会儿拍拍抓的人的后背，一会儿在抓的人背后唱再句歌，故意让抓的人发现我，带着抓的人围着柱子跑，跑两三圈后躲到一个角落里，只见抓的人绕着柱子跑，而我们则都躲在角落里偷着乐。可这次我的运气并没有这么好，眼看抓的人就要追他伸出了胳膊，身子一往前倾，想抓住我。当时正好刚刚拖完地，只听“哧溜，咣当”的一声，他滑倒了。我立刻把他扶了起来，和同学一起把他送回了教室。这时，“老大爷”也闻迅而来了，又叮嘱了一遍，我才知道，他的话是多么有用。
　　从那以后，我每次看到“老大爷”冲别人“咆哮”的时候，我的心里总是暖暖的。从那以后，我才知道关爱不仅有慈祥的关爱，还有严厉的关爱。",《严厉的关爱》
150336,4.0,5.0,5.0,5.0,5.0,5.0,5.0,4.0,4.0,4.0,4.0,5.0,4.0,4.0,4.0,5.0,4.0,4.0,4.0,5.0,4.0,5.0,4.0,5.0,4.0,4.0,4.0,3.0,4.0,3.0,4.0,3.0,4.0,5.0,3.0,3.0,4.0,3.0,3.0,5.0,4.0,5.0,4.0,5.0,4.0,4.0,4.0,4.0,4.0,3.0,3.0,3.0,3.0,2.0,3.0,3.0,4.0,4.0,4.0,3.0,4.0,5.0,5.0,4.0,5.0,4.0,5.0,5.0,4.0,5.0,"我敬仰的老师——胡老师
　　上课了，这节是英语课。我急忙掏出英语书，慌张的坐好，生怕被胡老师大骂一顿。这时，只见胡老师一本正经的从教室门口进来。板着脸，插着腰，头发烫着卷儿，身上穿着红色的连衣裙，手里拿着几本作业，好不威风！
　　见老师这样生气，我想肯定是班里又有同学犯了错才惹的胡老师火冒三丈。果不其然，胡老师满脸严肃地说：“这些同学太过分了，”说着，拿起那几本作业一边喊着同学的名字，一边把本扔在地上。见这情况，尽管这些同学里，没有我，可我还是有些害怕。老师教育完他们后，终于言归正转，气喘吁吁地说：“有几位同学没写作业，让我很失望。”说完，胡老师讲起了一个故事：“就在假期里，我生了一场大病，本来要请假的，可是我还是坚持上完了那些日子里的每一节课，没请一天假。就是因为我不想让同学们有Lucy生病了，可以不写作业……这样的想法。”说完，老师的脸上露出了一丝甜美的微笑，却又带着淡淡的忧伤。
　　听完这个故事，教室里安静的出奇，每位同学都在检讨自己，我也不例外。虽然这节课只有短短的四十分钟，可就是在这四十分钟里，让我懂得了什么是责任：老师有责任来教书育人，当然，我们学生也有唯一的责任——学习。胡老师那么负责，我更不能辜负了老师。老师就像一名园丁，每天细心呵护着我们，而我们就像一棵棵小树苗，在园丁的照料下茁壮成长。于是我下定决心，一定要学好英语，学好每一门功课，最后长成一棵参天大树！
　　这就是我们的英语老师Lucy,一位负责、认真的老师，也是我最敬仰的老师！",《我敬仰的老师——胡老师》
140629,4.0,4.0,5.0,5.0,5.0,5.0,4.0,4.0,5.0,5.0,2.0,2.0,5.0,5.0,4.0,4.0,4.0,4.0,4.0,4.0,2.0,2.0,3.0,3.0,5.0,4.0,5.0,5.0,5.0,5.0,4.0,4.0,4.0,4.0,5.0,5.0,5.0,4.0,5.0,5.0,5.0,5.0,5.0,5.0,5.0,5.0,5.0,5.0,4.0,4.0,3.0,3.0,4.0,3.0,3.0,3.0,5.0,5.0,2.0,2.0,5.0,5.0,5.0,5.0,5.0,5.0,4.0,4.0,4.0,4.0,"认真袁
　　“认真袁”她是我的同班同学也是我的好朋友，她不管做任何事情都会非常认真，所以我给她起了个“认真袁”的外号。
　　“认真袁”长着一双黑漆漆的大眼睛，她总是梳着一个马尾辫，她给我的感觉总是那么的干净整洁，她的物品也总是被她收拾的整整齐齐。“认真袁”做值日那可是很认真的，扫地的时候她不会放过每一个小渣子。摆桌椅的时候，她会对准每一条线，让桌椅们都整整齐齐的。有些同学做的不仔细，她还会及时告诉他们，帮助他们弄好。在他们组“认真袁”可是值日小能手呢！
　　她不但做值日很认真，而且在学习上也很认真，有时我会有不会做的题，“认真袁”总是第一个跑来帮我讲题，在讲题的过程中，她也是非常认真，记得有一次，有一道题“认真袁”给我讲了很多次我都没有认真听,所以总是不对，她非常生气的对我说：“王丽你要认真听，不然你永远都做不会，当时，我觉得我这样很不对，我说：“对不起，我一定认真听。""她就是这么认真的人。
　　“认真袁”是我的好朋友，她这股认真劲，我也一定要向她好好学习。",《认真袁》
150601,3.0,3.0,2.0,4.0,3.0,4.0,3.0,3.0,3.0,4.0,2.0,2.0,3.0,4.0,2.0,3.0,3.0,3.0,3.0,3.0,3.0,3.0,2.0,3.0,3.0,3.0,3.0,3.0,4.0,3.0,2.0,2.0,2.0,4.0,4.0,4.0,3.0,3.0,3.0,3.0,3.0,3.0,3.0,3.0,3.0,3.0,3.0,3.0,4.0,5.0,3.0,3.0,3.0,3.0,3.0,3.0,4.0,5.0,2.0,2.0,3.0,3.0,4.0,5.0,4.0,5.0,3.0,3.0,3.0,3.0,"我来到神秘的BB-12星球
　　我驾着时光机穿越到2000年以后，哇4018年真美啊，大街上居然有悬浮汽车，还有飞天的火车，还有隐形的自行车。别人看起来就像在空中不停地蹬空气一般，走着走着我就看见墙上有一张海报，上面写这BB-12星球一日游，我兴奋地找到入口坐着超音速飞船飞向BB-12。刚开始，我觉得这飞船会非常慢，慢得就像一只小鸟要从中国飞到美国的时间一样长，可是令我意想不到的是一飞出去就到了，真神奇。我来到BB-12星球，第一眼看到的就是上面的火山，火山一座一座的，起初我觉得这是用来做摆设的，可是听导游一说，才知道哦这不是摆设是真的火山！因为我亲眼看见一个火山爆发，我这才相信。这时我又看见了BB-12星人，从这里经过BB-12星人可真神奇啊！他们的头长得非常大，可是身体就像火柴棍一样，我刚想和他们握手，闹钟铃响了，我这才发现这是一场梦。",《我来到神秘的BB-12星球》
250124,3.0,3.0,5.0,5.0,5.0,5.0,3.0,3.0,4.0,4.0,3.0,3.0,4.0,4.0,2.0,2.0,3.0,3.0,2.0,2.0,3.0,3.0,3.0,3.0,3.0,3.0,4.0,4.0,5.0,5.0,4.0,4.0,3.0,3.0,4.0,4.0,5.0,5.0,4.0,4.0,4.0,4.0,4.0,4.0,3.0,3.0,3.0,3.0,4.0,4.0,2.0,2.0,3.0,3.0,2.0,2.0,4.0,4.0,2.0,2.0,3.0,3.0,4.0,4.0,3.0,3.0,4.0,4.0,4.0,4.0,"假期里的一件事——滑雪
　　在初七，我和爸爸、帅帅、叔叔爷爷们去滑雪，这是我第二次滑雪，我非常兴奋！第一次滑雪是我下定决心才去的，而这次是我主动要去的。
　　我这次的目标是学会S形滑雪，上回我是跟叔叔学会了刹车，这回我是跟杨爷爷学S形滑雪，两位的共同点就是我爸爸的同事，而且都是高手！只不过杨爷爷是双板，叔叔滑的是单板。首先，我要把板和鞋固定在一起，然后，再走到传送带上去，爷爷在传送带上给我讲了许多，例如：左转把重心放在右脚上，右转把重心放在左脚上。到了上头，杨爷爷让我跟在他身后，他在前头喊：“左右，左右。”一开始我转的不错，后来，我在大坡上刹不住车，一下子就滑下去了，还好没倒！杨爷爷他就象在平地上一样，而我却像在坐过山车只要到高处就一下子滑下来！杨爷爷也发现了这个问题，他很快想到了解决方案！他开始教我怎么停下来，没想到我真的能停下来，后来我就能自如的滑下来并且在中间也能转弯了！结果我爸爸也来滑了，他一滑要不就滑个狗啃泥要不就滑个老头钻被窝！我们都快笑死了！后来在杨爷爷的帮助下，他可算能安全的滑不来了！就这样我们玩完了整一天！
　　在这次的滑雪中，我懂得了只要勇敢一切都有可能！",《假期里的一件事——滑雪》
160608,4.0,4.0,4.0,5.0,4.0,5.0,4.0,5.0,5.0,3.0,4.0,4.0,4.0,5.0,4.0,4.0,4.0,3.0,5.0,4.0,4.0,4.0,4.0,3.0,5.0,4.0,5.0,4.0,4.0,4.0,4.0,3.0,4.0,4.0,4.0,4.0,4.0,5.0,4.0,4.0,4.0,4.0,5.0,4.0,4.0,4.0,4.0,4.0,5.0,4.0,3.0,3.0,4.0,3.0,3.0,3.0,3.0,4.0,2.0,2.0,3.0,4.0,5.0,5.0,4.0,5.0,4.0,5.0,4.0,3.0,"我的理想——做一名发明家
　　理想是指路明灯，没有理想就没有坚定的方向；没有方向，就没有生活。我们每个人都应该有自己的理想，而我的理想是当一名发明家。因为我经常看到人们不方便，还有很多坏人拐小孩，所以我想当一名发明家，发明一些有用的发明。
　　首先，我要设计一款会唱歌的衣服，演员们只要跳舞，衣服就会随着舞蹈放出美妙的音乐。这件衣服非常的安全，不需要充电也不需要怎么样，只要穿上它舞蹈就会给衣服无限动力。
　　在深夜里，你可能会遇到一些坏人，这时您只需要穿上我设计的自卫鞋就好了。它可以探测周围所有的人和物并识别它们是否攻去、伤害您。如果有这些人自卫鞋会自动发射一枚微型麻醉弹，它会让人瘫痪一天，且不会伤及性命。人们穿上了我的鞋，再也不怕夜里不敢出门了。
　　最后，我强烈推荐老人们穿我设计的方便裤。因为老人们穿了我的裤子，走路会很方便。当老人摔倒时，方便裤会膨胀起来，用棉花把老人们包裹住。这条裤子还会起支撑作用，走路不需太多的力气。穿上它，就跟换了一条腿似的。方便裤在什么季节都适和穿。在夏天很热，穿上方便裤就会非常凉爽，还防晒。在冬天穿一条方便裤就会觉得很暖和。不需要穿一堆裤子。最后当老人上厕所时，只要说“开”方便裤就会自动打开。说“关”就会自动把裤子合上。老人穿上方便裤定会很方便。
　　当然，这些理想还是空谈，要实现这些理想，必须具备渊博的知识。从现在开始我要养成良好的学习习惯，刻苦钻研，丰富我的知识，将来成为博士，科学家，早日把理想变成现实。我相信只要我努力就一定能走向成功。我的理想就会早日实现。我想信我一定能当上科学家。",《我的理想——做一名发明家》
160420,4.0,5.0,4.0,4.0,5.0,4.0,4.0,5.0,4.0,5.0,5.0,5.0,5.0,4.0,4.0,4.0,4.0,4.0,4.0,5.0,5.0,5.0,4.0,5.0,4.0,4.0,5.0,5.0,4.0,5.0,5.0,5.0,3.0,4.0,4.0,5.0,4.0,5.0,5.0,3.0,4.0,3.0,5.0,4.0,4.0,4.0,5.0,4.0,3.0,4.0,4.0,3.0,4.0,4.0,5.0,4.0,4.0,4.0,4.0,4.0,5.0,4.0,4.0,4.0,5.0,4.0,4.0,4.0,5.0,3.0,"那次旅行给我的启示
　　我相信每个人在艺术的道路上都有过挫折，那是什么让你走过这些坎坷呢？或许对我来说是那次旅行，那个他！
　　三年级第一学期一开学，种种“烦恼”都向我涌来，五级没考过，妈妈骂了我一通。没考过的证书和妈妈生气的样子在我心中留下了阴影，渐渐地我对小提琴的热爱已经降低到了零点。
　　期假中的一天，我开始了“反抗”，不管妈妈怎么说我就是不拉琴，把琴藏起来，把琴盒锁上，把琴弦剪断……各种各样的傻事我都干过。妈妈决定带我去“音乐之都”奥地利。
　　经过十几小时的飞机，我们终于到达了奥地利，刚一下飞机，我立马被眼前的景象震撼了，所有的一切都充斥着艺术的气息，大街上到处都有着优美的琴声。人行道是音符，坐椅是乐谱，人们就好似一个个乐手，在我心中奏出了一首无形的交响曲，我迫不及待想要加入这场演奏。就像勃拉姆斯说的：“在维也纳散步时，千万小心别踩到地上的音符。”
　　接下来的几天，我们一起感受哈布斯堡的辉煌历史；一起聆听基督教里的圣经故事；一起在阿尔卑斯山的怀抱里做着深呼吸……
　　有一天，我在“华尔兹之王”施特劳斯的雕像旁边听到了一阵优美的琴声，一定是名音乐家吧！好奇心驱使着我，我随着音乐前进着，近了，更近了，最终我来到了湖边，是“春之声圆舞曲”，是谁呢？我定睛一看，发现是一名衣衫褴褛，瘦骨嶙峋的流浪老人，我在后面找了把椅子，用心灵感受着那美妙的音乐。我静静地听着，他好像看到了春的到来，华丽敏捷的旋律如春天的气息；小鸟甜蜜地歌声渐渐弱了下来，两个重音把我带到了农家小院，那种恬静、安详的美感……
　　这次奥地利之旅让我明白生活中处处有艺术，我们不要为了考试而去学习艺术，音乐的美只有你放下芥蒂，才会出现，那个流浪的老人让我懂得只要你用心去演奏，艺术的舞台处处都在。",《那次旅行给我的启示》
160636,5.0,5.0,4.0,4.0,5.0,4.0,5.0,5.0,5.0,4.0,4.0,5.0,5.0,5.0,5.0,5.0,5.0,4.0,5.0,4.0,5.0,4.0,5.0,5.0,5.0,5.0,5.0,5.0,5.0,5.0,4.0,5.0,5.0,5.0,5.0,4.0,5.0,4.0,4.0,4.0,5.0,5.0,5.0,5.0,5.0,5.0,4.0,4.0,4.0,4.0,4.0,5.0,3.0,5.0,3.0,3.0,4.0,4.0,3.0,4.0,4.0,5.0,5.0,5.0,5.0,5.0,5.0,5.0,5.0,5.0,"我的理想——白衣天使
　　理想，是春天的第一朵鲜花；是夏天的第一束灼阳；是秋天的第一颗果实；是冬天的第一片雪花。人生因为有了理想而丰富多彩，每个人都有自己的理想——当一名教师、警察、军人……而我的理想是当一名白衣天使。
　　还记得那是五年级下学期的期末，那时正在闹流感。我不知从哪里招来了病毒，患上了流感。我本以为是普通的感冒发烧，吃点退烧药就能好，可连续吃了两三天也不见好，反而更加严重了。看着在床上蒙着大棉被瑟瑟发抖的我，爸爸妈妈只好带着我去了医院。
　　到了医院，我立即闻到了一股病毒的气味，顿时感觉周围乌烟漳气的。到了儿科，队竟排得像一条长龙，一眼望不到头，我开始紧张起来。“这队也太长了吧，要排到什么时候呀，”我心想。顿时，我感到全身像是被浸泡在滚烫的火水中，热得发抖。就在我们全家都心急如焚之时，一位身穿白大补，戴着眼镜，和蔼可亲的女医生对我说：“来我的诊室就诊吧，我那边刚开诊，没什么人。”于是我们赶紧到她的诊室就诊，迷迷糊糊的我只是朦朦胧胧的听见医生问我：“你感觉还晕吗？你先稍等，我去准备一下用具。”过了一会儿，她拿着针管、酒精和一个仪器回来了。我刚落地的心又被吊了起来。诊断后确诊为甲流。平常的发烧打针时我都不害怕，但这是流感呀，第一次得流感的我，心里毫无底气。我的上牙紧紧地咬住下唇，脸涨得通红，心不知为什么总是跳个不停，越跳越快，就像节奏越来越快的鼓点，时而大声，时而小声，节奏不一。眼看就要开始打针了，我还以为有什么与众不同呢，原来只扎一下就完了，这可多亏了女医生，把几种药“合体，”使病人减少了一些痛苦。就这样，在女医生的精心治疗下，我终于康复了。
　　通过一年前的这一场大病，我深切地感受到了医生给予我的关怀与温暖，当然也见证了高超的医术，还看到了患者康复时温暖的笑容。于是，我下定决心，将来当一名白衣天使，做一名驱赶病魔的使者，让人们过上健康快乐的好日子。所以，我更要为这而努力，抓住每分每秒，去实现自己的理想，走上成功的路！",《我的理想——白衣天使》
130701,4.0,4.0,4.0,5.0,4.0,4.0,4.0,3.0,4.0,4.0,3.0,3.0,3.0,4.0,3.0,3.0,2.0,3.0,3.0,3.0,3.0,3.0,3.0,4.0,3.0,3.0,2.0,2.0,3.0,4.0,3.0,3.0,3.0,3.0,3.0,3.0,2.0,4.0,4.0,4.0,3.0,3.0,4.0,4.0,4.0,4.0,4.0,4.0,4.0,4.0,3.0,3.0,3.0,4.0,3.0,3.0,3.0,3.0,2.0,2.0,4.0,4.0,3.0,5.0,4.0,4.0,5.0,5.0,4.0,4.0,"奥森跑道两边的美景
　　春天，爸爸带我去奥森公园，练习健步走。跑道两边的美景把我深深地吸引了。
　　彩色的跑道如一道彩虹向远处延伸，挂在遥远的树梢上。跑道两边长满了五彩斑斓的花草树木，绿油油的小草在风中向我点头，雪白的蒲公英在空中飞舞，金灿灿的迎春花在向我展示她的笑脸，可爱的小松鼠抱着它的松果在向我招手，小鸟在树梢上欢快地歌唱，真叫人心情愉快！
　　在跑道两公里处，有一座拱形的大石桥，石桥旁是一片清澈的湖水，太阳公公的阳光照在湖面上，闪着金灿灿光芒。湖面倒映着岸边瑰丽无比的花草，蝴蝶和蜜蜂在花丛中嬉戏。奥森跑道两边的美景真是美不胜收。",《奥森跑道两边的美景》
140740,3.0,3.0,4.0,4.0,3.0,4.0,3.0,4.0,4.0,4.0,3.0,3.0,3.0,3.0,2.0,3.0,3.0,4.0,4.0,4.0,4.0,4.0,3.0,3.0,3.0,4.0,3.0,3.0,3.0,3.0,3.0,4.0,3.0,3.0,2.0,4.0,2.0,3.0,3.0,3.0,3.0,3.0,3.0,4.0,2.0,3.0,2.0,3.0,3.0,3.0,2.0,2.0,2.0,3.0,2.0,3.0,3.0,3.0,3.0,2.0,3.0,3.0,3.0,3.0,2.0,4.0,3.0,4.0,4.0,4.0,"学校里的一景
　　我的学校是A小学,A小学给了我知识和快乐，我在A校区也就是本校。不过我今天可不是来说别的的，而是想给大家讲讲我学校里的一景吧！
　　我最喜欢的是学校里的那一棵松树，它长在学校北楼门口处这棵松树什么也不怕到了晚上学校里一个人也没有，有小野猫，小野狗在这个时候就经常在大松树下嬉戏打闹，可是松树不害怕，它依然挺拔的站在那里一动也不动，它不怕风吹雨打也不怕别的东西我觉得现在一定有很多人喜欢它呢！有一天我看天气预报上说有6级大风呢，可是那一天是周日，去不了学校，我只好在家里按安排表上的自习日那一个去做了。可是到了第二天时，我们都来到了学校，很开心，但我看见了一件不可思议的事，大树在第一天时就因为风太大而且松树也老了，就被吹倒了，但是幸好有老师和保安叔叔看见了，他们立刻给大松树做一个很好的架子。从那天起我每天都来看一看松树的变化，我感受到了一种强大的力量那就是“坚持”！
2017年3月6日
                                                           张敏",《学校里的一景》
150117,3.0,3.0,5.0,3.0,4.0,3.0,4.0,3.0,4.0,3.0,4.0,2.0,4.0,3.0,4.0,3.0,3.0,2.0,4.0,3.0,3.0,3.0,4.0,3.0,4.0,3.0,4.0,3.0,4.0,3.0,5.0,2.0,3.0,3.0,4.0,2.0,3.0,2.0,3.0,3.0,4.0,3.0,5.0,3.0,3.0,2.0,3.0,3.0,4.0,2.0,3.0,2.0,2.0,2.0,2.0,2.0,3.0,3.0,2.0,3.0,3.0,2.0,5.0,4.0,4.0,4.0,4.0,4.0,5.0,3.0,"读《城南旧事》有感
　　在这个寒假我读了一本书叫《城南旧事》，这本书是由著名作家林海音写的。
　　这本书非常感人，有一件事我觉得最感动。这个故事说了，英子要毕业了，但爸爸生病了英子想爸爸的病何时能好，爸爸会不会爬起病床来看我，没有个爸爸的鼓励英子像生了病一样非常害怕，不过她克服了。典礼开始了她们和低年级的同学们一起唱了那首优美又忧伤的歌《送别》。英子毕业了，回家时，爸爸也去世了，她默默地说了一句，爸爸的花儿落了，我也不再是小孩子了。她想起以前的一天，英子起晚了，外面也下了大雨，她说反正已经晚了，我就不去上学了，爸爸很生气就叫她赶快起来，但英子不起，爸爸就抽他，等英子到了学校后爸爸也到了，英子以为爸爸还要抽她，但是没有，爸爸给了他一件暖和的棉衣。
　　这本书让我感受到了,英子小时候淘气、灵巧、天真、可爱的一面，也感受到每次和英子交完朋友，但面对的是朋友一个个的离开，到了最后她的爸爸妈妈都不幸去世了，而英子也想念童年时热闹欢快的场面。
　　而且要珍惜时间，和父母还有每一位同学。",读《城南旧事》有感
130224,4.0,3.0,5.0,4.0,5.0,3.0,5.0,3.0,5.0,3.0,2.0,3.0,3.0,3.0,2.0,3.0,3.0,3.0,4.0,4.0,4.0,3.0,4.0,3.0,4.0,3.0,5.0,4.0,4.0,3.0,2.0,3.0,4.0,3.0,4.0,3.0,2.0,2.0,2.0,3.0,2.0,3.0,5.0,4.0,2.0,3.0,2.0,3.0,4.0,4.0,1.0,2.0,3.0,2.0,1.0,2.0,4.0,3.0,2.0,2.0,4.0,3.0,5.0,3.0,1.0,4.0,2.0,3.0,3.0,4.0,"会轮滑
　　我会轮滑是因为我觉得滑轮滑很勇敢，所以我小时候，就开始喜轮滑了。
　　小时候我看到小朋友在广场上滑的很帅，也很飘逸，新奇地发现他们穿的鞋是带轮子的，爸爸说：这是轮滑，然后，我求爸爸让我学，爸爸给我报了培训班，在培训班上老师在队前为我们讲动作要领，我认真地听、努力去模仿老师的动作，老师让我们转圈滑，我老爱摔跟头，老师和妈妈都在那催促滑快一点，我生气地说：够快了！后来在妈妈的鼓力下，他们叫我勇敢些，眼睛向前看，两腿要夹紧，蹬腿要有力。通过不断努力。后来，学会了八字脚、刹车、上下楼梯等动作。
　　现在周日我常有时间就在公园里滑轮滑。",《我轮滑》
130135,3.0,4.0,5.0,5.0,4.0,5.0,3.0,4.0,5.0,5.0,3.0,4.0,3.0,4.0,3.0,5.0,3.0,5.0,4.0,4.0,5.0,5.0,4.0,5.0,5.0,4.0,5.0,4.0,4.0,4.0,4.0,5.0,3.0,4.0,4.0,5.0,2.0,4.0,2.0,3.0,3.0,4.0,5.0,4.0,3.0,3.0,3.0,4.0,3.0,3.0,3.0,4.0,2.0,3.0,2.0,3.0,4.0,3.0,2.0,4.0,2.0,3.0,5.0,4.0,5.0,4.0,5.0,5.0,3.0,4.0,"可爱的小龟
　　我家有一只小龟，它很可爱。它的头部长着一对黑而亮的小眼睛，它的脖子像弹簧一样伸缩自如，它的壳很硬，颜色是深灰点的，它共有四个爪子，锋利无比，它的尾巴又粗又短。
　　我家小龟特别喜欢吃小鱼和小虾，平常行动很缓慢，但捕起食物来，动作很敏捷。比如有一次我放了几只小鱼，它先慢慢逼进小鱼，盯准目标，张开大嘴抓住小鱼，一口就把小鱼吞进肚里。它喜欢在水里游来游去，有时候爬到石头上休息。到了冬天它就开始冬眠，什么都不吃了。
　　我喜欢我家的小龟，因为它很可爱，还很活泼。",《可爱的小龟》
140901,4.0,3.0,4.0,5.0,4.0,4.0,4.0,4.0,4.0,4.0,3.0,3.0,4.0,4.0,3.0,4.0,4.0,4.0,4.0,4.0,4.0,4.0,4.0,4.0,4.0,3.0,4.0,4.0,4.0,3.0,4.0,4.0,4.0,3.0,4.0,4.0,3.0,4.0,4.0,4.0,3.0,3.0,4.0,3.0,3.0,3.0,4.0,4.0,4.0,4.0,3.0,3.0,3.0,3.0,2.0,2.0,3.0,3.0,2.0,2.0,3.0,3.0,4.0,5.0,4.0,4.0,4.0,4.0,3.0,3.0,"好书推荐
　　我给大家推荐的是《十岁那年》。这本书是诗哥体裁的小说，行文流畅，语言简单，所表达的情绪特别直接和彻底。
　　文中的我也就是小女孩金河，用她的视角来进述她的幸福和哀愁，比如战争之前家乡的美丽，战争来临人们的恐慌，逃难过程中家人的苦楚，移民成功后寄人篱下的凄凉，上学在学校被同学期负的无助，终于在亲朋好友的帮助和鼓励下自强满足。当这些故事一个一个展现在我们眼前的时候，诗歌的语言让我们觉得美丽的更美丽，忧伤的更忧伤。
　　战争给人们带来的是什么，看完这本小说我们会认真地从一个孩子的角度去思考。
　　简单、明快的节奏孩子纯净的语言，叙述着一个并不轻松且依旧充满希望的事，就是《十岁那年》。
　　我觉得这本书非常好看，而且《十岁那年》这本书非常有教育意义，让我感觉到小女孩也就是金河很坚强，我们要珍惜现在的美好生活。",《好书推荐》
130406,3.0,4.0,4.0,5.0,3.0,5.0,2.0,3.0,3.0,4.0,2.0,3.0,2.0,4.0,3.0,4.0,4.0,4.0,4.0,3.0,2.0,4.0,3.0,3.0,4.0,4.0,4.0,4.0,4.0,4.0,4.0,3.0,4.0,3.0,3.0,4.0,3.0,4.0,3.0,2.0,3.0,4.0,4.0,4.0,3.0,3.0,3.0,4.0,4.0,4.0,2.0,3.0,2.0,3.0,3.0,4.0,4.0,4.0,2.0,2.0,3.0,3.0,4.0,5.0,3.0,5.0,3.0,4.0,4.0,4.0,"爱心义卖
　　在我的脑海里，有许多难忘的事。但最让我难忘的，还是6.1儿童节的爱心义卖活动。
　　期盼已久的那一天，同学们迫不及待的想开始始义卖。等人都到齐了以后，我们就就开始往下搬东西，真想把所有的东西一下全部搬下来呀！可惜太重了，拿不下来。只好一件件细心的拿，等勤劳的同学都干完活以后，小销售员，小顾客，志愿者家长都就位了以后，终于义卖开始了。我是个小顾客，游遍了个个摊点，看遍了个个售物，但没什么我喜爱的。就在这时，2个五年级的大哥哥拦着我说：“一盒扑克一元！”“不要！”“外加二个作文本！”“好吧！”我说。这样，我就买了一盒扑克和二个作文本了。其它,我就没什么喜欢的了。我就高高兴兴的去当销售员了，就在这时。铃声响起了。
　　美好的时间总是短暂的，爱心义卖结束了。同学们怀着一颗恋恋不舍的心回到了教室。
　　我们挣来的钱将捐给贫困山区的学生们，给他们买书和文具。我能想到他们读书的快乐，我也快乐。这次义卖，我们做了一件很有意义的事。",《爱心义卖》
240239,3.0,3.0,4.0,4.0,3.0,4.0,3.0,3.0,3.0,4.0,3.0,3.0,3.0,4.0,2.0,3.0,3.0,4.0,3.0,4.0,3.0,4.0,2.0,3.0,3.0,3.0,2.0,3.0,3.0,4.0,3.0,4.0,3.0,3.0,2.0,3.0,2.0,3.0,2.0,3.0,2.0,3.0,2.0,3.0,3.0,4.0,2.0,3.0,3.0,4.0,3.0,4.0,2.0,3.0,2.0,3.0,3.0,4.0,3.0,4.0,3.0,4.0,3.0,4.0,3.0,4.0,3.0,3.0,2.0,3.0,"2017年来到啦
　　辞去2016年迎来2017年，今天是大年三十我一大早起来，看见爸爸、妈妈、奶奶、大姑，在装饰院子，我跑过去问爸爸：“我可以和你们一起装饰吗？”“可以呀，不过你要装饰屋子里面。”爸爸说。
　　我拿起一对小鸡，贴在了冰箱上，不一会我就贴完了爸爸给我的年画，走廊两旁贴了两个大大的福字，我们从早晨9点一直忙到中午11点，家里被我们装饰的喜气洋洋。
　　下午，我的大姑，二姑，三姑都来了。她们每个人给了我一个红包，奶奶给了我一个大红包。
　　晚上，香喷喷的年夜饭端上了饭桌，大家坐在桌子旁聊天，一边吃着年夜饭，一边等待着春晚的开始。
　　深夜，我们吃完了年夜饭，守在电视旁，吃着干果，看着春晚，还不到12点爸爸已经睡着了，我和妈妈一直在电视旁。已经凌晨1点30分了，春晚才刚结束。我们母女俩都凌晨3点才睡觉。因为我实在是太兴奋了。
　　2017年已经到来，又是新的一年。在2017年我们会更加勤奋！在2017我们会更加努力！在2017我们又长了一岁！在2017绽放最美的自己！",《2017年来到了啦》
130603,3.0,3.0,4.0,4.0,4.0,5.0,4.0,3.0,4.0,4.0,3.0,2.0,3.0,3.0,3.0,3.0,3.0,3.0,4.0,4.0,4.0,4.0,4.0,3.0,4.0,4.0,4.0,4.0,4.0,4.0,4.0,3.0,4.0,4.0,4.0,4.0,3.0,3.0,3.0,3.0,3.0,3.0,5.0,5.0,4.0,4.0,4.0,4.0,4.0,4.0,3.0,3.0,3.0,3.0,2.0,2.0,3.0,4.0,2.0,2.0,3.0,3.0,3.0,5.0,4.0,5.0,4.0,4.0,4.0,3.0,"温顺的鲨鱼
　　今天，我和同学们一起去海洋馆参加实践活动，我们观察了许许多多的海洋生物，其中我最喜欢的海洋生物是鲨鱼。
　　一听见鲨鱼这两个字，很多人都会觉得它很凶猛，事实上并不是这样的，只有大白鲨和虎鲨才很凶猛,其它的鲨鱼都很温顺,有的鲨鱼看见人们在游泳，它们还会给人们让路呢！
　　我们刚进入鲨鱼小镇，就看见几只鲨鱼朝我游来。“啊！”我吓得都不敢看它们了。过了一会儿，我才敢慢慢走近去观察它们。有一只鲨鱼长得很小，大概有一米多。它的脖子上有几道划痕,我觉得可能是打架留下的也可能是天生就有的。它的身体是灰白色的，头是三角形的，眼睛很小。它的鳍也是三角形的，它的牙，很尖很尖，像一把把锋利的刀。我觉得它一点也不凶猛，反而很温顺,所以，我觉得它一定不是大白鲨或虎鲨，说它是小白鲨嘛,倒还能说得过去。
　　通过这次实践活动，我们一定要保护海洋，还给它们一个美丽的“海洋之家！”",《温顺的鲨鱼》
130318,3.0,3.0,4.0,4.0,4.0,4.0,4.0,3.0,4.0,3.0,4.0,3.0,3.0,3.0,4.0,3.0,3.0,3.0,3.0,4.0,3.0,3.0,3.0,3.0,3.0,3.0,3.0,4.0,4.0,4.0,3.0,3.0,3.0,3.0,3.0,4.0,3.0,4.0,3.0,4.0,3.0,3.0,4.0,3.0,3.0,3.0,3.0,4.0,4.0,3.0,3.0,3.0,3.0,3.0,3.0,3.0,4.0,4.0,2.0,4.0,4.0,3.0,4.0,3.0,4.0,4.0,4.0,4.0,4.0,3.0,"父母的爱
　　父母对我的爱有很多，但最让我感受最深的，是一天傍晚的事。那天傍晚，妈妈接我回家，爸爸以为我吃了饭就没做什么，只摊了个鸡蛋，但一听我没吃饭，就马上放下筷子，赶紧给我做饭，做了我爱吃的豇豆和西红柿鸡蛋，我心里美滋滋的。
　　去年，爸爸妈妈带我去广州玩的时候，一共四天行程，原本我们要去四个地方，可是第一天去了鳄鱼公园没玩够，开始求妈妈：“再带我去一次吧！我还没玩够呢！”最后妈妈同意了，我看一个动物的时间很长爸爸妈妈默默地看着，爸爸妈妈真爱我啊！
　　我体会了父母的爱，我以后一定报答他们。",《父母的爱》
150407,4.0,4.0,4.0,5.0,4.0,5.0,4.0,4.0,4.0,4.0,3.0,3.0,4.0,3.0,4.0,4.0,4.0,4.0,4.0,4.0,4.0,4.0,4.0,3.0,4.0,4.0,4.0,4.0,4.0,4.0,3.0,4.0,3.0,3.0,4.0,4.0,4.0,3.0,4.0,4.0,3.0,3.0,4.0,3.0,4.0,4.0,4.0,4.0,4.0,3.0,3.0,4.0,3.0,3.0,3.0,3.0,3.0,3.0,2.0,2.0,4.0,4.0,4.0,5.0,4.0,5.0,4.0,4.0,3.0,3.0,"真正的团结
　　在我的记忆里，我经历过很多令我念念不忘的事，其中一件我仍记忆犹新，它让我懂得了什么是真正的团结。
　　4月28日，我校举办了一年一度的体育节。我们班同学个个穿着有活力的班服，准备随时大干一场，我们精神抖擞，一出场气势就压倒了别的班，好像我们已经赢了一样。
　　比赛有3项，我们已经拿了一个第1，一个第3,要想老师兑现诺言——假期不留作业，就靠双人滑板了！快开始了，第1组同学坐在滑板上，随时等待那声“嘟——”，三，二、一！比赛开始了！我的心也怦怦直跳起来。前几组开了个好头，落下别的班一些距离了，仿佛我们正走在通往冠军的路上。但我突然像热锅上的蚂蚁一样，又着急又帮不上忙。因为我们班的速度明显减慢了不少，都快被3班追上了！此时，比赛快结束了，我们和3班争着第1,但还是被他们超过了。比赛只得了个第二！我想把气撒在减速的人的身上。但我看见她的手后吓了一跳，那鲜红的血被白布包着，但她的形象却在我心中高大起来。原来她的手卡在车轮里了，但她还是坚持比完了赛，再去包扎的。但这换来了我们班的团结，就算只有1个第1,也值得了。
　　那天过后，我发现班老师所谓的诺言只不过是想鼓励我们更加团结罢了，大家都知道老师的意思，所以也没不开心。真正的团结不是你取得了好名次，也不是比赛后互相埋怨，而是在没有取得好名次后互相安慰，互相说声：“没事，大家都已经尽力了！”这才是真正的团结，这也是老师们希望看到的，这才是老师真正的目的，不留作业只是为了达到这个目的而已。
　　这届体育节我学到了很多，它也让我念念不忘，记忆犹新，十分感动！",《真正的团结》
150426,4.0,4.0,3.0,3.0,4.0,4.0,3.0,3.0,4.0,4.0,3.0,3.0,4.0,4.0,5.0,5.0,5.0,5.0,5.0,5.0,4.0,4.0,4.0,4.0,5.0,5.0,5.0,5.0,5.0,5.0,3.0,3.0,3.0,3.0,4.0,4.0,4.0,4.0,4.0,4.0,4.0,4.0,4.0,4.0,3.0,3.0,5.0,5.0,5.0,5.0,3.0,3.0,4.0,4.0,3.0,3.0,4.0,4.0,2.0,2.0,4.0,4.0,5.0,5.0,5.0,5.0,5.0,5.0,3.0,3.0,"图的是什么
　　我家的后面住着一位吴阿姨，说起她，左邻右舍都夸奖。
　　阿姨有一头雪白的头发，一对浓眉大眼，高挺的bi2梁和常带着微笑的嘴巴。
　　阿姨原来在皮件厂工作。我妈妈从箱子里拿出积压好几年的几块布料，让阿姨帮我做几套衣服。阿姨一听二话没说，爽快地答应了，立刻帮我量尺寸。只见她一边量尺寸，一边用笔细心的记着。她等全部量完后，把布料平铺在桌面上，用画笔勾画出衣服，裤子的样子，再用剪刀小心翼翼的沿着画笔的印子剪下来。阿姨真是心灵手巧啊！一套像模像样的衣服模型呈现在我眼前，可阿姨脸上挂满了汗水。尽管这样，阿姨还是笑着对我说：“苑伟明天可以穿新衣服了！”我感动的说不出话来。
　　阿姨不仅帮别人缝补衣服，还经常帮附近的人做家务。奶奶有个烘熏豆的爱好。有一天，奶奶要剥毛豆。我看这一大堆毛豆心里想：今天要被“软禁”了，什么看电视，玩手机都泡汤了。正胡思乱想的时候，“及时雨”吴阿姨来了。啊，这下有救了。我心里乐开了花，“阿姨，您怎么知道我家要剥毛豆的？”我问道。“我刚才洗衣服的时候，见你奶奶拿着很多毛豆回来。我猜今天你们家一定要剥毛豆，就过来了。”阿姨一脸堆笑地说。就这样，整整一下午，阿姨不声不响的地剥着毛豆。奶奶给阿姨泡的茶一下午也没喝，她回家时，奶奶送她一点毛豆和青菜也不要。这件事我深受感动，让我的热泪夺眶而出。
　　这种事数不胜数，我也明白了，吴阿姨图的是让我们这一代学会助人为乐的好品质，做一个“赠人玫瑰，手留余香”的好少年！",《图的是什么》
150236,5.0,4.0,5.0,4.0,5.0,4.0,5.0,5.0,5.0,5.0,5.0,4.0,5.0,5.0,4.0,5.0,5.0,5.0,4.0,4.0,5.0,5.0,4.0,5.0,4.0,4.0,4.0,5.0,5.0,5.0,5.0,4.0,5.0,5.0,3.0,4.0,3.0,3.0,4.0,5.0,4.0,4.0,5.0,5.0,4.0,4.0,3.0,4.0,3.0,3.0,3.0,4.0,3.0,3.0,3.0,3.0,3.0,4.0,4.0,4.0,4.0,4.0,5.0,4.0,5.0,5.0,5.0,4.0,4.0,5.0,"致冰花男孩的一封信
冰花男孩：
　　你好！
　　我是北京市海淀区A小学的一名学生。我在网上看到你顶着风霜雨雪、不畏艰险也要去上学的照片后，心里既替你担心、又很惭愧。
　　事情是这样的：就在我上三年级的一个冬天，天气已经达到零下五度了，可能在你眼里零下五度一点也不冷，可就是这样的天气把我冻得像个冰棍。在那天放学回家的路上，爷爷骑电动车坐在前面，而我就坐在爷爷的紧后面虽然我被爷爷庞大的身体所遮挡，但是眼睛还是被冻得睁不开眼。手就像不听使唤似的钻进了衣服兜里。家离学校仅仅不到两公里的路程，我却感觉像五公里一样远；从家到学校只需要十分钟，我却感觉需要半个小时。
　　经过这个事情后，我又听说你是在零下八度的气温下，自己从家走到学校、从学校回到家的，距离远远超过了两公里，更何况你们那边缺少资源，可能连衣服都穿不暖，连饭都吃不饱，教室里也没有电子设备，桌椅也零零散散，放学回到家后还要帮长辈干活儿。这不正是：“苔花如米小，也学牡丹开。”虽然你的力量微不足道，但是也要学牡丹一样“绽放最美的自己！”最后，我希望你能坚持不懈，实实在在的一步步走向成功，实现你的梦想—当上科学家，为祖国争光！
　　此致
敬礼！
你远方的伙伴
2018.3.31",《致冰花男孩的一封信》
160225,3.0,2.0,4.0,2.0,4.0,2.0,4.0,3.0,4.0,2.0,2.0,2.0,4.0,2.0,4.0,2.0,2.0,2.0,4.0,2.0,4.0,2.0,3.0,2.0,3.0,2.0,3.0,3.0,3.0,2.0,3.0,2.0,4.0,2.0,3.0,2.0,3.0,2.0,3.0,2.0,4.0,2.0,3.0,2.0,2.0,2.0,3.0,2.0,4.0,2.0,2.0,2.0,3.0,2.0,2.0,2.0,4.0,2.0,2.0,2.0,4.0,2.0,3.0,2.0,4.0,2.0,3.0,2.0,2.0,2.0,"无穷无尽的关爱
　　要是说到关爱，有的人会说是老师的关爱，还有人会说是同学的关爱，而我得到的是母亲无穷无尽的关爱！
　　有一天外面寒风呼啸，下起了倾盆大雨，那天我刚好感了冒，妈妈和爸爸又很晚才下班我病的越来越重，妈妈和爸爸回来后立马给我找药吃，又给我打水换水，给我拿湿毛巾擦拭干净，就这样爸爸和妈妈就这样照顾了我三天三夜，爸爸和妈妈连眼睛都没闭过照顾了我三天三夜，这让我明白了父母的爱是无穷无尽的，不管什么时候你都明白父母做的一切都是为了你好，所以有的时候你也不要怪父母给你报了一大堆的课外辅班而占用了你的私人空间而觉的愤怒。因为他们是你的父母。
　　无穷无尽的关爱我觉得就是在你需要帮助的时候父母，老师，同学，朋友能来帮助你，生活中其时还有很多无穷无尽的关爱，这就是父母那无穷无尽的关爱。",《无穷无尽的关爱》
250127,4.0,4.0,4.0,4.0,5.0,5.0,3.0,3.0,4.0,4.0,2.0,2.0,4.0,4.0,3.0,3.0,3.0,3.0,3.0,3.0,3.0,3.0,3.0,3.0,4.0,4.0,5.0,5.0,5.0,5.0,4.0,4.0,5.0,5.0,5.0,5.0,5.0,5.0,2.0,2.0,3.0,3.0,3.0,3.0,3.0,3.0,3.0,3.0,4.0,4.0,4.0,4.0,4.0,4.0,3.0,3.0,4.0,4.0,2.0,2.0,4.0,4.0,5.0,5.0,5.0,5.0,4.0,4.0,3.0,3.0,"听音频风波
　　这个寒假，我在香港，和我表弟一块在晚上听“哈利波特”的音频。可是我表弟总是动来动去，很烦人！
　　一天，表弟忙着拉完小提琴，像鸭一样一摇一摆地跑过来，我真开心！他是多么可爱，多么活泼！听着，听着，我觉很不对劲，低头看了一眼地，上面推着一个大被子。我瞪他了一眼，心里很难受，刚刚怎么可爱，怎么现在这么淘气了？!又过了一会儿，感觉我像在蹦床，我望了望他，他居然严肃地在抖床！!!我已经要炸开锅了！我生气地对表弟说，“不要打了！是不是不想听了？!”他急忙地摇摇头，很羞愧地缩着脖子。我认真听着，这下心才静下来。可是再想想，明天我就要回北京了，下一年才能再见到表弟，我的心仿佛立刻去山顶跌落到了山脚，我伤心极了！真后悔我刚刚居然对他那么说话！他才六岁，真想和他赶快道歉，赶快和好！可是这一集还没结束呢！虽然能停，但是我却很害怕，怕一停，妈妈就会以为我们俩又吵架了，然后就进来骂我。这一集听完了，我向他道了歉，又开始一起玩了（我都不知道这章我有没有听进去）。现在他脸上又挂起一副微笑，我也开心了！
　　从这次风波中，我找到了解决办法，我们俩变得越来越友好了，也越来越懂对方了。只可惜，我明天就要走了，真依依不舍！",《听音频风波》
160311,3.0,4.0,2.0,5.0,4.0,5.0,3.0,4.0,3.0,5.0,3.0,3.0,3.0,4.0,3.0,3.0,3.0,4.0,3.0,5.0,3.0,4.0,3.0,3.0,4.0,4.0,4.0,4.0,4.0,3.0,4.0,4.0,4.0,3.0,3.0,4.0,2.0,4.0,3.0,3.0,2.0,4.0,3.0,3.0,3.0,3.0,3.0,4.0,3.0,43.0,2.0,3.0,2.0,4.0,3.0,3.0,3.0,3.0,2.0,3.0,3.0,3.0,3.0,5.0,2.0,5.0,2.0,3.0,2.0,3.0,"小木船
　　我急了“干什么！”我的眼睛里含着泪水，陈华红着脸说：“对不起，我不是故意的。”他把头低了下来，我用力推了他一下，陈华住后一退，我心烦的走进了我的房间里，开始失声大哭，陈华敲了敲门“对不起，下次不会发生了”我生气的说：“下次，还有下次！”陈华走开了，我看着的小木船我听见有开门、关门的听声。难道他回家了吗？会不会有危险？不！我一定要出去看的情绪调整一下，可是如果他走了怎么办?不管了出去”原来他让我听见开关门的声音是为了让我出来”他看看我，我看看他，不知谁先开口。过了一会他说“那个……我先回去了”我刚要开口，他又说：“不用送了”我把它给了陈华我看他把书包背上，之后回家了……
　　第二天放家的时候，我看他的兜里有一个鼓鼓的东西，不知攥着什么，忍然他冲我说：“上次是我不好，明天我要转学了……我做了一只本船，留个纪念吧”说着把船给了我。想想那天的事，本来是我的错，我望着他双热愤的眼睛，一句话也说不出，可心里暖暖的。
　　陈华走了以后，我们没有见过面，每次，一看见小木船时，就好像看见“陈华”站在我的面前和我笑。",《小木船》
160733,4.0,4.0,5.0,4.0,5.0,4.0,5.0,3.0,4.0,4.0,3.0,4.0,4.0,4.0,5.0,4.0,5.0,4.0,5.0,3.0,4.0,3.0,4.0,3.0,5.0,3.0,5.0,4.0,5.0,4.0,5.0,3.0,4.0,3.0,3.0,4.0,4.0,3.0,5.0,3.0,5.0,3.0,5.0,4.0,4.0,3.0,4.0,3.0,5.0,4.0,4.0,2.0,4.0,3.0,5.0,2.0,5.0,4.0,2.0,2.0,5.0,4.0,5.0,4.0,5.0,4.0,5.0,4.0,4.0,3.0,"读《基督山伯爵》有感
　　几周前，我去了图书馆。在里面翻看时，偶然发现了一本《基督山伯爵》，我记得我曾在《三个火枪手》后面看过这样一句话“如果你有时间看大仲马的著作，则先看《三个火枪手》，如果还有时间，就看《基督山伯爵》。”于是我就怀着好奇的心理翻了翻，没想到看一眼就被曲折的情节迷住了，赶忙把它借回家，看了几天就看完了。后来还想再看一遍，就干脆买了一本，还下载了音频。
　　《基督山伯爵》讲述的是一个复仇故事。主人公唐太斯年纪轻轻便当上了船长，并即将与未婚妻完婚，生活十分幸福。但也有一些人很嫉妒他，比如邓格拉斯，他也想成为“法老号”的船长，还有费尔南，他嫉恨唐太斯夺去了自己的意中人，以及害怕唐太斯手中的信会影响自己前途的法官维尔福。他们三人合力将唐太斯终身监禁。唐太斯在狱里结识了一位博学多才的神父，神父教给了唐太斯许多知识，还告诉了他一大笔财宝的埋藏地点。唐太斯逃脱后，前往藏宝地点取出了财宝。然后他回到家乡，化名为基督山伯爵开始了复仇行动，并给了三人应有的惩罚，表达了“善有善报，恶有恶报”的思想。
　　在看到唐太斯越狱成功并取得财宝之前，我越来越痛恨陷害唐太斯的三人，犹其是法官维尔福。即使那封小小的信有可能影响他的前途，他把信烧了也就完了，为什么还要把人关起来呢？后来我才发现，原来维尔福不仅担心信送到那个人手中，还害怕唐太斯看过，所以就把人关了起来，可见维尔福性格的多疑与残忍。邓格拉斯变得非常有钱，也是陷害唐太斯得来的“不义之财”，当看到他自作自受变得一贫如洗时，我相信所有人都会拍手称快。
　　作者用精湛的技艺让所有人都身临其境地体会到陷害别人绝不会有好下场，我希望这世界上所有人都真心相待，永远没有陷害！",读《基督山伯爵》有感
140602,4.0,3.0,4.0,5.0,4.0,5.0,3.0,3.0,3.0,3.0,3.0,2.0,3.0,4.0,3.0,3.0,3.0,4.0,4.0,4.0,3.0,3.0,4.0,4.0,3.0,3.0,3.0,3.0,3.0,3.0,4.0,3.0,3.0,3.0,3.0,4.0,3.0,4.0,3.0,3.0,4.0,4.0,4.0,3.0,3.0,3.0,3.0,3.0,4.0,3.0,3.0,3.0,3.0,4.0,3.0,4.0,3.0,3.0,2.0,2.0,3.0,3.0,3.0,5.0,4.0,5.0,3.0,4.0,3.0,3.0,"乐乐修
　　修杰，她长着一双乌黑的眼睛，乌黑的头发，小小的耳朵，和一张樱桃小的小嘴。
　　修杰总是乐哈哈的，我们上次约着一起爬山，她总是乐哈哈的，她跟我讲了许多有趣的话，乐的我都快走不了了，到了山顶，我们还在草地上吃午饭，她还一边看笑话书一边吃，还乐的饭都吃不下去了，当然，她在学习上也一丝不苟，很认真，每次上数学课听到她那洪亮的声音就很pei4服，在奥数课上她专心做笔记，有人进屋，她也不抬头看一眼。在我们乐团就更是了，她每次遇见老师或陌生人都会问好！她专时专用，是我们学习的好榜样！
　　修杰，是我最敬佩的人，我们应该向她学习！!!",《乐乐修》
140603,4.0,4.0,5.0,5.0,4.0,4.0,4.0,3.0,4.0,4.0,4.0,3.0,4.0,4.0,4.0,4.0,4.0,3.0,4.0,4.0,5.0,5.0,4.0,4.0,4.0,5.0,4.0,4.0,4.0,4.0,4.0,3.0,4.0,4.0,4.0,4.0,3.0,5.0,4.0,4.0,4.0,3.0,5.0,5.0,4.0,4.0,4.0,3.0,4.0,4.0,3.0,3.0,4.0,4.0,4.0,5.0,4.0,4.0,2.0,2.0,4.0,3.0,4.0,5.0,4.0,5.0,5.0,5.0,4.0,3.0,"爱书唐
　　说到读书吧，谁也没我旁边这位有发言权了。您别瞧着我天天捧着书，她呀，连床都不起就抓起一本书缩在被窝里看，您甭不相信，她就是这么个人儿。
　　再说说她家的书，满满登登一大柜子。每次去她家玩，我们都各干各的，谁也不打搅谁。我画画，她看书。呼，终于画完了。再往她那一瞅，嚯！大书小书推了一地，活像一个小书摊儿！我叫了她好几声都没听见，眼睛都不眨一下，太认真了！
　　她吃饭时也想着书里的内容。上次差点把我噎到哎，“你说，主人公为虾米要这么对她最好的朋友这样呀？”“什么叫虾米……咦？人呢？”原来这家伙又跑去看书了，无语……
　　总之，她每次都对书爱不释手。上次她过生日，我送她一本书。她蛋糕不吃了，礼物不拆了，游戏不玩了，派对不办了，跑一边儿看书去了！真是让人哭笑不得呀！
　　她读书，书也回报她。今天学会写人啦，明天积累几句名言啦，后天会背几首古诗啦……数不胜数……
　　她不是我们班同学，而是我的发小——唐帅。因为她酷爱读书，所以我们才戏称她为“爱书唐”。",《爱书唐》
240110,3.0,4.0,4.0,4.0,4.0,4.0,4.0,4.0,4.0,4.0,4.0,4.0,4.0,4.0,3.0,3.0,3.0,3.0,4.0,4.0,3.0,4.0,3.0,3.0,4.0,3.0,4.0,4.0,4.0,4.0,3.0,3.0,4.0,4.0,4.0,4.0,2.0,2.0,4.0,4.0,4.0,4.0,4.0,3.0,3.0,3.0,3.0,3.0,3.0,3.0,2.0,2.0,3.0,3.0,2.0,2.0,3.0,3.0,3.0,3.0,3.0,5.0,4.0,5.0,4.0,4.0,4.0,4.0,3.0,3.0,"老师进班了
　　“叮铃铃、叮铃铃”上课铃打响了，同学们像潮水一样冲进教室，我们一进教室，老师就进班了对我们说：“请大家写一篇即兴作文。”我刚一听到作文两字的时候，就紧张地想“作文会很难吗？作文要写很长吗？”一串的问题在我的心中紧起了我的好奇心。老师说：作文的题目是：“老师进班了”，我想：“应该不会太难啦”。",《班主任进班了》
140114,5.0,4.0,5.0,4.0,5.0,4.0,4.0,4.0,4.0,4.0,4.0,3.0,4.0,4.0,3.0,3.0,4.0,3.0,4.0,4.0,3.0,4.0,3.0,4.0,5.0,3.0,5.0,4.0,4.0,4.0,4.0,4.0,4.0,4.0,3.0,3.0,4.0,4.0,4.0,4.0,4.0,3.0,5.0,4.0,5.0,3.0,4.0,3.0,5.0,4.0,4.0,3.0,4.0,3.0,4.0,3.0,5.0,4.0,4.0,3.0,3.0,4.0,5.0,4.0,5.0,4.0,5.0,4.0,5.0,4.0,"游紫竹院
　　开学前的最后一个周日，我们约上大宇哥哥一家到美丽的紫竹院公园，算是跟三年级暑假告个别吧。
　　一进公园我们就大吃一惊，平时跳舞的叔叔阿姨不见了，映入眼帘的是一些穿着白大褂的叔叔阿姨被人围住。我们也走上前去，原来是部队医生在义诊。看，这位奶奶在量血压，那位医生在给爷爷在号脉；有位医生在给阿姨埋耳针；还有位叔叔在和医生咨询着什么……我们也加入了问诊的队伍，医生说爸爸工作压力太大属于亚健康，要注意合理安排生活；说哥哥爸爸有些超重要注意安排饮食哦！医生们放弃了自己休假来公园义诊使大家在游玩的同时就把病看了。
　　看完了“病”我们继续前行，穿过翠绿的竹林走上一座拱桥，站在桥上往下看，哇！真是接天连叶无穷碧，映日荷花别样红。啊。一朵朵荷花娇艳欲滴，一个个莲蓬昂首挺立。这是只有这个季节才有的景色啊！
　　我们下了拱桥继续前行，就来到了租船码头，也许是告别暑假的人太多，船被租光了，我们只好对着湖面上的船望而兴叹了。
　　带着这点小遗憾，我们离开了公园。想想这次游玩真是很有意思。不但欣赏了紫竹、荷花等美景，而且得到了医生的义诊，真是意外之喜，可是让我们有点小失望的是没有租上船这是人们常说的“月满则亏，水满则溢吧。”",《游紫竹院》
160109,4.0,4.0,5.0,5.0,5.0,5.0,5.0,3.0,5.0,4.0,4.0,3.0,5.0,4.0,3.0,3.0,4.0,3.0,5.0,4.0,4.0,3.0,5.0,4.0,4.0,4.0,4.0,5.0,4.0,5.0,4.0,4.0,4.0,4.0,4.0,4.0,4.0,4.0,4.0,4.0,4.0,3.0,5.0,4.0,4.0,4.0,4.0,4.0,4.0,5.0,3.0,4.0,4.0,3.0,4.0,3.0,4.0,4.0,3.0,2.0,4.0,4.0,4.0,5.0,5.0,5.0,4.0,4.0,4.0,3.0,"童年里一件难忘的事
　　童年里发生的事有很多，开心的，难过的，生气的，幸福的。它们如乐谱中一个个音符，组成了一个优美而动听的乐谱，展现了一个有喜怒哀乐的多姿多彩的童年，一章章乐谱里，我想：其中那一个最优美的就那次骑车了，直到现在，我依然记忆犹新。
　　那是一个风和日丽的星期天。我刚写完作业，拿起新买的变速自行车伴随着妈妈的提醒迫不及待地直接飞奔着下了楼。我心想：我都骑了多少次了，有什么可担心的？
　　下了楼，我虽然骑过许多次，但也已经好久没有骑了，有点生疏。可我还是不顾一切的一跨就上了自行车，心中暗暗窃喜。过了一会儿，我试着踩车轮，我似乎找回了感觉。很快，我又像从前一样绕着小区骑了起来。
　　一圈、两圈……随着圈数的增加，我更有信心了，加快了速度。我已经从原来的8档调到了3档。当我发现车子并没有我想象的那么危险时，我竟为了能够更刺激调到了1档!车子飞一般的前进着，旁边的风呼呼的如刀削般滑过脸颊。我甚至试着把手松开！
　　正当我玩儿的起兴，眼前看到一个黑黑的东西。我正诧异，自行车的车把忽然歪了一下，那时我还正试着把手放开骑呢！紧接着“嘭的一声，自行车倒了。后果不堪设想。但我也只好忍痛站起推着车子往回走。
　　走在回家的路上，我心想：如果我当初没有骄傲，就不会这样了。我想，在学习中不也是一样的吗？不管获得了多么高的分数或多么大的成功也不能骄傲自大，而应该谦虚的对待每一件事。这样才能成功我想这就是“谦虚万事能成，自满十事九空。”的含义吧。这件事真令人收获颇丰！",《童年里一件难忘的事》
130424,3.0,3.0,4.0,3.0,4.0,3.0,5.0,3.0,4.0,3.0,3.0,3.0,4.0,3.0,3.0,3.0,2.0,3.0,3.0,3.0,3.0,3.0,2.0,3.0,2.0,3.0,4.0,4.0,3.0,3.0,2.0,3.0,2.0,3.0,4.0,3.0,3.0,3.0,3.0,3.0,3.0,3.0,5.0,3.0,2.0,3.0,3.0,3.0,4.0,4.0,2.0,3.0,3.0,3.0,2.0,2.0,4.0,2.0,2.0,4.0,2.0,3.0,5.0,4.0,3.0,3.0,4.0,4.0,3.0,3.0,"一次义卖
　　一早我高兴的来到学校，等待今天的义卖，这次义卖我们三（2)在南楼的门口，那里搭着小帐篷。
　　我下数以后，共去了三（2)班，我们班的商品可真是琳琅满目、各种各样呀！我买了个小发卡,然后我到了三班买了个小挂件，那个挂件是个爱心、蓝色的，我到四班买了本书叫《笑猫日记》后来，我到篮球gia4下看书，然后我接着买书共买两本书共花15元，接着我又买了个小龙人共花一元，又买了个小本共花了3元，又买了个小挂件看见了我的好友冯修于在他那买了个铅笔盒共花一元，我的好友王丽买了气球笔等，胡涛买了小本、气球等，最后在回家的路上我和妈妈说这次义卖太有意思了。
　　我希望以后大家常做这样的事，这叫送人玫瑰、手有余香、雪中送炭。我希望学校下次一定能再做一次。",《一次义卖》
250137,2.0,3.0,4.0,5.0,3.0,3.0,3.0,4.0,3.0,3.0,3.0,3.0,3.0,3.0,3.0,4.0,3.0,3.0,3.0,3.0,3.0,3.0,3.0,3.0,3.0,3.0,3.0,3.0,3.0,3.0,2.0,3.0,2.0,3.0,2.0,3.0,2.0,3.0,2.0,3.0,3.0,3.0,2.0,3.0,2.0,3.0,2.0,3.0,2.0,3.0,2.0,3.0,2.0,3.0,2.0,3.0,2.0,4.0,3.0,3.0,3.0,3.0,3.0,3.0,2.0,3.0,1.0,4.0,1.0,4.0,"观看月食
　　2018年1月31日，我经历了一件难忘的事儿——152年一遇的月全食、超级月亮、蓝月亮、红月亮。真是非常罕见呢！
　　第一次观察月食是在那天晚上7:30个左右，我们在爷爷奶奶家，我妈妈突然说今天有月全食，先去阳台上看看。我们冲过去看，月亮还很高，我妈妈说少了一点儿，我没感觉少，看不出来。妈妈说赶快回家再看，我们就和爷爷奶奶们告别，离开了他们家。
　　第二次观察是在8:00左右，我们来到四环，已经快到家了，我妈妈说：“要不我们下去看看？”我们停到路边，路边还停着好多车，可能也是来看月亮的，我们下了车，看见好多人，有的在拍照、有的拿着望远镜看、有的在说话、还有的在看手机和照片……我妈妈说都少了一半儿了，我感觉少了一小溜儿，月亮是很皎洁明亮。
　　第三次观察是在9:00左右，我们已经回到家了，妈妈想用望远镜看，在家找了好长时间也没找到，就让我找，我也找了好长时间终于找到了。我们一起下楼观看，碰到好多上楼的，以为都快完了，我们跑进去看见还有一群人在看，我们放心了。我们来看月亮又大又漂亮，月亮是暗红色的跟有些玫瑰的颜色一样美丽，还非常圆跟一滴正在飞的水滴，而这次终于跟月饼一样大了。月亮就像一滴在飞的超大颜料。我又用望远镜看，却找不着了，我调了一下也看见了超大的红色月亮。
　　我们看了好久才回家，我问妈妈为什么月亮会红呢？我妈妈告诉我月食是如何形成的。原来当太阳、地球与月球运动正好排成一条直线时，月球进入地球的影子里，就会发生月全食。地球挡住了太阳光中大部分光线，只能折射和散射红色的光到月球上，因此月亮会呈现暗红色
　　我觉得这次太值啦，不仅欣赏了美丽的大圆红月亮，而且还让我懂得了不少知识，真是太有意义了！",《观看月食》
150504,4.0,4.0,4.0,5.0,3.0,5.0,3.0,3.0,3.0,3.0,2.0,2.0,3.0,2.0,2.0,2.0,2.0,2.0,2.0,2.0,2.0,3.0,2.0,3.0,2.0,3.0,2.0,3.0,2.0,3.0,4.0,3.0,2.0,2.0,3.0,5.0,3.0,4.0,4.0,4.0,3.0,3.0,3.0,3.0,3.0,3.0,4.0,4.0,4.0,4.0,3.0,3.0,3.0,3.0,3.0,3.0,2.0,2.0,2.0,2.0,2.0,3.0,2.0,5.0,4.0,5.0,2.0,4.0,2.0,3.0,"吕明
　　我有一个好哥们，他长着一个小寸头和憨厚的脸，他经常用他憨厚的脸做一些鬼脸，逗的我哈哈直笑。在他憨厚的脸上长着一双夺人目光的眼睛，在眼睛的下面他还长着一个俏皮的嘴，他的嘴总会说出一些好玩的笑话，他有一个聪明和有主意的脑子。别看他高子不高，但是他有敏捷的身手，有好几次他用他敏捷身手为我们队守住了很多球。他平时他穿着一身黑色白色条纹羽绒服，内穿山芋颜色的毛衣，手戴黄金护符，腿罩黑色白斑运动裤，内罩白色斑点秋裤，下罩深蓝绿色条纹青点运动鞋，内罩白色吸汗袜。多神武呀！这就是我经常开玩笑的哥哥。",《吕明》
130435,2.0,4.0,4.0,4.0,2.0,2.0,2.0,3.0,4.0,5.0,2.0,3.0,2.0,3.0,1.0,3.0,1.0,3.0,2.0,3.0,2.0,3.0,3.0,4.0,3.0,3.0,3.0,4.0,3.0,4.0,2.0,2.0,3.0,4.0,2.0,3.0,1.0,3.0,2.0,3.0,2.0,3.0,3.0,4.0,2.0,4.0,2.0,4.0,2.0,4.0,2.0,3.0,2.0,3.0,2.0,3.0,2.0,3.0,2.0,2.0,2.0,2.0,3.0,2.0,4.0,4.0,3.0,4.0,2.0,4.0,"一件难忘的事
　　我有很多难忘的事，我最难忘的事是学校举办的魔尺挑战赛。
　　我当时只会把24节魔尺拼成一个球，比赛规则是用48节拼成两个球，我不会，我请教爸爸和上网查找，通过我不断地努力，失败再努力，终于学会了。当天魔尺挑战赛，上午我一直很努力地练习，终于要开始了，老师说：“谁先拼完谁就举手”。老师说。“开始。”我飞快地拼着，我一会儿就拼完了，我立刻举起了手，没想到我是第一个举手的，我非常高兴取得了第一名，多亏我努力地练习了。
　　我通过拼魔尺懂得了一个道理，只要坚持就可以成功。这就是我最难忘的一件事。",《一件难忘的事》
141216,5.0,5.0,5.0,4.0,5.0,5.0,5.0,5.0,5.0,5.0,3.0,5.0,5.0,4.0,5.0,5.0,5.0,5.0,5.0,4.0,5.0,4.0,5.0,4.0,4.0,4.0,5.0,4.0,5.0,5.0,5.0,4.0,5.0,5.0,4.0,4.0,5.0,4.0,5.0,5.0,5.0,4.0,5.0,4.0,5.0,5.0,5.0,5.0,5.0,4.0,5.0,4.0,5.0,4.0,5.0,4.0,5.0,5.0,4.0,5.0,5.0,5.0,5.0,5.0,5.0,5.0,5.0,5.0,5.0,5.0,"乡下风景
　　在我认为，乡下的风景可比城市的风景漂亮多了。城市的风景是人造的，它固然漂亮，可是乡下的风景都是天然的，那才漂亮呢！
　　走进乡下，一眼望不到边的是那碧绿，嫩黄的麦田。麦田的颜色那么艳丽，从远处看，真像是被刷过油漆的。麦田的颜色也各式各样，有碧绿的、翠绿的、嫩绿的、嫩黄的。每块麦田的颜色都略有差别。它们搭配在一起，比城市里的草地漂亮多了。
　　在麦田里常常会有十几棵树，它们总是一丛一丛的。而每一丛里的种类却各不样同。有的地方有一棵松树，它那么高，好像是这群树的领袖。有的地方会有一些很古老的树木，这些树木被小树簇拥着，好似是保护老树的土兵们。它们长的有高有矮，有大有小，它们参差不齐的长着，可漂亮了。
　　在树丛中，乡下人家总要盖几栋房子，那些房子和城市里的别墅没什么两样。乡下的房屋都是两三层的，那房子建的可真漂亮。红红的房顶，橘黄色的石砖铺成的。那房子又结实又华丽，好看极了。
　　乡下人家总会在房前种几十株花。花的品种也各种各样，有菊花、玫瑰、风仙、月季、迎春花、二月兰、兰花、芍药等。还有好多花我连见都没见过。它们依着季节、时令，按顺序开放。每朵花的姿态都不一样，有的抬着头，像是在看天空上飘浮的云朵；有的低着头，有什么不高兴的事让它愁眉苦脸的；有的在仰天长笑，肯定有什么高兴的事；有的……每一朵花都是独一无二的。它们把房屋映衬的更加美丽了。
　　乡下人家总要在房前开辟一块地。春天拨种，夏天结果，秋天丰收。他们总爱在地里种些黄瓜、王豆、白菜、西红柿。他们精心地照顾着它们，看着它们点滴的成长。他们从不怕累，只要看到它们长得好，就满足了。到了秋天，田地上就有一道丰收的风景。那样的景色很漂亮。
　　麦田旁边，总会有一片菜地。清晨，常常会看到牧童放羊的情景，它们悠闲的吃着草，不受外界干扰。有时那几只小鸟会到草地上休息，还会给乡下人家唱几支歌曲，让他们不再觉得疲惫。黄昏的阳光照到草地上，草地立刻变了颜色，一会红，一会粉，一会橘，一会黄。草地上像是被铺了一层五颜六色的纱。可好看了。
　　在乡村后面有好几座大山。那山真绿，绿的像翡翠。那山奇峰罗列，形态万千。有的像个竹笋，有的像一头大象，有的像一顶皇冠。它们的形状很奇怪，有点像这个，也有点像那个、大山就像一堵高大的围墙，把黄昏的太阳遮住了。那山，可漂亮了。
　　乡下不管什么时候，什么地点，都有一道独特、美丽的风景。",《乡下风景》
140201,3.0,3.0,4.0,5.0,4.0,3.0,3.0,3.0,4.0,4.0,3.0,3.0,3.0,4.0,2.0,4.0,3.0,3.0,4.0,4.0,3.0,4.0,3.0,3.0,3.0,3.0,3.0,3.0,3.0,4.0,2.0,3.0,3.0,3.0,3.0,3.0,2.0,3.0,2.0,2.0,4.0,4.0,4.0,4.0,3.0,3.0,3.0,3.0,4.0,4.0,2.0,3.0,3.0,3.0,2.0,3.0,4.0,4.0,2.0,2.0,3.0,4.0,4.0,5.0,4.0,5.0,4.0,4.0,4.0,4.0,"磕破头的教训
　　一个阳光明媚的上午，我和我的朋友希希一起玩的非常开心，中午我们相约一起去吃披萨。
　　我们很快吃完美味的披萨，我们来到水池边，有三层水池错落有致的。高处的水池流到低处的水池，像瀑布一样。我和希希用纸杯把高处的水运到低处，运啊运我们玩的很开心，妈妈们来了说：“我们应该走了。”这时我妈妈看到我身上的血后来往上一看我的脑袋破了，妈妈说：“你的脑袋怎么磕破了？”我现在才感到有一点疼，希希的妈妈飞快的给我包上纸巾帮我止血。
　　我妈赶紧去医院让医生给我包扎，我的妈妈先去了A医院，结果没有医生。我就前往了B医院，医生给我开了药，药给了护士，护士给我打了一针破伤风之后，护士把药棉蘸着碘酒给我消了消毒之后，把我的头包了一下我就回家了。
　　我从中知道了做什么都要小心。",《磕破头的教训》
150342,4.0,4.0,4.0,4.0,5.0,5.0,3.0,4.0,4.0,4.0,3.0,4.0,4.0,4.0,4.0,4.0,4.0,5.0,3.0,3.0,3.0,5.0,3.0,3.0,3.0,2.0,3.0,2.0,4.0,3.0,4.0,5.0,4.0,5.0,3.0,4.0,3.0,4.0,4.0,5.0,4.0,4.0,4.0,5.0,3.0,3.0,3.0,4.0,3.0,3.0,2.0,4.0,2.0,2.0,2.0,3.0,4.0,3.0,4.0,4.0,3.0,3.0,4.0,5.0,4.0,4.0,4.0,5.0,3.0,3.0,"我的朋友叶青
　　我的好朋友叶青，是一个外表不特别起眼的孩子，个子不高，一张圆圆的脸上有一双有神的大眼睛，理了一个小平头，经常穿着干净整洁的校服，很少大声说话，从不咋咋呼呼的，是一个安静的孩子。
　　叶青的学习很好，不偏科，成绩在班上名列前茅，他还有一个好习惯：做题前喜欢打草稿。他上课不太爱主动举手发言，但只要叫到他，他总能给你一个圆满正确的回答。课下叶青还喜欢打篮球，别看他个子不高，但在三步上篮投球时，却像只小豹子一样蹿得老高，弹跳力很好。
　　我跟叶青在同一个课外兴趣班——电子制作提高班里，他比我早参加了1年。每次活动时他都盯着老师，全神贯注地听老师讲解，在自己动手实际操作时总是不慌不忙地第一个完成电路焊接并展示给大家看。有一节课，老师让我们搭一个电路，我很快就做完了，但当我打开开关时，发光二极管一直都不亮。我半天都没查出问题，焦急地大喊：“谁来帮帮我？”只听后面有人说：“出什么事了？我来看看！“我回头一看，叶青已经放下手中还没做完的电路大步朝我走来，手里还拿着一个万用表。他走到我旁边，问：“怎么了？”我说了情况，他就拧开万用表开关，调到电压档，将两个表针精确地对接到电路的两头，开始排查，发现总数值不对，于是就一个零件一个零件地测，还说：“别着急，我们慢慢查。”每测一个零件，他都聚精会神地对照一下电路图，当测到那个发光二极管时，忽然发现那个值是负的！于是他对我说：“这个发光二极管插反了！下次要细心哦。”说完，拿起我的电烙铁把发光二极管重新正确地焊了一次。这次，发光二极管发出了明亮的红光，电路成功了！叶青说：“可以了吧，那我回去干我的事了。“于是就走回自己的座位上，重新埋头干自己的工作。
　　通过这件事，我终于知道了为什么叶青能在北京市电子制作比赛中拿到一等奖？为什么他的学习成绩名列前茅？为什么老师和同学都很喜欢他？我要向他学习，学习他身上那种乐于助人，认真细致的好品质。",《我的朋友叶青》
160443,3.0,3.0,3.0,4.0,3.0,3.0,4.0,4.0,3.0,5.0,4.0,4.0,3.0,4.0,3.0,3.0,3.0,4.0,3.0,3.0,3.0,3.0,3.0,3.0,4.0,3.0,4.0,4.0,4.0,3.0,3.0,4.0,4.0,4.0,4.0,3.0,4.0,3.0,4.0,4.0,4.0,3.0,3.0,4.0,2.0,2.0,3.0,3.0,3.0,4.0,4.0,4.0,3.0,3.0,4.0,3.0,3.0,3.0,3.0,4.0,4.0,4.0,4.0,5.0,4.0,4.0,4.0,4.0,2.0,4.0,"？

　　我们或多或少对艺术一定有些了解，艺术又来源于什么呢？艺术来源于生活，从生活中的点点滴滴我们就发现，哇！原来艺术无处不在。生活中，我虽然对音符，五线谱一窍不通，但我却热爱着音乐。其中我最喜欢的是贝多芬创作的第五交响曲——命运。临睡前我总是听上一段。
　　我闭上眼睛，慢慢的，我仿佛来到一条小木船上，浪花一朵朵向我驶来。可很快，浪花越升越高，速度越来越快。正当海浪马上要掀翻我和小船时，天上出现了一缕金光，太阳升起了！浪停了，海面上只剩下波纹。阳光的温暖照耀着我，仿佛给我盖上床蚕丝被。船缓缓的左右摇摆着，好似一个大摇篮。我躺在“摇篮”中，鸟儿从天空掠过，有时俯冲下来像是在表演杂技。不时还有鱼儿经过，可爱温顺的海豚还向我打招呼呢！周围的一切都那么美，安静和舒适。可就在这安静的世界中，暴风雨来了！宁静的世界一下子，乌云密布，雷声惊天动地响彻云霄，一条有树粗的黄光忽然显现！那闪电一闪好像能穿云裂石。那可怕的狂风吹着平静的海，霎时间，海水汹涌澎湃，浪一个比一个高，一个比一个凶猛，我在船中不知所措，只能随风飘动……
　　我睁开眼睛那刻，哇！音乐真神奇！听完曲子后，听完曲子所有烦恼都烟消云散，轻松好多。“艺术源于生活，又高于生活。”艺术的素材来源于生活，经过艺术家的升华，艺术就会比生活更好。学习和艺术是一样的，不仅要认真学习，还要细心观察和亲自去体会。",缺少题目
150544,4.0,5.0,4.0,5.0,4.0,5.0,3.0,4.0,3.0,5.0,3.0,3.0,4.0,3.0,4.0,5.0,4.0,5.0,2.0,3.0,3.0,3.0,3.0,3.0,4.0,3.0,4.0,3.0,2.0,3.0,3.0,3.0,2.0,2.0,4.0,5.0,4.0,4.0,4.0,5.0,4.0,5.0,4.0,5.0,4.0,5.0,3.0,5.0,4.0,4.0,3.0,4.0,3.0,4.0,3.0,4.0,4.0,5.0,3.0,3.0,4.0,5.0,3.0,5.0,3.0,5.0,4.0,5.0,4.0,5.0,"“笑弥勒”
　　我的爷爷就像一尊衣着整齐的弥勒佛，每天都笑眯眯的。他又粗又黑的眉毛里掺杂着几根又长又白的“长寿毛”。爷爷的眼睛因为老笑，常常是弯弯的，就像那月牙儿。旁边的鱼尾纹也跟着弯起来，他那高高的鼻梁，在脸上就像一坐小山，他老是在笑，所以嘴角都往上翘，旁边的皱纹也跟着往上翘，眼睛就眯上了。爷爷不仅面容像笑弥勒，连穿着也颇有佛的感觉。爷爷上罩米色衬衫，下罩黑色长裤，有一次我去看电影，偶然发现90年代的片里的演员搭着和他一样的包。他的包是黑色。有格格条纹，包旧旧的，老老的，还有补丁。虽然爷爷已经80多岁了，但是因为他走路都挺直腰杆，每次拿东西时他都争着拿，他更像一位六七十岁的长者，倒不像耄耋老人。",《“笑弥勒”》
130130,4.0,3.0,5.0,4.0,5.0,3.0,4.0,3.0,5.0,3.0,2.0,3.0,5.0,3.0,4.0,3.0,3.0,3.0,5.0,3.0,3.0,3.0,3.0,3.0,4.0,3.0,4.0,3.0,4.0,3.0,3.0,3.0,3.0,3.0,5.0,3.0,5.0,2.0,5.0,3.0,5.0,3.0,5.0,3.0,4.0,3.0,5.0,3.0,5.0,3.0,4.0,3.0,3.0,2.0,3.0,2.0,5.0,3.0,2.0,2.0,4.0,3.0,5.0,3.0,5.0,4.0,3.0,4.0,4.0,3.0,"我家的新成员——蝈蝈
　　过年之前爷爷送给我了一只蝈蝈，因为爷爷到了冬天喜欢养蝈蝈，所以它就成为了我家的新成员蝈蝈。
　　蝈蝈一到暖和的时候就会叫，它的声音很清脆，很好听，如果要是它冷的时候就会一动不动的待着，它的颜色非常鲜艳，前面两双短短的腿，后面有一双长长的脚，它的腹部是黑色的，背上长着一对翠绿色的翅膀带着一点点棕色，真是好看极了，它的屁股有4个刺，它的脸非常小，但是很好玩，它有一双明亮的双眼，还有一个敏灵的小鼻子,有一个小小的嘴，而且它叫的时候腹部还会动,这个蝈蝈的外形很丰富，很漂亮。
　　我给它做了一个小家，给它通了大约40多个透气孔，这样可以让它更好的呼吸新鲜空气，也方便喂食，蝈蝈爱吃黄瓜，胡萝卜，它还会排放大便，蝈蝈很聪明，有一次我喂多了我以为它会撑死，可是自己就不吃了，每当我们聊天的时候,它就蝈蝈叫着，好像要参与我们！
　　这就是我家的蝈蝈，有一句话说蝈蝈大约能活一百天，所以别名叫百日虫，我还希望它比一百天活得更长！",《我家的新成员——蝈蝈》
140729,4.0,4.0,5.0,5.0,5.0,5.0,3.0,3.0,5.0,5.0,2.0,2.0,3.0,3.0,3.0,3.0,3.0,3.0,4.0,4.0,3.0,3.0,2.0,2.0,5.0,5.0,4.0,4.0,5.0,5.0,5.0,5.0,4.0,4.0,5.0,5.0,5.0,5.0,5.0,5.0,5.0,5.0,4.0,4.0,5.0,5.0,5.0,5.0,5.0,5.0,5.0,5.0,5.0,5.0,2.0,2.0,5.0,5.0,2.0,2.0,5.0,5.0,5.0,5.0,5.0,5.0,5.0,5.0,4.0,4.0,"校园一景
　　我们的学校可漂亮了，那里是我们学习和生活的地方，下面我就给大家介绍一下我们的操场。
　　我们的操场不大，首先映入眼帘的是笔直的人造跑道，人造草是绿色的，踩上去软软的就像踩草坪上一样，舒服极了！它的跑道是红色的，是我们活动的好去处。每到下课的时候，操场就成了我们的乐园，有的同学在打篮球，有的同学跳绳，还有的同学在跳房子，可是课间休息的时间很短，每当我们玩的很开心的时候，就打上课铃了。
　　上体育课时我们也是在操场上，在体育课上我们会跑步，跳绳，打球等许多体育项目。体育老师有时会让我们自由活动，那是我们最开心的时候。操场上还种着几棵树，这些树可以为同学们挡太阳，有些同学还会坐在树下聊天，可开心了。每天我们都在操场上做广播体操，同学们都很认真。操场上有一个升旗台，同学们在这参加升旗仪式，看着庄严的五星红旗。
　　这就是我美丽的校园，它给我们带来了许多快乐，我爱我的学校。",《校园一景》
160115,5.0,4.0,5.0,4.0,5.0,4.0,5.0,5.0,4.0,4.0,5.0,4.0,5.0,3.0,5.0,4.0,3.0,3.0,4.0,4.0,3.0,4.0,3.0,4.0,4.0,4.0,4.0,3.0,4.0,4.0,4.0,4.0,4.0,4.0,4.0,4.0,5.0,4.0,5.0,3.0,4.0,4.0,5.0,4.0,4.0,3.0,4.0,4.0,4.0,4.0,3.0,3.0,3.0,3.0,4.0,3.0,5.0,4.0,3.0,4.0,4.0,4.0,5.0,4.0,5.0,4.0,4.0,4.0,4.0,3.0,"第一次骑马
　　在我心中马总是与成吉思汗的横扫亚洲的战马连结起来，它是勇敢的无所畏惧，在敌人和刀光剑影前也是丝毫不畏惧的。
　　那一天，早上我还迷迷糊糊的时候听见我爸爸说“起床了，今天我们要去骑马！”我一听，什么，骑马！我立刻就从床上跳了走来，这可是我第一次骑马呀！我激动极了，既兴奋又害怕。
　　我还不会骑马，于是爸爸给我找了一个牵马人侯师傅。我的马是白色的，好像狠狠地瞪着我。接着候师傅教了什么是向右，两根一起是停车等。我慢慢地坐上了上去，庆幸的是，我并没有被甩下来，我骑了一会，“咦”怎么感觉还不错。也许有些马并没有那么凶。骑着骑着我的马突然停住了，呆在原地不走了，无论我怎样抽打它，也不管我如何用双腿去夹住它的肚子，它都牢牢地呆在原地不动。马原来也有自己的性格，我的这匹马是那样倔强。这时爸爸却骑马越走越远，我叫了半天，而爸爸却像个聋子一样继续往前走。我只能愈发大声的喊。可就在这时我的马四足一软，坐了下来。我十分恐惧，侯师傅的注意事项里并没有说如何应对啊！我急急忙忙脱身。“这马被你们吓坏了”候师傅说。马也会害怕啊。候师傅说马和人一样也是有情感的，学习骑马首先要和马培养感情，才能有默契，才能人马合一。
　　原来马是一种有着丰富情感的动物。它不仅仅勇敢，它也会害怕，倔强。它也需要爱，如果我们学习骑马，首先要和它做朋友，爱护它。和人相处何尝不是同样的道理呢？我恍然大悟，陷入了沉思。",《第一次骑马》
250115,5.0,5.0,5.0,4.0,5.0,4.0,5.0,4.0,5.0,3.0,4.0,4.0,5.0,5.0,4.0,4.0,5.0,5.0,5.0,5.0,3.0,3.0,3.0,3.0,3.0,3.0,4.0,4.0,5.0,5.0,5.0,5.0,5.0,5.0,4.0,4.0,5.0,5.0,5.0,5.0,5.0,4.0,5.0,4.0,4.0,4.0,5.0,5.0,4.0,4.0,3.0,3.0,3.0,3.0,4.0,3.0,4.0,3.0,3.0,3.0,4.0,4.0,5.0,4.0,5.0,5.0,5.0,5.0,5.0,5.0,"一次事故
　　这个假期我听说过许多危险的事故，其中我就亲眼见到了一件十分危险的事情。我先卖个关子，且听下面分解。
　　那天，我和爸爸坐车去公园玩，等红灯时我看见一个卖烟火的小摊。我不禁想，最近不是禁放吗？怎么还有卖烟火的地方呢？
　　此时，我的思绪立刻就被一阵喊叫声拉回，“灭火器呢？快灭火呀！”我连忙寻着声音看过去，突然，从烟火摊帐蓬里冲出两个提灭火器的人，其中一人又矮又瘦，那个和他不成比例灭火器显然对于他来说太重了，另一个看起更强壮一些，他的一只手里拿着一个手机，明显是在打“119”。他们惊恐的表情表明了这不是演习，原来就在烟火摊后面不远的地方着了火。与此同时，一条耀眼的火舌，从烟火摊后面冲了出来，那可是干草啊！他们奋力抵抗火势，碰巧天公不作美，偏偏又刮起了逆风。风助火势，分散开的火像一群士兵一样向他们推进，灭火器喷出粉末被大风吹了回来，根本灭不了火，他们拿着灭火器节节败退，眼看着火就快烧到帐蓬了，就在这千钧一发的时刻，有一个人提着一桶水狂奔了过来。哗一声火势就被控制住了。同时有一个拿灭火器的人赶到上风处，对着余火狂喷。这场火终于被灭掉了。
　　虽然火灭了，但这件事也给我带来了一个教训，不能在干柴、干草、烟花摊的旁边放烟花。而且近年来北京的环境一直不太好，尽量不要燃放烟花。我们只有一个地球，保护环境是我们每一个人的责任。",《一次事故》
160229,5.0,5.0,5.0,5.0,5.0,5.0,5.0,5.0,4.0,4.0,4.0,4.0,5.0,5.0,5.0,5.0,3.0,3.0,5.0,5.0,4.0,4.0,4.0,4.0,5.0,5.0,5.0,5.0,5.0,5.0,3.0,3.0,5.0,5.0,5.0,5.0,5.0,5.0,5.0,5.0,4.0,4.0,5.0,5.0,3.0,3.0,3.0,3.0,5.0,5.0,2.0,2.0,3.0,3.0,2.0,2.0,5.0,5.0,2.0,2.0,5.0,5.0,5.0,5.0,5.0,5.0,4.0,4.0,4.0,3.0,"关爱
　　你们听说过给眼睛打针吗？那你们尝试过给眼睛打针吗？我想你们一定没有尝试过给眼睛打针。因为这次给眼睛打针，让我感受到了爸爸妈妈对我的关爱。
　　今年暑假的时候，我得了一场大病，这场病让我的眼睛疼痛难忍，医生告诉我，我的药要吃很长时间，中途眼睛还是会有复发的可能。因为在家休息了很长一段时间，刚开学的时候，眼睛有些不适应，总是肿胀，不能去学校上课。妈妈和爸爸一直都很担心我，最后决定带我去了医院，到了医院，医生看了看我照的片子，又仔细的给我的眼睛做检查，最后医生决定要给我的右眼打一针，我当时心里无比的害怕，心想：“what？这给眼睛打针，那还不要疼死呀！虽然我心里是这么想的，但我也没有表露出来，因为我们看见妈妈比我还紧张。妈妈怕我不敢打针，还追问医生，有没有别的好办法，可以不让我那么疼，但医生的话让我们都很失望，只有这一个办法管用。妈妈和爸爸看到我有些紧张和害怕，轮流安慰我。过了一会，医生把我们叫到注射室里说：“小朋友一定不能动，不然打针就会有危险”，听完这话，我更加紧张了，妈妈拉着我的手。对我说：“宝贝，别害怕，妈妈一直在边上陪着你。”我感觉到妈妈的手心全是汗，比我还紧张。医生让我躺在床上，让妈妈按住我；怕我乱动医生拿着针坐在了椅子上，此时我的心跳突然加速，跳的非常快，只感觉我的眼睛好像被石头砸到了一样，巨疼，只听见医生说了一句，“小朋友你可以起来了，”我心想这就打完了？真快，过了会儿我睁开了眼睛，我看见妈妈眼角有泪水，我想妈妈一定是看我打针心疼哭了，我连忙安慰妈妈，我不疼没事，妈妈开心的笑了。
　　回到家，爸爸和妈妈对我更是百般体贴。让我深深的体会到，在生活中这样的镜头无处不在，如果需要我可以连续播放很多。",《关爱》
160144,4.0,5.0,4.0,4.0,5.0,5.0,4.0,4.0,4.0,5.0,4.0,4.0,4.0,4.0,3.0,4.0,3.0,3.0,4.0,5.0,4.0,5.0,4.0,5.0,4.0,4.0,3.0,3.0,4.0,4.0,4.0,3.0,4.0,3.0,3.0,4.0,3.0,3.0,3.0,4.0,4.0,4.0,4.0,3.0,3.0,3.0,3.0,3.0,4.0,4.0,3.0,3.0,3.0,3.0,3.0,3.0,4.0,4.0,4.0,3.0,3.0,4.0,4.0,4.0,4.0,4.0,4.0,5.0,4.0,5.0,"不一样的旅程
　　假期里我去了菲律宾，让我最难忘的就是其中的火山温泉之旅了。顾名思义，就是火山群里的温泉，我们要穿过群山，才能到达。
　　到了山边，换了一辆战地越野车。这辆车的轮子，几乎高的贴着我的脸，以至于我要踩着3阶梯子上去，车身是个架子，里面孤零零的，没有门，槛也很低，四周没有板，所以包要夹在两随之间，不让它飞出去。
　　我们在山涧中逆流而上，小河时而宽，二十多米，时而窄，只有三四米，将将能容下车身。水位很高，河水湍急。车速很快，水打湿车身，溅湿了我的衣服，石缝中顽强生长的一片叶子打了我一巴掌，打的生疼。不能摸，因为一手抓着包，防止包飞出去。一手抓着车架子，防止自己飞出去。终于，我们摇汤圆一样摇到了第一站。
　　我们在一座不太高的山边停了车，下了梯子，踩着石阶往上走。突然，豁然开朗，几个大大小小的水池，蓝蓝的天映着蓝蓝的水，我急不可待的跳进一个水池。哇，好烫！我急忙爬出来，这时刮过一阵风，让我打了一个寒战，不过一会儿，又下起了太阳雨，我又急忙跳进去，把身体埋进热乎乎的水里，头又被雨浇着，感觉好神奇！一会儿，雨停了，我又从温泉里出来，又下了石阶，向导让我们到一个小瀑布下面冲冲，我想刚泡完温泉，身上有点脏，就去了，瀑布竟然也是热的，这是我第一次冲热水瀑布！我还趟着没进入主河的热水小溪，找到了一块火山石，上面有一块深红，一些小孔，还是圆圆的，静静地躺下了。
　　我们又去了下一站，这里有一个正方形的大沙坑，凹下去，四周砌着砖，工作人员给每人挖了一个坑，又让我们躺进去，我突然想到了木乃伊。我躺了进去，工作人员用铁铲，一铲一铲往我身上铲，特别重，压得我喘不上气来。我也动不了。不一会儿，有人往我脸上涂火山泥，又凉又灰，把我涂成了土著。
　　这次旅行非常特别，我从来没有过泡着温泉淋着雨。这个世界很大，五花八门，形形色色，古人云：“读万卷书，行万里路。”这次我真正的意识到了这一点，真是收获颇丰，不虚此行啊！",《不一样的旅程》
250122,3.0,3.0,4.0,4.0,4.0,3.0,3.0,3.0,4.0,3.0,3.0,3.0,4.0,4.0,3.0,3.0,4.0,3.0,4.0,3.0,3.0,4.0,3.0,3.0,3.0,3.0,4.0,4.0,3.0,3.0,3.0,3.0,3.0,3.0,4.0,4.0,3.0,3.0,3.0,4.0,4.0,4.0,4.0,4.0,3.0,3.0,4.0,3.0,4.0,4.0,3.0,3.0,3.0,3.0,3.0,3.0,4.0,3.0,4.0,3.0,4.0,4.0,4.0,4.0,4.0,4.0,5.0,4.0,5.0,4.0,"平昌冬奥会
　　今年寒假我在姥姥家观看平昌冬奥会，在看冬奥会的时候我觉得男女花样滑冰非常精彩。
　　花样滑冰起源于18世纪的英国，后相继在德国、美国、加拿大等欧美国家迅速开展。1872年奥地利首次举办花样滑冰比赛。1924年被列为首届冬奥会比赛项目。有男、女单人滑，男女双人滑和冰上舞蹈4个比赛项目。
　　随着音乐的响起，各国选手进入冰场，他们时而像战士在训练时挺胸抬头。
　　在中国选手隋文静、韩聪出场的时候，我激动不已，就好像我也在场上，和他们一起翩翩起舞，可是我又想起其他运动员摔跤时的惨壮。于是我又想又不想看，但我还是想为中国队加油，于是我就和家人一起坐在电视机前观看中国队比赛。在观赛的过程中，我们有好几次兴奋得跳起来，是因为隋文静和韩聪有好几次动作做的非常完美，没有失误。
　　我通过在家里看比赛，知道了中国的强大，我为祖国自豪为运动员感到自豪。",《平昌冬奥会》
130839,3.0,3.0,2.0,3.0,3.0,3.0,4.0,5.0,3.0,4.0,4.0,4.0,3.0,4.0,3.0,3.0,2.0,2.0,3.0,3.0,3.0,2.0,3.0,3.0,3.0,2.0,3.0,3.0,3.0,3.0,3.0,2.0,3.0,4.0,2.0,4.0,2.0,3.0,2.0,3.0,2.0,3.0,3.0,2.0,2.0,2.0,2.0,3.0,2.0,3.0,2.0,2.0,2.0,3.0,2.0,3.0,3.0,4.0,2.0,3.0,3.0,4.0,4.0,5.0,4.0,5.0,4.0,4.0,3.0,3.0,"小老鼠家的选美大赛
　　这天，老鼠家开了个“选美大赛”。这一来小老鼠们把家里打扮的张灯结彩，敲锣打鼓的可热闹啦！
　　只听，咚，咚，咚。选美大赛开始啦！小老鼠们都换上了自己最漂亮的衣服。这时老鼠爷爷发话了，他说:“请大家静一静,选美大赛要开幕啦。”
　　请1号上场！这时鼠小妹说：“选美大赛开始啦，要问谁是最美丽，当然是我鼠小妹！”说完她就下场了。2号也上场了她说：“我能歌擅舞，我唱歌好听，跳舞优美。”说完她就唱了一首。唱完观众都夸她是天籁之音！3号上场了，她说：“我不光外表美内心也美。我会背论语，三字经，百家姓，好多好多名人的古诗和文章呢！我还很同情别人，每次我在人群中看见一些乞讨东西的人们，我就想起那些富人家的样子，我恨不得立刻变成人去告诉他们钱财只有越施舍才能越多呀！”
　　表演时间结束了！请大家投票吧！结果出来了。1号9票。2号17票。3号23票！今天的冠军就是3号啦！
　　选拔结束后大家都来祝贺她！同时大家也在盼望着下一界选美大赛的到来！",《小老鼠家的选美大会》
130127,4.0,3.0,5.0,4.0,5.0,4.0,5.0,3.0,5.0,3.0,2.0,4.0,3.0,3.0,2.0,3.0,2.0,3.0,4.0,3.0,3.0,3.0,2.0,3.0,2.0,3.0,5.0,4.0,5.0,3.0,4.0,3.0,2.0,4.0,5.0,3.0,5.0,2.0,4.0,3.0,4.0,3.0,3.0,4.0,5.0,3.0,5.0,3.0,4.0,4.0,4.0,3.0,4.0,2.0,3.0,2.0,5.0,3.0,2.0,2.0,4.0,3.0,5.0,3.0,5.0,4.0,5.0,4.0,3.0,3.0,"孔雀鱼
　　我们家养了很多鱼，有球鱼，斑马鱼和孔雀鱼。我最喜欢孔雀鱼了，所以我就给你们讲一下孔雀鱼的特点！
　　公的孔雀鱼五彩缤纷，母的只是灰色。孔雀鱼喜欢躲在石头后面，当然我们也是能看见的。它那一摇一晃的小尾巴就像是一把活泼机灵的孔雀扇子。一个又大又圆的腹部像是一个一个要生出来的小宝宝。背上的花纹一条一条的，就像是很多小鱼在它背上跟着它。背的上面还长着一对透明的鱼鳍。
　　今天下午我来看鱼的时候发现有四个小黑点浮在水面，我仔细看了一下，是四条孔雀鱼！过了一会我又来看了一次孔雀鱼，发现又多了四条孔雀鱼！于是我就一直看着那条母孔雀鱼，突然孔雀鱼停住了，从它屁股里冒出来了一个像水滴一样的东西，接着看它展开了自己的身体，然后变成了一个小小的孔雀鱼了！等它下完以后，就一直用活泼可爱的小眼神！盯着我。当它游的时一候，它那透明的鱼鳍和它那活泼机灵的小尾巴开始一摇一晃地动了起来。它的眼睛也朝它走的路线看。
　　我们真希望能让它在石头后面多停一下，这样就可以看着它那光华的身体！有了一些小鱼就感觉多了一些朋友！",《孔雀鱼》
140102,3.0,3.0,3.0,5.0,3.0,3.0,3.0,3.0,4.0,4.0,3.0,2.0,3.0,3.0,3.0,3.0,3.0,3.0,3.0,3.0,3.0,3.0,3.0,3.0,3.0,3.0,4.0,4.0,3.0,3.0,2.0,2.0,3.0,3.0,3.0,3.0,2.0,3.0,3.0,3.0,3.0,3.0,4.0,4.0,3.0,3.0,3.0,3.0,3.0,3.0,3.0,3.0,3.0,3.0,3.0,3.0,3.0,3.0,2.0,2.0,3.0,3.0,4.0,5.0,4.0,4.0,3.0,3.0,4.0,3.0,"美国之旅
　　我们一家在暑假去了美国，在美国我最喜欢迪士尼乐园了，我们去了两天，迪士尼分两个区，一个是迪士尼另一个是嘉州冒险乐园。
　　我们第一天去了迪士尼，我最喜欢的就是过山车了，那个过山车很刺激，我和姐姐坐在第一排，那是最刺激的地方了，因为那能看见下面是什么，如绕个圈……在我们绕圈时我感觉我脖子都要掉了，真是太刺激了。
　　我们第二天去了嘉州冒险乐园，在那里，我最喜欢玩跳楼梯了，跳楼梯就更刺激了，我上坐在一个类似电梯的东西，因为我们坐在第一排，所以书包在上去的时候都跳起来好，那上去的时候“凑”的一声就上去了下来的时候，开始慢悠悠的，后来“嗖”一声就下去了。
　　第三天，我就要走了，我们恋恋不舍的望着睡美人城堡，又恋恋不舍的离去，真是太好玩啦！",《美国之旅》
160812,4.0,4.0,5.0,4.0,5.0,4.0,5.0,4.0,4.0,4.0,4.0,4.0,4.0,3.0,5.0,3.0,4.0,4.0,4.0,3.0,3.0,3.0,3.0,3.0,4.0,3.0,4.0,3.0,3.0,4.0,4.0,3.0,3.0,3.0,5.0,4.0,4.0,4.0,4.0,4.0,5.0,4.0,5.0,4.0,4.0,3.0,4.0,4.0,4.0,4.0,3.0,3.0,4.0,3.0,3.0,3.0,5.0,4.0,4.0,4.0,4.0,3.0,4.0,4.0,5.0,4.0,3.0,3.0,5.0,4.0,"难忘的合唱之旅
　　小学时光即将进入尾声，回想六年，我不禁感慨万千，还记得在刚开学时我看见了合唱团的哥哥姐姐们唱歌，心里满是羡慕，心想一定要像他们一样站在舞台上唱歌，于是一颗唱歌的种子就埋在了我的心里。
　　在一次选拔后我进入了合唱团，但是想要参加比赛就需要更努力了。最后在我的努力下我被选中了。经过漫长的时间我们来到了音乐之都维也纳，在那里我们参加了金色大厅的比赛。比赛开始了，我怀着忐忑不安的心情进入了赛场，因为这场比赛是高手之间的比赛，听说维也纳儿童合唱因也参加了这次比赛，首先是开幕式，每一个比赛的团队都要唱一首歌。每一个团队都有自己的特色，甚至一点问题都指不出来。到我们比赛了，一连串问题跳进我的脑里，我第一个音会不会唱错？会不会拖长音？会不会忘词？我怀着这几个问题十分不安的走入舞台，开始唱了，优美的钢琴声使我原本紧张的心情慢慢放松了下来，在唱到歌曲中部时我已经一点也不紧张了，听着钢琴声时而舒缓，时而强劲有力，我们的声音也随着老师的指挥变化着。慢慢的演出结束了，我们的演出得到了大家的认可，并给予热烈的掌声，而此时此刻我们正抱着兴奋而不安的心情走进休息室，大家都认为我们这次表演的很好，但这次我们是奔这金奖去的。终于令人紧张的时刻到了，铜奖是……银奖是……到金奖了，我的心都提到嗓子了，金奖是——A小学银帆合唱团！我们彼此互相击掌，相互庆祝比赛成功，从颁奖仪式出来我们个个脸上挂着笑容，这次金奖使我们成为了当时维也纳的小演员，我们走在路上时许多人都拿手机拍我们，于是老师就组织我们一边走路一边唱，有许多人都跟这我们唱，维也纳真不愧是音乐之都。
　　这次合唱之旅我至今难忘，它是我小学生活中浓墨重彩的一笔。我们就快要毕业了，感谢母校给我的梦想舞台，感谢老师们对我的帮助，感谢同学们给了我终生难忘的童年生活。我们是永远的好朋友！",《难忘的合唱之旅》
140407,3.0,3.0,4.0,5.0,4.0,5.0,4.0,4.0,4.0,4.0,3.0,3.0,4.0,4.0,3.0,3.0,3.0,3.0,4.0,4.0,3.0,3.0,2.0,2.0,3.0,3.0,3.0,3.0,3.0,3.0,3.0,3.0,3.0,3.0,4.0,4.0,2.0,4.0,4.0,4.0,3.0,3.0,4.0,4.0,3.0,3.0,4.0,4.0,4.0,4.0,2.0,2.0,3.0,3.0,3.0,3.0,3.0,3.0,2.0,2.0,2.0,2.0,4.0,5.0,4.0,5.0,5.0,5.0,3.0,3.0,"有趣的多肉
　　不久前，我带回来了一盆多肉植物。
　　一开始它的嫩芽是嫩绿色的，看上去感觉很松，好像轻轻摸一下，就会掉下来一样。后来，它的颜色逐渐变墨绿色，看上去也强壮了许多。
　　多肉的每片叶子上都带有像面粉一样的白色东西，我听同学说这种白色的东西和多肉的生长有关系，被擦掉后不久多肉就会死掉。多肉的叶子如果掉了，是还可以重生的，把掉了的叶子放在一个“阴暗、干燥”的地方等几天，就可以重新长出嫩芽了，长的差不多了就可以就回土里了。
　　每天我放学回家后，我都会盯着它看几分钟，看的时候我就会想：多肉啊多肉，你是想让我少给你点水还是少给你点阳光？它好像每次都在说：都少来点。
　　多肉给我带来了快乐，希望它也可以给你们带来快乐！",《有趣的多肉》
240108,3.0,3.0,4.0,4.0,4.0,4.0,3.0,4.0,3.0,3.0,2.0,2.0,3.0,3.0,3.0,3.0,4.0,3.0,2.0,3.0,2.0,2.0,3.0,3.0,2.0,4.0,3.0,3.0,3.0,3.0,3.0,4.0,2.0,2.0,3.0,3.0,3.0,4.0,3.0,3.0,3.0,4.0,4.0,3.0,3.0,3.0,3.0,4.0,3.0,3.0,2.0,2.0,2.0,4.0,2.0,2.0,2.0,2.0,4.0,2.0,4.0,4.0,3.0,5.0,3.0,5.0,3.0,3.0,3.0,3.0,"老师进班了
　　叮铃铃，叮铃铃，叮铃铃上课铃响了，老师从办公室慢慢的走过来，快走到门回时，我们班的老师一般会在门口偷看我们的纪律怎么样，一般我们都能发现老师在门口看着我们。老师进班了会说那些调皮捣蛋的学生，让他（她)们不要在老师不在的时候调皮捣蛋。
　　这就是我们老师进班的样子。",《班主任进班了》
160139,5.0,5.0,4.0,4.0,4.0,5.0,5.0,5.0,5.0,5.0,5.0,4.0,5.0,4.0,5.0,4.0,5.0,4.0,4.0,4.0,4.0,5.0,4.0,5.0,4.0,5.0,5.0,5.0,5.0,4.0,4.0,4.0,5.0,4.0,4.0,5.0,4.0,4.0,4.0,5.0,4.0,5.0,5.0,4.0,4.0,4.0,5.0,3.0,5.0,5.0,5.0,5.0,4.0,3.0,4.0,3.0,5.0,3.0,5.0,5.0,4.0,3.0,5.0,4.0,5.0,4.0,5.0,5.0,5.0,3.0,"星夜虫语
　　当你还刚上幼儿园时，父母会坐在你的床边，讲着充满童趣的童语故事，《灰姑娘》，《小红帽》，《白雪公主》的故事情节时常在耳边响起，而这个暑假，我便住进了我梦寐以求的“城堡”
　　我们开车经过一个半小时的车程，终于到达了我们的目的地——“云峰山童话树屋”，走下车来，我怀着无比激动的心情，环顾着四周的风景，好像一切景物又随着我的心情添加了几分色彩。
　　不久，我们踏着山林中的木板小路，走向我们的城堡——仙杜瑞拉城堡。虽然城堡是在山林中筑成的，但屋内的用品一应俱全，甚至还有私人泳池和小花园呢！
　　不知不觉，夜幕便悄悄笼罩了大地，我们决定去小元宝山脚下走一走。
　　我们一边往小元宝山脚下进发，一边谈论着今天的趣事，忽然，朋友指着天空说：“快看！快看！”我顺着她手指的方向望去，只见满天繁星，一闪一闪，星罗棋布，遍布苍穹，宛如无数宝石，镶嵌在夜空之中。那么多的星星，仿佛为夜行的人亮着一盏盏灯。我停下脚步，抬头望着泛着点点银光的星星，感到云峰山的星空如此奇妙，我的眼睛被夜空吸引住了，舍不得眨一下眼，这里的夜空是如此静谧，如此深遂。正当我专注的仰头看时，耳朵里又传来了动听的“音乐”。原来是一场夏夜“交响曲”正在演奏呢！听，知了们趴在树干上，唱着它们的仲夏欢歌；蟋蟀和蝈蝈儿在一旁做着伴奏，还有许多数不清的不知名的小虫儿做着和声，和许多萤火虫在伴舞。
　　我回到城堡里，躺在舒适的大床上，不禁又想起了小元宝山上的美景，“星夜”配上“虫语”是多么美妙啊！而生活又何尝不是这样呢？只要用心观察，就能发现“真、善、美”的真谛，只要拥有一双会发现美的眼睛，生活就处处充满了美好。",《星夜虫语》
140112,5.0,4.0,5.0,4.0,5.0,4.0,5.0,2.0,5.0,3.0,4.0,3.0,5.0,3.0,5.0,3.0,4.0,3.0,4.0,4.0,5.0,3.0,4.0,3.0,5.0,4.0,5.0,4.0,5.0,3.0,4.0,3.0,5.0,3.0,5.0,4.0,5.0,3.0,4.0,2.0,5.0,3.0,5.0,3.0,5.0,2.0,4.0,3.0,4.0,3.0,4.0,3.0,4.0,3.0,4.0,3.0,5.0,3.0,4.0,2.0,5.0,3.0,5.0,3.0,5.0,3.0,4.0,2.0,5.0,2.0,"我的云南之行
　　我们暑假去了云南省里的丽江、香格里拉和大理。下面我来给大家说说我知道了的历史文化吧。
　　我们先去了松赞林寺，松赞林寺是藏传佛教的寺庙,被别人称为“小布达拉宫。”它是依山而建的，像一座古代城堡，它由三座宫殿组成，每座宫殿的屋顶都是金色的，宫殿里面有鲜艳的壁画和庄严的大佛，大佛是金色的，并且在每一间屋子里都有一个人在读佛经，我们还用常明灯拜佛呢！
　　然后我们又去了丽江古城，丽江古城是世界文化遗产之一，始建于南宋，已有八百多年的历史了，丽江古城的城还是古城但已经被商业化了。
　　然后我们又去了茶马古道，在茶马古道我们走了马帮曾经走过的路，非常惊险！上坡的时候身体向前倾，下坡住后仰，这样可以给马减轻负担。
　　我们的旅行结束了，期待下一次文化之行。",《我的云南之行》
140315,3.0,3.0,2.0,2.0,3.0,3.0,4.0,3.0,4.0,3.0,5.0,3.0,4.0,3.0,5.0,3.0,5.0,3.0,3.0,2.0,3.0,3.0,3.0,3.0,4.0,3.0,3.0,2.0,4.0,3.0,3.0,3.0,3.0,3.0,4.0,3.0,4.0,3.0,3.0,2.0,4.0,3.0,4.0,2.0,3.0,3.0,3.0,3.0,4.0,3.0,3.0,2.0,3.0,2.0,3.0,2.0,4.0,2.0,3.0,3.0,4.0,3.0,4.0,3.0,4.0,3.0,3.0,3.0,4.0,2.0,"巨人
　　很久很久以前有一个巨人，它长得像小山一样大。它的破坏力惊人，一天能吃好几吨的食物。它经常去村子里偷食物。在一个村子里人们在想食物怎物，第二天仓库建好了，这天晚上人们决定派重兵看守。午夜时分巨人出现了士兵看到巨人都逃跑了。巨人把仓库握在手里，赶紧跑开了。在巨人的家里巨人突然变成了一头牛然后出现在村子里，从那以后它耕了许多地。与此同时，上帝说：“他老是偷别人的食物，现在它也该劳动了。
　　人们在巨人变的牛的帮助下，劳动更轻松粮食生产量也不用去偷食物了。在有外敌入侵时，它就变回巨人帮助人们破敌。于是，巨人和人们从此友好地相处下去了。",《巨人》
160140,3.0,4.0,4.0,4.0,3.0,4.0,4.0,3.0,4.0,4.0,3.0,4.0,3.0,4.0,5.0,4.0,4.0,3.0,3.0,4.0,3.0,4.0,3.0,3.0,3.0,3.0,3.0,2.0,2.0,2.0,3.0,2.0,3.0,2.0,3.0,3.0,3.0,3.0,3.0,3.0,3.0,4.0,3.0,4.0,3.0,3.0,2.0,2.0,3.0,3.0,2.0,3.0,2.0,3.0,2.0,2.0,3.0,3.0,4.0,3.0,3.0,4.0,3.0,4.0,3.0,4.0,3.0,4.0,3.0,4.0,"金色大厅里的万滴汗水
　　天哪！我们真厉害！金色大厅里来了一场“战争”，在十一个国家中得到金奖是一个绝对是不容易的事，但是我们，A小学合唱团，我们做到了！
　　今年暑假中，和我校合唱团一起去参加合唱节，是世界型的大比赛，比赛很激烈，就如同在巴沙色肉里挑大刺一样的难，在比赛完之后，要去金色大厅统一表演，表演完就立刻公布奖项。
　　老师对我们说：“能在金色大厅演出一场可不是一般人能干的事，今天，把它当作你最重要的一天看！”进去的那一刻，我看到工作人员心神坚定，团体练习，老师也在练习，就这时我想：我一定也要加油，努力！有这么多人在为我们的辉煌时刻做准备，不能轻易的放弃！我们从奥地利早上7点一直练到晚上10点，一直没有放弃，这只是为了展示我们A小学合唱团一定最好！不知不觉的就要上台了，我心中有两个感觉，一个是恐怕唱的不好，没得奖，一种是放心，一定可以，两种感觉来回交替，让我头疼。
　　在今天这一夜里，没有人，没有车，只有那闪亮着的路灯，和我们所在的金色大厅。我们唱完了大合唱，我又紧张了起来，主持人：“银奖获得者有……”。依旧没有我们，直到“金奖得主是——中国北京市海淀区A小学！”我开心的要命！
　　在这样一个夜里让我懂了：一个没掌声的舞台，不代表你不好，只要有了你自身的努力，站在舞台上，挥着千万滴汗，一定有人会默默为你加油的！也一定有所收获！",《金色大厅里的万滴汗水》
240240,3.0,3.0,4.0,4.0,3.0,4.0,3.0,4.0,3.0,3.0,3.0,4.0,3.0,4.0,2.0,2.0,2.0,3.0,3.0,3.0,3.0,3.0,3.0,3.0,3.0,3.0,2.0,3.0,2.0,3.0,2.0,3.0,3.0,3.0,2.0,3.0,3.0,4.0,3.0,3.0,2.0,3.0,3.0,3.0,2.0,3.0,2.0,3.0,2.0,2.0,2.0,3.0,2.0,3.0,2.0,3.0,3.0,3.0,2.0,2.0,3.0,3.0,3.0,3.0,3.0,4.0,3.0,4.0,2.0,3.0,"我最难忘的上海之旅
　　大家知道我去了哪里吗？我去了上海，那里有迪土尼外滩，还有东方明珠塔。
　　我给大家讲一讲我都干了什么有趣的事吧：我最好的朋友乐乐和我一起去了上海，那里风景优美。我和乐乐跟家长们去了D大学，因为那是最后一天了，所以大人们让我们去了一个简单一点的地方，我们是坐地铁去的。
　　我们到了地方，家长们让我姑姑租一辆自行车，好让我和乐乐学一学怎么骑自行车的。我们到了D大学了，我爸爸让我试一试骑自行车，我说“爸爸我不会骑单车，如果让我骑的话就算了吧。”爸爸说：“没关系，你试一试。我扶着你，你一定要有勇气去试一试呀？对不对！”我说：“好。”爸爸对我笑了笑，我知道他是在激励我，可我还是不敢，算了不管那么多了，直接去试一试吧！我一次一次的试，爸爸说了下次还要多试一试，让我再玩就让他教我。
　　我这一次知道了什么事都一定要勇敢的去试一试。",《我最难忘的上海之旅》
160237,3.0,3.0,4.0,5.0,3.0,4.0,3.0,4.0,3.0,4.0,3.0,3.0,3.0,4.0,3.0,4.0,3.0,3.0,4.0,4.0,4.0,5.0,3.0,3.0,3.0,3.0,4.0,4.0,3.0,3.0,3.0,4.0,3.0,4.0,4.0,4.0,4.0,5.0,4.0,4.0,4.0,4.0,3.0,3.0,3.0,4.0,4.0,4.0,4.0,4.0,3.0,3.0,3.0,2.0,3.0,2.0,4.0,3.0,3.0,3.0,3.0,3.0,3.0,5.0,3.0,4.0,2.0,4.0,1.0,3.0,"关爱
　　关爱是一种礼仪，是一种美德，这种美德在身边就有很多很多，往往在一种小事里面，就可以发现关爱二字。就比如说在公车，地铁上让座，人与人之间的美心便被体现出来了。在我的记忆里，有一件事是我无法忘记的，这件事，让我懂得了关心和帮助。
　　一天晚上，我上课外班，下课的时候已经很晚了，外面寒风呼啸，还下起了雨，我看着外面，不由自主的把手伸进书包里翻起了雨伞，我边翻边想，还好今天看了天气预报，带了雨伞，翻了一遍，没有，我有些疑惑，我探出头来，又仔细得翻了一遍，还是没有，我开始有暴躁，我把书包里的东西都倒了出去，还是没有。我记得把伞放包里了呀！难道是太着急放错了？我想。因为我是自己回家，我的家人也觉得我带伞了，而且也不让带手机，所以根本没法向家人救助，我就像已经被雨淋的全身都凉透了的感觉，怎么办呢，怎么办呢，我一边想一边来回走动，如果直接回家的话，那我就会被雨淋成落汤鸡，就有可能感冒上不了课了，但我也要回家呀！要是家人担心我怎么办呀，嗯，那就淋回去吧！但我的脚刚迈出去一半的时候，一个声音叫住了我“小朋友，外面正在下雨呢，你怎么不打伞呀？”我把头回了过去，叫住我的是一位青年男教师，我支支吾吾地说：“我……我没伞。”他笑了笑，说：“我正好带了两把伞，借你一把，我在4层办公室工作，你下次来了把伞还给我就好了。”说完，他微笑着把伞给了我，顿时让我感受到了一丝温暖，我说了声谢谢之后，打着车，高高兴兴的走上了回家的路，我走到了一个小卖铺里买吃的，买完出来之后，突然看见一个熟悉的身影从道路另一边跑过，他双手抱着头，雨点打湿了他的衣服，身体不停打着哆嗦，时不时的还打几个喷嚏。我一看，那不是借给我伞的教师吗？那一刻，我哭了出来。
　　我虽然打着伞回去的，但我的心却是一种冷热交加的感觉，因为在我有困难的时候，他把伞借给了我，给我温暖，自己却在寒风中淋着大雨，冻得直打哆嗦。这位教师的品质令我非常感动，这件留给了我深深的震撼！教师们不仅口头教我们知识，还用行动教导我们做人的道理。",《关爱》
160343,4.0,4.0,2.0,3.0,4.0,4.0,4.0,4.0,3.0,4.0,4.0,4.0,4.0,3.0,2.0,4.0,3.0,4.0,4.0,4.0,4.0,3.0,4.0,3.0,4.0,3.0,4.0,3.0,4.0,4.0,3.0,4.0,4.0,4.0,4.0,4.0,4.0,3.0,3.0,3.0,3.0,4.0,4.0,4.0,3.0,3.0,4.0,3.0,4.0,3.0,3.0,4.0,2.0,3.0,2.0,3.0,2.0,3.0,3.0,3.0,3.0,4.0,3.0,4.0,3.0,3.0,3.0,4.0,2.0,3.0,"不同角度，不同思考
　　争执中，陈华把它踩坏了，我非常生气，一把夺过他的小木船，举过头顶，狠狠的摔在地上，小木船被摔成一片片，陈华顿时大怒，以前总是微微笑着的眼睛睁得大大的，像一个灯泡一样，死死的瞪着我。看了陈华这幅模样，我心想完了，陈华这回是真生气了！他突然站了起来，双手支着桌子。看着那双洁白的手顿时青筋暴起，冲我喊道：“你干嘛摔坏我的小木船啊！我不理你了！”陈华冲我喊时还把口水溅到我的脸上，不但没有向我道歉，反而头也不回的一走了之了。我很气愤，向陈华那个方向喊道：“我也不想理你了！”放学后我去找另一个朋友。
　　他叫王强，找到他以后我，我把刚刚的经过一五一十的告诉了他，他心平气和的对我说：“你自己没有想过自己的问题吗？”话刚一说完，他便悄悄的走了。
　　第二天我找到了陈华，郑重的说了一声对不起。我心里很紧张担心，心想如果陈华不跟我和好，也许我再不能和陈华一起聊天，一起玩了。陈华马上又开始微笑了，他冲我轻轻的说了一句话，“之前的事就让它过去吧！”
　　这一件事中我知道了去埋怨别人的时候，也要想想自己的问题，这也印证了一句俗语，“乌鸦站在煤炭上，看的见别人黑，看不见自己黑。”从不同的视角去看，想法总是不同的。",《不同角度，不同思考》
150111,3.0,3.0,4.0,4.0,4.0,4.0,4.0,4.0,4.0,4.0,3.0,4.0,2.0,4.0,3.0,4.0,3.0,5.0,3.0,3.0,3.0,3.0,3.0,4.0,3.0,4.0,3.0,4.0,3.0,4.0,3.0,4.0,3.0,3.0,3.0,5.0,3.0,3.0,3.0,4.0,3.0,4.0,4.0,3.0,3.0,4.0,3.0,3.0,4.0,4.0,2.0,3.0,2.0,4.0,2.0,3.0,3.0,4.0,2.0,2.0,4.0,3.0,4.0,5.0,4.0,5.0,5.0,5.0,3.0,3.0,"《不老泉》读后感
　　我在寒假看了一本书，这是一本惊悚而美丽的小说，读来放不下，放下忘不了。那这本书到底是讲的什么的呢？
　　这本书的名称是《不老泉》，作者娜塔莉·巴比特，她是儿童文学作家和插图画家，出生于美国俄亥俄州。她从小喜欢阅读童话和神话，并且受母亲的影响热爱绘画。曾在史密斯大学学习美术。1995年出版的《不老泉》让她备受赞赏。
　　这本书大概讲的是这样的故事：温一家踏上北美洲这片土地最早的居民，在一个炎热，独自跑进丛林中探险，在那里遇见了塔克一家，17岁少年英俊少年杰西和他哥，父母因为服用了可长生不老的泉水而永远年轻。文中的塔曾说：“人如果不死，就和路边的石头没有什么两样。”如果世界上有不老泉，那么我喝了我的我的生命永远停留在13岁，如果我没有喝下不老泉就不会像路边的石头一样。如果永远不死你看着身边的一个个人走了心里一ding4很难受。
　　这本书告诉我：世界上没有不老泉，所以生命才显得更加珍贵和美好，我们一定要好好在人生这个短暂的故事中，珍惜时间和机遇，努力去书写我们生命故事中的精彩篇章。",《不老泉》读后感
140330,3.0,3.0,5.0,2.0,5.0,3.0,4.0,3.0,5.0,3.0,2.0,3.0,4.0,3.0,3.0,3.0,3.0,3.0,4.0,3.0,2.0,3.0,2.0,3.0,4.0,4.0,5.0,3.0,5.0,4.0,3.0,4.0,3.0,3.0,3.0,3.0,3.0,2.0,3.0,3.0,5.0,3.0,5.0,3.0,3.0,3.0,3.0,3.0,5.0,3.0,3.0,2.0,3.0,2.0,2.0,2.0,5.0,3.0,2.0,2.0,5.0,3.0,5.0,3.0,5.0,3.0,3.0,3.0,4.0,3.0,"快乐是什么
　　从前有一个小狗叫皮特，有一天它在学校里上课的时候，老师教了它们一个词“快乐”，老师问它们快乐是什么，同学们谁都答不出来，于是老师说那我给你们布置个作业吧，放学后去寻找快乐是什么。
　　放学后，皮特走在回家的路上，它遇见了小兔子，于是它问小兔子快乐是什么，小兔子说快乐就是吃胡萝卜呀，我刚刚吃了一根我现在就很快乐。皮特想我吃肉骨头的时候就是一种快乐呀！
　　皮特走到湖边看见小鱼，它问小鱼快乐是什么呀，小鱼说快乐就是在湖里游来游去。皮特想自由做自己喜欢的事也是一种快乐呀。
　　皮特又走到小猪的家门口，小猪正打着哈欠走了过来，它问小猪快乐是什么，小猪回答说快乐就是在家里睡觉。皮特又想休息也是一种快乐呀。
　　皮特走在草地上，看见小鸡正在捉虫子，它问小鸡快乐是什么，小鸡说妈妈教我捉虫子也是一种快乐。皮特想原来学习也是一种快乐。
　　皮特走到家旁边的公园，看见小袋鼠正在妈妈的袋子里待着，它问小袋鼠什么是快乐。小袋鼠说快乐就是妈妈一直陪伴着我，皮特又想陪伴也是一种快乐呀。
　　皮特回到家看见邻居羊奶奶正提着东西呢，皮特赶紧帮羊奶奶把东西提回了家，羊奶奶开心地给了它一块糖，还抚摸着皮特的头说你真是一个好孩子！皮特想帮助他人也是一种快乐呀！
　　皮特觉得很开心,因为它终于知道快乐是什么了！",《快乐是什么》
160127,5.0,4.0,5.0,4.0,5.0,4.0,5.0,4.0,5.0,4.0,4.0,4.0,5.0,4.0,5.0,4.0,5.0,4.0,5.0,4.0,3.0,3.0,3.0,4.0,4.0,4.0,4.0,4.0,3.0,4.0,4.0,4.0,3.0,4.0,4.0,4.0,4.0,2.0,5.0,4.0,5.0,4.0,4.0,4.0,5.0,3.0,5.0,4.0,5.0,4.0,5.0,3.0,4.0,3.0,4.0,3.0,5.0,4.0,2.0,2.0,4.0,4.0,5.0,4.0,4.0,4.0,4.0,4.0,3.0,4.0,"尝试呼吸新鲜空气，
　　一天早上我做着恐怖的噩梦，突然脑子有些混乱，像一团乱糟糟地头发，我想坐起来，但是却被一次次头晕而再次睡了过去，我似乎已经没了时间概念，或者什么也看不见了。我这是怎么了？
　　我第二次醒来的时候己经是八点了，这次虽然能站起来了，但是却像转了20圈一样，头晕地想吐，我告诉了妈妈和爸爸，可是爸爸却满不在乎地说“去外面走走，呼吸呼吸新鲜空气。”可是我没有哪怕一点力气再去干这么一个小事。这时，我顿时感到崩溃，因为妈妈出门了！我的耳朵马上要受不了了！我默默地抱怒着，爸爸肯定又要和我说“去外面走，呼吸呼吸新鲜空气！”在妈妈关门的那一瞬间，果然不出乎我预料，爸爸又开始说，都快有一百多遍了！可是这样的抱怨会让我更加难受，所以只好用尽我的最后一点力气，下楼了。我刚一推开楼道里的门，就感觉浑身所用去的力量，全部都回来了。所有的血管也流通着，仿佛在闻一朵刚开花的玫瑰花，看到了空阔的大草原，尝到刚做好的清汤，听到燕子拍打翅膀的声音，同时感到“终于呼吸到新鲜空气了！”
　　我忽然意识到我能感受到这样的优美，是因为我去尝试了，尝试了爸爸的那句“口头禅”就像一道数学题一样，如果你不去尝试，可能这道题永远也解不开。这件事也成为我前进的源动力，我受益颇丰！",《尝试呼吸新鲜空气》
160704,3.0,3.0,4.0,5.0,3.0,4.0,4.0,4.0,3.0,3.0,4.0,4.0,4.0,4.0,1.0,3.0,2.0,3.0,2.0,2.0,2.0,2.0,2.0,2.0,3.0,3.0,4.0,4.0,4.0,4.0,3.0,3.0,2.0,2.0,2.0,3.0,2.0,3.0,4.0,4.0,2.0,2.0,2.0,4.0,3.0,3.0,3.0,3.0,3.0,4.0,2.0,3.0,3.0,3.0,2.0,2.0,3.0,3.0,2.0,2.0,3.0,3.0,2.0,5.0,4.0,5.0,2.0,3.0,3.0,3.0,"《汤姆·索亚历险记》有感
梗概
　　汤姆，索亚年幼时母亲去世，由姨妈收养在他们的镇上是一个孩子王，他最讨厌那些仪表堂堂的孩子，他受不了姨妈和学校的管理常常逃学，有一次姨妈罚他周末刷墙聪明的汤姆用小计谋引诱了镇上的很多孩子用自己的小玩意儿来换一次刷墙的机会，一个下午他直接变成了一个大财主，一天深夜他和他的朋友去墓地冶疣子无意之中目睹了一个凶杀案，因为怕凶手知道这件事情，汤姆、哈克和汤姆的死党乔·哈波一起划船划到杰克逊当海盗，弄得家里人认为他们淹死了，在周日他奇迹般的出现在自己的葬礼上，他经过反复思想斗争后在良心的驱使下指让了印第安·乔，但乔侥幸逃跑了。事后汤姆和哈克中了寻宝热，在一次鬼屋寻宝时巧遇了乔，汤姆和哈克吓的魂飞魄散然后汤姆和他的心上人贝琪一起到山洞里玩，不小心迷了路经过三天三夜的努力成功回到家中，在洞中汤姆还发现了乔的宝藏，他和哈克挖走宝藏就开始了新的历险。
读后感
　　书是知识的源泉，读一本好书就好比跟个高尚的人的谈话《汤姆·索亚历险记》是美国大作家马克·吐温，他用风趣的形式写的让我们的直观的看出汤姆·索亚是一个淘气又很聪明的人，读过这本书后，让我了解了很多当时社会的背景，我从这本书里感觉这书好像是当时美国社会的一个缩影。从小说中我们可以了解到富人、穷人、学校、教堂、犯罪与家教等当时美国人民生生活活的方方面面。作为一部构思完美，人物生动形象的本小说不是我们这些二十一世纪的孩子们，都是一个宝贵的宝藏，即让我们学习到了语文又让我们知道了当时美国的历史还让我们明白了一个道理面对邪恶的事一定要用正能量压倒它，他还让我知道了另一个道理做什么事遇到困难，不要轻易气馁，要坚持不懈。",《汤姆·索亚历险记》有感
130332,3.0,3.0,5.0,4.0,5.0,4.0,4.0,3.0,4.0,3.0,3.0,3.0,5.0,2.0,5.0,4.0,3.0,3.0,5.0,3.0,4.0,3.0,3.0,3.0,4.0,3.0,5.0,3.0,5.0,3.0,4.0,3.0,3.0,3.0,5.0,3.0,4.0,2.0,3.0,3.0,3.0,3.0,4.0,3.0,3.0,3.0,3.0,3.0,3.0,3.0,2.0,3.0,3.0,3.0,2.0,2.0,3.0,3.0,2.0,2.0,4.0,3.0,5.0,4.0,5.0,4.0,5.0,3.0,3.0,3.0,"父母的爱
　　2016年5月10日
　　爱像是雨露滋润万物，爱像是给我们温暖的阳光，爱像是芬芳迷人的花朵，父母总是会给我们无私的爱。
　　有一天我生病了，我和爸爸一起去医院。到了以后人特别多，爸爸去挂号，我等了好长时间都没回来，过了些时候，爸爸终于回来了，我们赶紧去抽血，抽完血后我又赶紧和爸爸去挂号，我们挂到了93号，可现在才到13号，我等好长时间都不叫我们，我心想：什么时候才到我们呀？我们又等了一会儿，这一等就是半个小时，我一看天啦，已经8点半了，我有一点困了，但是当我起来了以后爸爸一点也不困，这时我的心里暖暖的。
　　生活中有很多有爱的事情，不只父母有爱，爷爷奶奶，叔叔阿姨，还有很多很多……",《父母的爱》
160228,5.0,5.0,5.0,5.0,5.0,5.0,3.0,5.0,4.0,5.0,3.0,5.0,3.0,5.0,5.0,4.0,5.0,4.0,4.0,5.0,5.0,4.0,5.0,4.0,5.0,5.0,5.0,4.0,5.0,5.0,5.0,4.0,5.0,4.0,5.0,5.0,5.0,4.0,5.0,4.0,5.0,4.0,5.0,5.0,5.0,5.0,5.0,4.0,5.0,4.0,5.0,3.0,5.0,4.0,5.0,4.0,5.0,4.0,2.0,2.0,5.0,4.0,5.0,5.0,5.0,5.0,5.0,5.0,5.0,4.0,"隐形的爱
　　不论谁都体会过关爱，可能是老师的指点，也可能是来自同学的友好帮助，还可能仅是因为一句“谢谢”。但是我们总会忽略身边最亲近的人，他或许不善表达，却时刻给予我爱。
　　那分明是个早晨，却像夜晚般寒风呼啸，树叶纷纷飘落，我不禁觉得有一丝凄凉。就如往日一样，我早早坐在教室，但我猛然想起：“我没带回执！”就这一瞬间，我顿时火急火燎。总算联系上爸爸，我却还得在寒风中踌躇。我像只与群走散的小羊羔，孤零零地来回夺步，时不时向校门外张望。终于我看到爸爸奔跑着向校门看来，他呼哧带喘就来了，“你也太慢了，害我等这么久！”“冻坏你了吧？”他关切地问。这是他见到我说的第一句话，此时我心中的小火苗像是被水包裹着，彻底熄灭了。看到他额头上晶莹的汗珠，和那被冻红的鼻子，我心里一酸，他一定是尽他最快速度把回执送来的，这本就不是他该做的，我却……
　　我忍住没让眼泪掉下来。我拿着回执，捧着父爱，久久没有离去。看着他远去的背影，我才发现他的头发都有些斑白，我竟每天享受他的关爱却迟迟没有察觉……
　　许多人都说“父爱如山”，我却觉得父爱有时也似水，柔情的，温暖的，深沉的。我的爸爸虽然不会常把“我爱你”挂在嘴边，却每时每刻都给予我关爱。父亲的爱与任何人都不同，它就在身边，却隐藏起来，可能你发现时他已不如那时有活力，但他的爱却永远是炽热的。这世上没有什么比失去父爱更痛心，既然发现就更应该珍惜，也要多给他关爱，哪怕只是一句“我爱你”。",《隐形的爱》
160441,3.0,3.0,4.0,4.0,3.0,4.0,3.0,3.0,3.0,4.0,3.0,3.0,3.0,3.0,3.0,4.0,3.0,3.0,2.0,3.0,2.0,3.0,2.0,2.0,3.0,4.0,2.0,3.0,2.0,3.0,3.0,4.0,3.0,4.0,2.0,2.0,2.0,3.0,3.0,4.0,3.0,3.0,2.0,2.0,2.0,3.0,3.0,3.0,3.0,4.0,2.0,3.0,2.0,3.0,2.0,3.0,3.0,3.0,3.0,3.0,3.0,4.0,3.0,4.0,3.0,4.0,2.0,4.0,2.0,5.0,"我与《清明上河图》
　　清明上图宽248厘米，长528.7厘米，纪录了北宋汴京城内的繁华和北宋人民的日常生活和种种景象，生动形象的写出了北宋黑暗的朝廷。|
　　展开画卷，最中央的就是虹桥，桥中人声鼎沸，热闹非凡，你仿能看到人来人往的街市，听见小商贩的叫卖声，和商议价格的声音。桥下的大船缓缓驶过，纤夫和水手在卖力工作，他们仿佛在”一，二，一，二……的叫喊着。在画卷的左侧一个大酒楼立在人群中央，酒楼上蔓延着一株株红花，仿佛在随风摇动。酒楼上的人神态也令人深思，有的放声大笑，仿佛遇到了什么喜事似的，有的低头沉思，仿佛心事重重，有的默默独饮，仿佛遭遇不幸。在全画中不仅有百姓的安定，快乐，幸福，还有回家的危难，比如无人把守的防火亭，城楼上无一个士兵防备等。都表现了北宋盛世难在的情形。
　　整幅画生动真实，令人身临其境。虽然全画只在我眼前停留了短短几分钟，但是它的精神让我感叹，它已经成为了我生命的一部分，它已成了我一生也难以磨灭的印象之一。",我与《清明上河图》
140209,4.0,4.0,4.0,5.0,4.0,4.0,4.0,4.0,4.0,3.0,3.0,3.0,4.0,3.0,4.0,2.0,4.0,4.0,4.0,4.0,4.0,3.0,4.0,3.0,4.0,4.0,4.0,4.0,4.0,4.0,4.0,3.0,4.0,4.0,4.0,3.0,2.0,3.0,4.0,3.0,3.0,4.0,4.0,3.0,3.0,3.0,4.0,3.0,4.0,4.0,2.0,3.0,3.0,3.0,3.0,3.0,4.0,4.0,2.0,2.0,3.0,3.0,4.0,5.0,4.0,5.0,3.0,4.0,4.0,3.0,"吵架
　　在我的心目中，籍晨是一个乐观，但又在班里很爱动的一个女孩儿。
　　我还记得在不久前发生的一个事情。事情是这样的。有一天，下课了，我还在课桌上写今天留的家庭作业。过了一会儿，我的朋友籍晨正好带着她刚折好的小爱心放在我桌上,说：“郭欣仪，我把小爱心放你桌上了，你想撕的话，你就撕吧！”然后，我就撕了。(我只是觉得撕着玩儿而已）
　　过了一会儿，她回来了，然后，她对我叫到说：“郭欣仪！!!!”我冷静地回答说“你不是说可以撕吗？”然后，她被我这种冷静的气氛打倒了。当然她也无话可说，所以她就走了。
　　回到家我把这件事告诉了妈妈。本以为会站到我这边的。可是妈妈却说：“吵架都不是说心里话，所以籍晨说的不是心里话！”我听完这个委屈极了，所以我就哭了……
　　第二天我又来到学校，我想起了昨天的事。我决定去和籍晨道歉。(虽然我们都错了，但是为了友谊地久天长所以我准备去向籍晨道歉。）
　　过了一会籍晨到了我立刻过去了。可是到了籍晨身边我一个字都说不出来，但是我那会说话的眼睛让籍晨早已知道我的心思。但是最后我还是把那几个字说了出来。
　　当然，她原谅了我。
　　然后，我们又成了一对最好的朋友！
　　我从这事中得到了一个道理是：“人要学会谦让，而且字都有谦让原则，难道人还不如字吗？",《吵jia》
140510,4.0,4.0,4.0,4.0,4.0,5.0,5.0,5.0,4.0,4.0,4.0,4.0,4.0,4.0,5.0,4.0,4.0,4.0,4.0,4.0,4.0,4.0,4.0,4.0,4.0,4.0,5.0,5.0,4.0,4.0,4.0,4.0,4.0,4.0,4.0,4.0,4.0,4.0,4.0,4.0,4.0,4.0,4.0,5.0,4.0,4.0,4.0,4.0,4.0,4.0,3.0,3.0,3.0,3.0,2.0,2.0,4.0,4.0,4.0,4.0,4.0,4.0,4.0,5.0,5.0,5.0,5.0,4.0,5.0,3.0,"观察日记
　　每当，我看见猫的时候，我都会情不自禁地想起一件事，那是一件有趣的事，如果想知道这件事，那还要从二零一六年初夏的那一天说起。
　　2016年初夏的一天，我们早早地放了学，我和妈妈高高兴兴地回了家，走到小区门口的时候，我听到了一阵微弱的猫的叫声，我听到了以后，立马跑去寻找声音源，我找着找着，突然找到了！天呀！我竟然找到了一只一个月大小的“萌猫”，小猫真可爱，它有一张毛绒绒的脸，上面镶嵌着两个钻石般的大眼睛，眼睛下面长着一个三角形的小鼻子，下面有一张小小的嘴，嘴旁有三对雪一样白的胡须，它的身体全白只有额头上有三段灰色的毛。叫的时候嘴里微微地露出两颗白色的小牙齿，可爱极了，我就是从这天决定好好喂养它的。起初，我把剩下的饭菜喂给它，它很怕人，所以一直不来吃，我轻轻地走开了之后，小猫才左顾右盼地走出来，看样子很害怕，过了半个多小时，小猫才吃完饭，真慢！可是第二次，结果可就截然不同了，我下楼的时候，猫咪好像已经等好久了，我刚把饭放下，小猫就来吃了。我深深地感到欣慰和快乐，因为我已经下了决心好好喂养这只猫！",《观察日记》
140323,3.0,3.0,3.0,2.0,4.0,3.0,4.0,3.0,4.0,3.0,3.0,3.0,2.0,3.0,3.0,3.0,3.0,3.0,5.0,3.0,3.0,3.0,3.0,3.0,5.0,3.0,3.0,3.0,4.0,3.0,2.0,3.0,4.0,3.0,5.0,3.0,3.0,2.0,3.0,3.0,4.0,3.0,4.0,4.0,3.0,3.0,3.0,3.0,4.0,4.0,2.0,2.0,3.0,2.0,4.0,2.0,4.0,3.0,2.0,2.0,3.0,3.0,5.0,3.0,5.0,4.0,4.0,4.0,3.0,3.0,"笔的一天
　　有一些笔，住在笔袋里，它们的主人在收拾书包。笔袋里有：铅笔，可擦笔，圆珠笔，油性笔，钢笔，修正带和橡皮。书包里有：笔袋，语文书，数学书和跳绳。
　　这天晚上，它们在说主人为什么这么忙。橡皮说：“我听说主人明天是第一天上学，我觉得我们应该早点睡觉。
　　第二天，笔们还在睡觉，可是它们被喧闹声吵醒了，原来已经到学校了。
　　第一节课是语文课，小主人听讲很认真，老师讲的也很好，笔们也听见了。而且小主人做笔记也很认真。
　　第二节课是数学课，笔的用处更大了。
　　第三节课是体育课，它们羡慕地看着跳绳被带到操扬上。它们在窗户上看着小主人跳绳，跑步。可擦笔突然说：“我们把课程表抄了吧！”在抄的时候，钢笔打了个喷嚏，一大团墨汁掉到了纸上，把纸弄黑了一大块，圆珠笔说：“都怪你，把纸弄脏了。”油性笔说：“对呀，我们只好再抄一张了。”钢笔说：“对不起，对不起，我不是故意的。”但铅笔说，没事，没事，让修正带帮我们一下不就行了吗！”钢笔连声说：“谢谢铅笔，谢谢铅笔。”
　　回家以后，小主人因为听课很认真，所以做作业很快，做完作业，他玩了一会儿就睡觉了。他的笔也进入了梦乡。明天会发生什么事呢？",《笔的一天》
150541,3.0,4.0,4.0,4.0,3.0,4.0,3.0,4.0,3.0,3.0,3.0,4.0,4.0,3.0,2.0,3.0,2.0,2.0,3.0,2.0,3.0,2.0,2.0,2.0,3.0,2.0,2.0,3.0,2.0,2.0,2.0,3.0,2.0,3.0,3.0,4.0,3.0,3.0,2.0,3.0,3.0,4.0,3.0,4.0,2.0,4.0,3.0,3.0,3.0,4.0,2.0,2.0,2.0,3.0,2.0,3.0,3.0,3.0,3.0,3.0,3.0,4.0,3.0,3.0,3.0,4.0,2.0,3.0,1.0,4.0,"刘华
　　刘华是我开学的第一个朋友。我第一次见到他的时候看他长的虎背熊腰，十分强壮，又很吓人。所以我就装作没看见。没想到他给我了一个微笑。那微笑如同一股暖风照着我的心田。正是这微笑我改变了对他的看法。我感觉非常亲切。当时天气很热，他却装着一身秋天的衣服。他头戴见雷帽，脖子上套着一个脖套，身穿一件运动服；穿着一个小西裤，和一双运动凉鞋，粉嘟嘟的脸蛋像胭脂一样。眉毛向上挑起，他的瞳孔在阳光的照射下看着格外美丽。镶着一双水灵灵的大眼睛。眼上的纹路一张一合显得非常有趣，真是“肤如凝脂，身若浮云”他“脸上严肃神气扬扬，行动活泼举止大方。”我细细地打量着他，又感到了他身上有不同的气息。举止又很文雅，有一种神圣不可侵犯的感觉。",《刘华》
140120,5.0,4.0,5.0,4.0,5.0,4.0,5.0,5.0,5.0,4.0,5.0,4.0,4.0,4.0,5.0,3.0,5.0,3.0,4.0,4.0,4.0,4.0,4.0,4.0,4.0,4.0,5.0,4.0,4.0,3.0,4.0,3.0,4.0,3.0,4.0,3.0,4.0,3.0,4.0,3.0,4.0,4.0,4.0,4.0,5.0,3.0,4.0,4.0,5.0,3.0,4.0,3.0,4.0,3.0,3.0,3.0,4.0,4.0,3.0,3.0,4.0,3.0,5.0,4.0,4.0,4.0,4.0,4.0,5.0,3.0,"快乐的英国之旅游记
　　今年暑假我去了英国，在英国我看到了世界最古老，最著名的大学——牛津大学和剑桥大学，英国最神秘的史前遗迹——巨石阵，全世界最著名的四大博物馆之一——大英博物馆，以及文坛巨匠——莎士比亚故居，为了这次旅行，我特地看了莎士比亚写的《仲夏夜之梦》和《威尼斯商人》，这两本。
　　在所有行程中，最让我意犹未尽的就是在英国南部海岸开飞机了，一大早我们就来到了一战时期的空军基地，当地的教练教我们如何掌握正确开飞机的技巧，如何操控飞机推、拉等动作，如何识别基本需要参考的仪器。
　　上完指导课后，在我的期盼下，终于轮到我上飞机，我戴上耳罩，和教练试过通话后，按照之前所教的步骤；开启螺旋桨后，推拉操控杆，飞机就真的飞上了天空，此时我的心情无比激动，我开始向外看去，看到蓝蓝的天空，天空上飘着几朵白云，感觉自己像一只快乐的小鸟，自由地在天空中飞翔，我看到广阔的田野，仿佛是一个天大的棋盘，那些勤劳地人民，就像是棋盘上的棋子，我还看到了湖泊，湖泊在太阳光的照射下，显得波光粼粼，还看到了高低不平的丘陵，这些景色美不胜收，再往前看去，我看到了前方的大海，上面还有个小岛，我向小岛开去，小岛上有，青青的草，绿绿的树，形成了一幅美丽的风景画，在小岛上空盘了一圈，就飞回了基地，这种可以一边驾驶飞机，一边欣赏海陆空的美景，这种感觉很不错吧！
　　还有一个充满魔幻的地方——哈利波特影城，在这里可以把自己想象成霍格沃茨的一名成员，骑上飞天扫帚，走向斜角巷，走进魔杖店，配制魔法药水、来到评选学院杯的会议大厅、看到9站台和能旋转鹰雕的校长办公室……，所有这些场景都是小说和电影上看到的地方。
　　这次旅行我玩得很开心，还练习了英语口语，了解了英国的历史文化和风土人情，这次旅行让我收获满满。",《快乐的英国之旅游记》
160236,5.0,5.0,5.0,5.0,5.0,5.0,5.0,5.0,5.0,4.0,5.0,5.0,5.0,4.0,5.0,5.0,5.0,4.0,5.0,4.0,5.0,4.0,4.0,5.0,5.0,5.0,5.0,5.0,5.0,5.0,5.0,4.0,5.0,5.0,5.0,5.0,5.0,4.0,4.0,4.0,5.0,5.0,5.0,5.0,5.0,5.0,4.0,4.0,4.0,5.0,3.0,4.0,3.0,3.0,3.0,3.0,4.0,3.0,3.0,4.0,4.0,4.0,5.0,5.0,5.0,4.0,5.0,4.0,5.0,5.0,"关爱“他人”
　　关爱是一盏明灯，照亮了人们前进的道路；关爱是一艘小船，把人们带到爱的彼岸；关爱是一把火，温暖了人们的心。正如孟子所说：“爱人者人恒爱之，敬人者人恒敬之。“随着关爱的脚步，我轻轻地打开了记忆的大门。
　　还记得五下的那个学期，我的好朋友王丽生病了。我本以为她只是发烧或感冒了，过几天就能好，可事实恰恰与我所期望的相反，一天、三天、五天她都没来上学。我心想：“都一个星期了，她怎么还不来上学，不会出什么事了吧？”窗外往日一片祥和的景象变得沉重起来，欢快的鸟鸣声消失了，只有乌鸦在枝头上鸣叫，我的心也变得沉重起来。放学后，我急匆匆地抢过爸爸手里的电话，拨打了王丽的电话号码，想询问一下她怎么了。我打了一遍、两遍、三遍她都没有接电话。终于，我从手机里听到了她柔弱无力却又带着几分兴奋的声音，原来王丽的眼睛感染了，是病毒性感染，很严重，一学期都不能来上学了。
　　在这个学期剩下的日子里，我一直都很想念她。我一次又一次的给她打电话，可迎来的却是坏消息，她已经住院了。我想去看看她，周末的时候，爸爸开车带我去了医院。在医院旁的小超市里，我挑选了她平时最爱吃的零食和她最爱喝的饮料。当我看到她的时候，她正躺在病床上，非常瘦弱，像刚哭过的样子。看到我来了，她十分高兴，我看到她能睁眼了也很高兴。我问她眼睛好些了吗？还和她说：“你看，我给你带来了一大袋你爱吃的好吃的……”当我们说话的时候，她的嘴角浮起了一丝微笑，脸上充满了幸福。
　　经过一个学期和一个暑假的休养，她现在已经可以上学了。但是一个星期至少要有两天去医院复查，每当她没来上学时，我晚上都会给她打电话，告诉她今天的作业和在学校发生的趣事，还会询问她的恢复状况。我能听出来，在电话的另一端，满是幸福。
　　“赠人玫瑰，手有余香。”当我们关爱别人时，内心也会充满快乐。所以，关爱他人就是关爱自己。我希望每个人都能献出一点爱心，帮助他人，让自己更快乐。",《关爱“他人”》
160315,5.0,3.0,3.0,2.0,4.0,3.0,5.0,5.0,5.0,3.0,5.0,3.0,5.0,2.0,5.0,4.0,5.0,4.0,4.0,3.0,4.0,3.0,4.0,3.0,5.0,2.0,4.0,3.0,5.0,3.0,4.0,3.0,5.0,3.0,4.0,2.0,5.0,2.0,4.0,3.0,5.0,2.0,5.0,4.0,4.0,3.0,4.0,3.0,3.0,3.0,3.0,2.0,4.0,2.0,4.0,2.0,5.0,3.0,3.0,3.0,4.0,3.0,5.0,3.0,4.0,3.0,4.0,3.0,4.0,2.0,"友谊无价
　　我拿起小木船，往地上狠狠地一摔，陈华就要发火，这时一个苍老的声音徐徐说：“愚蠢，无知的人觉悟吧。”这时整个世界笼罩着烟雾，我也瞬间失去了知觉……
　　等到醒来时，只感到身处一个赤红的世界，树是红的，草是红的，就连天空也是红的。我和陈华又吵了起来，“你竟然把我们带到了这个鬼地方，这都是你的错”，“你才是这一切的始作俑者……”。突然一个巨大的怪物不知从那个地方里钻了出来。它有8条腿，8只眼，有一张血盆大口。它全身乌黑，好似是蜘蛛。我和陈华呆在那里，只见陈华脸色惨白、双肩抖动，往后一仰眼看就要晕倒，我赶忙拉起陈华就跑。
　　我俩也不顾前嫌地跑在了一起，前面，有一个戴有床驽的高台，我俩立马爬上了高台，使出吃奶的力气奋力上弦，这时陈华的手紧紧地握住我的手，和我一起用力推，此时的我心里镇定了许多。只见那怪物已经掏出一把大锤子，快点再快点，我不停地在心中告诉自己，上好了弦，我俩将准星对准了它，它举起大锤子就要往下一砸，一箭射出，怪物立刻命丧九泉。我们也立刻跑了回去。
　　正所谓“岁寒知松柏，患难见真情。”自从经过了这一次有惊无险的事情后，我俩成为了朋友，并明白了一个道理，在险急时刻友情是比钻石、黄金更珍贵的东西。",《友谊无价》
130703,4.0,4.0,5.0,5.0,4.0,5.0,4.0,4.0,4.0,4.0,3.0,3.0,4.0,4.0,4.0,3.0,4.0,3.0,4.0,4.0,4.0,4.0,4.0,4.0,4.0,4.0,5.0,5.0,4.0,4.0,4.0,4.0,4.0,4.0,4.0,4.0,4.0,4.0,4.0,5.0,4.0,4.0,5.0,5.0,4.0,5.0,4.0,4.0,5.0,5.0,4.0,5.0,4.0,4.0,3.0,5.0,4.0,4.0,2.0,2.0,4.0,4.0,4.0,5.0,4.0,5.0,5.0,5.0,4.0,3.0,"美丽的松花江
　　我的家在东北，每年我都会去松花江痛痛快快玩一番。
　　夏天，松花江可美了，碧绿碧绿的江水，好像一块翡翠,水面上偶尔有几只小船，把这块翡翠衬托的更加美丽动人。这块翡翠是仙女遗落的吗？还是从天上掉下来的？我们不得而知。
　　当然，最美的还是冬天了。每年大年三十，我们都要去那玩。那的雾淞可出名了！雾松也叫树挂，如果你摇摇树干，树上的雪会洒你一身！那里可以堆雪人，打雪仗……那儿的雪轻轻的、软软的、白白的。踩上去咯吱咯吱的。那儿人可多了，比沙堆里的沙子都多！
　　我爱我的家，我爱松花江！",《美丽的松花江》
150341,3.0,4.0,4.0,4.0,3.0,4.0,2.0,3.0,3.0,3.0,3.0,3.0,3.0,2.0,4.0,3.0,4.0,4.0,3.0,2.0,3.0,3.0,3.0,2.0,4.0,3.0,4.0,4.0,3.0,3.0,3.0,3.0,3.0,2.0,4.0,3.0,3.0,3.0,3.0,4.0,3.0,4.0,3.0,4.0,2.0,4.0,3.0,2.0,3.0,3.0,3.0,2.0,3.0,3.0,3.0,2.0,4.0,4.0,3.0,2.0,3.0,3.0,3.0,3.0,2.0,3.0,2.0,4.0,1.0,3.0,"初会方君宇豪
　　我还记得和我手牵手走过学校大门的人，我还记得他那声声的话语，我还记得我小学第一个朋友，他让我知道了，人与人之间的感情，有多么重要。他就是方强。
　　开学典礼时阳光洒在了我们身上，我们的心也是暖暖的，忽然有人拍了拍我的肩膀，问我：“请问你是几班的。”只见那人头戴棒球帽，项中系着鲜红红领巾，身穿红色染花毛衣，外套灰色条纹大马甲。镶着一双水灵灵的大眼睛，两弯月牙眉、一个樱桃似的嘴巴，面容严肃，衣着简朴。我回答说：“一年级二班。”那人笑着说：“我也是一年级二班的，咱们交个朋友吧。”便把手伸了出来，我的手也伸了出来对他说“那么以后咱们就是好朋友了？”我说：“嗯，是的。”我们一路上说说笑笑，竟没看见前面有一个坑我掉了进去。他说：“没事吧，没事吧？”又忙把我拉起来，担了担尘土说：“咱们别谈了，看着点路吧。”又从衣服中拿出一个小的枪的模型说：“怎么样？你有吗？”
　　后来我知道他叫方强我们也成了好朋友。
　　五年了他在我心中一直没变，他是一个大方，体帖，关心人，热情，简朴而又有很强的魅力的一个人，我能交到一个这样的朋友也是我的荣幸，我们会一直好朋友的。",《初会方君宇豪》
130710,4.0,4.0,4.0,5.0,4.0,5.0,4.0,3.0,4.0,4.0,4.0,3.0,4.0,4.0,4.0,3.0,4.0,3.0,3.0,3.0,4.0,5.0,4.0,4.0,4.0,4.0,4.0,5.0,4.0,4.0,4.0,4.0,4.0,4.0,3.0,4.0,2.0,3.0,4.0,4.0,4.0,4.0,4.0,5.0,4.0,4.0,4.0,4.0,4.0,4.0,3.0,3.0,2.0,2.0,3.0,3.0,4.0,4.0,2.0,2.0,4.0,4.0,3.0,5.0,4.0,5.0,4.0,4.0,5.0,3.0,"美丽的A大学荷塘
　　我最熟悉的地方是清华的荷塘，我几乎每月都要去那，那里春、夏、秋、冬都很美丽，所以我才喜欢那里。
　　春天，荷塘里的小鱼快活了起来。柳树又抽出了嫩绿的枝条。花儿五颜六色好看极了！有红的，有白的，有黄的，还有粉色的呢！时不时也会有蜜蜂嗡嗡地闹着，小蝴蝶飞来飞去，还会落到人们头上呢。
　　夏天，清华的荷塘是青蛙的天下，那里有雨蛙、青蛙、牛蛙，各种各样，唱起歌来就像一个小乐队一样！
　　秋天，那里就像铺上了一层彩色的地毯，鸟巢清晰可见，有时还能看见小鸟和大鸟呢！冬天，荷塘简直就是小朋友的乐园。荷塘上冻了一层厚厚的冰，小朋友们玩的热火朝天，有的玩冰车，有的在滑冰……时不时传来一阵阵欢乐的笑声……
　　所以我深深地记住了A大学荷塘。",《美丽的A大学荷塘》
240234,4.0,4.0,4.0,5.0,4.0,4.0,3.0,4.0,4.0,5.0,3.0,3.0,4.0,5.0,5.0,4.0,5.0,5.0,4.0,5.0,4.0,4.0,4.0,5.0,4.0,4.0,4.0,4.0,5.0,5.0,5.0,4.0,5.0,5.0,4.0,4.0,4.0,3.0,4.0,4.0,4.0,3.0,4.0,4.0,4.0,3.0,4.0,4.0,4.0,4.0,4.0,3.0,3.0,3.0,3.0,3.0,4.0,4.0,3.0,4.0,4.0,3.0,5.0,5.0,5.0,4.0,5.0,4.0,5.0,5.0,"编中国结
　　这个假期，我做了一件特别有趣的事，学会了一个新东西，“编中国结”其实这也算不上什么新东西，因为以前在课上学过编四耳吉祥结。不过那也是我初步接触中国结，而那次课，也让我喜欢上了编中国结。
　　我妈妈给我买了一本编中国结的书，上边有编中国结的方法。我第一个编的是凤尾结，刚刚开始的时候，我拿手把绳子固定住，然后开始绕S型。不过问题就是每绕一个S,就要拉一下绳子。可是因为当时不熟练，所以老是编不好。后来我就想啊，有什么办法能编好呢？后来我就想啊，我可以把每一步都分解来看，然后就反复做一个步骤。最后再把每一步合起来，凤尾结就编好了。
　　后来，我又编了很多结，比如双钱、纽扣盘长、双联、琵琶结等。看着眼前一个个五彩缤纷的中国结，心里美滋的。不过呢，这些中国结都有什么用呢？我想来想去，发现中国结可以做吊坠，可以编成手链等等等等，看来，中国能用到的地方很多阿！后来我还在网上查阅了资料，发现了很多有关中国结的知识。
　　通过编中国结，让我不仅编出了美丽的中国结，还让我学到了很多知识，希望我以后能把中国结编的越来越好。",《编中国结》
140308,4.0,3.0,2.0,3.0,4.0,5.0,5.0,4.0,5.0,4.0,4.0,3.0,4.0,4.0,4.0,4.0,5.0,3.0,5.0,3.0,4.0,4.0,4.0,3.0,5.0,4.0,5.0,3.0,4.0,4.0,4.0,3.0,4.0,4.0,4.0,3.0,4.0,4.0,4.0,3.0,4.0,4.0,5.0,4.0,4.0,3.0,4.0,4.0,5.0,3.0,4.0,4.0,4.0,3.0,2.0,4.0,5.0,3.0,2.0,2.0,3.0,4.0,5.0,5.0,4.0,5.0,4.0,5.0,4.0,3.0,"难忘的交通事故
　　从前，有一只小狗和小猫过着美好幸福的生活。
　　中秋节前小狗给好朋友小猫打电话说：“快过节了，小猫我们晚去吃个饭吧”！于是小猫和小狗去了一家饭馆吃饭，小狗兴致勃勃，不知不觉喝了一瓶白酒。吃完饭小狗想要开车回家，小猫怎么劝也没有用，当小狗开了十分钟后已经快睡着了。这时一抬头突然发现前面有一个红灯，当他一脚踩下时，车不但没有停还以极快的速度飞奔过去，就听见“轰轰轰”几声巨响。小狗前面的几辆车全被撞上，原来小狗把刹车当成油门踩了，小狗的酒也醒了一半，可是整条街都被堵上了。不一会儿猪警察赶到现场了，对现场进行了清理，小狗也受到了应有的惩罚。
　　通过这件事，小狗做了深刻的检讨，酒后驾车是对自己的生命不负责任，也是对别人的安全不负责任。从此小狗再也不酒后驾车了。",《难忘的交通事故》
130207,3.0,3.0,4.0,5.0,3.0,4.0,3.0,3.0,3.0,3.0,2.0,2.0,4.0,4.0,3.0,3.0,3.0,3.0,3.0,3.0,3.0,3.0,3.0,3.0,3.0,4.0,3.0,4.0,2.0,2.0,3.0,3.0,3.0,5.0,4.0,4.0,2.0,4.0,2.0,4.0,3.0,3.0,3.0,3.0,2.0,3.0,2.0,3.0,3.0,3.0,2.0,3.0,3.0,3.0,3.0,3.0,3.0,3.0,2.0,2.0,3.0,3.0,3.0,5.0,3.0,4.0,3.0,4.0,3.0,3.0,"我的本领
　　我的本领有很多种，比如乒乓球、游泳、画画、围棋、唱歌，但是我最喜欢的是游泳，下面我就给大家说说我是怎样学会的。
　　暑假时，我们班团了一个游泳班，但以前我不想学游泳，因为我在A游泳池里看到一个教练把学生扔进水里，当时我吓呆了。但我还是坚持学了。
　　一开始老师让我们在水里吐泡泡，由于我学过，所以我很快就学会了，但我觉得把头放进水里有点不适应。
　　第二步，老师教我们蹬腿，老师一边喊收翻蹬夹，一边看我们做的对不对，我觉得老师真细心呀。第三步，该学划手了，因为划手的动作很简单，所以老师让我们一边换气一边做划手动作。老师还说游蛙泳时要身体搭配才能游起来。
　　我们的游泳课一般都有中间休息。休息时我们一般玩的是跳水、打腿、潜水……。
　　终于上完课了，但我还是游不起来，所以妈妈就让我练乒乓球，现在我和老师打单球能打20个，每天500个跳绳，有时几分钟就跳完了。上了这些班我的体能增加了不少，我也能游起来了。游泳后我的变化很多，比如：游完泳后变瘦了，不愁跑步了，不感冒了，比以前长的更快了。
　　我很喜欢游泳，因为游泳可以锻炼身体，而且还可以多会一种本领所以我每周最少游一次泳。
　　我相信如果你学了游泳，也一定会喜欢的！",《我的本领》
160403,5.0,5.0,5.0,5.0,5.0,5.0,5.0,5.0,5.0,5.0,5.0,5.0,5.0,5.0,5.0,5.0,5.0,4.0,5.0,5.0,5.0,5.0,5.0,5.0,5.0,5.0,5.0,5.0,5.0,4.0,5.0,5.0,5.0,5.0,5.0,5.0,5.0,5.0,4.0,4.0,5.0,5.0,5.0,5.0,5.0,5.0,5.0,5.0,5.0,4.0,4.0,4.0,5.0,5.0,4.0,4.0,5.0,5.0,2.0,2.0,4.0,4.0,5.0,5.0,5.0,5.0,4.0,5.0,3.0,3.0,"“我要扼住命运的喉咙！”
　　“我要扼住命运喉咙！”这是一个失聪的灵魂在深渊中的呐喊，在与命运斗争时的信念，受到命运打击时的宣泄，向世界发起的号召。这个不屈的灵魂不断地与命运的抗争，用音乐表达自己的思想，给艺术留下了浓墨重彩的一笔。他就是乐圣——贝多芬！
　　前不久，我在学习道路上遇到了障碍，几乎一蹶不振，放弃了信念，失去了动力。整天荒废自己的时间在一些无用的东西上面，直到我听到了那一首曲子，让我的希望被点燃。没错，它就是《命运交响曲》！
　　刚听到第一个音符时，我的心就一震。那是何等的激越啊！像一轮红日跃上天空，朝气磅礴；像巨天的浪花狠拍沙滩，水花四溅，像刺眼的闪电撕裂云层，如同白昼。告诉我们：振作！不要屈服于命运！
　　紧接着，一串串音符从琴键中流泻出来，从原本微弱的低吟变成高昂的呐喊！我仿佛融进了这首曲子，走进了贝多芬的内心世界。这真切的，迷茫的，钻心的痛苦究竟是谁体会到的？不管是谁，都是难以忍受的。不同的是，曾经的我受到打击后一蹶不振，而贝多芬，却变得更加坚强。屡败屡战，定要战胜命运，永不放弃！
　　乐曲的速度放慢，我却没有听出温柔的感觉，忽高忽低的音高像是断断续续的呼吸，让人喘不过气来，像当时的我，苟延残喘，夹缝求生。
　　难道我就甘心这样一蹶不振下去？不！绝对不！高亢的主旋律拔地而起，我又充满了力量，恢复了信念！
　　最后一个音狠狠地落下，我才发现命运已经落在了手心，它对我笑：“你终于明白了，命运是你自己掌控的，不用被它所牵，做你自已就好。命运，不就是你自己想出来的吗？战胜它还不简单？”
　　是啊，命运是可以被战胜的，这只取决于你能否战胜自己。
　　听完一首乐曲，我竟能走进作者的心，悟出不少道理，这就是音乐的魅力，艺术的魅力！
　　“我要把住命运的喉咙！”这是灵魂深处的触动，是心与心的共鸣，穿过艺术的桥，我们，终会相遇！",《“我要扼住命运的喉咙！”》
160244,4.0,4.0,4.0,5.0,4.0,4.0,4.0,4.0,4.0,5.0,4.0,4.0,4.0,5.0,4.0,5.0,4.0,3.0,3.0,4.0,4.0,4.0,4.0,5.0,4.0,5.0,3.0,4.0,4.0,4.0,3.0,3.0,4.0,3.0,3.0,3.0,3.0,4.0,4.0,5.0,4.0,4.0,4.0,4.0,4.0,5.0,3.0,4.0,4.0,5.0,3.0,3.0,4.0,3.0,4.0,4.0,4.0,3.0,4.0,4.0,4.0,4.0,4.0,5.0,4.0,5.0,4.0,5.0,4.0,4.0,"所谓的关爱
　　什么叫关爱，望文知意，就是关怀和爱护，我非常喜欢大象，但却往往有人打着关爱的名义，实施伤害，虐待。
　　我非常喜欢大象，小的时候每次去泰国都会要求骑大象或者看动物表演，还记得第一次骑大象，那天好热啊，一队队人大汗淋漓的环境站在暴晒的阳光之下等待。终于，我和妈妈等到了一头大象。我走上一个和它一样高的梯子，然后一脚踩到了它的背上。坐在一个双人座上上面只有一个小的可怜的遮阳篷。刚看完，大象就摇摇晃晃的出发了。我也随着大家的摆动摇来摇去。我还发现它的左前脚用绳子牵着一只可爱的小象。“如果能骑着它，该有多好啊！”我想“当时它一定会？着鼻子连连叫唤，向妈妈求助。”骑着大象，我觉得可以不把一切放在眼里。地上的人变小了；树和我一样高了，连大象也在我脚下。过了一会儿，大象低下头想喝点水，我就随着它往前倾，觉得自己要栽下去，便立刻失声尖叫起来。牵象人连忙回头用勾子，重重的打了它一下，它马上站直身子，乖乖的往前走了。我心里有丁点可怜它，但被一时的激动和兴奋淹没了。短短半个小时走完，我的脸晒的红彤彤的，幸亏我头顶上有个小小的遮阳篷，我的胳膊却没有那么幸运，被晒掉了一层皮。
　　渐渐的，我长大了。妈妈就不让我骑大象或看动物表演了，我疑惑的问妈妈为什么，妈妈就上网找了一个记录片，讲的是国人如何驯服一头大象：小象出生，就牵离妈妈，关在狭小的笼子里，不能睡觉，吃饭，这不就是在审问犯人吗！它又犯了什么错呢？我又硬着头皮接着看下去。人们用刀刺和鞭打使它们屈服。我的心好像和它们一样疼。因为，它们的疼，都直刺我的内心。是呀！没有买卖，就没有伤害。就是因为有我们这些所谓“关爱”它们，想和它们亲密接触的人，才会有训练它们的人，我们骑的时候会很开心，但是它们体会不到同等的快乐，对它们来说，这只不过是一份迫不得已的工作，对于野生动物，它们需要的是自由自在的生活在森林里，而不是给人类提供服务。
　　这样的事情比比皆是，不要因为个人的“爱”，而不经意地打碎了它们的心，所以要从它需要什么出发，这样才不会玷污“关爱”这两个字。",《所谓的关爱》
130101,3.0,3.0,4.0,5.0,4.0,4.0,4.0,4.0,4.0,4.0,2.0,2.0,3.0,3.0,1.0,3.0,3.0,3.0,4.0,4.0,2.0,4.0,2.0,2.0,4.0,3.0,4.0,4.0,3.0,3.0,4.0,4.0,3.0,3.0,3.0,3.0,2.0,2.0,3.0,3.0,4.0,4.0,4.0,4.0,4.0,3.0,4.0,4.0,4.0,4.0,2.0,3.0,2.0,3.0,2.0,3.0,3.0,3.0,2.0,2.0,3.0,3.0,4.0,5.0,4.0,4.0,4.0,4.0,4.0,4.0,"可爱的小松鼠
　　小松鼠有一双又尖又灵巧的耳朵，一双黑的似珍珠的眼睛下面长着一张小巧玲珑的嘴，还有一张毛茸茸的小脸。它腹部的毛是白色的，远看像覆盖了一层白雪，背部的毛是黑棕相间的花纹，有四只红色小爪子，毛茸茸的大尾巴又粗又长。
　　小松鼠非常好动，四只灵活的小爪子在笼子里攀上攀下，晚上七八点就在报纸里一动不动地躺着睡觉。它喜欢吃瓜子，我jing1常在上边丢瓜子给它吃。
　　我觉得它很可爱，它是个非常活泼的小精灵！",《可爱的小仓鼠》
130208,3.0,3.0,4.0,5.0,4.0,5.0,3.0,3.0,4.0,4.0,2.0,3.0,2.0,3.0,3.0,4.0,4.0,3.0,3.0,2.0,3.0,3.0,3.0,3.0,4.0,4.0,4.0,4.0,4.0,3.0,4.0,4.0,3.0,4.0,3.0,4.0,2.0,4.0,3.0,4.0,3.0,4.0,4.0,4.0,3.0,3.0,3.0,3.0,4.0,4.0,2.0,3.0,3.0,3.0,3.0,3.0,4.0,4.0,2.0,2.0,2.0,3.0,3.0,5.0,4.0,5.0,2.0,4.0,4.0,3.0,"动物园里当向导
　　4月3日，我和妈妈，小姨，姥姥，姥爷和一岁半的小宝一起去动物园玩。
　　到了动物园妈妈让我当向导，由我带领大家去看想看的动物，行走路线完全由我定。于是我先给大家分工，姥爷走不动，只想在动物园门口溜达，我们给姥爷找到个可以坐的地方。妈妈说：“我想去看老虎。”小姨说：她想带小宝看长颈鹿，她想看大能猫。”姥姥说：“我看什么都行。”于是我按照大家的要求，首先来到地图前看着这几个馆的方位，我们在海洋馆往西可以经过犀牛河马馆，和大象馆，再过桥往南到两栖爬行馆，再经过水禽湖到熊猫馆，再到狮虎山再过湖到海洋馆与姥爷汇合。路线规划好后我们向西出发，我在前面带队，他们在后面。我们先去看了犀牛河马馆，里面很大，可是只有犀牛河马各一头，然后我带着他们向西方去了大象馆，大象馆只有两头大象，哇！真是庞然大物呀！不过它们的鼻子象我们的手一样灵活，而且还摸来摸去的。然后我们去了两栖爬行馆，只有我和妈妈去了，因为其他人都不敢去，因为里面有黄金大蟒蛇，我和妈妈去看了一下并没有黄金大蟒蛇。最后我们去了能猫馆，只有我和小姨去，因为其他人都累的走不动了。我和小姨一进熊猫馆看到的是鸡，我想应该是熊猫不够了拿鸡来代替。熊猫馆里大大小小有好几个馆，一共才5只熊猫，最后出去的时候小姨问了我几个问题为什么一个熊猫要用那么多的地方，为什么不合在一起呢？我好细想了想说：“如果合在一起那个熊猫的地方空着干什么，难道放鸡吗？”熊猫馆看完后往北再看老虎，看完老虎到北门与姥爷胜利会师。就这样我们圆满的逛完了动物园。最后妈妈说，“宝贝以前都是我们带你逛动物园，现在成了你带我们逛动物园，真有本领！”",《动物园里当向导》
160116,4.0,4.0,5.0,3.0,4.0,4.0,5.0,4.0,4.0,4.0,4.0,4.0,5.0,4.0,4.0,4.0,5.0,4.0,4.0,4.0,4.0,4.0,5.0,4.0,4.0,4.0,4.0,5.0,5.0,4.0,5.0,4.0,4.0,4.0,4.0,4.0,3.0,3.0,4.0,5.0,4.0,5.0,4.0,4.0,3.0,4.0,4.0,3.0,4.0,4.0,3.0,4.0,3.0,4.0,3.0,4.0,4.0,4.0,3.0,4.0,5.0,5.0,5.0,5.0,5.0,5.0,5.0,5.0,5.0,4.0,"芬芳却无色的花朵
　　“友谊之光像磷火，当四周漆黑最为闪亮。”有这样一种花，无色无香，是那样不起眼。可当它被丢弃在没有阳光滋润，没有雨水灌溉的黑暗角落里时，它却绽放出最美的花朵，香气芬芳四溢。
　　“叮铃铃”下美术课了。我抱着数不清的作业和我的朋友一起写作业。美术老师和别的同学说了几句活，便直径向我走来，我把作业高高举上头顶。我的身高不比美术老师矮。美术老师和我说让我找一名同学一起画幅画，过两天给她。我的手再也承受不了作业的重量了，“哗啦”掉在地上。
　　我无可奈何地捡着作业，我渴望地看了我的朋友一眼，但她早以不见踪影。我垂头丧气地跑回教室。腿却怎么也抬不起来，眼前天旋地转，教室里四十多只蜂蜜“嗡嗡”地唱着笑着我这样疲惫不堪。我拿着笔，冲出教室，一个人打起稿来。
　　我时不时往教室里望着，眼到我的朋友，本想叫她一起画，但想起以前我叫她画画时，她不停地冲我喊叫，一声声怒号的雷“轰隆隆”向我奔来。而现在，她又怎么可能不这样呢？突然，我的朋友离开座位，跑走了。她又满头大汗地跑回来，拿着一盒水彩笔。“我来吧”我看着她，灰朦朦的眼睛亮起来，三个字像甘露一般流进我的眼睛，流进我的心胸，我拉着她的手，一起画时，透明的箱子太锋利，血珠在我的手上打转，但它是甜的。
　　“桃花潭水深千尺，不及汪伦送我情。”离别时的不舍，牵挂，思念让诗人不由自主地吟诵志同道和的友谊。像那朵花，纯洁，透明，坚强，美丽如冰。这也恰似友情，它不是能说会道，而是默默无闻，倾听着彼此的心；不是饱含温情，而是在疾难时绽放出最美的花朵，在黑暗中射出一道彩虹。",《芬芳却无色的花朵》
130223,5.0,3.0,5.0,4.0,5.0,3.0,4.0,3.0,5.0,3.0,3.0,3.0,5.0,3.0,2.0,3.0,4.0,3.0,5.0,3.0,3.0,3.0,3.0,3.0,3.0,4.0,5.0,3.0,4.0,3.0,4.0,3.0,3.0,3.0,3.0,3.0,3.0,2.0,4.0,3.0,4.0,3.0,5.0,3.0,3.0,3.0,4.0,3.0,3.0,3.0,2.0,2.0,3.0,2.0,4.0,2.0,3.0,3.0,2.0,2.0,3.0,3.0,5.0,3.0,5.0,4.0,4.0,3.0,3.0,3.0,"学吹小号
　　我会很多本领，比如吹小号，踢足球，弹琴，滑轮滑，跳街舞等。
　　二年级的一天，我去参加二小的乐团选拨了。最终，我被选上吹小号了，我很高兴。
　　我们把小号拿回家，打开一看，说是小号其实也不小。它亮晶晶的，号口上还刻着精美的图案。我拿起来一看，呀！好重呀，但节构很复杂。爸爸说：“这个号很贵的，把它放回号包里吧。我恋恋不舍地把号放了回去。
　　于是我开始练小号了。我每天要练2～3个小时的小号，但我学得很快，现在己经学到第四级了。
　　上第一节课的时候，老师让我练习涂纸团。我一开始吹不响号，但是要下课的时候，我能吹响了。老师说我是第一个能在第一节课吹响小号的孩子，我听到这话很高兴。
　　我阿姨非常喜爱我的小号，也非常爱干净；讲卫生，她每天给我洗一次号，生怕有细菌。结果我的号灰灰的，一点也不亮了。我拿号布擦了又擦,我的小号终于亮了一点。
　　我喜欢我的小号，也很喜欢吹小号。",《学吹小号》
160511,3.0,4.0,3.0,5.0,4.0,5.0,3.0,3.0,4.0,4.0,3.0,3.0,3.0,4.0,3.0,2.0,3.0,3.0,3.0,4.0,3.0,4.0,3.0,4.0,3.0,4.0,2.0,5.0,3.0,4.0,3.0,3.0,3.0,4.0,3.0,3.0,2.0,3.0,3.0,3.0,3.0,3.0,3.0,3.0,3.0,3.0,3.0,3.0,3.0,3.0,3.0,3.0,3.0,3.0,2.0,3.0,3.0,4.0,2.0,2.0,3.0,3.0,3.0,5.0,4.0,5.0,3.0,4.0,2.0,3.0,"包饺子
　　“爆竹声中一岁除，春风送暖入屠苏。”北京的春节也是很热闹的；家家户户都贴春联，看春晚还有好多好多美食，我们吃的是饺子。
　　因为爸爸是东北人，所以我们是以东北的的习俗过的年。东北过年都是吃饺子。爷爷说：“中国过年都吃饺子，有‘好吃不过饺子’的说法。”“好！”一听到吃饺子，我和弟弟马上就叫了起来。
　　我和奶奶先做馅：酸菜，猪肉。因为在东北春节得吃酸菜猪肉饺子或韭菜鸡蛋饺子，所以我们吃的是猪肉饺子。之后爷爷，奶奶和我和的面：把面粉放入盆中，之后注入清水用手搅拌，揉成一块一块的，用手心压扁，最后将一块块的面团擀成饺子皮。爷爷很快的把饺子做成一张圆圆的小饺子皮，我，妈妈，和奶奶忙着包饺子。只见妈妈和奶奶把饺子皮拿在手上，加入一点馅，双手一握，好像变魔术一样，一个个漂亮的饺子就包了出来了。我照着她们的样子做，可怎么也包不好。之后妈妈带着我一起做，我成功地做好了我的第一个小饺了。我们边说边笑边包饺子，不一会儿，一排排饺子就整整齐齐地摆在了我们的面前，表示着一家的幸福和满满的爱。
　　当热气腾腾的饺子摆在我的面前，我忍不往流下了几滴口水，全家人围在桌子前面看着一盘盘的白白胖胖的饺子开始吃起来。吃完饺了我们把旧的一年送走了，迎来了新的祝福，我相信我一定可以考上一个好中学的，加油！
　　每个地方，都有着不一样的习俗和不一样的风俗。春节迎着人们的忙碌碌缓缓来临，却在无声无息中远去，留给人们的是深深的眷恋。无论春节那些日子是怎么过的，每当想起它，我都会想起2019年的春节。",《包饺子》
130419,4.0,3.0,5.0,4.0,4.0,3.0,4.0,2.0,5.0,3.0,5.0,3.0,4.0,3.0,3.0,2.0,3.0,2.0,3.0,3.0,3.0,3.0,3.0,3.0,4.0,3.0,3.0,3.0,3.0,3.0,3.0,2.0,4.0,3.0,4.0,3.0,4.0,3.0,3.0,3.0,3.0,3.0,4.0,3.0,4.0,2.0,4.0,3.0,4.0,2.0,3.0,2.0,3.0,2.0,3.0,2.0,4.0,3.0,2.0,2.0,4.0,3.0,4.0,3.0,4.0,3.0,3.0,3.0,5.0,2.0,"海洋馆之旅
　　今天，班老师说：“要去海洋馆”。
　　到了海洋馆,我先观察了白鲸。白鲸是白色的，头有一点肿。
　　然后观察了中华鲟,中华鲟长长的，颜色是黑灰色，我还听同学说：“中华鲟是国家一级保护动物！”我还以为只有熊猫是国家一级保护动物。
　　接着，我们去了热带雨林，里面有变色龙，我看变色龙的时候它是绿色的，正趴在藤条上休息，非常难发现。
　　中午，老师说：“一会儿吃饭的时候，要一边看海豚表演,一边看吃饭。开始了，先上来的是海狮，我发现，海狮的毛有棕色的，有黑色的毛，然后，上来的是白鲸，最后上来的是海豚，他们还选出了幸运嘉宾,张勇就很幸运的成为了，我听她说海豚的身体硬硬的，滑滑的。
　　这次观察真有意思。",《海洋馆之旅》
150611,4.0,4.0,2.0,3.0,3.0,4.0,3.0,5.0,3.0,5.0,4.0,3.0,3.0,4.0,4.0,3.0,4.0,3.0,4.0,2.0,4.0,3.0,4.0,4.0,4.0,3.0,4.0,4.0,3.0,4.0,3.0,3.0,3.0,4.0,3.0,4.0,3.0,3.0,4.0,3.0,4.0,4.0,4.0,4.0,3.0,3.0,3.0,4.0,4.0,3.0,3.0,3.0,2.0,3.0,3.0,3.0,3.0,4.0,2.0,2.0,3.0,3.0,3.0,5.0,4.0,5.0,4.0,3.0,2.0,2.0,"我来到神秘泡泡世界（片段）
　　我坐在树下，旁边的小孩在吹泡泡，我便来到神奇的泡泡世界。我看到太阳像个大火球似悬在天上，那强烈白光，刺得我睁不开眼。我用手搭起凉棚，只见太阳变小了，亮亮的圆球四周有一圈乳白色的光晕，阳光直射大地。突然我发观阳光直射我，我却不热？这是为什么呢？哦～原来我在一个巨大的泡泡里，哥特式建筑的城堡在我眼前闪闪发光。这里的人耳朵是尖的；眼睛的颜色是紫色的；头发是金色的；它们身上都长着卷曲的皮毛。突然，有一个似人不是是人的生物问我：“你是谁？为什么和我们不一样？”我说：“我……我……是人类，你是谁？”“我是来自泡星的嘉嘉，你好！”“你去我家看看吧”说完只见一座巨大的房子闪闪发亮的在我面前，我问它：“这是怎么建成的？”它说：“是我们一村子的人建的，历害吧！”我瞬间发观“团结力量大”我们要团结。",《我来到神秘的泡泡世界（片段）》
140113,4.0,4.0,4.0,4.0,5.0,4.0,4.0,3.0,5.0,4.0,3.0,4.0,4.0,4.0,5.0,3.0,5.0,3.0,5.0,3.0,3.0,4.0,3.0,4.0,5.0,4.0,4.0,4.0,3.0,3.0,3.0,4.0,4.0,4.0,4.0,3.0,4.0,3.0,4.0,4.0,5.0,4.0,4.0,4.0,3.0,4.0,4.0,4.0,4.0,4.0,3.0,3.0,4.0,3.0,3.0,3.0,4.0,4.0,2.0,4.0,4.0,4.0,5.0,4.0,5.0,4.0,4.0,4.0,5.0,3.0,"峨眉山游记
　　今年暑假，妈妈带我游玩了青城山、都江堰、峨眉山，还有乐山。其中峨眉山的瀑布、日出……让我记忆忧新。
　　我们一到峨眉山，穿过一排排绿油油的树，看到了一个瀑布，瀑布的水哗啦啦的流向了小溪，小溪的水也慢慢的有了波动，景色也很壮观。猜猜接下来我们会看到什么？我们继续往前走，走着走着，哇！一只只灵活的小猴子成群结队的在树枝上跳来跳去。还有一些猴子蹲在木桩上吃着人们喂给它们的食物。这时，有个姐姐喂猴子吃东西，一只小猴子用爪子抓起姐姐手里的食物，爬到了她的身上，还摘下了她的眼镜。
　　过了两天，我们到达了峨眉山的顶端，看到了日出。日出很漂亮，从一个在半空中金灿灿的小点，到一个照亮大地的太阳，虽然只有那么一霎那，但是却给人留下了很深刻的印象。
　　我来到峨眉山之前，导游就跟我说过：“青城天下有,峨眉天下秀”。现在我登上峨眉山了，才真正感受到了峨眉山的秀丽。峨眉山的一座座山峰终年被绿树覆盖着，郁郁葱葱的，山间云雾环绕。峨眉山也很挺拔、纤细，就像一位位下凡的仙女。我好想再去一次峨眉山啊！",《峨眉山游记》
140401,4.0,4.0,4.0,5.0,4.0,4.0,4.0,4.0,4.0,4.0,4.0,3.0,4.0,4.0,3.0,3.0,4.0,3.0,4.0,3.0,3.0,3.0,4.0,4.0,4.0,3.0,4.0,4.0,4.0,4.0,3.0,4.0,3.0,3.0,4.0,4.0,3.0,4.0,4.0,4.0,4.0,4.0,4.0,4.0,4.0,4.0,4.0,4.0,4.0,4.0,4.0,4.0,2.0,2.0,3.0,3.0,4.0,4.0,2.0,2.0,3.0,3.0,4.0,5.0,5.0,5.0,5.0,5.0,4.0,4.0,"观察日记——菊花
　　秋，是一个秋高气爽的季节，在百花纷纷凋谢的时候，菊花悄无声息地开放了。今天我观察的是菊花。
　　花盆里有着湿润的泥土，菊花的根就深深地插入了湿润的泥土里，吸收着土里的养分，它的茎又粗又长，就像一根小树枝，叶子是墨绿色的，形状大大的，宽宽的，四周长着像小齿轮一样的小芽，这就是叶子的小刺，它的叶脉是对称的。
　　菊花在我的精心呵护下，终于开花了。它的花瓣黄乎乎的，长长的，细细的，一条条的，密密的重叠在一起,向上卷，就像过年的烟花一样一朵朵的散开。可爱的花蕊簇拥在一起,像几个害羞的小姑娘。
　　菊花虽没有月季花那样妩媚，没有荷花那样优美，但它在寒风中笑得如此灿烂。我要像菊花一样不怕寒风，不怕磨难。",《观察日记——菊花》
150607,3.0,3.0,2.0,4.0,4.0,4.0,3.0,3.0,3.0,3.0,3.0,4.0,3.0,3.0,3.0,3.0,3.0,4.0,2.0,2.0,3.0,4.0,3.0,3.0,3.0,4.0,3.0,3.0,3.0,3.0,3.0,4.0,3.0,2.0,3.0,3.0,2.0,4.0,3.0,3.0,3.0,3.0,3.0,3.0,3.0,4.0,4.0,4.0,3.0,3.0,3.0,3.0,2.0,3.0,3.0,3.0,3.0,3.0,2.0,2.0,3.0,3.0,4.0,5.0,4.0,5.0,4.0,4.0,3.0,3.0,"我来到神秘的花园
　　昨天我做了个梦，我来到了一个花园。这里的花有白色的、黄的、蓝的还有紫的。白色的像一片片雪花，黄色的像太阳；紫色的像水晶，蓝色的则像一小片天空，姹紫嫣红，五彩缤纷，非常好看。这里的树是翠绿色的，郁郁葱葱，但它开的花是七彩的，等到花成熟的时候，花里就会钻出一个小仙子，小仙子长大后就会把自己的七彩花摘下来，然后在花的旁边栽一棵小树苗，树苗并以每天30厘米的速度生长，12天后，小仙子就会把花放在树的顶端，这样树就会慢慢吸收花的精华，再过12天，小树就会长出七彩花，如果有一个仙子没有让树吸收花的精华，就会挑起大祸。我醒后，就明白了：只要大家是一个团体，一起努力，就会过上恬静幸福的生活。",《我来到神秘的花园》
160701,4.0,4.0,4.0,5.0,4.0,4.0,4.0,4.0,4.0,4.0,3.0,3.0,4.0,4.0,3.0,3.0,3.0,4.0,4.0,3.0,4.0,4.0,3.0,5.0,4.0,4.0,4.0,3.0,4.0,4.0,3.0,3.0,3.0,3.0,3.0,3.0,2.0,3.0,4.0,4.0,3.0,3.0,3.0,3.0,3.0,3.0,3.0,3.0,3.0,3.0,3.0,3.0,3.0,3.0,2.0,2.0,3.0,3.0,2.0,2.0,3.0,3.0,4.0,5.0,4.0,4.0,3.0,3.0,3.0,3.0,"读《夏洛的网》有感
　　我最近读了一本书，叫《夏洛的网》它是E.B.怀特先生写的一本名著，这本书是美国著名的儿童文学作品之一，我从这本出书中感受到了真挚的支谊.
　　《夏洛的网》是讲述了小猪威尔伯和蜘蛛夏洛之间友谊的故事，有一天，佛恩的爸爸要杀掉一只小猪，可是被女儿拦住了。佛恩开始照顾小猪，后来她把小猪卖给了朱克曼。在朱克曼的谷仓里，快乐地生活着爱管闲事的鹅、一只贪吃的老鼠、一只事不关己的老羊、一只名叫夏洛特的蜘蛛，当然还有一只名叫威尔伯的小猪，其中蜘蛛夏洛特和小猪威尔伯建立了最真挚的友谊，然而，一个最丑恶的消息打破了谷仓的平静。老山羊从人们那里听到一个消息，威尔伯的未来的命运依然是变成人类餐桌上的主菜。作为一只猪，悲痛绝望的威尔伯似乎只能接受任人宰割的命运了，然而看似渺小的夏洛特却说：“我救你”。于是，夏洛特用自己的蛛丝在猪栏上织出了被人类视为网络文字，来夸奖威尔伯，彻底逆转了威尔伯的命运，终于让威尔伯在集市的大赛中赢得特别奖，和一个安详的晚年，而夏洛特却在集市中悄无生息的死去了，而威尔伯一直在照护夏洛的子子孙孙……
　　在这个故事之中我深感到了友谊的珍贵。在现实生活中我们也离不开友谊，就比如朋友之间的友谊。有一天，我和我最要好的朋友在一起玩跳绳，突然球球的脚。一不小心就卷到我的跳绳了，当时我在跳跳绳。他把我给绊倒了，我非常生气，在球球还没有来得及辩解时我就和他绝交了，后来我了解了情况时，我才知道原来球球的腿上被我的跳绳打了一条青色的伤痕，我非常诚恳的向球球道了歉，我们又变成了要好的朋友。
　　我们要珍惜我们的友谊让我们的友谊像大树一样越长越大，越长越粗。",读《夏洛的网》有感
140202,3.0,3.0,4.0,5.0,3.0,3.0,3.0,3.0,3.0,3.0,3.0,2.0,3.0,3.0,3.0,3.0,3.0,4.0,3.0,3.0,3.0,3.0,3.0,3.0,3.0,3.0,3.0,3.0,3.0,3.0,3.0,3.0,3.0,3.0,3.0,3.0,2.0,3.0,3.0,3.0,3.0,3.0,4.0,4.0,4.0,3.0,3.0,3.0,3.0,4.0,3.0,3.0,2.0,3.0,3.0,3.0,3.0,3.0,2.0,2.0,3.0,3.0,3.0,5.0,4.0,5.0,4.0,3.0,4.0,3.0,"生日party之夜
　　在2016年6月的一个晚上，我和冯刚还有任家仪正在一个饭店里玩，今天是冯刚的生日，我们屋里挂满了彩色的灯泡，一仰头，五颜六色的灯泡真好看，其中，有一颗色耀眼的灯泡，金黄色的，真好看！
　　冯刚妈妈给我们准备了好多刺激,有趣的游戏，真是一个热闹的屋子，虽然饭店简朴,但还是拦不住我们那兴奋的心，我最喜欢玩的是一个惊险，刺激的游戏了，这个游戏，我们必须把灯灭了，只留下那最耀眼最漂亮的灯泡，金黄色，它在黑暗中闪烁着光芒，真像是天空中那闪耀的一颗星星，那个游戏，我要用冰来做一个小孩，我们带着手套,就跟真正的小陶木家似的，这下你可知道为什么要关灯了吧！我们弄的满地都是水，但我们那坚持的心还是不停跳，终于，我们弄出了一个正方形的小脑袋，再在上面弄出两了方眼睛，好了，大功告成，“但嘴呢？”我问冯刚，“不用了。“我好累呀！不管它了，反正一会儿就化了，算咱们学了点东西，任家仪说：“走，我们去吃蛋糕吧……
　　我们把蛋糕全吃光了，肚子撑撑的，一到家就睡着了，真是开心的一夜呀！",《生日party之夜》
150513,4.0,4.0,4.0,4.0,5.0,4.0,4.0,4.0,4.0,4.0,3.0,3.0,4.0,4.0,4.0,3.0,4.0,3.0,3.0,2.0,3.0,3.0,3.0,3.0,3.0,3.0,2.0,2.0,2.0,3.0,4.0,3.0,2.0,2.0,5.0,3.0,4.0,3.0,5.0,3.0,5.0,4.0,4.0,4.0,4.0,3.0,4.0,3.0,3.0,3.0,4.0,4.0,4.0,3.0,4.0,3.0,4.0,3.0,3.0,3.0,4.0,3.0,5.0,3.0,5.0,4.0,4.0,4.0,5.0,3.0,"跑场上的“小仙女”
　　一头乌黑及腰的长发，常常松松扎在脑后。一双好似画上去的眉毛，已经超越了用“浓”来形容的境界。一双占了半张脸的杏眼在小麦色皮肤上一眨一眨，闭上的那一瞬间她的睫毛像一扇小门帘保护着眼球。像枫叶、像春风。她拥有两瓣似有非有的嘴唇，是那种含苞待放的桃花，被春风吹着，一张一合，时不时也要发出银铃般的笑声。她似乎不喜欢浅颜色，一件暗黄T恤，黑色紧身裤，反倒衬托了她小麦色的瓜子脸。每次和她跑步比赛时，她总以那种“小仙女跑姿”开跑，双手奋力摆动着，扎在脑后的头发也有些遥遥欲坠的感觉，她似乎也意识到了自己的滑稽，腼腆地笑了笑。",《跑场上的“小仙女”》
130106,4.0,4.0,4.0,5.0,4.0,5.0,4.0,3.0,4.0,4.0,2.0,2.0,3.0,3.0,4.0,4.0,4.0,3.0,4.0,3.0,3.0,4.0,3.0,3.0,4.0,4.0,4.0,4.0,4.0,4.0,4.0,3.0,4.0,3.0,3.0,5.0,2.0,4.0,4.0,3.0,4.0,4.0,4.0,4.0,4.0,4.0,4.0,4.0,5.0,4.0,3.0,3.0,3.0,3.0,3.0,3.0,4.0,4.0,2.0,2.0,2.0,4.0,4.0,5.0,4.0,5.0,5.0,5.0,4.0,4.0,"小仓鼠30分
　　我养了一只可爱的小仓鼠，它喜欢在它的小屋子里吃东西。它有一个短短的小尾巴，一身乌黑的皮毛，和一双透亮的大眼睛。
　　我喜欢跟它在阳台上玩，因为那里阳光很明媚。有时候，我还会给它搭城堡，它在里面钻来钻去，不时看一看我，仿佛要谢谢我给它搭这座高大的城堡呢！太好玩了！要是我也是小仓鼠……它还喜欢吃玉米粒、面包渣瓜子。我最喜欢看它吃瓜子了，我给它一粒瓜子，它就会啃了。把仁留出来，把壳吐了，最后吃仁！很细密。所以我最喜欢看它吃瓜子了。
　　因为它是母的，所以生了九个孩子，可是那些孩子被送走了，我很伤心。当然，鼠妈妈更伤心。
　　但……不知怎么了，它突然不跟我好了。乱咬我，我很生气。不过，我是从它小养到大的，我不会伤害它。我很喜欢小仓鼠，我爱你……",《小仓鼠》
240106,3.0,2.0,4.0,5.0,3.0,4.0,3.0,2.0,3.0,4.0,2.0,2.0,3.0,4.0,3.0,2.0,2.0,4.0,2.0,2.0,2.0,3.0,2.0,2.0,3.0,3.0,2.0,3.0,2.0,2.0,2.0,2.0,2.0,2.0,3.0,3.0,2.0,3.0,3.0,2.0,2.0,2.0,3.0,3.0,2.0,3.0,3.0,2.0,3.0,3.0,2.0,2.0,3.0,2.0,3.0,3.0,3.0,3.0,2.0,2.0,3.0,2.0,2.0,5.0,3.0,4.0,3.0,3.0,4.0,3.0,"老师进班了
　　叮铃铃，上课了，老师进班了。同学们顿的鸦雀无声，老师说：“给我坐好了，现在发卷！”同学们每个人都出了一身冷汗。静静的坐着，谁也不敢出声，老师叫人来发卷。有个学生到我这里，停了一下，又走了。我长叹一口气，默默的坐着，终于，有一张卷子飘到了桌子上，卷子是背面朝上，我用我颤抖的手轻轻翻开卷子，看到了一个数字0。什么？0分？我用手再翻开卷子，顿时高兴的欣喜若狂，同学问我怎么啦？我说自己翻开桌面—100分。",《班主任进班了》
150235,3.0,4.0,4.0,4.0,4.0,5.0,2.0,4.0,3.0,4.0,2.0,3.0,2.0,3.0,2.0,3.0,1.0,2.0,3.0,2.0,3.0,2.0,4.0,3.0,4.0,4.0,4.0,3.0,4.0,3.0,3.0,2.0,3.0,2.0,4.0,3.0,4.0,3.0,2.0,3.0,3.0,4.0,4.0,3.0,2.0,2.0,2.0,2.0,2.0,2.0,2.0,2.0,3.0,3.0,2.0,3.0,3.0,3.0,3.0,3.0,2.0,3.0,5.0,3.0,4.0,4.0,5.0,3.0,2.0,3.0,"给爸爸的一封信
亲爱的爸爸：
　　您好！
　　这是我第一次给您写信。平时我有很多话都没有说出来，现在就在这封信中说说我的心里话。
　　如果说，母爱如水，那么，父爱如山。是啊。父亲的爱，就像大山一样，高大而坚定。父亲的爱每一点、每一滴都值得我细细品味。父亲的爱，和母亲的爱一样，都是世界上最伟大的爱。我也能常常体会如山一般的父爱。
　　有一次我特别想学骑自行车。您知道后，就从商店给我买了一辆。看到漂亮的自行车，我兴奋地马上叫您教我骑。您说：“先握好车把，坐上去，然后再把脚踩在车踏上，用力踏就行了。”我听了您的话，迫不及待地按照您说的去做。刚踩上去，车一歪，随着我“啊”的一声，人和车重重地摔到了地上。我气得要命，正想不学了，在一旁观看的您亲切地对我说：做任何事情一定要有耐心，人不是天生什么都会的，而是经过自己努力学习和奋斗。世上无难事，只要肯登攀。听了您的话，我有了信心，继续练习。后来又摔了几次，练了两天，终于学会骑自行车了。经过这次学骑自行车，我懂得了：做任何事情，必须经过刻苦学习，才会成功！我非常感谢您。我爱您！祝
　　身体健康，万事如意！
您的儿子：袁明
2018年3月25日",《给爸爸的一封信》
150137,3.0,3.0,3.0,3.0,3.0,3.0,2.0,3.0,2.0,3.0,2.0,3.0,3.0,2.0,2.0,3.0,2.0,2.0,3.0,3.0,2.0,2.0,2.0,3.0,2.0,3.0,3.0,3.0,2.0,2.0,2.0,2.0,2.0,2.0,2.0,3.0,2.0,3.0,2.0,3.0,3.0,2.0,3.0,4.0,2.0,3.0,2.0,3.0,3.0,2.0,2.0,2.0,2.0,3.0,2.0,3.0,3.0,2.0,2.0,2.0,2.0,3.0,3.0,5.0,2.0,4.0,2.0,3.0,1.0,3.0,"读后感
　　在五年级的寒假里，我看了一本书《（少年）音乐和美术故事》，我非常喜欢里面的一个小故事——《葡萄》。
　　里面讲的是一位叫逢春的姐姐；住在学校里，午饭后，她收到了弟弟如金的信，上面写了他们家的一些趣事和一些其它的事，其中有一件让我印象非常深刻。她虽然不在家里面，但家里没有任何一天不提到她的名字，每一天都会说：“逢春的爸爸，逢春的妈妈，逢春的……”她回到宿舍，发现桌子上有一串葡萄。吃了两个后，给弟弟回信：非常感谢你还记得给我送葡萄，所以要回送一幅葡萄的画。然后又写到两位画家比赛的故事，就是两位名画家要比出绘画水平的高下。第一位画家夹着一幅画，把外面的包袱布解开，拿出画，上面画着一个小男孩，头上顶着一篮葡萄。葡萄画特别逼真，都让天上的鸟下来啄了啄。第二位画家也拿着一个包袱；笑嘻嘻地走上去，但没有把它解开。观者们都等的不耐烦了，但他说：“我的画其实早就在这了。”观者们仔细一看，发现他画的就是包袱。大家叹服第二位画家的技术，说前者只能骗小鸟，后者竟然能骗人。
　　我觉得本文非常好，尤其是逢春在看信的时候加的句子加了当时环境的描述，说她在看信的时候，先生正在起劲地讲乌龟四只脚，鹤两只脚的问题，纠缠不清。这增加了信和信之间的趣味，不会让人只看信产生厌烦。本书语言通顺、优美，故事情节合理，还有两位名画家的故事。但是此书年份很早，讲述的是民国时的事情，所以里面有很多老式书面语我看不懂，我想我一定要多读书，了解更多书面的表达方式，学习更多更多的新知识。
　　我读了这书真是受益匪浅啦！",读后感
130302,3.0,3.0,4.0,5.0,4.0,5.0,3.0,3.0,4.0,4.0,3.0,2.0,3.0,3.0,3.0,3.0,3.0,3.0,4.0,4.0,3.0,3.0,3.0,3.0,3.0,3.0,4.0,4.0,4.0,4.0,4.0,4.0,3.0,3.0,3.0,3.0,2.0,3.0,3.0,3.0,3.0,3.0,3.0,3.0,3.0,3.0,4.0,4.0,3.0,3.0,2.0,2.0,3.0,3.0,3.0,3.0,3.0,4.0,2.0,2.0,3.0,3.0,3.0,5.0,4.0,4.0,3.0,3.0,4.0,3.0,"父母的爱
　　父母的爱是无私的，就像天到地那么深，就像喜马拉雅这座山这么深。
　　一次，我去学校上学，妈妈觉的我衣服穿少了，带着我就往家走，去拿衣服，因为家离学校远，所以我拒绝了，最后，我觉得我做错了，我为什么要拒绝妈妈呢？中午，妈妈给我打了电话，给我送衣服来。
　　妈妈的爱有多深啊，我听说过一个新闻，一位妈妈，她的儿子的身体的一个重要部位坏了，她的妈妈就把她的送给了她的儿子。
　　所以，我们应该回报父母，我的小提琴老师告诉一个哥哥：一定要回报父母，当你被别人欺负时，你第一个叫出来的四个字就是爸爸妈妈。",《父母的爱》
130110,4.0,3.0,4.0,4.0,4.0,3.0,4.0,3.0,4.0,4.0,4.0,3.0,4.0,4.0,4.0,4.0,4.0,3.0,4.0,4.0,4.0,4.0,4.0,4.0,4.0,4.0,5.0,3.0,4.0,4.0,4.0,3.0,4.0,3.0,4.0,4.0,3.0,3.0,4.0,3.0,4.0,4.0,4.0,4.0,5.0,3.0,4.0,3.0,4.0,3.0,4.0,4.0,4.0,3.0,4.0,4.0,4.0,4.0,2.0,2.0,4.0,4.0,4.0,5.0,4.0,5.0,4.0,4.0,5.0,3.0,"我的蜥蜴
　　我家养了一只可爱的蜥蜴，它的名子叫“葱葱”，它是我最喜欢的宠物。
　　它很美丽，有一个小小的，三角形的头，上面有一些黑白相间的斑点一个小小的黑眼睛很招人喜爱，它的身子小巧玲珑，一条条绿黑相间像条纹好像一件礼服，它长了一条长长的黑绿相间的尾巴，像礼服上拖着一条美丽的丝带，它有四条又细又长的腿前两条腿短，后两条腿长，每条腿上都长着尖尖的脚趾……
　　它平时爱一动不动地趴在树桩上昂着头，好像想知道天上有什么，有时候它会闭上眼睛，一动不动地进入梦乡。有时它也会后脚蹬着地前脚抓着笼子奋力向上爬。
　　我弹琴的时候也会跟着翩翩起舞。有时，我只要叫“葱葱”他就会看着我……
　　这就是我的蜥蜴“葱葱”。我时不时看到葱葱抓在笼子上，我也知道它想出来可它出不来，所以，我才想把它放生，现在，我准备放生这一只蜥蜴了。",《我的蜥蜴》
141440,3.0,4.0,4.0,4.0,4.0,3.0,3.0,3.0,4.0,4.0,3.0,3.0,4.0,3.0,2.0,3.0,2.0,2.0,3.0,2.0,3.0,2.0,3.0,3.0,3.0,2.0,3.0,3.0,2.0,2.0,2.0,2.0,3.0,4.0,3.0,4.0,3.0,4.0,3.0,3.0,3.0,4.0,3.0,3.0,2.0,3.0,3.0,4.0,3.0,3.0,2.0,3.0,2.0,3.0,2.0,3.0,3.0,4.0,2.0,2.0,2.0,3.0,3.0,4.0,3.0,4.0,3.0,4.0,3.0,4.0,"我最敬佩的人——妈妈
　　我最敬佩的人是妈妈，因为她不怕困难勇往直前，我妈妈性格善良，喜欢说说笑笑，在家时她会干一大堆的家务活，我都为她担心她的身体呢，下面我来给大家讲一件事吧！
　　那一次是周五中午，我们是上半天的课，但是爸爸上班有事没法来接我，而车也限号，妈妈说她应该可以来接我，我想太好了有人能来接我了，妈妈说：“不过，我只能借车了。”
　　妈妈先去单位打了一下卡，然后问了问谁能借车用，可是没人回应，但有一位叔叔刚来妈妈问了问那位叔叔，叔叔说可以，我妈妈心喜若狂的说了谢谢赶快开车来接我，我刚下课可是没有看到我妈妈来，于是我给我妈妈打了一个电话，我问妈妈到哪里了？我妈妈说:“我快到了，你在里面等一下我吧！”我说好的。说完挂了电话，开的快了一些，我知道好妈很努力的赶过来，我刚看一眼，妈妈就赶来了，我上了车，问：“妈妈，你怎么这么快呀？”妈妈说：“只要为了你，我就一定要快一点呀!”我心里突然温暖了，眼眶也湿了马上要哭出来了。我永远爱我妈妈，到永远，永远——。
　　这一次我明白了，人们都有一颗美好的心不是想要就要的，是靠你的努力之下得到的。我因为这一件事情有了一个新的成长脚印，我也因为这一件事让我开始敬佩我的妈妈。
2017.16.18   
张敏
四（2）班",《我最敬佩的人妈妈》
150138,3.0,3.0,3.0,3.0,3.0,3.0,2.0,3.0,3.0,3.0,2.0,3.0,2.0,3.0,2.0,3.0,2.0,3.0,3.0,3.0,3.0,3.0,3.0,4.0,3.0,3.0,3.0,3.0,3.0,4.0,3.0,3.0,3.0,3.0,2.0,3.0,2.0,3.0,3.0,3.0,3.0,2.0,3.0,3.0,2.0,2.0,2.0,4.0,3.0,4.0,2.0,2.0,2.0,2.0,2.0,2.0,3.0,2.0,2.0,2.0,3.0,3.0,3.0,4.0,3.0,3.0,3.0,3.0,3.0,3.0,"读《小王子》有感
　　《小王子》是作家安东尼·德·圣—埃克苏佩里于1942写成的著名法国儿童文学短篇小说。虽然是儿童文学作品，如今已经是成人的老妈阅读起来，同样是爱不释手，它拥有那种让人无法察觉的力量在控制着我们内心的伤感区域。他的文字简单朴实，但是其中却散发着独特的魅力。
　　小王子是一个超风脱俗的仙童，他住在一颗只比他自己大一点点的星球上和一朵玫瑰在一起生活，但小玫瑰太虚荣了，所以小王子告别了小行星开始了太空旅行。他先后到了六个行星，各种见闻让他感到大人们荒唐可笑，通过地理学家的帮助来到了地球上遇到了在撒哈拉大沙漠遇险的飞行员，还一起找到了生命的泉水回到了13612号小行星上！
　　《小王子》的故事是悲伤的，情节跌宕起伏，富有哲理意趣。所以我建议大家也来读一读《小王子》这部书！",读《小王子》有感
160316,5.0,4.0,4.0,2.0,5.0,4.0,5.0,3.0,5.0,4.0,3.0,5.0,5.0,4.0,4.0,4.0,5.0,4.0,4.0,5.0,4.0,5.0,3.0,5.0,4.0,4.0,4.0,4.0,4.0,5.0,4.0,5.0,3.0,5.0,4.0,4.0,4.0,4.0,5.0,4.0,5.0,4.0,4.0,4.0,5.0,4.0,5.0,5.0,5.0,4.0,3.0,4.0,3.0,4.0,5.0,4.0,5.0,5.0,4.0,4.0,5.0,4.0,5.0,5.0,5.0,5.0,5.0,5.0,5.0,4.0,"往后一小步
　　看着一个个碎片在地上静静地躺在地上，我暴跳如雷，心想：“你干嘛要这样？为什么要把我的弄坏?你还把船彻底摔坏了，现在还有什么可解释的？”我越想越生气，一边用眼睛狠狠地瞪着她，一边一把夺过她的小木船。我刚要摔碎它，看陈华不断地拾着我的木船碎片。头埋到了地上，他不敢直视我，嘴里不停地小声嘟嚷着：“对不起，我会弥补的，对不起……”木船突然挣脱了我的手，砸到了陈华的头上，掉了几个零件。
　　“啪”陈华给我收拾的零件全洒在了地上，她的船也掉在了地上，我愣住了，看着眼前的情景，我真怕陈华像她砸船那样使劲指责我。我不敢再盯着她，把身体转到了一旁。但又想到是她把我的小木船踩坏的，我也没想把木船砸到她的头上，我便转身向教室门口走去。
　　那之后，每当小组讨论时，我都有意不和她说话，在走廊里碰到时，我也眼都不看她一眼，像遇到了陌生人。陈华看见我不愿理她，便也不再和我主动说话。
　　直到一天我在整理书柜时，不经意翻到了那只破碎的小木船。我眼前忽然浮现出一句话“对不起，我会弥补的……”陈华的声音一直在我的耳旁回荡。这如火焰般温暖的语言融化了我冰冷的心。如果我原谅她一次呢？假如我不那么冲动呢？假若我给她一次道歉的机会呢？我为什么不退后一小步呢？我的心仿佛被什么东西撞了一下，愧疚不已。
　　第二天，我买了一个新的小木船，拿到学校，趁她不在把木船放到了她的桌子上。下课后，陈华平静地和我说：“我本来也没有生你的气，我摔碎了船是我的错，你不需要和我道歉呀。”泪水把我的眼睛蒙上了一层纱，谢谢你，好朋友。
　　往后一小步，海阔天空，由“抢先”到“退后”，由“争夺”到“礼让”，由“争执”到“理解”，只需要退后一小步，问题会迎刃而解。虽然这必须付出一些，但“有舍才有得”，也许你收获的远比你付出的多，更贵重，世界会因此更美好，更温馨。",《往后一小步》
150540,3.0,4.0,4.0,4.0,3.0,3.0,3.0,3.0,3.0,3.0,2.0,3.0,3.0,3.0,3.0,3.0,3.0,3.0,2.0,2.0,2.0,2.0,2.0,2.0,3.0,2.0,2.0,2.0,2.0,2.0,3.0,2.0,3.0,3.0,3.0,2.0,2.0,2.0,3.0,3.0,3.0,2.0,3.0,3.0,2.0,2.0,3.0,3.0,3.0,3.0,3.0,2.0,2.0,2.0,2.0,3.0,3.0,3.0,2.0,3.0,2.0,3.0,3.0,3.0,4.0,4.0,2.0,4.0,3.0,4.0,"可爱的学霸
　　当一位学霸不容易，当一位可爱的学霸可就更不容易了，可为什么就偏偏要叫可爱的学霸呢？这位学霸正是我们班的喻平，她性格温柔，乐于助人，学习非常好；她每天都扎一个马尾辫，显得灵巧可爱；她眼睛和别人与众不同，我们的眼睛是黑的，而她呢？一双眼睛是棕褐色而又水汪汪的大眼睛，非常清秀；她长着一张娃娃脸，很可爱，她皮肤白，所以穿什么都可爱，她喜欢带一个小兔耳朵发卡，项下带着一个天使宝贝的守护项链。上身穿一件蓝白条的裙子，还穿着一双棕色的凉鞋呢！她长得像一只可爱而又被常宠的猫宝宝一样可爱，学习又好，因为这样，我才叫她可爱的学霸呢！……",《可爱的学霸》
240238,2.0,3.0,4.0,5.0,2.0,2.0,3.0,3.0,3.0,3.0,3.0,3.0,3.0,3.0,2.0,3.0,1.0,2.0,3.0,3.0,2.0,3.0,3.0,3.0,3.0,4.0,3.0,3.0,3.0,2.0,2.0,2.0,3.0,3.0,2.0,3.0,2.0,3.0,3.0,3.0,3.0,4.0,3.0,3.0,3.0,3.0,3.0,3.0,3.0,3.0,2.0,3.0,2.0,3.0,2.0,3.0,3.0,4.0,3.0,3.0,2.0,3.0,3.0,3.0,3.0,3.0,3.0,4.0,3.0,3.0,"西安逛灯会
　　今年寒假我们一家人到西安旅行。这次旅行中，我们最愉快的一天就是去大唐芙蓉园逛灯会。
　　下午，我们一行人就入园观赏了。在通往灯展区的路上都是各种小吃。有臭豆腐，小土豆，肉加馍，炒凉粉……。我们一家人穿梭在美味当中甚是快乐。
　　天色渐暗，我们也步入了花景区。首先映入眼帘的是一只雄鸡。五光十色，骄傲地屹立在湖中很是神气。一路上各种卡通的花灯，在湖光山色中熠熠生辉。最气派的是一条飞龙盘踞湖中，紧紧缠绕着小桥。雄伟壮观。这景色美到不能再美了，这是我第一次逛灯会，大人们都说这也是他们见过最宏大的灯展。看着灯光宛如星月，把夜空照得通明，我们一家人欢声笑语在明月与繁星中穿梭。好不惬意。",《西安逛灯会》
140210,4.0,4.0,4.0,4.0,4.0,4.0,5.0,5.0,4.0,4.0,4.0,3.0,4.0,4.0,4.0,4.0,4.0,4.0,4.0,4.0,4.0,4.0,3.0,3.0,4.0,4.0,5.0,5.0,4.0,4.0,4.0,4.0,4.0,4.0,4.0,4.0,3.0,3.0,4.0,5.0,4.0,4.0,4.0,5.0,4.0,5.0,4.0,5.0,4.0,4.0,4.0,5.0,3.0,3.0,3.0,3.0,5.0,5.0,3.0,2.0,4.0,4.0,5.0,5.0,5.0,5.0,4.0,4.0,4.0,3.0,"一件令我高兴的事
　　我经历过很多事情，有高兴的，伤心的、生气的、好玩的、奇怪的，很多很多，可我最想说的还是放生螳螂。
　　2016年的中秋节，大家都很开心，可是我养了一周的螳螂“黄喵”却闷闷不乐，它可是我最喜欢的宠物啊！它非常美丽，它有一个三角形的小巧玲珑的头，和一对轻如薄纱的翅膀，再加上一个纤细的腰，和一个圆鼓鼓的肚子，它穿着一件草灰色的外衣，在草丛中非常隐蔽……
　　我一直用各种方法逗它高兴，可它还一直趴在笼子上不动，我就有了放生的念头。我和妈妈拿起笼子，一起奔向清华，我仔细又精心地找了一片开满野花的草地，那里的蝴蝶翩翩起舞，蝈蝈在草丛中歌唱……我轻轻地托起螳螂，把它小心地放在草地上，它没有立刻走，好像在看着我依依不舍的样子，我虽然也舍不得离开它，可是为了它生活的更好我只好把它放生。
　　我觉得让它回归大自然是一件令我高兴的事。",《一件令我高兴的事》
160436,4.0,4.0,3.0,5.0,3.0,3.0,3.0,4.0,4.0,4.0,4.0,5.0,4.0,4.0,5.0,5.0,5.0,5.0,5.0,4.0,5.0,5.0,5.0,4.0,5.0,5.0,5.0,4.0,5.0,5.0,4.0,5.0,5.0,5.0,5.0,5.0,4.0,5.0,4.0,4.0,4.0,5.0,5.0,4.0,4.0,4.0,4.0,3.0,3.0,4.0,4.0,4.0,3.0,4.0,3.0,3.0,4.0,3.0,4.0,4.0,4.0,4.0,5.0,5.0,5.0,4.0,5.0,5.0,5.0,4.0,"艺术来源于生活
　　艺术离我们并不遥远，如果你细心观察，你会发现艺术在我们的生活中每时每刻都在体现着。它可以是一首歌、一幅画，也可以是一件不起眼的小工艺品在我的艺术之路上，有一朵即将绽放的小花，它，就是能令人心旷神怡、淡然自若的一门艺术——书法。
　　三年前，在我初学书法时——一个阳光明媚的下午。第六节课下课后，我背上书包，直冲书法教室，一进门，我就被眼前的景象吸引住了，一幅幅书法作品犹如雨点般映入我的眼帘，我仿佛看到各式各样的人物形象。隶书：圆滑而稳重；楷书，大方而又有气质；草书则更是洒脱……在这一排书法作品中，我的目光一下子聚焦到了左上角——一个隶书的书法作品，我看见之后不由得感叹：“蚕头燕尾，真是太美啦！”在那时，我就下定决心，我一定要练好隶书。
　　可一年过去了，我的书法却得不到提高。一次，老师让我写作品时，我连题材都想不出来。我气急败坏，心想：“书法真是太枯躁太没意思了，我以后还是不上书法课了吧。”这时，书法老师秦老师仿佛看出了我心里所想的，于是笑着对我说：“同学，艺术往往来源于生活，你要多留心生活中的艺术，这样才能发现它的美，从而写出完美的书法作品。”听完老师的这一番话，我茅塞顿开，“是啊，艺术源于生活，也高于生活，不留心观察，又怎能选出好的素材，写出好的书法作品呢？”于是，我又重整旗鼓，认真留心生活中的艺术。就这样，一幅幅书法作品诞生了。
　　时光飞逝，转眼两年就过去了，我也慢慢长大，对艺术也有了更深一步的了解，想练好隶书的这颗初心却依然没变。从今往后，我会继续留心观察生活中的艺术的！
　　生活中处处有艺术，艺术也来源于生活。在这三年以来，我感到艺术不是独立的，而是和生活融合在了一起，只要你细心观察生活，你就会发现艺术的美！",《艺术源于生活》
250108,3.0,3.0,4.0,4.0,4.0,4.0,3.0,3.0,4.0,4.0,3.0,3.0,4.0,4.0,3.0,3.0,3.0,3.0,4.0,4.0,3.0,3.0,3.0,3.0,4.0,4.0,4.0,4.0,3.0,3.0,4.0,5.0,3.0,3.0,4.0,5.0,3.0,3.0,3.0,3.0,3.0,3.0,4.0,3.0,3.0,3.0,3.0,4.0,4.0,4.0,2.0,3.0,2.0,2.0,2.0,2.0,3.0,3.0,2.0,2.0,3.0,3.0,4.0,5.0,4.0,5.0,4.0,4.0,3.0,3.0,"摸礼物
　　今天，老师给我们上了一节别开生面的作文课——摸礼物。
　　老师首先告诉我们你们先猜猜礼物在哪里？我环绕了四周迫不及待地说：“在讲台上面的一个紫色袋子里。”紧接着老师让我们猜了猜都有什么礼物？我们有的说是签字笔，有的说是铅笔盒，还有的甚至说是一根铁丝。接着老师让我们上来摸了摸，首先第一个同学上来摸了摸他一边摸一边笑，摸着摸着还说了一句“神马玩意儿！”惹得我们哄堂大笑。该我上了我迅速地走到面前看了看并用双手摸了摸若有所思地说：“这个东西应该是硬的，我觉得是一个铅笔盒。”到最后一个同学摸完了老师便揭晓答案了。老师说有一只钢笔，还有一个小黄人存钱guan4,还有一根教棍，和一根镀金的花。接着老师给我们每两人分一组观察一份礼物，我们组拿到的是教棍。我迫不及待地拿到教棍看了一翻，接着老师让我我上台汇报，汇报完后我们还说了我们拿到这些礼物要干什么，有的同学说如果他拿到了钢笔会送给爷爷奶奶练字，我说我会把的零钱都存起来给爸爸妈妈买礼物，然后再把剩下的钱都捐出去给山区的儿童。
　　这个活动让我获益非浅，不仅让我们在写作文前一定要反复观察，再加入合适的想像，也希望下次多做这样的活动。",《摸礼物》
250107,4.0,4.0,4.0,4.0,4.0,4.0,3.0,3.0,4.0,4.0,3.0,4.0,4.0,4.0,3.0,3.0,4.0,4.0,4.0,4.0,4.0,4.0,4.0,3.0,4.0,4.0,4.0,3.0,5.0,4.0,4.0,4.0,4.0,4.0,4.0,4.0,3.0,3.0,4.0,4.0,4.0,4.0,4.0,4.0,4.0,3.0,4.0,4.0,4.0,4.0,3.0,3.0,2.0,2.0,3.0,3.0,5.0,5.0,2.0,2.0,4.0,4.0,4.0,5.0,4.0,4.0,4.0,4.0,3.0,3.0,"小珠山
　　这个假期我经历的事几乎占满了我的整片星空，其中一颗星又大又闪亮，它就是令我念念不忘的小珠山之旅。
　　昨天，我去了小珠山。这里犹如一个世外桃园，这里遍地青草、谷地其间涓涓细流，山坡上遍植板栗。山楂、甜杏、石榴等，仿佛置身在幻想的世界里。最让我念念不忘的是野生动物园的动物们。这里有黑熊、老虎、狮子、水鸟、兔子等可爱的动物。
　　我们先看了一场猛兽表演。最先出场的是一名叫源源的黑熊，它会倒立、骑车，走钢丝把观众逗的不亦乐乎，其次是两只猴子表演骑车，让观众看着直叫好。最后是森林之王——老虎，以及丛林之王——狮子，它们会打滚、拍手，还会跳火圈，真是聪明过人呀！这里不仅有大老虎，还有刚出生的小老虎。小老虎的耳朵后面有两个像雪一样的白圈，梅花形的瓜子，长长的胡须，圆圆的大眼睛，坐在那里不知道的人还以为是猫呢！它们一起打闹、玩耍，奔跑，吸引了很多人的目光。这时，我看见不远处有一座蘑菇房子，里面有一只灰色的垂耳兔，看，它正在啃萝卜呢！但午饭时间到了，我只能回家吃饭，我就这样结束了我的小珠山之旅。
　　这次小珠山之旅给我带来了很多快乐，所以我把它写成文字，希望你们也能感受到我此时的欢乐！",《小珠山》
150108,4.0,4.0,5.0,5.0,4.0,5.0,4.0,4.0,5.0,5.0,4.0,4.0,4.0,4.0,3.0,4.0,4.0,3.0,5.0,4.0,4.0,3.0,4.0,4.0,5.0,5.0,5.0,5.0,4.0,4.0,4.0,5.0,4.0,5.0,4.0,4.0,3.0,5.0,4.0,3.0,5.0,4.0,5.0,4.0,4.0,3.0,4.0,4.0,5.0,4.0,3.0,3.0,4.0,3.0,4.0,3.0,5.0,4.0,2.0,2.0,4.0,4.0,5.0,5.0,4.0,5.0,4.0,4.0,5.0,3.0,"《牧羊少年奇幻之旅》读后感
　　这个假期里我看了一本非常好看的励志小说《牧羊少年奇幻之旅》，他是由巴西保罗·柯艾略写的。
　　这本书主要讲的内容是：一个牧羊少年名叫圣地亚哥，他做过两次同样的梦，梦见金字塔边有宝藏，于是他去寻找心中的宝藏。他在寻宝的途中遇见了一位王、一个水晶商贩，一个英国人和一个炼金术士。他也学到了很多知识。如：“什么是天命”“和心沟通”“万物皆为一物”“当你想要某种东西时，整个宇宙会合力助你实现愿望”……他还遇到了很多艰难险阻，经历了许多挫折，但他都克服了，他最终找到了宝藏。
　　读完了这本书我明白了很多道理，每个人都要有自己的天命，而我们现在的天命就是好好学习，天天向上，但是不论有多么艰难都不能放弃，就比如书中的一个故事：一个掘矿人为了找到绿宝石敲开了九十九万九千九百九十九块石头。还剩一块石头，只差那一块石头，他就成功了。恰恰在这个关口掘矿人打算放弃了。
　　这个故事告诉我们不能半途而废，坚持到底就能达到目标。比如我们觉得作文很难写的时候就每天坚持看一会儿书，日积月累，词汇量增加了作文就不难了。英语每天坚持读一篇文章也就会说了。这些感悟便是我从中得到的宝藏。",《牧羊少年奇幻之旅》读后感
150224,3.0,4.0,5.0,4.0,5.0,4.0,5.0,4.0,5.0,4.0,3.0,3.0,4.0,4.0,4.0,4.0,3.0,4.0,5.0,4.0,3.0,4.0,3.0,4.0,3.0,4.0,3.0,4.0,4.0,4.0,2.0,4.0,3.0,4.0,3.0,3.0,3.0,3.0,3.0,3.0,4.0,3.0,5.0,4.0,3.0,3.0,3.0,3.0,3.0,4.0,2.0,3.0,3.0,2.0,3.0,2.0,4.0,3.0,2.0,2.0,4.0,3.0,5.0,4.0,5.0,4.0,3.0,3.0,3.0,3.0,"致交警叔叔的一封信
敬爱的交警叔叔
　　您好！
　　我是一名警察的女儿，很能体会您的辛苦！我去爸爸单位的时候总会堵车，总是看见您在指挥交通！您总是那及时，就像及时雨宋江一样。不管春、夏、秋、冬总是能看见您的身影！所以我感谢您的默默付出！
　　记得有一次已经很晚了，您还是在看有没有交通事故，您总是放心不下！天色越来越晚有一些刚吃完饭的人开车回家，就更给小心了,说不定那个人就是酒驾。后来我们开车回家了，但我估计您应该0点才回家的吧！
　　还有一次，夏天我在车里开着空调我都热的想喷火，外头估计给30多度，而你都汗如雨下了，却还在指挥交通！
　　虽然你并不是国家的领导人，但您也献尽自己的每一滴血，就像老话一个巴掌拍不响，而所有像您那样的人团结到一起，中国就会越变越强，走向世界的顶端！所以我要感谢您的默默付出！
　　此致
敬礼
一名警察的女儿
2018年3月25日",《致警察叔叔的一封信》
141040,3.0,4.0,2.0,3.0,3.0,4.0,3.0,4.0,3.0,3.0,3.0,4.0,2.0,3.0,2.0,4.0,2.0,3.0,3.0,4.0,2.0,4.0,3.0,2.0,2.0,3.0,3.0,3.0,3.0,3.0,3.0,3.0,2.0,3.0,2.0,3.0,2.0,2.0,3.0,3.0,2.0,3.0,2.0,4.0,2.0,3.0,2.0,3.0,2.0,3.0,2.0,3.0,2.0,2.0,2.0,2.0,2.0,3.0,2.0,2.0,2.0,4.0,2.0,4.0,3.0,4.0,3.0,4.0,4.0,4.0,"生命·生命
　　我常常在想，那生命有多么的重要，我看到了一句名言：对于我来说，生命的意义在于设身处地，替他人着想，忧他人之忧，乐他人之乐。我觉得爱因斯坦说得很对，我突然觉得生命有时珍贵有时却不珍贵。
　　海伦·凯勒也是一位盲人，但是她和别人不一样，别的盲人大部分都是很自卑，无趣，甚至都不敢出家门呢，可是她可不一样呀，因为她知道，她既然有了生命，就应该好好利用它，而不是白白浪费它，即使你和杏林子阿姨一样高位截肢，你也要像杏林子阿姨一样，去写一本小说呀，读一读书呀等等等等。
　　我们其实不太关注生命，但是一旦你开始关注了它的话，你会一直关注它，爱护它的。
　　那生命是多么的容易被忽视啊，那生命就是一个致命点，我们一定要把生命当成我们的地球一样看待。
　　生命就是一粒小小的种子，一点一点的长起来，等你长大了，懂事了，那时你那一粒小小的种子已经长成一棵巨大无比的大树了！我们到那时就懂了什么是有限，什么是无限。我相信人家看完了我说的这一些生命的事情，大家也已经开始重视生命了吧！生命短暂，请珍惜生命！",《生命·生命》
250117,4.0,3.0,4.0,4.0,4.0,3.0,4.0,4.0,4.0,4.0,3.0,3.0,4.0,3.0,3.0,3.0,4.0,3.0,4.0,4.0,3.0,3.0,3.0,3.0,3.0,3.0,4.0,4.0,3.0,3.0,3.0,4.0,4.0,4.0,3.0,3.0,4.0,4.0,4.0,3.0,5.0,4.0,4.0,4.0,3.0,4.0,4.0,3.0,4.0,3.0,3.0,3.0,3.0,3.0,3.0,3.0,4.0,3.0,2.0,3.0,4.0,3.0,5.0,4.0,4.0,3.0,5.0,4.0,5.0,4.0,"我最难忘的一件事
　　我有很多难忘的事，它们就如一架钢琴，琴键多的数也数不清，但有一个琴键最干净，弹出来的声音也最动听，那就是我最难忘的一件事。
　　在我的老家湖北，拜年有很多不一样的讲究。初一去村里拜年，初二去亲戚家拜年。首先去村里，进了别人家，先把左手的五根手指并在一起，再把右手握拳，接着把左手放在右手拳头的正面，最后把左手的五根手指搭在右手的拳头上。并向下弯腰，弯到九十度就可以了，再说一声过年好，然后他们就会给我好多糖而成人就给一根香烟，当时人特别多，都站满了整个客厅，所以他们准备的糖和香烟有很多，回来时衣服兜子都已经满了。
　　初二则又不一样了，是去亲戚家拜年，说声过年好他们会给我们盛一大碗汤有用鸡炖的汤也有用猪炖的汤，里面有肉糕或着鱼糕、猪肉大葱的饺子和两个鸡蛋，两个鸡蛋的意思就是喜上加喜，所以我们都不用吃中午饭了，我们去了好几家肚子都已经鼓的像个皮球，可去下一家时人家又给我们盛了一大碗我不好意思不吃就吃了鸡蛋把剩下的给爸爸，妈妈了。
　　我觉得不管怎么拜年，给什么东西，吃什么东西都能表示我们对家人的爱，还能表示出我们对家人的祝福！",《我最难忘的一件事》
140224,4.0,3.0,5.0,3.0,5.0,3.0,5.0,3.0,5.0,3.0,2.0,3.0,2.0,3.0,4.0,3.0,3.0,3.0,3.0,3.0,3.0,3.0,3.0,3.0,4.0,3.0,2.0,3.0,4.0,3.0,2.0,3.0,4.0,3.0,3.0,3.0,3.0,3.0,5.0,3.0,4.0,3.0,5.0,4.0,2.0,3.0,5.0,3.0,4.0,4.0,3.0,2.0,4.0,2.0,3.0,2.0,4.0,3.0,2.0,2.0,3.0,3.0,3.0,3.0,5.0,4.0,4.0,4.0,3.0,3.0,"开学总动员
　　22天前也就是9月一日，在这个风和日丽的早上我高兴的来到学校，我接到任务卡，任务如下：
　　1、校园剧场与校庆工坊
　　2、儒雅讲堂
　　3、分享专区
　　4、少年奥运村
　　我们出发了！
　　我发现所有地儿都有很多人，但是我又发现校庆工坊人很少我去了，老师教我们做花球，球上写着我们二小的历史，后来我们去了分享专区，分享专区讲的是别人的假期生活，每个人讲的都很好，我们去了个正经的地儿那就是校园剧场，校园剧场讲的是女排精神，女排一次一次失败有了今天的成功，我给运动运动了！我就去了少年奥运村，因为我做的是平板支撑太难了，就在这时候我想起女排他们能坚持我就能坚持，最后我坚持了两分钟，我一看表，呀！快到时间了！我还有两个没去呢，我就飞快地跑到了儒雅讲堂门口，我问班老师还能进吗？班老师让我进去了，老师让写对新学期课程的期待。
　　我通过这次开学总动员我知道了女排一次失败有了今天的成功，我还知道了二小的历史，我为我是二小的学生骄傲！",《开学总动员》
150415,5.0,3.0,5.0,3.0,5.0,3.0,5.0,2.0,5.0,3.0,5.0,3.0,5.0,3.0,5.0,3.0,5.0,3.0,4.0,2.0,5.0,3.0,5.0,3.0,5.0,3.0,4.0,2.0,5.0,2.0,5.0,3.0,5.0,3.0,5.0,3.0,5.0,3.0,5.0,3.0,5.0,2.0,5.0,3.0,4.0,2.0,5.0,3.0,4.0,2.0,3.0,2.0,4.0,2.0,4.0,2.0,4.0,3.0,4.0,3.0,4.0,3.0,5.0,3.0,5.0,3.0,4.0,3.0,4.0,2.0,"店主与四元钱
　　大家都知道4元钱并不多，但就这4元钱，让我经历了一段感动的往事。
　　那是一个星期一，风雨大作，雨点拍打在窗子上，发出嘀嗒的声音。于是我打着伞乘公交去上学。
　　突然，我觉得我的脖子上空空的，低头一看，我的红领巾丢了。我急忙跑进了一家小店，店主有点胖，挺着个啤酒肚。店主问：“要点什么吗？”我急忙说：“快，我想要一条红领巾，还有20分钟就迟到了。”我丢下5元钱，拿了红领巾，像风一般地跑到了车站。此时，我的心突然咯噔了一下，我没拿找给我的钱！我身上没钱了，怎么乘车去学校？
　　我急忙转身像疯了似的冲向小店，却突然撞在了一个胖胖的人身上，他满头是汗，像刚跑完马拉松一样气喘吁吁。我刚想向他道歉，却突然发现，他就是店主。他急忙掏出4元钱。塞进了我的手里，同时语重心长地告诉我：“以后不要再忘拿找钱了！”我对他道谢，我心里有百般杂味，十分内疚让胖店主冒雨跑了这么远的路。我慌忙上车买了票，看着车窗外的店主，他像对我说再见。
　　胖店主的身影渐渐变得越来越小，雨却越下越大。我不禁有点担心胖店主拖着200斤身体，急忙跑过来就为了给我送来“四元钱”；那胖店主连伞都没打，冒着大雨赶来就为了不让我迟到！多么有爱的胖店主！四元钱，虽然不多，但有时一分钱也能急死英雄好汉哪！胖店主真是个拾金不昧，热心助人的人。我默默地想，一定要向他学习！!习",《店主与四元钱》
160407,4.0,4.0,2.0,5.0,4.0,4.0,4.0,4.0,4.0,4.0,4.0,4.0,4.0,4.0,5.0,5.0,5.0,5.0,4.0,4.0,4.0,4.0,4.0,4.0,5.0,5.0,5.0,5.0,4.0,4.0,4.0,4.0,4.0,4.0,4.0,4.0,4.0,4.0,4.0,4.0,4.0,4.0,5.0,5.0,4.0,4.0,4.0,4.0,4.0,4.0,3.0,3.0,4.0,4.0,3.0,3.0,4.0,4.0,2.0,2.0,4.0,4.0,4.0,5.0,5.0,5.0,5.0,5.0,4.0,4.0,"用心倾听
　　生活中处处有艺术，它可以是一首歌，一幅画、一件工艺品，也可以是一首钢琴曲。人人都听过钢琴曲，只有极少数人能身临其境，与作者交流感受，但只要用心感受、用心倾听，就一定能发现其中的秘密。
　　一天下午，我正待在琴房里练琴，练的正是《天空之城》的主题曲。我自认为练的已经滚瓜烂熟了，但老师说的情感融入的不够深，我百思不得其解，最后决定边弹边试。
　　第1遍时，我的情感虽融入了，但我认为还不够深。这时老师说：“你可以试着想象它的画面。”我像是得到了什么线索一样，立即找到了融入情感的方法。我倾听着琴声，心中浮出一个个画面。我仿佛跟随主人公进入了他们的世界，他正望着他父亲留下的天空之城的照片，默默在心中下了决心。忽然，房门被突然打开，我们一看是抓我们的海盗，立马跳出窗户逃跑，他们紧追不舍，我们脚下忽然一空，掉下了山崖，不过还好安全落了地。我们又驾着飞机去往天空之城，在飞行途中，我们的飞机意外地飞入了龙卷风，那中心的东西，竟是传说中的天空之城！那场景十分壮观，简直不能用言语形容！在这壮观的景色下，我隐隐看到老师在冲我笑，老师激动地说：“这一次感情融入的非常好，已经足以感动人心！”我想，原来用心感受琴声的感觉这么真实，看来我的感情终于融入到位了。
　　艺术离我们并不遥远，它就在我们身边，只要你用心倾听、感受，就能感受到艺术的魅力、受到美的熏陶。",《用心倾听》
130235,2.0,3.0,4.0,4.0,3.0,3.0,2.0,24.0,4.0,3.0,2.0,3.0,2.0,3.0,2.0,3.0,2.0,3.0,3.0,4.0,3.0,4.0,3.0,4.0,4.0,5.0,4.0,4.0,4.0,5.0,2.0,3.0,3.0,4.0,4.0,4.0,3.0,4.0,2.0,3.0,2.0,3.0,5.0,4.0,3.0,4.0,2.0,4.0,2.0,3.0,1.0,3.0,1.0,3.0,1.0,2.0,2.0,3.0,2.0,3.0,3.0,4.0,4.0,4.0,3.0,5.0,3.0,4.0,2.0,3.0,"我的本领
　　我有很多本领比如打乒乓球、三毛球、羽毛球……大家知道我最拿手的本领是什么？其实是拼魔方。
　　我以前认为拼魔方只要一面一面的拼起来就可以了，但是我的想法不对，拼起来并不简单，通过看说明书，网上查找，请教爸爸，最后我才知道它分三层。第一层和第二层打基础，第三层比了较难。接下来讲解一下拼魔方的步骤。第一层先拼十字，再把四个角拼上，第二层先下右下右下再左上左上，第三层先拼十字再拼四个角再找一行有两个相同的颜色。魔方就拼完了。经过我不断地努力，失败再努力，终于学会了。后来我又独创了一种方法，我和爸爸比赛谁拼的快，没想到我用独创的方法比过了我爸爸，爸爸夸我很聪明，我心里很高兴。
　　我很喜欢拼魔方，因为它能动脑筋，我下次要挑战四层和五层。",《我的本领》
160203,5.0,5.0,5.0,5.0,5.0,5.0,5.0,5.0,5.0,5.0,5.0,5.0,5.0,5.0,5.0,5.0,5.0,5.0,5.0,5.0,5.0,5.0,5.0,5.0,5.0,5.0,5.0,5.0,5.0,4.0,5.0,4.0,5.0,5.0,5.0,5.0,5.0,4.0,5.0,5.0,5.0,5.0,5.0,5.0,4.0,5.0,4.0,4.0,4.0,4.0,5.0,5.0,4.0,5.0,5.0,5.0,5.0,5.0,3.0,3.0,4.0,4.0,5.0,5.0,5.0,5.0,4.0,3.0,4.0,3.0,"一碗“冒牌”的方便面
　　童年的味道是什么？有人说童年是汗水的味道，无忧无虑；有人说童年是什锦水果糖的味道，色彩纷呈。可我却说童年是一碗方便面的味道，而且是一碗冒牌的方便面，这又是为什么呢？
　　小时候的我，瘦瘦的。乍一看像一棵缺阳光缺水的豆芽菜，又像从图画书上剪下的纸片人，好像一阵风就能吹跑似的。而这都“归功”于我最爱的方便面。小时候的我简直吃方便面上瘾，基本上一周就要吃两三次。
　　有一天，我的方便面瘾又犯了，我吵着要吃，又哭又闹，姥姥做了一桌子的美食连看都不看，眼巴巴地看着方便面的袋子，姥姥被我磨得实在没有办法，只好又去厨房煮了一袋。我端着碗吃得津津有味，不经意间碰到姥姥的目光，有关爱，慈祥，似乎还有一丝忧虑？她抿着嘴，皱着眉头。我心像被揪了一下，很不是滋味。算了，吃完再说吧。
　　刚吃一半，姥姥突然夹了几棵青菜到我的碗中，我抬起头，姥姥的目光好像在恳求我，出于那束目光，我极不情愿地吃了下去。谁知，青菜也很好吃！从此我开始慢慢喜欢上了青菜，吃方便面的次数变少了。
　　过了许多年，我长大了，也不那么像豆芽菜了。有一天，姥姥突然叫住我，告诉我一个秘密：“这些年啊，你吃的方便面都是‘冒牌’的，是我把面饼和普通面换了。我相信你现在懂事了，能明白我。”
　　刹那间，我明白了。姥姥骗了我这么多年，是想让我不再对垃圾食品那么迷恋，好让我有个更加健康的身体！我为我小时候的任性道歉。姥姥，对不起！
　　姥姥的爱像小小的水蒸气，它虽细小，但无处不在。你很容易忽略它，但它不会因为被忽略而消失。它一直默默地爱着，爱着你。
　　又看见一碗方便面，阵阵水蒸气模糊了我的眼……",《一碗“冒牌”的方便面》
130137,3.0,3.0,4.0,4.0,3.0,4.0,2.0,3.0,3.0,3.0,2.0,3.0,2.0,3.0,2.0,3.0,2.0,3.0,2.0,3.0,2.0,3.0,3.0,4.0,4.0,3.0,3.0,2.0,3.0,3.0,2.0,2.0,3.0,2.0,3.0,3.0,3.0,3.0,2.0,3.0,3.0,3.0,3.0,3.0,2.0,2.0,3.0,2.0,3.0,3.0,2.0,2.0,2.0,3.0,2.0,3.0,3.0,3.0,2.0,3.0,3.0,3.0,3.0,4.0,2.0,4.0,3.0,3.0,2.0,3.0,"可爱的小白兔
　　我养了一只小白兔，它全身雪白，活泼可爱。两只长长的耳朵下面长着两只红宝石般的眼睛，又肥又胖的大肚子就像一块大棉花。下面长着四条小短腿。
　　我家的兔子平时待在笼子里，不放它出去的话，它就只知道吃东西、睡觉。一放它出去，它就先伸懒腰，然后就蹦来蹦去的。有的时候，钻到沙发下面，像小地鼠一样钻来钻去的；有的时候，它向我跑过来，让我摸一摸，它毛茸茸的，我一摸它背，它就转圈，最多可以转五圈。有一次小兔子在外面趴着，我一跑小兔子吓得撒腿就跑。还有一次我没动它，它就自己回笼子了。
　　我的小兔子雪白雪白的，又肥又胖，有一点好笑。我很喜欢我的白兔！",《可爱的小白兔》
160129,5.0,5.0,5.0,5.0,5.0,5.0,5.0,5.0,5.0,5.0,3.0,3.0,5.0,5.0,3.0,3.0,5.0,5.0,5.0,5.0,4.0,4.0,5.0,5.0,4.0,4.0,5.0,5.0,5.0,5.0,5.0,5.0,5.0,5.0,5.0,5.0,5.0,5.0,5.0,5.0,5.0,5.0,5.0,5.0,5.0,5.0,3.0,3.0,5.0,5.0,5.0,5.0,3.0,3.0,3.0,3.0,5.0,5.0,2.0,2.0,5.0,5.0,5.0,5.0,5.0,5.0,3.0,3.0,4.0,3.0,"暑假的收获
　　长达五十天的暑假，就快要结束了，也许你很喜欢放暑假，可这个暑假或许对我来说是一种煎熬。不过，我也懂得了一些道理。
　　我因为患了眼眶炎性假瘤，所以住了一段时间医院，记得当时，妈妈和爸爸带我去医院检查，医生看完检查结果，非常严肃地说：“这个已经很严重了，必须要立即住院。”听完医生的话，我的心就像天塌下来了一样，吓得我直哭这是我第一次住院，我非常的紧张和害怕，爸爸和妈妈都安慰我，给我加油鼓气。
　　住院的第一天，做了很多检查，让我印象深刻的是做皮试，那简直是疼痛无比。住院的这段时间，我的心情总是很不好，一想到不能上学，而且整天在狭窄的病房里，好像犯人一样，没有自由，我心里真的是难受极了。而且每天还要打很多吊针，打得我手上没有一处好地方，打完左手打右手。我在打吊针的时候一直在想不能和好朋友一起玩了，什么事也干不了！我多想我从来没有生过这个病，那该有多好呀！不过后来，妈妈总是开导我，让我不要往坏处想，要多往好处想。我恍然大悟，尝试以积极乐观的心态看待这次生病。出院以后我的心情果然变的好多了，我的想法和之前也不同了，我觉得人都是会生病的，就像尼克松说的一句话一样，“命运给予我们的不是失望之酒，而是机会之杯，因此，让我们毫不畏惧，满心愉悦地把握命运。”
　　经过这次生病，我懂得了，不管遇到什么事情都要以乐观的心态去面对，不要气馁。最主要的是一定要有一个健康的身体。我虽有所失，亦有所得。展开积极的怀抱，拥有更美好的“我”！",《暑假的收获》
140218,3.0,3.0,4.0,4.0,4.0,4.0,5.0,4.0,4.0,3.0,4.0,3.0,3.0,4.0,4.0,4.0,3.0,3.0,3.0,3.0,4.0,3.0,4.0,3.0,5.0,4.0,3.0,4.0,3.0,3.0,4.0,3.0,3.0,3.0,3.0,3.0,4.0,4.0,4.0,4.0,4.0,4.0,4.0,4.0,3.0,3.0,4.0,4.0,4.0,4.0,3.0,3.0,3.0,3.0,2.0,3.0,3.0,4.0,2.0,4.0,4.0,3.0,4.0,4.0,3.0,4.0,4.0,4.0,4.0,3.0,"爬山
    我听朋友才华说他老家山里有蛇，对我这样喜爱动物的人来说，诱惑太大了。
　　暑假，我妈妈和我还有才华一起来东北爬山。
　　我们一进山，看到的就是一大片森林，森林里的树木把阳光都遮住了，可见树有多多。爬了几步，才华妈妈就看到一条蛇，一会儿后，才华也看见一条蛇，我却什么也没看到。我们看到一条岔道，一条通吊桥，另一条是平路，我走的吊桥，才华他们走的平路，我很累，气喘吁吁，想放弃,妈妈鼓励我说：“坚持一下，快到山顶了。”我鼓鼓勇气又开始爬，刚过吊桥，我就看到了一条蛇，这条蛇身子棕色，带菱形斑纹，一开始，它没发现我，我叫：妈妈,妈妈，快看，一条蛇！它好像听见了，开始爬走，不一会儿，消失在石缝中。这下，虽然有些累，我还是坚持往上爬，到了长城，我们爬了上去，看到了连绵起伏的山脉，如同一幅美丽的画卷。刚下来的时候，我又看到一条蛇，这次，我的脚再往前10厘米，就踩到蛇的尾巴上了，真惊险。
　　如果不是妈妈的鼓励，如果不是我的坚持不懈，就看不到梦麻以求的小蛇和美丽的风景。",《爬山》
150503,4.0,5.0,4.0,5.0,4.0,5.0,4.0,3.0,4.0,4.0,3.0,2.0,4.0,3.0,2.0,4.0,2.0,3.0,2.0,2.0,3.0,3.0,3.0,4.0,4.0,4.0,2.0,4.0,3.0,4.0,3.0,3.0,2.0,4.0,4.0,4.0,2.0,3.0,4.0,4.0,4.0,3.0,5.0,4.0,4.0,4.0,4.0,3.0,4.0,4.0,4.0,4.0,3.0,3.0,4.0,4.0,4.0,4.0,2.0,2.0,4.0,4.0,4.0,5.0,4.0,5.0,4.0,5.0,4.0,3.0,"卖糖葫芦的老奶奶
　　一个大雪纷飞的天里，路人们冷得纷纷裹紧了衣裳。这时，一个与天气极不相称的温暖而又沙哑的声音响起来：“卖糖葫芦——”我走过去一看，啊，那是一张怎样的脸啊。脸上的皱纹纵横交错，像一张网盖住了整张脸。脸上的一对双眼缀在皱纹中，像两苗幽幽的灯火。嘴巴干瘪着，却扬起一抹笑容。她看上去很乐观，整张脸虽苍老却给人一种温暖的感觉。身上衣衫极为普通，紫色棉开襟与黑色的绒裤包着她瘦弱的身材，像寒风中的芦苇，弱小却充满希望。她笑呵呵地叫卖着，而没有一丝乞意，仿佛这只是她的爱好而已。她的笑容也感染着我们每一个人，寒冷的天气仿佛像变暖了，每个人一瞬间就不冷了。",《卖糖葫芦的老奶奶》
160610,4.0,4.0,4.0,4.0,4.0,4.0,5.0,5.0,4.0,4.0,5.0,5.0,4.0,4.0,4.0,4.0,4.0,4.0,4.0,4.0,4.0,4.0,4.0,4.0,4.0,4.0,4.0,4.0,4.0,4.0,5.0,5.0,4.0,4.0,4.0,4.0,4.0,4.0,4.0,4.0,4.0,4.0,5.0,5.0,4.0,4.0,4.0,4.0,5.0,5.0,4.0,4.0,4.0,4.0,4.0,4.0,4.0,4.0,3.0,3.0,4.0,4.0,4.0,5.0,5.0,5.0,5.0,5.0,5.0,3.0,"我的理想
　　我问过自己，怎样成为一个有价值的人？怎么成为一个对社会进步有帮助的人？怎么让自己的生命有意义？其实，生命的意义，存在的价值，都离不开一样——教育。我的理想就是成为——教育部长。
　　教育，是为了让更多的儿童接受知识的灌溉，培育出更多的人才。譬如“希望工程”，在深山中，数以千计的孩子，不惜一切地去学习。到了冬天，简陋的教室寒风刺骨，孩子们有的从数十里以外的森林中长途跋涉，冻得双手僵硬，有的趟过激流，脚上满是冰水，有的要冒着暴风雪，在雪地里蹒跚前行，头上结了一层冰花……看到这些，我心中不禁泛起一片难过之情，在我当教育部长后，一定要为这些孩子提高教学质量，把一些好教师调配到教学水平差的地区，改善教学方法，与教学环境，开发在线，网课教学，让渴望学习的孩子拥有和我们一样温暖的教室，科技教学器材，为他们补门窗桌椅，装上电脑，投影仪，为学生们的学习做出应有的奉献，为学生们的未来作一个好的指导，让那些渴望学习的孩子们改变自己的家庭的命运，走出深山，让祖国强大起来。
　　要想让理想成为现实，必须努力学习，考上好中学，好大学，还要见多识广，博学多才谦虚好问，不畏困难，坚持不懈，才有资格当教育部长，此外，古人云：“亲身下河知深浅，亲口尝梨知酸甜。”只有脚踏实地才能当好教育部长，干实事，为社会创造人才。
　　为了社会，为了世界，我一定要做出应有的奉献，造福莘莘学子，我的理想，就是当一名——教育部长，让社会中满是朝气蓬勃，认真学习的景象，让大家心中，充满对学习，对认知，对真理的渴望，让全世界知道中国的教育，是世界模范，是真理。",《我的理想》
140415,4.0,3.0,5.0,4.0,4.0,3.0,4.0,3.0,5.0,3.0,4.0,3.0,4.0,3.0,4.0,3.0,4.0,3.0,4.0,2.0,3.0,3.0,3.0,3.0,5.0,3.0,5.0,3.0,5.0,3.0,4.0,3.0,4.0,3.0,3.0,2.0,3.0,2.0,5.0,3.0,5.0,3.0,5.0,3.0,4.0,2.0,3.0,2.0,4.0,3.0,3.0,2.0,3.0,2.0,3.0,2.0,4.0,3.0,3.0,3.0,4.0,2.0,4.0,3.0,4.0,3.0,3.0,3.0,4.0,2.0,"豆芽观察日记
　　2016年10月4日晚。今天早上泡的豆子虽然还没有长芽但是已经鼓起来了。豆子现在由圆形变成了椭圆形。还有豆子的一个地方鼓起来了个小泡似的东西。
　　2016年10月5日早。今天豆子已经出芽了，那芽有3毫米长。一毫米宽。看了一会儿后我发现芽是从昨天的那个鼓包那里长出来的，虽然豆子很大，但是我觉得还会再大下去的。有些豆子的皮已经破了，但是我却不知道原因。
　　2016年10日6日晚。今天的豆芽变长了变成了4、5厘长5毫米宽。妈妈说这已经长到最长的时候了。虽然我希望再让那些豆芽再长长一点，因为外面卖菜的豆芽比我的豆芽长的多，不过豆芽还是被吃了。
　　卖菜的豆芽比我生的豆芽粗得多，长得多。芽的后面已经长出黄黄的细细的根。原本黄色的豆子都要变成了两瓣绿色的叶子了。",《豆牙观察日记》
150637,3.0,3.0,2.0,2.0,3.0,3.0,4.0,5.0,4.0,5.0,4.0,3.0,4.0,3.0,4.0,4.0,3.0,3.0,2.0,2.0,2.0,2.0,2.0,2.0,3.0,2.0,3.0,2.0,2.0,2.0,2.0,2.0,2.0,2.0,4.0,3.0,4.0,3.0,3.0,4.0,3.0,4.0,4.0,5.0,3.0,3.0,3.0,3.0,4.0,3.0,3.0,3.0,3.0,2.0,3.0,2.0,3.0,2.0,3.0,3.0,4.0,4.0,3.0,5.0,3.0,4.0,2.0,3.0,1.0,3.0,"我来到神秘的“等一会儿”国度
　　我在“等一会儿”国度里看到了很多漂亮的东西，好玩的东西，和好多的小孩，而且都在莫名奇妙地说：“等一会儿，等一会儿！”我不知道他们在干什么，我就继续向前走，一走到前面一看，“哇！”我看见了一座用糖果和巧克力建成的城堡，我忍不住了，冲了进去，一边玩儿一边吃起来，过了一会儿，我想：“再等一会儿就走。”又过了一会儿，我想：“再等一会儿再走吧！”又过了一会儿我刚想说再等一会儿就走，可我突然想到：“我好像和外面那些奇怪的小孩儿一样了！”我赶快起来咬牙走了出去，继续向前走，我走着走着，看到前面有一个出口，但身边却又有了一个游乐场，我想：“再等一会儿再出去吧。”说着，便进了游乐场，我玩了一会儿又一会儿，差点儿就又跟那些小孩儿一样了，所以我赶快冲了出去，可那个出口不见了，之后每当我看见一个好玩儿的地方，就会直接一闭眼冲过去，可是我走了好长好长的路都没有看到和找到出口，我走的时间长的都无法计算了，我突然又看到一个出口，但前面有一张床，我看着出口，又看着床，进行了剧烈的心理斗争，最后，我再也忍不住了，躺了下去，眼睛死死的闭上了，我一直在想，等一会再起，等一会再起……最后，我没有了知觉，死去了……突然，我从梦中惊醒了，我想到：“我以后再也不能说‘等一会儿!’这种话啦！”",《我来到神秘的“等一会儿”国度》
141117,3.0,3.0,3.0,3.0,3.0,3.0,3.0,3.0,4.0,3.0,4.0,3.0,4.0,2.0,4.0,2.0,3.0,2.0,4.0,3.0,4.0,3.0,3.0,3.0,3.0,3.0,4.0,3.0,3.0,2.0,3.0,3.0,4.0,3.0,3.0,3.0,4.0,3.0,3.0,3.0,4.0,3.0,5.0,3.0,4.0,3.0,4.0,2.0,3.0,2.0,4.0,3.0,4.0,2.0,3.0,2.0,3.0,3.0,3.0,3.0,3.0,2.0,4.0,4.0,4.0,4.0,5.0,4.0,5.0,3.0,"活动课
　　今天我上了一节有意义的活动课。
　　活动一开始老师说要上一节中分钟的活动课，我听了心里想，太棒了！能上活动课！一上来老师说:：“打开听写本”，不会吧！我还没有复习。然后老师说：“这次只听一个词，只给三十秒的时间”。我心里想，只听一个词，这个词肯定很难。接下来老师说“开始”，我一脸茫然，老师说了什么词吗，时间马上就要到了我只好瞎蒙了一个词。紧接着老师问了大家的感受，没写的都说“老师没说是什么词”有的写上这个词的人也很想说，可是老师没让他们说。然后老师又听了一个词，老师说这次只给十秒钟，听清了吗？我们都说听清了，老师开始倒数，十、九八、七、六、五、四、三、二、一。这十秒钟里我还是觉得老师什么也没有说。到最后老师说第一个词是开始，第二个词是听清了吗，我一个也没有对。
　　我觉得这个活动很有意义，让我明白了要多个方面想问题，不能还没认真思考就下结论。",《活动课》
250141,1.0,3.0,3.0,3.0,2.0,3.0,2.0,2.0,2.0,3.0,2.0,3.0,1.0,2.0,2.0,2.0,2.0,3.0,1.0,3.0,2.0,2.0,2.0,2.0,1.0,2.0,1.0,3.0,1.0,2.0,2.0,2.0,1.0,2.0,2.0,2.0,2.0,3.0,2.0,3.0,2.0,2.0,2.0,2.0,2.0,2.0,2.0,2.0,2.0,2.0,2.0,3.0,2.0,2.0,2.0,2.0,2.0,3.0,2.0,2.0,2.0,2.0,1.0,2.0,1.0,2.0,1.0,2.0,1.0,3.0,"削苹果
　　人生中的事有很多很多，可是我的人生星空中最亮的一颗星是一次削苹果。
　　有一天我们的亲友来访，我妈妈和他们谈天，妈妈让我去削五个苹果，最好快点，我飞速跑到水果篮，拿了5个苹果，然后去抽屉拿了一个水果刀。一场恶战开始了。我心想：“我要削掉你的皮。我紧握水果刀。啊呀呀！我抽出刀疯狂的削。忽然刀飞了出去，我“啊！”的一声，刀刺中了菜板，整不下来了，我妈妈飞速跑到我在的地方，然后呼的一声。说：没事就好，晚上骂了我一顿。
　　在这次事情中，我发现做事是不可以求速度的，因为如果你求速度可能以后也速度不了了。
　　我下一次没有好了伤疤忘了痛，下一次没有再作。
　　我这一次学到了做事不要求快，每一次做错了事要改掉，知错能改，不要好了伤疤忘了痛。明知故作，往刀口上顶，还有做事不要太夸大。",《削苹果》
160241,3.0,3.0,2.0,3.0,3.0,3.0,2.0,3.0,3.0,4.0,3.0,3.0,3.0,4.0,4.0,4.0,3.0,2.0,2.0,4.0,2.0,3.0,2.0,3.0,2.0,2.0,3.0,4.0,2.0,2.0,2.0,4.0,3.0,3.0,2.0,3.0,2.0,3.0,3.0,3.0,3.0,3.0,3.0,4.0,2.0,3.0,3.0,2.0,3.0,3.0,2.0,3.0,2.0,2.0,2.0,2.0,3.0,2.0,3.0,3.0,4.0,5.0,3.0,3.0,4.0,4.0,2.0,4.0,2.0,4.0,"外套
　　关爱是什么？有人说它像是冬天的火炉温暖人心，有人说它是春天的细雨滋润心灵，而我却说关爱是一件外套穿在我身上的感觉，温暖舒适，让我细细说给你听。
　　记得一年冬天，窗外寒风呼啸，冰雪交加，大地像穿上了一件白色的外衣，银装素裹。我们在温暖的屋里上着数学课，下课以后，我看看外面的天气。“哈，太棒了我带外套了。”我想。我赶忙再看看自己的书包，除了冰凉的课本，其它什么也没有。我不相信自己的眼睛，于是我把书包翻了个底儿朝天，但也没有找到外套。我不由自主的哭起来：“唉，这鬼天气，雪下个不停，只好挨冻了。”我心里抱怨着。我刚要迈出步走，有一个人叫住了我，用富有活力的男性嗓音说：“小同学你受冻了吧，来，我正好有两件外套，给你一你一你。”我的心马上被温暖了，因为，他是第一个关心我的人啊。他又说：“你下一次上课时还给我就行了。”听完我心里更暖了，我欢快的走在路上。中途我去了一次书店，刚进去的时候我看见一个人在暖气片旁边瑟瑟发抖。全身都浸湿了，脸被冻的没有血色，耳朵红的像个大苹果。再细看的时候，我震惊了，我虽在厚厚的的大外套里，可是心却是凉凉的，真想哭。我走向前去，他也发现了我，不好意思的对我笑了笑接下了手里的衣服。我跑着冲出了房间，我流下了，感动，内疚，欣喜的泪水。
　　关爱像一把火温暖了人心，有时关爱别人也要燃烧自己，这件外套虽然价格无足轻重但是它却在我心中熊熊燃烧。
　　多年过去了，我虽再也没有见到那个同学，但是他的关爱却让我永远铭记。",《外套》
141309,4.0,3.0,3.0,4.0,4.0,5.0,4.0,3.0,4.0,4.0,3.0,3.0,4.0,4.0,4.0,3.0,4.0,4.0,4.0,4.0,4.0,3.0,4.0,3.0,3.0,4.0,4.0,4.0,4.0,3.0,4.0,3.0,4.0,4.0,3.0,4.0,3.0,3.0,4.0,3.0,4.0,4.0,4.0,5.0,3.0,5.0,4.0,4.0,3.0,5.0,3.0,4.0,3.0,4.0,4.0,3.0,4.0,4.0,2.0,2.0,4.0,4.0,3.0,5.0,4.0,5.0,4.0,4.0,4.0,3.0,"《大蜡烛和小蜡烛》观看感
　　一天，我看了《大蜡烛和小蜡烛》的短片，讲的是：有一个大蜡烛和一个小蜡烛，有一次大蜡烛把小蜡烛的火故意吹灭了，看到小蜡烛吹灭了，它忍不住大笑起来，过了一会心，它发现小蜡烛很伤心，于是，它就弯了弯腰，把小蜡烛又点燃了。可是不久，蜡烛又像以前那样又把小蜡烛吹灭了……最后，小蜡烛一不小心打了一个喷嚏，把大蜡烛吹灭了，大蜡烛看到后，不假思索的把腰弯了过去，可是小蜡烛心想：你故意把我吹灭了两次，我只是不小心把吹灭了而已。我为什么要帮你点燃？!把头扭向一边不理它，但是最后小蜡烛看到了既伤心又后悔的大蜡烛后，于是又把大蜡烛点燃了。
　　从这个影片里，我觉得小蜡烛很善良，因为大蜡烛已经吹灭它两次了，但是它还是帮大蜡烛点燃了。而大蜡烛虽然故意吹灭了小蜡烛两次，但是，它知错能改，最后，它再也没有吹灭小蜡烛了。
　　从这个短片，让我不禁想起了一件事：有一天，朋友和我一起玩我刚拼好的飞机，在她把飞机飞出段距离的时候，忽然撞到了树上，飞机断了头。我刚想说她但想到做人要宽容，所以我赶紧说：“没事”于是最后我们就和好了。
　　从这个影片和事中，我懂得了有宽阔的胸怀的人才是最富有的，所以，我们要宽容，大度的对待每一个人。",《大蜡烛和小蜡烛》观后感
160531,4.0,4.0,5.0,4.0,5.0,4.0,3.0,4.0,5.0,4.0,4.0,5.0,3.0,4.0,4.0,3.0,5.0,4.0,5.0,4.0,4.0,4.0,5.0,4.0,5.0,4.0,5.0,4.0,5.0,4.0,4.0,2.0,5.0,3.0,5.0,3.0,5.0,2.0,4.0,4.0,5.0,4.0,5.0,4.0,4.0,4.0,3.0,4.0,5.0,4.0,2.0,3.0,5.0,3.0,3.0,3.0,5.0,4.0,2.0,2.0,5.0,4.0,5.0,4.0,5.0,5.0,5.0,5.0,5.0,4.0,"贴春联
　　贴春联，贴福字是我们过春节的一项重要民俗。无论是在城市还是在农村，家家户户都要把红色的对联贴在门上，用来辞旧迎新，增添节日的喜庆气氛，当人们在自己家门上贴上对联和“福”字的时候，意味着春节正式到来了。
　　大年三十早上，刚吃完饭，爷爷就喊我和他一起去贴春联，拿着红色的对联和胶带，我们也来到了大门口，爷爷将红色的对联摊开摆好，轻轻地摩挲，我把胶带剪成几个小段粘在手上，一块一块的递给爷爷，看着红红的对联，我不由的问爷爷：“我们过春节为什么要贴春联呢？”爷和蔼的说：“据说春联起源于桃符。桃符的最初用意是求平安。据古书记载，五代十国时期，宫廷里就有人在桃符上写联语了。宋代王安石的诗句——“千门万户瞳瞳日，总把新桃换旧符”中的“新符”“旧符”指的就是桃符。渐渐的，桃符便由桃木板变成了纸张。贴春联这一习俗到了明代开始盛行。到了清代春联的思想性和艺术性都有了很大的提高。到了现代，贴春联己成为我们的民俗。”听完爷爷的讲述完，我若有所思的点点头。这时，爷爷又问我：“你知道怎么贴春联吗？”我说：“春联，不就是随便贴一下上联和下联吗？”爷爷说：“不对，贴春联其实很有问，一般上联最后一个字是仄声，也就是三四声，而下联最后一个字是平声，也就是一二声。”按照爷爷的这个方法，我把我们要贴的春联按平仄声分好了。接下来开始贴了，我递胶条，爷爷负责贴，我们俩人分工合作，不一会就把红红的春联贴好了。春联红底黑字，稳重而鲜艳，上联是“平安辞旧岁”，下联是“吉祥庆新春”。横批是“万事如意”。
　　看着这红红的春联，我突然想要了解中国其它55个民族的风俗。“百里不同风，千里不同俗”，我们不仅应该了解我们汉族的习俗，也要了解其它55个民族的习俗，并把它们传承下去。",《贴春联》
150216,5.0,4.0,5.0,4.0,5.0,4.0,5.0,5.0,5.0,4.0,5.0,5.0,5.0,4.0,5.0,4.0,4.0,4.0,4.0,5.0,4.0,5.0,4.0,4.0,5.0,4.0,5.0,4.0,4.0,4.0,5.0,5.0,5.0,4.0,4.0,4.0,4.0,4.0,4.0,4.0,5.0,4.0,5.0,4.0,4.0,4.0,4.0,4.0,5.0,4.0,3.0,5.0,4.0,4.0,4.0,4.0,5.0,5.0,3.0,5.0,5.0,4.0,5.0,5.0,5.0,5.0,5.0,5.0,5.0,4.0,"给妹妹的一封给
亲爱的妹妹：
　　你好！
　　好久不见，甚是想念。在这一年里，我学会了珍惜身边的一切，我希望我的故事也能让你懂得珍惜。
　　妹妹，你知道吗？人的一生终究会成为一场梦，不管这场梦是酸、甜、苦、辣还是咸，它总会过去，假如你没有好好珍惜身边的一切，到了这场梦结束时，你一定会后悔不已的。当这场梦还没结束时，你一定要好好珍惜啊？
　　妹妹，我想给你讲个故事，在我八岁生日的前几天，爸爸就出差了。我很伤心，再过几天就是我的生日了啊！而且，爸爸走了，没照顾我，陪我玩了啊，焦虑和恐惧占据了我的心。我后悔莫及，为什么我以前不珍惜他？妹妹，你知道离别是什么感受吗？这回，我终于感受体会“珍惜”到了。爸爸说在我生日时应该能回来。即便他这么说，我的心依然忐忑不安。
　　在后来的几天里，每天我都能通过微信看见爸爸。我真的很怕他不回来，便总是问他：“您回不回来给我过生日呀？”虽然我知道爸爸的工作很忙，但我依然渴望着他能回来。
　　在我过生日的前一天，爸爸说：“我可能回不去了，不过我尽力，我可不想错过你的生日啊！”接着，爸爸问我这几天过的怎么样，我呜咽地回答道：“很好，不过您不在我还真不习惯呢！”然后，爸爸给我看了那个地方的海，我看着那碧蓝的海水，突然，我看到一只螃蟹爸爸正在和小螃蟹告别，接着，螃蟹爸爸便离开了小螃蟹。然而，在我看向另一边时，螃蟹爸爸正向一只小螃蟹爬过去。爸爸微笑着看着我，说：“等你不忙了，我们一起看海去！”这声音是那样宏响，这声音是那样坚定，我看着爸爸那慈祥的面庞，眼泪不知不觉地流了下来，爸爸的声音和面庞久久地荡漾在我的心中……
　　妹妹，你知道吗，父母的爱比世界上任何东西都更加伟大，更加宝贵。既然是这样，我们就更要珍惜他们了，你要知道，他们不会时时刻刻陪伴在我们身边。人们总觉得和父母在一起的时间很长，不用着急珍惜，但人们的生死不由你决定。人的一生有几天呢？人的一生又有几分钟呢？你每浪费一分钟，就是浪费和父母在一起的时间。珍惜每一分钟，珍惜和家人在一起的时间，珍惜身边的一切吧！你浪费的每一分钟，都不可能再回来，你的每一天都是一场梦。妹妹，你一定要好珍惜啊！我相信，只要珍惜；就不怕失去；只有努力，生活就不会辜负你。
　　祝你身体健康，万事如意！
你的姐姐李梅
2018年3月23日",《给妹妹的一封信》
140537,3.0,3.0,4.0,4.0,4.0,4.0,3.0,3.0,3.0,3.0,2.0,3.0,3.0,3.0,2.0,3.0,2.0,3.0,3.0,3.0,2.0,3.0,3.0,4.0,3.0,4.0,3.0,3.0,3.0,3.0,2.0,3.0,2.0,2.0,3.0,2.0,2.0,2.0,3.0,4.0,3.0,3.0,3.0,3.0,2.0,3.0,2.0,2.0,3.0,2.0,3.0,2.0,2.0,2.0,2.0,3.0,2.0,3.0,3.0,2.0,3.0,4.0,3.0,4.0,3.0,4.0,2.0,3.0,1.0,4.0,"我的小白兔
　　我有一只可爱的小白兔，它是以前我爸爸套圈套来的。
　　刚套来的时候它还很小，关在一个小笼子里，眼睛红红的，身子白白的，像一个雪球。它一开始吃的也不多，只要一些就够了。
　　我们一天天给它吃的，好好照顾它。它越来越肥，真到有一天我，发现笼子装不下它了，吃的也快不够了，我就和妈妈买个更大的笼子，买完更大的笼子之后，我妈妈选了喂兔子兔粮，这样就解决了。
　　日复一日，年复一年，我们家兔子比来大了快三倍，眼睛还是红红的，可是身子就像一个雪白的雪球，笼子又快装不下了，吃的也特别多，大约两周就能吃完一大包，拉的屎球球还特别多，一天就能拉两盘屎球球。
　　有一次妈妈让我给兔子点儿吃的，我给了之后问妈妈：“可以放兔子出来玩一会儿吗？”妈妈答：“可以。”我想：“兔子终于可以出来玩儿一会儿了。”我就把可爱的兔子放出来了，兔子很小心，一开始还不敢出来，过了一会它才慢慢地出来，时不时地还想再跑回去，等它完全出来的时候它就伸伸胳膊伸伸腿，不敢出这个房间，它一出来又跑进去，特别可爱，我看兔子一直在里面也没事儿干，就给它点吃的，结果过了一会儿，这个房间里面全是兔屎，妈妈很生气，就说了它一句，兔子就显得特别可怜，眼睛红红的，还缩成一团，像马上就要哭了一样，妈妈就不再说它了。
　　我家既可爱又胖胖的小白兔真好玩儿呀！",《我的小白兔》
250129,3.0,3.0,5.0,5.0,5.0,5.0,4.0,4.0,5.0,5.0,3.0,3.0,4.0,4.0,3.0,3.0,3.0,3.0,3.0,3.0,4.0,4.0,4.0,4.0,5.0,5.0,5.0,5.0,4.0,4.0,3.0,3.0,4.0,4.0,5.0,5.0,5.0,5.0,3.0,3.0,4.0,4.0,4.0,4.0,3.0,3.0,3.0,3.0,5.0,5.0,3.0,3.0,3.0,3.0,2.0,2.0,5.0,5.0,2.0,2.0,5.0,5.0,5.0,5.0,5.0,5.0,5.0,5.0,4.0,4.0,"健康比学习重要
　　今年期末考试的时候，我发烧了，而且连考试都没有考成，我很遗憾。
　　记得快考试的前一个星期，班里有几个同学发烧了，妈妈还因此给我吃了小药，可是在周四的下午我还是发烧了，在学校我给妈妈打电话说我发烧了，妈妈超神速的就来学校接我，直接带我去了医院，在那里，有许多发烧的小朋友。医生叫到我的时候，看了看我的嗓子，就给我开了两张单子，一张是验血单子，一张是甲流单子，妈妈对我说：“希望你不是甲流。”等了一会，我们拿着结果去找医生，医生说：结果不是甲流，只是感冒发烧。这时，我和妈都松了口气，我们拿完药就回家了。我想：我很快就会好了。吃完医生开的药，但是吃了两天的药，我还是发烧39度,妈妈很着急，决定带我去医院再检查检查，到了医院，医生还是给我开了那两张单子，我又去化验，等拿到结果的时候，我和妈妈都惊呆了，医生说：“这是乙流，要上报，这几天，先不能去学校了。”这时，我有些着急的问医生：“我后天就要考试了，怎么办？”医生严肃的说：“你不能去学校，你会传染别的同学的。”我有些无语！回家的路上，我一直不断问妈妈，“怎么办呀，考不了试了”，妈妈安慰我说：“没事，身体重要”。在家里休息的这几天，想着别的同学都在考试，我还真有些不适应，下学期我一定要注意，不能再生病了。
　　这件事给我留下了深刻的印象，也让我更注意要锻炼身体。",《健康比学习重要》
141401,4.0,3.0,4.0,5.0,4.0,4.0,4.0,4.0,4.0,4.0,4.0,3.0,4.0,4.0,5.0,5.0,4.0,4.0,4.0,4.0,4.0,4.0,3.0,3.0,4.0,3.0,5.0,5.0,4.0,4.0,4.0,3.0,4.0,4.0,4.0,4.0,3.0,3.0,4.0,4.0,4.0,4.0,4.0,4.0,4.0,3.0,4.0,4.0,3.0,3.0,4.0,4.0,3.0,3.0,3.0,3.0,3.0,3.0,2.0,2.0,4.0,4.0,4.0,5.0,4.0,5.0,3.0,3.0,3.0,3.0,"我敬佩的人
　　我敬佩的人他带着小小的眼镜，穿着整洁的衣服。有时有点低调，他是学问家？不是，是科学家？也不是，难道是班老师吗？对了，就是班走师，她可是我们的班主任，不仅是班主任她也是我们的心理品德、生活的向导呢！她非常认真，做事努力，一心一意，未雨绸缪非常热情。
　　上完了一天的课好多老师都会选择出去做一些自己喜欢的事，可是班老师只是坐在椅子上，专心致志地给我们判作业。之前她要选看一下，给自己一个心理准备。再开始判作业。有一些错别字就会画一个小小的圈，以防我们看不见。别的老师就看几句话就不看了，打一个高分，但是，班老师是一个字一个字仔仔细细、一丝不苟地看，我们的四十三人的作文，有好多老师都会心里烦躁，可是班老师不仅没烦躁，还乐在其中，因为看我们一个一个的从不好到好从低到高，班老师都看在眼里，她为此高兴。
　　班老师的关爱是无限的，对我们的每句话都是为我们好的话……班老师真是值得我敬佩的人！",《我敬佩的人》
240143,3.0,3.0,4.0,3.0,3.0,3.0,4.0,4.0,3.0,3.0,3.0,3.0,3.0,4.0,2.0,2.0,3.0,3.0,2.0,3.0,2.0,3.0,2.0,2.0,3.0,3.0,3.0,4.0,3.0,4.0,2.0,2.0,3.0,3.0,3.0,2.0,3.0,2.0,3.0,4.0,3.0,4.0,3.0,3.0,3.0,3.0,2.0,2.0,3.0,3.0,2.0,2.0,2.0,2.0,2.0,2.0,3.0,2.0,2.0,3.0,3.0,3.0,3.0,4.0,3.0,4.0,3.0,5.0,2.0,3.0,"老师进班了
　　今天我来到学校，看到了几位同学，聊的正欢呐，我看见了也跟着聊了起来。时间慢慢的过去了。我和同学说着，突然，老师进了班我没有看见老师，接着旁边的同学说班老师来了，我吓了一大跳，班老师来了怎么可能，我回头一看班老师真的来了。我赶快转过头来。
　　然后班老师说我们今天写卷子，我们写了一会，老师出去了，霎时，有人说话，有抄答案，有人在门口放哨看看班老师有没有来，有人喝水，有人下座位，有人扔垃圾，干什么的都有。过了一会班老师回来了，大家都没看见。这时班老师说谁在说话，大家才知道。
　　班老师真是出奇不意。",《班主任进班了》
140613,4.0,3.0,3.0,4.0,4.0,3.0,5.0,3.0,4.0,4.0,4.0,4.0,3.0,3.0,5.0,3.0,4.0,3.0,3.0,3.0,4.0,4.0,3.0,4.0,4.0,3.0,3.0,3.0,4.0,4.0,3.0,3.0,4.0,3.0,4.0,4.0,4.0,4.0,4.0,3.0,5.0,4.0,4.0,4.0,3.0,3.0,4.0,3.0,4.0,3.0,3.0,3.0,3.0,3.0,4.0,3.0,4.0,4.0,3.0,4.0,4.0,3.0,5.0,4.0,5.0,4.0,5.0,4.0,4.0,4.0,"钓鱼张
　　钓鱼张是我的外公，今年70多岁了，特别爱钓鱼。
　　钓鱼张每天早晨4点钟就起来钓鱼，要等天完全黑了才肯回家。可是奇怪的是，钓鱼张钓鱼从来不去养鱼的池塘和水库里钓，因为他觉得那样就没有挑战性了，他一直都是去长江边上钓，而且钓鱼张钓完鱼回来都是给家里人吃，自己说什么都不肯吃一口。
　　有一天早上，闹钟刚响，钓鱼张急匆匆地穿好衣服就要往外走，早饭都顾不上吃了，但是，钓鱼张经过漫长的一段路后，终于到达了长江边。谁知刚拿出鱼钩，脚下一滑，竟然掉进水里了，幸好边上的水不算太深，钓鱼张又从水里慢悠悠的爬了上来，这要换作别人的话，早回家洗个热水澡躺床上休息了，可是钓鱼张不仅没有回家，居然又重新坐回石头上开始钓鱼了，他那副执着的样子让我佩服极了。终于，夜幕降临了，可是钓鱼张开始感到小腿上隐隐约约的疼痛，一看，原来是掉进水里时被岩石划破了一道口子。回到家，他贴上了创口贴，感觉还有点儿发炎呢。可是第二天早上，钓鱼张依旧去钓鱼了。
　　每当外公外婆的朋友提起外公时，都会对他钓鱼的水平和执着刮目相看，我觉得如果我们也向钓鱼张一样执着的话，那干什么都会成功！",《钓鱼张》
140412,4.0,3.0,5.0,4.0,5.0,4.0,4.0,3.0,5.0,3.0,5.0,4.0,5.0,4.0,5.0,3.0,5.0,3.0,5.0,3.0,4.0,3.0,4.0,3.0,5.0,4.0,5.0,3.0,4.0,3.0,5.0,3.0,4.0,3.0,4.0,4.0,4.0,3.0,5.0,3.0,5.0,3.0,5.0,4.0,4.0,3.0,5.0,4.0,4.0,4.0,4.0,4.0,4.0,3.0,4.0,3.0,5.0,4.0,4.0,3.0,5.0,4.0,5.0,4.0,5.0,4.0,4.0,3.0,5.0,3.0,"观察绿豆发芽过程
　　第一天，我们先把一块湿纸垫在杯子的最底下，然后在把绿豆放在那块湿纸上。我们量了一下豆子大约有5毫米。
　　第二天豆子长大了好多，然后都陆续长出了一条小芽，这些小芽是从绿豆边上的小白眼旁边钻出来的，很像小肥猪的尾巴。晚上，绿豆把它那绿色的外衣脱了下来露出它那美丽的身子又光滑又好看，马上就要成功了我想到。
　　第三天豆子又变大了一点，小芽已经长长很多了。下午，绿豆沿着中间的那条线裂开了一条小缝。
　　第四天原来的豆子已经变成了豆芽，但我们没有把它吃掉而是继续观察过了几天叶子从裂开的地方钻了出来就像一把绿色的小伞，然后叶子越来越大，现在杯子都盛不下了，我决定结束这次观察。
　　通过这次观察绿豆的生长过程我都没想平时吃的豆芽竟然需要那么多的奇妙的步骤并且那平时吃的豆芽是没长叶子的现在我的豆芽竟然长叶子了，真的太神奇了！",《观察绿豆发芽过程》
140917,4.0,3.0,4.0,4.0,4.0,3.0,4.0,3.0,4.0,3.0,4.0,3.0,5.0,3.0,4.0,3.0,3.0,2.0,4.0,3.0,3.0,3.0,3.0,3.0,4.0,3.0,3.0,3.0,4.0,2.0,4.0,3.0,4.0,3.0,3.0,3.0,3.0,3.0,3.0,3.0,4.0,3.0,4.0,3.0,4.0,3.0,4.0,3.0,4.0,3.0,3.0,2.0,3.0,2.0,4.0,2.0,3.0,3.0,3.0,3.0,4.0,3.0,4.0,3.0,5.0,4.0,4.0,4.0,4.0,3.0,"好书推荐——《神秘岛》
　　这是法国若名作家儒乐、凡尔纳写的一本探险小说。这本书有五个主人公他们分别是水手潘克洛夫、史佩莱、纳布、工程师史密斯和赫伯特。
　　水手潘克洛夫有着丰富的经验，非常勇敢，史佩莱富有观察力，善于思考，纳布对主人忠心耿耿，有丰富的生活经验，我最喜欢的就是工程师史密斯，史密斯知识渊博而且心灵手巧，带领大家制造陶器、刀和火火棉……，和仅有15岁的赫伯特，他富有非常丰富的生物学知识，并且对植物学也有很深的了解，比如他发现了面包树，这种树也可以结出和面包味道相同的果实，和可以驱蚊的桉树。
　　这本书进述了五位主人公乘热气球逃狱，被风暴卷入一座无名小岛，他们苏醒后打算把这里改变成一个繁华的镇，经过他们的努力，这里终于变成了一个繁华的小岛，有农作物和牲畜栏，他们制造了一支船。但海盗来袭把他们的心血毁掉了，他们与海盗作战，但暗中有个神秘人帮助了他们杀死了海盗，那个人是尼莫船长，但是他太大年纪了，过了一天尼莫船长就和鹦鹉螺号一起葬身于海底，突然火山暴发，这时有一支船把他们接回了故乡。
　　我觉得这本书很精彩，希望你有时间也来看看这本书。",好书推荐——《神秘岛》
140436,4.0,4.0,4.0,4.0,3.0,5.0,3.0,4.0,4.0,4.0,4.0,5.0,4.0,4.0,2.0,2.0,2.0,4.0,4.0,5.0,4.0,4.0,4.0,5.0,4.0,3.0,4.0,4.0,3.0,4.0,4.0,3.0,4.0,3.0,3.0,3.0,2.0,4.0,4.0,4.0,4.0,5.0,4.0,5.0,4.0,4.0,4.0,5.0,3.0,3.0,4.0,4.0,2.0,3.0,3.0,4.0,3.0,3.0,4.0,4.0,4.0,4.0,4.0,4.0,4.0,5.0,4.0,4.0,4.0,5.0,"我家的：“文竹”
　　我家养着一盆文竹，它种在一个棕色花盆里，盆子上刻着一支梅花。
　　为什么叫它文竹呢？因为它带给我一种文静优雅的感觉，而且它像树叶一样绿油油的，枝干一节一节的像竹子一样。
　　文竹碧绿的叶子水平展开，长得密密麻麻的，很轻柔像羽毛一样，绿叶一层叠一层，逐渐形成一块块绿荫，从上往下看仿佛蒙上了一层层绿色的面纱。
　　文竹喜欢温暖湿润的环境，它在烈日下暴晒半天，叶子就会枯黄，所以要把它放在比它长的高的植物旁边给它遮阳挡风。
　　文竹不像牡丹那样富贵、玫瑰那样艳丽、月季那样妩媚动人，可是它有四季常青的大本领，无论是严寒还是酷暑，它总是郁郁葱葱，给人一种坚强的生命活力。
　　每当我写作业眼睛累的时候，我就看看这盆文竹，于是我就立刻精神起来了，我喜欢这盆文竹。",《我家的：“文竹”》
160434,5.0,5.0,4.0,5.0,5.0,5.0,5.0,5.0,5.0,4.0,5.0,5.0,5.0,4.0,5.0,5.0,5.0,5.0,5.0,4.0,5.0,4.0,5.0,5.0,5.0,5.0,5.0,5.0,5.0,5.0,4.0,4.0,5.0,5.0,5.0,5.0,5.0,5.0,4.0,4.0,5.0,5.0,5.0,5.0,4.0,5.0,5.0,5.0,5.0,5.0,5.0,5.0,4.0,4.0,5.0,5.0,5.0,5.0,5.0,4.0,5.0,5.0,5.0,5.0,5.0,5.0,5.0,5.0,5.0,5.0,"灵魂
　　“我如果不学习艺术，是没有灵魂的。“倘若不让我学习它，我也只是具行尸走肉罢了。我幻想过无数次坐在舞台上享受艺术给予我快乐的样子，想象过那美妙的音乐，想象了一切快乐的过程和结尾。却从未想过这“美妙”的背后……
　　场灯一关，乐曲悄然响起，每个小音符悄悄开始它们的舞蹈……这是我在学习钢琴和竖琴时想象过无数次的场景……3年来，打压，干扰、汗水、泪水一齐磨练着我。为的只是实现演练千百遍的那一刻。2018年5月29日到31日我们乐团进行演出。我“演”着唯一的竖琴手。5月31日那天，我们迎来了最后一场《野斑马》，可意外发生了……我的手上冒出了几个鲜红的血泡。顿时，万千思绪了上来。我惧怕着，惧怕着我会失误而使我的“灵魂”残缺，情急下，我只得孤注一掷了。为了不影响音色，我便只能吹咬牙，拿冰敷了。
　　到了傍晚，我手上的疼痛不减反增，时间飞快，演出的时刻就要到了。舞台灯渐渐变暗，我轻轻抚上琴弦。我佯装没事，可一指下去钻心的痛便从我指尖蔓延开来。仅仅拨动几下琴弦，就是一阵巨痛，几滴鲜血掉落，那血是那么惊心触目。我忍住不让自己“示弱”，可指尖的痛却在一点点消磨着我的意志，身体也随之不停的颤抖。我经历着心身的双重疼痛。到了尾声时，琴声已经在慢慢偏离轨道，可琴声也和我的灵魂融为一体。虽然琴声慢慢变弱，可依然像我的灵魂一样“璀璨”锋芒毕露。琴声支持着我的意志，而我的意志也支持着琴声。它的璀璨，我对它的态度也使它成为我的“灵魂”……而舞者们也演绎着轻盈的斑马，狡诈的火狐狸，危病的熊妈妈……《野斑马》也在观众的掌声中，悄然落幕。
　　学习艺术的人拥有的自豪感是不学艺术的，人所没有的。“艺术源于生活，而高于生活”可我对艺术的认真，却早已让它成为我不可割舍的一部分，成为我的灵魂。没有了灵魂，一个人是无法生活的。因此我更要认真对待它，把它做到极致。这样我的灵魂才会更加“璀璨”弹出耀眼的光芒。",《“灵魂”》
160829,4.0,4.0,5.0,5.0,5.0,5.0,5.0,5.0,5.0,5.0,2.0,2.0,5.0,5.0,3.0,3.0,4.0,4.0,5.0,5.0,5.0,5.0,5.0,5.0,5.0,5.0,5.0,5.0,5.0,5.0,5.0,5.0,5.0,5.0,4.0,4.0,4.0,4.0,5.0,5.0,5.0,5.0,5.0,5.0,5.0,5.0,4.0,4.0,5.0,5.0,3.0,3.0,5.0,5.0,5.0,5.0,5.0,5.0,2.0,2.0,5.0,5.0,5.0,5.0,5.0,5.0,3.0,3.0,4.0,3.0,"我的小学生活
　　时间过得真快，转眼小学生活即将从我身边擦肩而过，回想起这六年的点点滴滴，桩桩件件，我不禁沉默了，我非常怀念小学生活。
　　记得六年前，我从一个什么都不懂的小豆包，来到了这个学校。这里面有美丽的紫藤架，天真可爱的同学，和蔼可亲的老师，一切都深深的吸引着我，那时我望着五六年级的大哥哥大姐姐们，我真羡慕他们啊，心想：“我什么时候能像他们一样哪？”而转眼间，现在的我已身为六年级的大学生了。
　　记得我们刚上二年级的时候，我们的生活是快乐无比的，我们大家一起玩耍，一起做游戏，就算上课有时也偷偷摸摸地玩耍不听讲，老师都会原谅我们，因为我们还小，正是懵懂的时候。有一天我和我的好朋友袁圆在上语文课的时候偷偷的在玩贴画。我们玩着玩着就玩急了，我们一开始是互相打闹，后来就是抢贴画越抢我们俩就越生气，直到最后我们把小人的脑袋和身子、手、腿都掰断了，我心想：掰就掰了吧！可我一看掰的居然还是我的小人当时我非常的气愤和伤心，心想我要是没有袁圆这个朋友那该有多好呀！话声刚落我就听见了一声“王丽重复一下我刚才说的话”。那时我的心里特别慌张，老师竟然叫我回答问题，可是我只顾着和袁圆抢贴画了，根本这有听老师在说什么，我心里十分懊恼。那一天我都在背后说袁圆的坏话，但没过几天我就开始想念袁圆了，感觉没有她的日子特别寂寞、特别无趣。后来我主动去找她，跟他道了歉，她也很快就原谅了我，我们俩又开始在一起玩贴画了。
　　友谊就像李白说的“桃花潭水深千尺，不及汪伦送我情。“亲爱的6(2)班，我们快要离开了，但愿我们这个集体的所有成员，友谊长存、天长地久！",《我的小学生活》
240203,4.0,4.0,4.0,4.0,4.0,4.0,4.0,4.0,4.0,3.0,4.0,4.0,4.0,3.0,5.0,5.0,5.0,4.0,4.0,4.0,4.0,3.0,3.0,3.0,4.0,3.0,4.0,4.0,5.0,4.0,4.0,5.0,4.0,4.0,4.0,5.0,4.0,4.0,4.0,4.0,3.0,3.0,5.0,5.0,4.0,4.0,4.0,4.0,4.0,4.0,3.0,3.0,3.0,3.0,2.0,2.0,3.0,3.0,2.0,2.0,4.0,4.0,4.0,5.0,5.0,5.0,5.0,5.0,4.0,4.0,"快乐的冰雪之旅
　　今天，我和爸妈还有我的小妹妹一起去滑雪。我高兴地踏入了这奇妙的冰雪之门。
　　我们玩了很多好玩的项目：高空雪圈、雪坡、雪地摩托、冰滑梯、冰上自行车、冰爬犁、滑冰刀……
　　我最喜欢高空雪圈，因为它很惊险，并且刺激,往下一看，妈呀！太高了！我坐在雪圈里，叔叔把我往下一推，我吓得一下子闭上了眼睛，可是，这轻飘飘的感觉是怎么回事？我一睁眼，巨大的失重感顿时向我袭来，我感到一阵眩晕，可是过了一会儿，这种感觉变成了像小鸟一样飞翔的感觉。“太爽啦！再来一次！”
　　我也很喜欢冰上碰碰车，我选中了一辆绿色的车，我一踩油门，嗖——车开出去老远。我眼睛一转，去撞人去吧。目标：爸妈。我偷偷地开到他们后面，不好！他们发现我了！他们一个急转弯，绕到了我的背后，碰——把我撞飞了。
　　东北的雪就是好，我们玩得非常开心，而且，我突然觉得雪是小精灵送给我们的礼物，等你来到东北，记得找我，我带你去滑雪场一次玩个够！",《快乐的冰雪之旅》
140139,3.0,3.0,4.0,4.0,3.0,3.0,2.0,3.0,3.0,4.0,2.0,2.0,2.0,3.0,2.0,3.0,2.0,3.0,3.0,2.0,3.0,2.0,3.0,3.0,3.0,2.0,3.0,3.0,3.0,2.0,2.0,3.0,3.0,3.0,2.0,3.0,2.0,3.0,3.0,3.0,3.0,3.0,3.0,3.0,2.0,2.0,2.0,3.0,3.0,4.0,2.0,3.0,2.0,3.0,2.0,3.0,3.0,4.0,3.0,3.0,2.0,3.0,4.0,5.0,4.0,4.0,4.0,4.0,3.0,4.0,"我的秦皇岛之旅
　　这个暑假我来到了秦皇岛，到了秦皇岛海风迎面吹来，真凉快。
　　其实我来秦皇岛是来找我表弟的。一进我弟家门，首先迎接我的便是我弟的欢呼声。我弟在我身旁，左转转，右转转，真是没完没了。
　　我表弟才6岁他又黑又瘦,个头倒比同龄孩子高出不少，他那一双大眼睛，和长长的眼睫毛，忽闪忽闪的特别有神。一看就是个小机灵鬼。
　　第二天，我们终于盼到了去海边，沙滩上的人真多呀，蔚蓝的大海，一望无际，在大海的深处水天相接，海风轻轻的吹过我的脸庞，我心里美滋滋的。
　　我和弟弟二话没说，跑进海水里，就像刚放进水的小海豚。我们快乐的在海水里玩耍，一会儿从水里跑到沙滩上，一会又从沙滩上跳进水里，玩的不亦乐乎，在沙滩上，我捡了许多美丽的贝壳，还捡到了一大一小两个海螺，我姨父在海边还钓到了许多鱼，这真是快乐又充实的一天啊，回到家姨父还用钓到的鱼做了海鱼炖豆腐，可好吃啦！
　　就这样在秦皇岛度过了一个星期，我就和爸爸坐飞机去了四川，又从四川去了邢台姥姥家，最后从姥姥家回到北京，这就是我充实的暑假生活。",《我的秦皇岛之旅》
140842,4.0,4.0,4.0,4.0,3.0,3.0,4.0,4.0,4.0,4.0,3.0,4.0,4.0,4.0,2.0,3.0,3.0,4.0,4.0,5.0,4.0,4.0,4.0,5.0,4.0,4.0,3.0,4.0,3.0,4.0,3.0,3.0,4.0,3.0,3.0,3.0,3.0,3.0,4.0,4.0,4.0,5.0,4.0,4.0,3.0,4.0,3.0,3.0,3.0,4.0,2.0,2.0,2.0,3.0,2.0,3.0,4.0,4.0,3.0,4.0,4.0,5.0,4.0,4.0,4.0,5.0,4.0,4.0,3.0,4.0,"对爸爸妈妈说的心里话
　　爸爸妈妈，我想对你们说说我的心里话。去年在台湾旅游的时候，有一次吃完饭回酒店，妈妈打开她手机上的Googlmaps,想用它来指路，她看着规划的路线，犹豫了一会儿，决定向左转，可是我看了一下导航软件上的地图，觉得应该是向右转才对，当时我很想说出我的意见，但是因为我平时不太自信，怕爸爸妈妈不听我的，所以没敢说话，结果走着走着就发现走反了，这时我说：”让我试一下吧！刚才我就觉得不太对，应该往右走，你看，那些建筑物在地图上的方位是那边。”爸爸妈妈互相看了看，缓慢地点了点头。
　　Googlemaps重新规划了路线，我按照新路线带着爸爸妈妈往前走。路上，我非常紧张，怕走错路，爸爸妈妈一声不吭，脸上也没表情，我想他们可能还不太相信我，我只能靠我自己了。我看了看周围的建筑物，认定方向是对的，可是当接近目的地时，软件上表示我们行进路线的小红点没动，当时我的心就咯噔一下，是不是我走错了？可是不到1秒钟，小红点就蹦上来了，我立刻松了一口气，信心倍增。当顺利地经过好几个岔路口，终于看到酒店时，我得意极了。
　　现在想起这件事，我想对爸爸妈妈说：”我已经长大了，已经有能力帮你们分担一些我能做的事情了，虽然我做得可能不那么好，但是我能慢慢进步，请你们相信我，支持我，即使做错了，也不要说我，要耐心点儿，多给我机会吧！",《对爸爸妈妈说的心里话》
140339,3.0,3.0,2.0,2.0,3.0,3.0,3.0,3.0,3.0,3.0,3.0,2.0,3.0,2.0,2.0,3.0,3.0,2.0,3.0,2.0,3.0,3.0,3.0,2.0,3.0,2.0,3.0,2.0,3.0,3.0,3.0,3.0,3.0,2.0,2.0,2.0,2.0,2.0,3.0,2.0,2.0,3.0,3.0,3.0,2.0,3.0,3.0,3.0,3.0,2.0,2.0,3.0,2.0,2.0,2.0,3.0,3.0,2.0,2.0,2.0,2.0,3.0,4.0,5.0,4.0,5.0,4.0,4.0,3.0,3.0,"小陶瓷娃连
　　从前，有一个叫乐乐的小朋友，乐乐的玩具非常多，大到有乐乐那么高的布娃娃，小到只有乐乐一只手大的陶瓷娃娃。
　　小布熊也是乐乐的玩具之一，小陶瓷娃娃呢，只有小布熊的一半高。如果有人欺负小陶瓷娃娃，小布熊一定会好好教训一下那个人，可小陶瓷娃娃却从不说一声，“谢谢。”
　　小陶瓷娃娃非常自私，有什么东西从来不和大家一起分享，因此小陶瓷娃娃没有一个朋友，只有小布熊真心对待它。可小陶瓷娃娃还是嫌小布熊这不好那不好。而小布熊呢？它非常受大家的欢迎，小布熊对大家非常好，它希望小陶瓷娃娃能跟它们一起玩。
　　小布熊经常找小陶瓷娃娃一起玩。小陶瓷娃娃渐渐的开始接受小布熊，它不再嫌弃小布熊了。小陶瓷娃娃慢慢的感到小布熊是一个真心的朋友，于是，小陶瓷娃娃开始关心小布熊了。每天都去找小布熊玩。它和小布熊成了最好的朋友。
　　有一天，小布熊说：“你跟我去找大家玩吧。”小陶瓷娃娃想：“它是我最好的朋友，我应该相信它”。于是，小陶瓷娃娃说：“好吧，你可要保护我哦。”
　　到了大家中间，小布熊说：“今天，我带来了一位新朋友，你们都认识。”大家互相看着，一脸的疑惑，小布熊把小陶瓷娃娃拉到大家中间说：“这就是我们的新朋友！”大家非常高兴的说：“小陶瓷娃娃，欢迎你！”小陶瓷娃娃心里感到无比的幸福，说道：“我以后一定和大家一块玩！”玩具们欢呼着庆祝这位朋友的到来。
　　我们不能像小陶瓷娃娃以前那样，我们要真心的去跟我们的朋友相处！这样我们才能交到更多的好朋友，获得更多的快乐。",《小陶瓷娃娃》
150210,4.0,4.0,4.0,4.0,4.0,4.0,4.0,4.0,4.0,4.0,3.0,3.0,4.0,4.0,4.0,4.0,4.0,5.0,5.0,5.0,5.0,5.0,5.0,5.0,4.0,4.0,4.0,4.0,5.0,5.0,5.0,5.0,5.0,4.0,5.0,5.0,3.0,5.0,4.0,4.0,4.0,4.0,4.0,5.0,5.0,5.0,4.0,4.0,4.0,4.0,4.0,3.0,4.0,3.0,3.0,3.0,4.0,4.0,3.0,3.0,4.0,4.0,4.0,5.0,5.0,4.0,4.0,5.0,5.0,3.0,"给表哥的一封信
亲爱的表哥：
　　春节一别，我非常想念你，不知道你最近怎么样，(我觉得应该是挺好的）我呢，你就不用担心了。我最近身体可好啦，1分钟跑上300多米左右一点儿也不累，所以，你也不用老是想着啦……
　　现在开学已经1个多月了，我可想让你来我们学校了，因为，我们学校可发生了许多有趣的事情呢！有一次，我和几位同学课间闲的没事，一起想能在课间玩的游戏，我想着想着，看见了一位同学洗完手之后把纸巾扔进了垃圾桶里，啊！想到玩啥啦！就玩“纸团游击战”吧！我和大家说了一下，分为2组，游击战开战！我们的计划是：“2人出击，3人守营，出击若胜，则5人将其一一击败，若败则退。”大家一听，异口同声地说“OK!”于是我们开始了行动，3个人守营，我和其中1人突击，可是对方也有一套突击计划，在我准备“开炮”的时候，突然发现“敌方”的营地没人，结果回头一看，我的大本营已经……已经没了！果然玩这种游戏也要有孔明那样的军事头脑呀！
　　除了在学校里，家里也有许多好玩的事，比如建大棚，看冰灯……如果都写下来的话，可能就得借一下你的稿纸了，总之，这个暑假，我在北京欢迎你！别忘了回信哦！
　　祝你
身体健康，学习进步！
你的表弟国涛
2018年3月25日",《给表哥的一封信》
160113,5.0,4.0,4.0,3.0,4.0,4.0,4.0,3.0,4.0,3.0,4.0,3.0,5.0,3.0,4.0,4.0,4.0,4.0,5.0,4.0,3.0,4.0,3.0,4.0,4.0,3.0,4.0,3.0,4.0,3.0,3.0,3.0,3.0,3.0,5.0,3.0,4.0,3.0,4.0,4.0,5.0,4.0,5.0,4.0,4.0,3.0,4.0,4.0,4.0,4.0,3.0,3.0,3.0,3.0,3.0,3.0,4.0,4.0,2.0,3.0,4.0,3.0,5.0,4.0,4.0,4.0,5.0,4.0,5.0,4.0,"那朵开在我记忆深处的花
　　记忆就像一个美丽又独特的花园，每一朵花都让人不自主要接近，却又带着一根根锋利的芒刺，让人敬而远之。而我就在这样一个闷热的夏季，种下了那朵开在我记忆深处的花。
　　还记得那是一个阳光明媚的早晨，第一缕阳光射进我的房间，我快速收拾好箱子，一想到今天又要换个地方住了，心情无比舒畅，哼着小曲儿慢慢合上了箱子。突然我愣了一下，觉得还是锁上箱子比较好，于是想都不想就把两锁一扣，拉着箱子就要走时，突然发现还有一样东西没放，急急忙忙要打开箱子。两手触碰到锁的那一刻，我的心突然一冷，密码……是对的啊。
　　怎么会呢？我急得像一只热锅上的蚂蚁，火辣辣的阳光刺痛着我，泪水在眼眶中不停地打转。“心急吃不了热豆腐”。这句话如奔驰的骏马一下子冲入我混乱的脑海中，我试着让自己冷静下来，把密码从0-9都试了一遍，很快就打开了箱子。心中一块大石头也总算落了地。
　　正如明代教育家吕得胜所言“一切言动，都要安详；十差九错，只为慌张。”一个人在遇事后本可以快速解决，却因慌张而耽误了时间，而如果冷静解决，沉着应对，就会简单得多。那朵花未谢，我也还记忆忧新。",《那朵开在我记忆深处的花》
150322,4.0,4.0,5.0,4.0,5.0,4.0,5.0,4.0,4.0,4.0,4.0,4.0,4.0,3.0,5.0,4.0,4.0,3.0,3.0,4.0,4.0,4.0,4.0,4.0,4.0,4.0,3.0,3.0,3.0,4.0,3.0,4.0,3.0,4.0,4.0,4.0,4.0,4.0,5.0,4.0,5.0,4.0,5.0,4.0,4.0,3.0,4.0,4.0,4.0,3.0,3.0,3.0,4.0,3.0,3.0,3.0,4.0,4.0,3.0,3.0,4.0,3.0,5.0,4.0,4.0,4.0,4.0,4.0,5.0,4.0,"感谢你，交警叔叔
　　交警，在我心中，是指挥交通的“马路天使”。他们风雨无阻，不论严寒酷暑，总在兢兢业业地指挥过往行人车辆。
　　那天，我骑着自行车来到一条繁华的大街上。只见一位交警叔叔站在指挥台上无声而熟练地指挥着。三盏信号灯隐约可见，信号灯显示着绿色。我估算了一下，大概可以在下次红灯亮之前冲过停车线，于是我加快了车速不料，车轮刚碰到停车线，绿灯突然熄灭，红灯亮了，我急忙捏紧刹车。不知怎么，这刹车平时很灵呀，怎么今天这车子停不下来呢？强大的惯性把我推到了离停车线有一米多远的地方。这时交警叔叔走过来，温和地对我说：“小朋友，请跟我来一下。”他指了指罚款台。我想：“到那儿去准没好事，不是罚款，就是扣车。”我只好无奈地推着车子走到罚款台，嘴里还嘀咕着道：“你们这些交警就知道欺负小孩子，才超了一米多，再说是惯性起的作用，又不是我故意的……”谁知，他提着一个工具箱从小屋子里出来了，风趣地对我说：“不是欺负小孩子，是跟修车的抢生意呢，刚看见是你的刹车出了毛病，我给你换一个。”我怀疑自己的耳朵听错了。他立刻蹲下修起车来。不知过了多久，他站起来说：“行了，你可以回家了。”
　　“给你钱。”我习惯性地把钱递过去，他却说：“收什么钱？这是我们应尽的义务，还不走，等我罚款是不是？”说完对我微微一笑。刚想说的话又被我咽下去了。
　　交警叔叔打扮与普通人不同，头上戴着大盖帽，身上穿着黄色安全服，手上带着白色手套在十字路口中央指挥着。",《感谢你，交警叔叔》
160612,4.0,4.0,5.0,4.0,5.0,4.0,4.0,3.0,5.0,4.0,4.0,4.0,4.0,4.0,5.0,4.0,4.0,4.0,3.0,3.0,4.0,3.0,4.0,3.0,5.0,4.0,4.0,3.0,4.0,3.0,4.0,3.0,3.0,4.0,4.0,3.0,4.0,3.0,4.0,4.0,5.0,3.0,5.0,4.0,4.0,3.0,4.0,4.0,4.0,3.0,4.0,3.0,3.0,3.0,4.0,3.0,5.0,4.0,3.0,4.0,4.0,4.0,4.0,4.0,5.0,4.0,3.0,2.0,5.0,3.0,"我的理想
　　人们都说有理想是成功的第一步，但理想不是空想出来的，理想是要用自己的努力才能完成的。我的理想是像以前那些哥哥姐姐那样站在舞台上唱歌。
　　从我刚出生，唱歌就和我结下了不解之缘，刚出生时，医生从哭声判断出我以后一定会唱歌。果然，在幼儿园时我就被选入合唱团，对于酷爱唱歌的我根本不在话下。
　　时光飞逝，我上了小学，第一次走进了小学的合唱团，第一次看见了哥哥姐姐们唱歌，心里满是羡慕，显然这个理想是从这一刻产生的。不过，完成这个理想却是异常艰难，因为在这个集体里，没有人会让着你，因为名额有限，如果你好，你就上，不好就下，不会再给你第二次机会。在这个现实的逼迫下，我不得不努力让自己变的更好。这样才能战胜别人，完成自己的理想。为了完成这个理想，我有所失，亦有所得。也失去了很多自己的时间。比如在别人可以看书、画画或看电视时，我却要对着钢琴识谱子，找音准。在酷热难耐的夏天，在别人都在吃着各种甜品时我却只能克制住自己，只为了保护嗓子，在暑假时，别人都回了老家，可我还要留下2周,也许就为了三四分钟的一首歌。但是虽然我失去了这些时间，但我在这个过程中收获了进步和满满的友情。不过成长的蜕变真的不容易，在收获友情的同时也免不了老师的一盆冷水，自己很努力，却被老师一句话否定，自己很委屈又不得不接受，只能让自己变得更好。为了在合唱团更好的学歌，在家里读谱子便是必不可少，我经常把一些符号弄成一团乱麻，变得急躁不安，但是没有办法……
　　慢慢的，我把这些越做越好，甚至习以为常，这一天一天的努力不只可以帮我实现理想，还教会了我坚持，有了这个精神我相信我一定可以成功，可以用自己的努力完成自己的理想。
　　理想是人生导航的灯塔，我们每个人都应该有自己的理想，但理想决不是空想出来的，一定要靠自己的努力才能成功。",《我的理想》
130307,3.0,3.0,3.0,5.0,3.0,3.0,3.0,4.0,3.0,2.0,2.0,2.0,2.0,3.0,3.0,3.0,3.0,3.0,3.0,3.0,3.0,3.0,3.0,3.0,3.0,3.0,3.0,4.0,3.0,3.0,2.0,4.0,3.0,4.0,2.0,3.0,2.0,4.0,3.0,3.0,3.0,4.0,3.0,4.0,3.0,3.0,3.0,4.0,4.0,3.0,2.0,3.0,2.0,4.0,3.0,3.0,4.0,4.0,2.0,2.0,3.0,4.0,3.0,5.0,4.0,5.0,4.0,5.0,3.0,3.0,"父母的爱
　　妈妈说我生下来的时候特别小，所以体质特别差，不过经过妈妈的努力，我现在很健康。
　　有一次我在青岛吃了12个饺子，可是到家门口以后，我的肚子突然疼起来，我们只好去医院了。当时我和妈妈都很累了，但妈妈为了不让我受罪,只好去了。
　　到了医院，妈妈以为时间很短，结果在医院待到了晚上12点。我们困的不行，我直接在病床上睡了，可是妈妈没地方睡，只能看着我睡。
　　终于看完病了，可我还在睡觉，妈妈怕吵醒我，就只好抱着我出去了，出去后妈妈怕我冷，就把她的大衣给我穿上了。回到家后，我们都进入了甜蜜的梦乡。
　　通过这件事，我能感受到妈妈的爱是无私的。",《父母的爱》
240201,2.0,2.0,2.0,4.0,2.0,2.0,2.0,2.0,2.0,2.0,2.0,2.0,2.0,2.0,2.0,2.0,2.0,3.0,2.0,2.0,2.0,3.0,2.0,2.0,2.0,2.0,2.0,4.0,2.0,2.0,2.0,3.0,2.0,2.0,2.0,2.0,2.0,3.0,2.0,2.0,2.0,2.0,2.0,2.0,2.0,3.0,2.0,2.0,2.0,2.0,2.0,3.0,2.0,3.0,2.0,3.0,2.0,2.0,2.0,3.0,2.0,2.0,2.0,5.0,3.0,3.0,3.0,4.0,3.0,3.0,"拔牙的经历
　　有一天我妈妈发现有一个正在顶乳牙的小恒牙，妈妈说：“妈呀！陈军你的牙再不拔小恒身就长斜了”，我大吃一惊说“啊！不会吧！”妈妈把我拉到镜子前指着一颗乳牙的下面说：“看就是第一颗”我看到了恒牙的小牙尖我揉揉眼睛说：“呀！是真的呀！”我又说我们现在就去医院，妈妈指着窗外说：陈军你看都多么的黑了，我又一看钟表，呀！已经晚上12点了，爸爸说：“你们在淡论什么呢？快一点睡觉。”然后我还是去睡觉了。
　　第二天我们上完英语课妈妈说我们现在就去拔，我开始特高兴，后来又想要是我去拔会非常疼，要是我不去拔牙就一点儿都不疼了！所以我为什么要去受苦哪？所以我就不想去了！我说到不去了。可妈妈就强逼我去，但是医院关门了所以没去成。
　　第三天我们去成了，我拔了牙，但我觉的拨牙一点也不疼。",《拔牙的经历》
150506,4.0,4.0,4.0,5.0,4.0,5.0,4.0,2.0,4.0,4.0,3.0,2.0,4.0,4.0,3.0,3.0,2.0,2.0,2.0,4.0,4.0,3.0,4.0,3.0,4.0,4.0,2.0,4.0,4.0,4.0,4.0,4.0,4.0,2.0,4.0,4.0,3.0,4.0,4.0,4.0,4.0,4.0,4.0,3.0,4.0,4.0,4.0,4.0,4.0,4.0,4.0,3.0,3.0,4.0,4.0,3.0,4.0,5.0,2.0,2.0,4.0,4.0,4.0,5.0,4.0,5.0,5.0,5.0,4.0,4.0,"神秘的新老师
　　同学们紧张地期待着新老师，只见老师神秘的从后门进来。她拥有一头乌黑油亮的秀发，十分优雅地飘浮在后背上，犹如一丝丝刚刚被风吹完，缓慢落下来的柳条。她的脸上一副厚厚的眼镜，有可能是常年教书造成的吧？眼镜框不粗，也不细，框架分明，让人忍不住再多看一眼，眼镜片两边厚，中间薄。精制的眼镜后面则是她那小巧玲拢的三角眼，水汪汪的，仿佛一颗璀璨的宝珠，在漆黑的夜里闪着令人惊讶的“金光”。但最突出的还是她独特的笑颜：嘴呈出月牙形，露出两排洁白无暇的牙齿，两腮也显出酒窝。短袖，长裤以及长筒袜，如今她左手里正托着两本教科书，右手塞了一大堆笔，她异常小心的抱住，生怕自己把它们掉到地上。",《神秘的新老师》
160540,4.0,4.0,4.0,4.0,3.0,3.0,4.0,4.0,4.0,3.0,3.0,2.0,3.0,3.0,3.0,4.0,4.0,3.0,4.0,3.0,4.0,3.0,4.0,3.0,3.0,3.0,3.0,3.0,3.0,4.0,3.0,3.0,3.0,3.0,4.0,3.0,4.0,3.0,4.0,3.0,3.0,3.0,4.0,4.0,3.0,3.0,3.0,3.0,3.0,3.0,3.0,2.0,2.0,2.0,2.0,3.0,3.0,3.0,3.0,2.0,3.0,3.0,4.0,4.0,4.0,4.0,3.0,4.0,4.0,4.0,"放风筝
　　“放风筝”是一种地方民俗，早有“忙趁东风放纸鸢”的旧俗，不仅如此，有些人说：放风筝后，你的愿望就可以实现，我就试着放了。
　　我们放风筝，是一年一次，但是第一次我放风筝时，让我难以忘记。那一年，是我第一次放风筝，我开心的不得了，但我爸妈说让我自己制作，我有一些紧张。到了制作的地方，老师给了我们一些小木棒，和一张风等纸，老师教了我们后，我就做了起来，当我做到一半时，我觉得我和别人做的有了一些不一样，我心想：可能因为做的时候有一些问题，老师帮我调整了一下，好了一些，后来，我做完了，虽有一些怪，但我用了2个小时，很不错了，妈妈和爸爸说第一次做风筝，很棒了，我心里有了一些安慰。
　　我和爸爸妈妈一起把我们的愿望写了上去，我们饱含着期望，一起走到开放草坪上，我们要放飞那只可爱的带着我们全家愿望的风筝，心里有种说不清楚的感觉，我把线放开，当我把线放开风筝飞出去时，我看风筝就像是一个活蹦乱跳的小仙女，它好像是抱着我们的愿望，一点一点帮我们实现，爸爸希望多有一些时间带我们全家出去玩，妈妈希望我弟弟快快长大，而我希望能把我的旧东西换成新的，还希望家里不会有人再打我说我了，也就是家里要有新一面。虽然我的风筝可能有些不好看，但它和“孔明灯”一样，寄托着全家的期望，依然在风中翩翩起舞，我已经心快要跳出来了，我们家所有人双手合十的许愿，我有一种想法，小精灵只是把愿望带走了，但不能实现，就只能看我们自己了。
　　每一个人心中有一个小精灵，那只精灵让我们实现愿望，风筝它把愿望带去，把实现的方法给了我，我要向着它走，放飞梦想的是我的心，我想，我们的文化也是一个小小的精灵，它保护着祖国的民俗，也带着我们的梦想，告诉我们愿望总会实现的！",《放风筝》
141240,2.0,3.0,4.0,4.0,3.0,3.0,3.0,2.0,3.0,2.0,2.0,3.0,3.0,3.0,1.0,3.0,2.0,2.0,3.0,3.0,2.0,3.0,2.0,2.0,2.0,3.0,2.0,3.0,2.0,3.0,2.0,2.0,2.0,3.0,2.0,2.0,2.0,4.0,2.0,3.0,2.0,3.0,2.0,4.0,1.0,3.0,3.0,3.0,2.0,3.0,2.0,3.0,2.0,3.0,2.0,3.0,2.0,4.0,2.0,2.0,3.0,3.0,2.0,3.0,2.0,3.0,3.0,4.0,3.0,4.0,"乡村生活
　　我在山上闻到了香味那是什么发出的味道呀？原来那些瓜和花的香味呀！我发现乡村人家可能会在门前种几棵香椿树呢！
　　5月1日.我去山上看姥爷，我和十几位家人一起去的！
　　在姥爷家门前有几个勾东西的工具。
　　在姥爷家里大家都有事干的，我的两个爹爹在准备烤串呢，我的姑姑和妈妈还有大妈去抬桌子我和姐姐在串串儿，大爷，二舅爷，三舅爷正在拿水洗手呢！
　　大家在姥爷家的院子里转来转去的，这一点让我知道了乡村人们有辛苦。
　　我们的串儿串好了，给了爹爹，大家也有的开始喝酒吃饭和小吃了，我给大家做了我的秘制汽水，大家赞不绝口呢！大家吃完了饭就开始收拾东西了，我和妈妈给大家照了一张全家照，然后把爸爸拿来的咖啡给大家喝！
　　我知道了乡村人家有多么的辛苦和勤劳呀！",《乡村生活》
140239,3.0,3.0,4.0,4.0,4.0,5.0,3.0,4.0,3.0,4.0,3.0,3.0,2.0,3.0,3.0,4.0,3.0,3.0,3.0,2.0,3.0,3.0,3.0,3.0,3.0,2.0,3.0,3.0,3.0,3.0,3.0,4.0,3.0,3.0,4.0,4.0,4.0,4.0,3.0,4.0,3.0,4.0,3.0,3.0,2.0,3.0,3.0,3.0,3.0,2.0,3.0,3.0,3.0,3.0,2.0,2.0,3.0,3.0,3.0,2.0,3.0,4.0,4.0,5.0,4.0,4.0,4.0,5.0,3.0,3.0,"学游泳
　　今年暑假的时候，天气特别热，太阳火辣辣地烤着大地，如果我能像鱼儿一样在水里游泳该多好啊！
　　我缠着爸爸让我去学游泳，于是爸爸在C大学给我报了游泳班。第一节课开始了，我们的老师姓张，张老师看起来非常严肃，我还真有点害怕呢。
　　第一节课老师让我们练习蛙泳的蹬腿，我刚下水就“啊”的喊了一声，随后又在嘴里不停的喊着“好冷啊，好冷啊”！张老师说“你带着‘漂儿’游一圈就不冷了”，我带着‘漂儿’游了一圈便真的不感到冷了，很快第一节课就过去了，这时我心里想，我一定要在六节课内把蛙泳学会！很快我便上到了第五节课，老师说：“这节课你要升级。”我明白了张老师的意思张老师是说这节课我就能把蛙泳学会了。首先，张老师让我把手上的“漂儿”摘掉，刚游了一圈，张老师让我把背“漂儿”也摘掉。我以为我会沉下去，结果却恰恰相反，“咦”我却浮了起来，张老师把我叫到岸上去说“你升级了”。我耶了一声，没想到我这么快就学会了蛙泳。我还去中关村泳池游了一下午呢！那的工作人员都夸我动作标准，姿式好看呢！
　　学游泳是一件多么快乐的事，这个暑假我学会了蛙泳，于是我真的像一条快乐的小鱼在游泳池里游来游去。",《学游泳》
130220,4.0,4.0,5.0,4.0,5.0,3.0,5.0,4.0,4.0,4.0,4.0,4.0,5.0,3.0,4.0,4.0,5.0,4.0,4.0,3.0,4.0,3.0,4.0,3.0,5.0,4.0,4.0,4.0,4.0,3.0,4.0,3.0,3.0,3.0,4.0,3.0,4.0,3.0,5.0,3.0,5.0,3.0,4.0,4.0,4.0,3.0,3.0,3.0,4.0,3.0,3.0,3.0,3.0,3.0,4.0,3.0,4.0,3.0,3.0,4.0,4.0,3.0,5.0,4.0,5.0,4.0,4.0,4.0,5.0,3.0,"小提琴，我的最爱
　　小提琴是我的最爱，在上幼儿园的时候，有一次，老师带着我们观看大哥哥和大姐姐帅气地站在舞台上拉琴，心里很羡慕，也想向他们一样，站在舞台上拉琴，于是我下定决心，要向他们学习拉琴。从此，我开启了学琴之路。
　　因为从小学习拉琴，所以我来到了A小学，我实现了第一个梦想，这里的金帆交响乐团吸引了我。正当我心满意足的时候，有一天我发现自己拉考级曲子的时候很不耐烦，特别想玩，根本就开始糊弄的拉琴了，每次到老师家上课的时候总是被老师批评，这种被老师批评的滋味特别不好。所以心里就不想拉琴了。
　　就在这个暑假妈妈带我去了奥地利，我发现活在那里的人们个个都喜爱音乐，就像勃拉姆斯说的那样：“走在维也纳的路上，小心别踩到地上的音符。”在金色大厅我们观看了“魔笛”的表演，喔喔给我买了两张正对着一提的坐位，我发现乐手们在拉琴的时候都沉浸在那悠扬的乐曲中，是那么的专注那么的美妙。看完演出后，我又重拾了自信，回到家，开始自己分析拉琴的错误原因，原来是因为拉的太熟练，每天重复错音，而又不找原因改正。
　　从此我自己开始变主动了，开始自己想拉琴，我也会去体会音乐的魅力。我发现拉小提琴不再是负担，反而带来了更多的快乐，拉小提琴变成了我生活中的一部分。",《小提琴，我的最爱》
150439,4.0,4.0,4.0,5.0,3.0,3.0,3.0,3.0,4.0,3.0,3.0,4.0,4.0,4.0,3.0,3.0,3.0,4.0,4.0,4.0,4.0,3.0,4.0,3.0,4.0,4.0,4.0,3.0,4.0,4.0,4.0,4.0,4.0,3.0,3.0,3.0,3.0,4.0,4.0,5.0,4.0,5.0,4.0,4.0,3.0,3.0,4.0,3.0,4.0,4.0,4.0,3.0,3.0,3.0,3.0,4.0,4.0,4.0,4.0,3.0,4.0,4.0,5.0,4.0,5.0,4.0,5.0,5.0,4.0,4.0,"？
　　四月二十八日，本周六，我们学校一年一度的运动会开始了，一大早，同学们穿着班服，气宇轩昂，朝气蓬勃、精神抖擞，个个生龙活虎，磨拳擦掌，准备参加比赛。
　　今天的第一个项目是“双人软排接力”我们五年级五个班的参赛同学在赛场上一字排开。“嘟”裁判哨声一响，同学们就好似离弦之箭一般冲了出去。第一组同学给我们班开了个好头，遥遥领先了其它四个班。比赛越来越激烈，各班同学都不甘落后，奋勇向前。别的班的同学有的摔倒在地上，也有的跑着跑着球掉在了半路上，唯独我们班，一次失误也没有。真是飞机上挂暖壶——高水瓶（平）啊！终于要轮到我们这组上场了，我心里“砰砰”直跳，不禁有些紧张，心想：一定不能在我们这组失误，我一定要为班级荣誉拼搏到底！我对我的组员严静说：“咱们一定要互相配合，千万不能摔倒！”
　　我俩一接到球就向前冲去，一开始，我们还有点步调不一致，我急忙对严静说：“咱俩一起喊口号。”一二，一二，一二。”我俩喊着口号，使两个人的步调一致，速度飞快。该接力了，我俩把球飞快地递到下一组手中，我们是倒数第二组，马上最后一组就要冲刺了。我们班的同学纷纷在一旁加油助威，气势冲天。在一片“加油”声中，对面传来了，“耶”我们赢啦！”的欢呼声，我往远处一看，我们班的同学已经到达了终点。操场上沸腾起来，欢呼声，击掌声，欢笑声，响成一片。经过我们班十四组同学的共同拼搏努力后，赢得了年级第一。
　　这次体育节不仅是锻炼我们的身体，更是磨练我们的意志品质。我爱体育节，也永远不那些感人而又难忘的瞬间。",《》（缺题)
130219,3.0,3.0,3.0,4.0,4.0,3.0,4.0,4.0,5.0,3.0,4.0,3.0,3.0,3.0,3.0,3.0,2.0,3.0,4.0,3.0,4.0,3.0,3.0,3.0,3.0,3.0,3.0,3.0,4.0,4.0,3.0,3.0,2.0,3.0,2.0,3.0,2.0,3.0,3.0,3.0,4.0,2.0,2.0,3.0,3.0,3.0,4.0,2.0,2.0,3.0,3.0,2.0,2.0,2.0,3.0,2.0,2.0,3.0,2.0,3.0,3.0,2.0,3.0,3.0,4.0,3.0,3.0,3.0,4.0,2.0,"我熟悉的地方
　　我最熟悉的地方就是新疆啦！
　　新疆那里有很多的美食，比如我最爱吃的“大盘鸡！”我们经常去吃的那家大盘鸡叫“四宫大盘鸡”，旁边还有个孙悟空大盘鸡，我也去吃过那个孙悟空大盘鸡。不过我觉得没有四宫大盘鸡好吃。
　　我姑姑、姑父都是医生。周末时，我都会去他们家住。我最喜欢去他们家住了，去姑姑、姑父家可以玩电脑。
　　有一次在我暑假的时候，我跟爸爸，妈妈一起去新疆，我们借了姑姑的车去新疆的“那拉提”。一路上风景优美，景色诱人，时不时还能看见牛和羊在山上吃草。去的路上我们还看见右手边有一些雪，很多人都停下车来玩雪，一出车门我就有一点晕，爸爸告诉我这是高原反应。
　　回家的时候，我们依依不舍的向奶奶他们告别。我不禁感慨到新疆真是个好地方！",《我熟悉的地方》
140317,3.0,3.0,4.0,2.0,4.0,3.0,3.0,3.0,4.0,3.0,3.0,3.0,4.0,3.0,4.0,3.0,3.0,3.0,4.0,3.0,4.0,3.0,4.0,3.0,4.0,2.0,5.0,2.0,4.0,3.0,4.0,3.0,3.0,3.0,4.0,3.0,4.0,3.0,3.0,3.0,3.0,3.0,4.0,3.0,4.0,2.0,3.0,3.0,4.0,3.0,4.0,2.0,3.0,2.0,3.0,2.0,4.0,3.0,2.0,3.0,4.0,2.0,4.0,4.0,3.0,4.0,4.0,4.0,4.0,3.0,"森林里的大树
　　有一片森林有一颗大树，它活了很多年。大家都喜欢到那里玩。一天晚上，有一个伐木工人把大树伐掉了。
　　第二天，小动物看到大树不见了，只剩树根的时候他们非常伤心，这时小鸡打破了这伤心的气氛说：“咱们一起栽树吧？”大家都很赞同小鸡的意见。
　　第三天，大家都把家里栽树的工具全拿出来了。大家开始了栽树了首先浇水、施肥，小鸟说：“就等大树长出来了。”突然来了一个栽树团队，他们抱着一个木头，看起来像是以前的大树，栽树团队又把木头栽进土里，大家又一看,真的是以前的大树。
　　大家都非常高兴地回家去。从此又可以在大树上玩耍。",《森林里的大树》
140424,4.0,3.0,5.0,3.0,5.0,3.0,4.0,4.0,5.0,3.0,3.0,3.0,4.0,3.0,3.0,3.0,4.0,3.0,4.0,3.0,3.0,3.0,3.0,3.0,4.0,3.0,5.0,3.0,5.0,3.0,3.0,2.0,3.0,3.0,5.0,3.0,4.0,3.0,4.0,3.0,4.0,3.0,5.0,4.0,3.0,3.0,5.0,3.0,4.0,4.0,5.0,2.0,4.0,2.0,4.0,3.0,5.0,3.0,2.0,2.0,3.0,3.0,3.0,4.0,3.0,4.0,3.0,4.0,3.0,3.0,"观察日记之蘑菇
　　以前，我认为蘑菇只能在木头上长，没想到还可以在菌棒上长。让我们看看它是什么样子？
　　一开始，蘑菇才出一点儿，小蘑菇白白的非常可爱，后来就开始大小不一了，最大的每天两厘米，最小才8毫米。然后就休息长个了，2天后给他们加水就又开始长了，先出的长的很大，但最让我着急的是最小的，我叫他小小，小小太不容易长大了，每隔三天才长1厘米，我很着急，我在想什么办呢？我先用袋子看看吧！第一次，不太管用，第二次就长了一点，怎么能不打药就长好呢？我发现只要加水就行。多大才拔呢？这个谜一直在我心中呀！
　　大自然真美呀!有很多未知在等着我们呢！大自然有可爱的小蘑菇，美丽的蝴蝶和可爱的小鱼，你只要发现他们的美！希望大家也能找到他的美丽！",《观察日记之蘑菇》
160711,2.0,2.0,3.0,4.0,3.0,4.0,2.0,3.0,3.0,3.0,2.0,3.0,2.0,3.0,3.0,2.0,2.0,3.0,2.0,4.0,2.0,3.0,2.0,4.0,3.0,3.0,2.0,4.0,2.0,4.0,3.0,3.0,3.0,4.0,2.0,2.0,2.0,2.0,3.0,3.0,2.0,3.0,3.0,3.0,2.0,3.0,2.0,3.0,3.0,4.0,2.0,3.0,2.0,3.0,2.0,3.0,3.0,4.0,2.0,2.0,2.0,3.0,2.0,5.0,3.0,5.0,2.0,5.0,2.0,3.0,"读《纳尼亚传奇》有感
梗概
　　从前有四个孩子，名子叫彼得，苏珊，爱德蒙，露茜。因为正在“二战”期间，英国伦敦饱受空袭威胁，所以四个孩子被安排到一位老教授狄哥里寂克的乡间大奇特的魔柜，从那里可以通往奇幻国度——纳尼亚。那里流传着一个预言：两个亚当的儿子和两个夏娃的女儿将会现身，击败邪恶的白女巫，结束永恒的寒冬。当时，千年不死的白女巫要迪丝把纳尼亚变成一片常年寒冷的冰天雪地，女巫想把四个孩子都杀了。可在狮子亚斯蓝的率领下，唤醒了洪荒时期的古老魔法，彻底击溃了白女巫使纳尼亚大地冰雪消融，恢复了往日的美丽和生机，那里的人民过上了幸福的生活。
精彩片段
　　这人只比露茜高一点儿，撑着一把伞，伞上全是雪。他上半身样子像个男人，但他的腿却像山羊腿（腿上还有油光光的黑毛）脚上竟是山羊蹄子。他也有条尾巴，不过露茜开头倒没注意，因为尾巴整整齐齐提起来搭在撑伞的那条胳膊上，免得拖在雪地里。他脖子上围了一条红围巾，皮肤也红通通的，他那张小脸长得怪怪的，但很愉快，留着一部又短又尖的胡子，鬓发里露出两只角，长在前额上，一边一只。我刚才说过，他一只手打着伞，另一条胳膊下夹着几个棕色纸包。从纸包和雪看来，仿佛他刚刚是在为圣诞节采购东西。他是只羊怪。当他看只露茜时，他奇怪得不得了。连手里的纸包都掉地上了。“我的天哪”羊怪叫道。
　　上面是本书中露茜初探魔衣柜中的文章，《纳尼亚传奇》融神话，童话和传奇为一体它的故事以正义与邪恶的斗争为线索展开，寓意深刻，并富于戏剧性，情节紧张，曲折动人，想象奇特，引人入胜。让我知道要相信自己，也相信别人重视信任。",读《纳尼亚传奇》有感
160226,4.0,4.0,5.0,5.0,5.0,5.0,3.0,3.0,5.0,5.0,3.0,3.0,5.0,5.0,3.0,3.0,3.0,3.0,5.0,5.0,4.0,4.0,4.0,4.0,5.0,5.0,5.0,5.0,5.0,5.0,3.0,3.0,4.0,4.0,5.0,5.0,5.0,5.0,5.0,5.0,5.0,5.0,3.0,3.0,3.0,3.0,4.0,4.0,5.0,5.0,3.0,3.0,3.0,3.0,3.0,3.0,5.0,5.0,2.0,2.0,4.0,4.0,5.0,5.0,5.0,5.0,5.0,5.0,4.0,4.0,"爱在身边
　　如果世界是一间小屋，关爱就是小屋中的一扇窗。享受关爱是一种心灵的愉悦，关心他人是一种高尚的品德。因为有了关爱世界才会美。我们要尽自己最大的可能去帮助别人哪怕只是一点点。
　　有一天放学，我去妈妈单位找她一起回家，在过街天桥上看见一位乞丐，他年事已高，衣衫褴褛，面容憔悴，一副饱经风霜的样子。只见一位女士大方地拿出10元钱递给老人，立马转身就走，老人不停地在说谢谢。当我看到这幅场景时，也想给一点钱。我拿出我仅有的二十元钱刚想递给老人，可一想，这是我买零食的钱啊！我攒了几个月的零花钱！一边是好吃的零食在向我招手，一边是寒风中可怜的乞丐，我很难做出决定，怎么办呢？好吃的还能再买，可寒风中颤抖的老人可能几天没吃东西了，想到这，我还是把钱递到了老人手里。他接过钱，眯成缝的眼睛里露出既惊喜又感激的泪水，突然把头向地面磕去，嘴里不停地在说谢谢，我调头就跑。虽然我已经跑下天桥，但我的心依然能听到老人的谢谢，心中有点小骄傲，也有点伤心，希望我的二十元钱能带给老人帮助，这比我买一堆零食强多了！
　　时不时，我还会想起那天放学，老人用万分感激的眼神望着我。我们都渴望幸福和关爱我们也应该学会关爱他人，用善良去关爱身边的每一个人，就可以收获幸福和快乐！
　　让爱在身边，让爱使我们的家园变的更加温馨美好！正如歌中所唱“只要人人都献出一点爱，世界变成美好的人间！”让我们一起行动起来吧！",《爱在身边》
150510,4.0,4.0,4.0,4.0,5.0,5.0,5.0,2.0,4.0,4.0,3.0,2.0,4.0,4.0,3.0,3.0,3.0,3.0,4.0,2.0,4.0,4.0,4.0,4.0,4.0,4.0,4.0,4.0,3.0,3.0,2.0,4.0,3.0,2.0,3.0,3.0,2.0,2.0,4.0,5.0,4.0,4.0,4.0,4.0,4.0,5.0,4.0,4.0,4.0,4.0,4.0,4.0,4.0,4.0,3.0,3.0,4.0,4.0,2.0,2.0,4.0,4.0,3.0,5.0,4.0,5.0,4.0,5.0,5.0,3.0,"我的表妹
　　她有一双水灵灵的大眼睛，一闪一闪的，很明亮，活像一只小猫咪。她经常编着长长的马尾辫。她一跑，长长的马尾就一上一下的摇她有一张樱桃小嘴，说起话来语速极快，像连珠炮似的。她表情多变，一不小心得罪了她一下，她就哇哇大哭，真是“黑云压顶未遮山，白雨跳珠乱入船，。”啊但是只要一逗她，她马上就破涕为笑，真是“卷地风来忽吹散，望湖楼下水如天。”她不像别的女生一样爱穿裙子，她很爱穿Ｔ恤，而且裤子也穿短的。她喜欢粉色所以穿的衣服，裤子也都经常全是粉的。她很爱跑，也很爱跳，但是她最爱玩抓人，每次，她都跑地像一只小猎豹一样快。她的动作很多样，时不时就在我前面卖萌，脸鼓起来，就像一个“河豚”。这就是我的妹妹，我可爱，神气的妹妹。",《我的表妹》
160437,3.0,3.0,3.0,4.0,3.0,3.0,3.0,3.0,3.0,4.0,3.0,3.0,3.0,4.0,2.0,3.0,2.0,3.0,3.0,4.0,3.0,4.0,3.0,4.0,3.0,3.0,3.0,2.0,3.0,2.0,2.0,2.0,3.0,2.0,2.0,2.0,2.0,3.0,2.0,3.0,3.0,4.0,3.0,3.0,2.0,2.0,2.0,2.0,3.0,3.0,2.0,3.0,2.0,2.0,2.0,3.0,3.0,2.0,2.0,2.0,3.0,2.0,3.0,4.0,3.0,4.0,2.0,3.0,1.0,4.0,"我与古筝
　　我很喜欢弹古筝，不管它难不难，因为它的声音是那么的美妙，时而优美，时而宏伟。它在我心中的地位高之又高，我与古筝已经结下不解之缘。
　　说到我是如何学上古筝的，就是一场误会。我是在幼儿园时学上的，一开始，我想学钢琴的，可是不知为何我妈妈就给我报了古筝，我非常生气，因为我根本不想学这个“奇怪”的东西，我一上课就东躲西藏，让老师找不着我，也会找个借口拖延时间，总之就是不想上这个古筝！
　　又过了一段时间，我也有一些适应了这个乐器，我们是一周教一次课，其它的课练习教的东西。我又逐渐长大，上完了幼儿园，我们又在外面上课，但一周只能上一次课了。是一个小时教，一个小时练习。但是在教的时候，老师会教一些课外的内容，比如，人体、内气，养生，和故事。时间一天一天的过去，我也渐渐迷上了古筝。我的技术也渐渐提高。老师有时候还会让我表演，这时我就会十分的紧张，需要天天练习，而在大舞台上，我就会拼尽全力，给观众带来美妙的乐曲。而我同样紧张的就是考级了，这时千万不要出任何的差错，不然就会失败。我在这些紧张中，也痴迷上了它，这个有魔力的乐器。
　　我非常爱这个乐器，我也在不断的提高自己的水平。我对它的追求永不停歇。我也在想我的水平到底什么时候才能追上伯牙这位大音乐家。但是他已经成为了我灵魂的一部分，它已经深深的落印在我的心里，永远都不会被任何事情和任何的东西所磨灭。",《我与古筝》
150244,4.0,5.0,4.0,4.0,4.0,5.0,5.0,5.0,5.0,5.0,5.0,5.0,4.0,3.0,5.0,5.0,5.0,4.0,4.0,5.0,4.0,5.0,4.0,4.0,4.0,3.0,4.0,5.0,4.0,5.0,3.0,4.0,4.0,4.0,4.0,4.0,4.0,5.0,4.0,4.0,4.0,5.0,5.0,5.0,4.0,5.0,4.0,4.0,4.0,5.0,3.0,3.0,3.0,4.0,3.0,3.0,4.0,5.0,3.0,3.0,4.0,4.0,5.0,5.0,5.0,5.0,5.0,5.0,4.0,4.0,"致董事长的一封信
尊敬的雅戈尔公司董事长：
　　您好！
　　我是A小学五年级的学生，我想对您的公司提一个小小的建议。
　　这还要从我的一个亲身经历说起，有一次妈妈提着一个大大的纸袋回家了，我急忙接过来，提到屋里，没想到，这么大的袋子竟然这么轻。我好奇的问“这是什么呀？”“爸爸的衬衫。”“可以打开吗？”“当然啦！太感谢你了，你可帮我大忙了。”说着，她还给了我一个大大的拥抱，我心想：不就是拿个衣服嘛，那有那么夸张呀！
　　袋子里面有两个纸盒子,我漫不经心地把盒盖打开，有一件放的整整齐齐的衬衫被丝带装饰着，包在塑料袋里。我把衬衫拿出来抖了抖，却抖不开，仔细一看，原来有个大头针别在袖子上面。把大头针拔下来，但是还没有抖开，于是，我把衬衫翻了个面，原来衬衫的下摆窝在纸板里。我先把大头针摘下，再把纸板抽出来，衬衫立刻软了下来。只剩下领子还是硬硬的，原来领子里面有个塑料圈，我用手指轻轻一划，它就出来了，就剩下领子下有个硬纸圈矗立着，便拔了出来。这时候妈妈过来了说，“领口还有个塑料片。”说着，又拿了下来。我正要给妈妈“验货”，突然被扎了一下，低头一看，原来领头上还有两个大头针……我把第二件衬衫按部就班的也打开了，这回我很幸运的没被扎到。把衣服交给妈妈，低下头一看我被垃圾包围了！有纸板、塑料袋、大头针……又把之前的袋子装满了，不过这回全是废品，不是衬衫了。
　　说到这儿，我估计您已经知道我要说什么了吧！造纸要砍多少棵树呀！塑料要埋在地里多少年才可以降解啊！区区两件都需那么多，况且您的公司每年也要生产成千上万件，而且这些东西只有一个作用，就是买的时候让它很好看，不如把花这些东西的钱花在衬衫上，做的更好些，毕竟顾客买的是衬衫，不是包装。
　　希望您给予重视。
　　此致
敬礼！
钱斌
2018.3.24",《致董事长的一封信》
150310,4.0,4.0,4.0,4.0,4.0,4.0,4.0,4.0,4.0,3.0,4.0,4.0,4.0,4.0,4.0,4.0,5.0,5.0,4.0,4.0,5.0,5.0,4.0,4.0,4.0,4.0,4.0,4.0,4.0,4.0,4.0,3.0,4.0,4.0,4.0,4.0,5.0,5.0,4.0,4.0,4.0,4.0,5.0,5.0,5.0,5.0,5.0,3.0,4.0,4.0,4.0,3.0,3.0,3.0,3.0,3.0,4.0,4.0,2.0,2.0,4.0,4.0,5.0,5.0,5.0,5.0,5.0,5.0,4.0,3.0,"初见班老师
　　在我刚刚入学时，第一眼看到的是我们的学校，我们的班级，和我们的老师——班老师。如今，我已经认识班老师五年了，班老师也给我留下了深刻的印象。
　　班老师很美丽，她总是编着长长的辫子，有一双水灵灵的大眼睛，面如桃花，她身材苗条，体格匀称，经常穿一件绿色上面有方格图案的裙子，有时也会穿一件紫色的裙子，远远看去像一株美丽的紫罗兰。她谈吐风趣，同时又不失文雅，用幽默的语言让我喜欢上了语文，她声音很美，虽然有时也会有几分严厉。在我们心中，她既是我们的老师，也是我们的好朋友。
　　不仅如此，她还有许多爱好呢！
　　班老师爱画画，唱歌，跑步，说真的，她不仅是语文老师，也是个“美术老师”。记得有一次，美术老师没来，我想：“唉，又上不成美术了……”此时此刻，班老师来了，我又想：“oh my god!美术变语文了！!”可班老师说：“今天我们一起画螃蟹”“噢——耶！同学们情不自禁地发出一阵阵欢呼，纷纷拿起了笔……
　　班老师不仅在教学方面严谨认真，对家长们的问题也一丝不苟，她为了家长们的问题，及时回答有时在深夜也在自己建的微信群里一条一条的回复。
　　这就是我们可亲的班老师，一个美丽，爱好很多，教学严谨，认真负责的“朋友”。",《初见班老师》
150413,5.0,4.0,5.0,4.0,5.0,4.0,5.0,3.0,5.0,4.0,3.0,4.0,3.0,4.0,4.0,4.0,5.0,5.0,4.0,4.0,3.0,4.0,3.0,4.0,3.0,4.0,4.0,4.0,4.0,5.0,4.0,4.0,3.0,4.0,4.0,3.0,4.0,3.0,5.0,4.0,5.0,4.0,4.0,5.0,4.0,4.0,4.0,4.0,5.0,4.0,3.0,3.0,4.0,3.0,4.0,3.0,4.0,4.0,3.0,4.0,5.0,3.0,5.0,4.0,5.0,4.0,4.0,4.0,4.0,3.0,"那个坚持的身影
　　“下面向我们走来的，是轻“舞”飞扬的五年级，他们……”伴随着主持人的声音，我们进入了激烈的体育节比赛中，进入了一个免或双倍作业的较量中。
　　当时各个年级、班级都在奋力向前冲，橡胶操场也挥洒着汗水。我们班也没有落后，只是第一场比赛宣布第一名，紧接着迎来了第二场的第三！我的心顿时像被浇了一盆凉水，充满希望的阳光变成了绝望的乌云。
　　“就快到了……”我在手心里捏了一把汗，暗暗发誓这场非赢不可！跟我一组滑板的那位同学脸上洋溢着自信的笑容，却不知心里有多紧张。我眼看着别的班依次超过我们，一个劲儿对她喊加速，但我能感觉到她已经是最快速度了，而她却比我更着急，竟用手撑地来辅助脚。突然我听到了一声不和谐的声音——她的手被轮子压了！我感觉到滑板微微一翘，一下子又比别的班落出好远，我急的像热锅上的蚂蚁，忙想调整，刹那间滑板一下蹬出好远，劲大的害我差点从滑板上摔下来。最终我们赶上了。在老师同学指挥下一组接头时，那个坚持的背影默默走向了医务室……
　　学校开展体育节的初衷就是培养我们的体育精神，那么这位同学不就恰恰是体育精神吗？体育节已经过去，但那个坚持的背影却让我久久不能忘怀。如果当时她不顾一切跑向医务室，那还谈何轻“舞”飞扬的五年级，还谈何独“一”无“二”的五2班呢？",《那个坚持的身影》
130432,3.0,3.0,5.0,4.0,5.0,3.0,4.0,3.0,4.0,3.0,3.0,3.0,4.0,3.0,3.0,3.0,3.0,3.0,4.0,3.0,4.0,2.0,3.0,3.0,5.0,3.0,4.0,3.0,4.0,3.0,3.0,3.0,3.0,3.0,3.0,3.0,3.0,2.0,3.0,3.0,4.0,3.0,4.0,3.0,3.0,3.0,3.0,3.0,4.0,3.0,2.0,3.0,3.0,2.0,2.0,2.0,4.0,3.0,2.0,2.0,5.0,3.0,5.0,4.0,5.0,4.0,3.0,4.0,3.0,3.0,"最难忘的一件事
　　在我们的生活中，有许多大大小小的事，现在我就来讲讲难忘的事。
　　快要到体育节了，我们大家都很期待，而且，听说是去D校区比赛，更兴奋了！
　　来到D校区，就被人山人海、人声鼎沸的场面感染了。我看到一队身穿“奇装异服”的班级，他们以童话王国为主题，这时又走过来了一队“人马”，他们胳膊夹着篮球，又有朝气，又夺眼球，激烈的比赛开始了。前两个活动大家都表现的非常好，可到了车轮滚滚，大家都有些疲倦了，但还精神饱满的投入了比赛。
　　突然，一股钻心的疼痛从脚底传遍全身，我的左脚扭了一下，差点就要叫出声来，几次想举手，但我飞快的想；我是第一个，如果退下，势必会影响班级成绩。这时，同学们的叫喊给了我力量，我们一直冲到了终点。
　　平时，如果受伤，肯定会先放弃再找父母上药，可这次比赛同学们的叫喊给了我勇气，让我克服了伤疼，我想这就是团结的力量吧！",《最难望的一件事》（有错别字）
150227,4.0,4.0,5.0,3.0,5.0,4.0,5.0,4.0,5.0,4.0,3.0,4.0,4.0,4.0,3.0,4.0,3.0,4.0,5.0,3.0,3.0,3.0,3.0,3.0,3.0,4.0,5.0,4.0,5.0,4.0,2.0,4.0,3.0,4.0,4.0,4.0,4.0,4.0,4.0,3.0,4.0,3.0,3.0,3.0,3.0,3.0,4.0,3.0,5.0,3.0,2.0,2.0,3.0,2.0,3.0,2.0,4.0,3.0,2.0,2.0,4.0,3.0,5.0,4.0,5.0,4.0,5.0,4.0,3.0,4.0,"致圣诞老人的一封信
　　亲爱的圣诞老人：
　　您好！
　　我是你的好朋友Annie(田雨)，你还记得我吧？我到现在为止，还是很相信你的！我当然也可以证明你是存在的。
　　前年，我为了证明你存在，我告诉了妈妈一个我想要的礼物，又在梦里告诉您了一个礼物，但跟妈妈要的礼物不同。圣诞夜晚我准备了牛奶，饼干和一封神秘的英文信，因为那封信只有圣诞老人能看。我躺在床上的时候一直都在想着明天会发生什么，很久也没有入睡。第二天早上我睁开眼睛的时候是六点半！我怀着满心的期待跑到客厅，看到一封信，一个大熊，一个玩具兔和一个大袋子！我简直就要叫出声了！妈妈才迷迷糊糊地睁开眼睛瞪着我，我并没有犹豫，立刻冲到那封信旁边，上面用花体字写着“From Santa to Annie,Sorry I give you the gift that wished to your mum,and Happy New Year,Happy Christmas!”我虽然觉得这不是许愿许给您的礼物，但是已经可以证明你是存在的，因为你居然知道我许给妈妈的礼物！我接着把袋子拿过来，看到一个圣诞袜，一些拐棍糖和一件毛衣！
　　当我写到这的时候，我也知道为什么有些小朋友得不到礼物了：那是因为这些小朋友并不相信什么圣诞老人，很多人说12岁以后就得到礼物了，我相信，可是我很想得一封信！Thankyou!
　　此致
敬礼！
your Annie(田雨）
2018.3.24",《致圣诞老人的一封信》
141409,4.0,4.0,4.0,5.0,4.0,5.0,3.0,4.0,4.0,3.0,4.0,4.0,4.0,3.0,4.0,4.0,4.0,5.0,4.0,4.0,4.0,4.0,4.0,3.0,4.0,5.0,5.0,4.0,4.0,3.0,4.0,4.0,4.0,5.0,4.0,4.0,3.0,3.0,3.0,4.0,4.0,4.0,4.0,4.0,3.0,4.0,4.0,3.0,4.0,4.0,3.0,4.0,3.0,3.0,3.0,4.0,3.0,5.0,2.0,2.0,4.0,3.0,4.0,5.0,4.0,4.0,4.0,4.0,4.0,3.0,"我敬佩的人
　　我敬佩的人有不畏寒暑，默默工作的清洁工人；有自强不息的叔叔、阿姨；还有负责的老师，但我最敬佩的人是王芳，她学习优秀，乐于助人，对人宽容大度。
　　我还记得，在以前发生的两件事情。有一次，下课了，我准备找她出去玩，但是，我发现她不在班里，于是只好先去接一杯水，就在这时候，正好王芳接完水，然后！我就跑了过去，不小心把她的水弄洒了，我急忙说：对不起。我本以为她会说我的，没想到她却说：“太有缘了吧？”于是我们高高兴兴地出去玩了。
　　还有一次，我、籍晨、王芳准备在中午休息时间一起出去玩，但是那个时候我要跟张勇说点事情，所以我让她们先下去了，过了一会儿，我说完了事，下去找她们，但是我不知道她们在哪，于是，我就回班里了。过了一会儿，王芳发现过了这么长时间，我还没下来，于是就去北楼找我了。最后，王芳把我一起带下来玩儿了。
　　从这两件事中，我觉得王芳对人宽容，大度，还很聪明，我要向她学习！",《我敬配的人》
141030,4.0,3.0,5.0,3.0,5.0,3.0,3.0,3.0,5.0,3.0,3.0,3.0,3.0,3.0,5.0,3.0,5.0,3.0,4.0,3.0,3.0,3.0,3.0,3.0,3.0,3.0,5.0,3.0,5.0,3.0,3.0,3.0,3.0,3.0,5.0,3.0,5.0,2.0,5.0,3.0,5.0,3.0,5.0,4.0,5.0,3.0,5.0,2.0,5.0,3.0,3.0,2.0,4.0,2.0,3.0,2.0,5.0,3.0,2.0,2.0,4.0,3.0,5.0,3.0,5.0,4.0,4.0,3.0,4.0,3.0,"读生命的故事有感
　　这个单元我读了关于生命的故事，这几节课里讲了很多内容，比如：死后为他人捐献器宫、飞蛾那种求生的欲望等等。让我明白了生命非常短暂，我们要珍惜生命，不要把生命浪费掉。
　　当然，我对生命也是很有感触的。春节前的时候我爸爸和我一人买了一只蝈蝈，买的时候卖东西的人告诉我这个蝈蝈只能活100天，因为它的别名叫百日虫，所以我非常担心它会死。蝈蝈刚来到我家的时候，两只蝈蝈的叫声非富响亮，但是随着后来蝈蝈的叫声渐渐地小了起来，有一天突然发现我的蝈蝈少了只大腿，所以我非常担心它的生命快要静止了，然后我一直观察，直到有一天我的蝈蝈离开了这个世界，它虽然了活过了100天，但是我也非常自责没有让它再活几天。值得庆幸的是现本我爸爸的蝈蝈还活着呢，我希望我爸爸的蝈蝈能活过200天。
　　这让我懂得了在这个世界上不管是动物，植物还是人类它们都是有属于自己的生命周期。有的生命周期很长可以达到上千岁例如：龙血树。还有的生命周期很短只能活几分钟例如：生长在亚马逊河的植物王莲花。所以我们要珍惜生命，受护生命，让个命中的每一天都过的快乐、充实。",《读生命的故事有感》
160230,5.0,4.0,5.0,5.0,5.0,4.0,3.0,5.0,4.0,4.0,3.0,4.0,5.0,4.0,5.0,4.0,3.0,4.0,5.0,4.0,4.0,4.0,4.0,4.0,5.0,4.0,5.0,3.0,5.0,4.0,3.0,4.0,5.0,4.0,5.0,4.0,5.0,3.0,5.0,3.0,4.0,4.0,5.0,5.0,3.0,4.0,3.0,3.0,5.0,4.0,2.0,3.0,3.0,4.0,2.0,2.0,5.0,4.0,2.0,2.0,5.0,4.0,5.0,4.0,5.0,4.0,3.0,4.0,3.0,3.0,"给喵星人一个家
　　莎士比亚曾说过“爱可以创造奇迹”。爱可以给人幸福，爱也可以给人温暖，爱还可以给喵星人一个温暖幸福的家。
　　一个寒冷的冬天，我在上学的路上看见一个走路一瘸一拐的老奶奶，老奶奶衣着破旧，身体瘦的像根木棍，我看着那冻冷的手上拿着一桶满满的猫粮。“她在干嘛？她有猫吗？猫是不是很可怜呀？”这些问题在我大脑里旋转，我疑惑不解的走了过去。第二天是周末，不解的我特意去找到老奶奶，于是我看到老奶奶旁边有两只猫和一座小屋，我问：“这是你家的猫吗？”老奶奶和蔼可亲的回答，当然不是，在几天前我发现这两只流浪猫，我看他们冻得可怜，于是我用家里的旧木头搭了小房子，每天给它们喂猫粮。”说着，我深深的被老奶奶感动了，我的眼睛湿润了，我真的为这两只猫感到幸福，温暖。
　　日复一日，年复一年。这两只猫长得越来越壮，我的心也越来越温暖，直到一个秋天的早晨。
　　那天我依旧从这个路口经过，发现其中一只小猫神情激动，好像不太对劲，于是我赶紧找到老奶奶，老奶奶一看，快速回家拿了一个湿毛巾和一把剪刀，当时我不知道老奶奶在干嘛，于是呆呆的站着，只见老奶奶帮猫妈妈轻托滚圆的肚子，帮她的缓解痛苦，一下两下……后来我看见了一个迷你的小猫从老奶奶手里钻出，然后老奶奶把她的棉衣脱了下来，搁在这一家人身上，风刮得很凶，小猫们很温暖在被窝里待着，而老奶奶冻得瑟瑟发抖，照看了几个小时后，老奶奶才放心回家。
　　从那以后喵星人的小家过得很幸福，老奶奶也很欣慰。她还是每天都来喂猫粮，猫还是每天吃食，我还是每天经过。我希望每个人都能像老奶奶样，关爱动物，关爱植物，关爱公物。而不是破坏，摧毁。同一个星球上的，我们的生命是平等。同一个社会上的人，我们也不分富贵和贫穷。",《给喵星人一个家》
130444,3.0,4.0,4.0,4.0,3.0,5.0,3.0,3.0,3.0,4.0,3.0,4.0,3.0,3.0,2.0,3.0,2.0,3.0,3.0,4.0,2.0,3.0,3.0,3.0,3.0,3.0,3.0,4.0,3.0,4.0,3.0,3.0,3.0,4.0,3.0,3.0,3.0,4.0,2.0,3.0,2.0,3.0,3.0,4.0,2.0,3.0,2.0,2.0,3.0,3.0,2.0,3.0,2.0,3.0,2.0,3.0,3.0,3.0,3.0,3.0,3.0,3.0,3.0,3.0,3.0,4.0,3.0,5.0,3.0,5.0,"比赛
　　这个学期我们学校开了冰球课。我特别喜欢。老师告诉我们3次课就有一次比赛，到了比赛那天我们都很紧张，我和杜明、张敏、李静、修一组。比赛开始了，我们一开始就没抢到球，后来我和杜明传球到了敌方的球门我把球推了进去。可当要进去的时候王芳把它用手推了出来，要知道王芳是观众啊！后来又这样了两次。
　　比赛之后我生气的告诉了杜明，她说下次有你好看的！后来第三次比赛我们正好和王芳她们组比赛。我们传球无误很快就进了一个球。我们正开心的时候她们也进了球之后老师就吹哨了。可惜，这次没有报仇成功。
　　我期待着下一次课。",《比赛》
160401,3.0,3.0,4.0,5.0,4.0,4.0,3.0,3.0,3.0,3.0,2.0,3.0,3.0,2.0,2.0,2.0,3.0,3.0,4.0,5.0,3.0,3.0,3.0,4.0,3.0,3.0,3.0,3.0,3.0,4.0,2.0,3.0,3.0,3.0,3.0,4.0,2.0,3.0,3.0,3.0,3.0,3.0,3.0,4.0,2.0,2.0,3.0,3.0,3.0,3.0,2.0,4.0,3.0,3.0,3.0,3.0,3.0,3.0,2.0,2.0,3.0,3.0,4.0,5.0,3.0,5.0,2.0,3.0,3.0,3.0,"音乐的魅力
　　有一天下午放学，我以比平时更快的速度飞奔回了我妈妈的办公室，我气喘吁吁地说：“我们还能赶上这场歌剧吗？”我妈妈上网找了找让我吓的剑生屏气，妈妈惊喜地说：“肯定能赶的上！”我这才呼了一口长气，和妈妈一起去了C大剧院，在车上我一直想看看这C大剧院里的歌剧会和在电视上的电影有什么特别之处和？欢迎的？度。
　　到了大剧院时才5:30，可是歌剧7:00才开始我们吃了饭就去排队了。队伍像一条长龙一直蜿蜒到了楼梯口，我预计在几十或一二百左右可是队伍已有上千号人了！大家都急不可耐的等着检票，最后我们终于进来了，歌剧也开始了。
　　首先，出来的是一位华贵的寡妇她有了她丈夫的所有财产，于是她准备举办盛大的舞会。邀请了许多和她一样地位的绅士和夫人，他们在舞台上翩翩起舞，不时还唱上曲清脆的女高音和洪亮的男中音交叉，极富有个性，音乐也非常典雅，大多数都是舞曲的节拍，三四拍的节奏，可是不时也会有起起伏伏的片段，比如当夫人奔走时就会用12/8或者4/4。我一直沉浸其中，可最让人感到舒畅的还是最后，大家嘴里都呈现出满意的微笑。我在车上时一直都没回过神来，回家妈妈才把我叫醒。
　　音乐是美好的，音乐可以表达人们的心情，正如马克思说过的“音乐是人类的第二语言。”让我们在音乐的天空中自由翱翔。",《音乐的魅力》
140311,3.0,4.0,2.0,5.0,3.0,5.0,3.0,5.0,3.0,3.0,3.0,4.0,3.0,4.0,3.0,3.0,3.0,3.0,3.0,5.0,3.0,4.0,3.0,4.0,4.0,5.0,4.0,5.0,3.0,3.0,3.0,3.0,3.0,4.0,3.0,5.0,2.0,4.0,3.0,3.0,3.0,3.0,4.0,4.0,3.0,3.0,4.0,3.0,4.0,4.0,2.0,3.0,3.0,3.0,2.0,3.0,4.0,3.0,2.0,2.0,3.0,3.0,4.0,5.0,5.0,5.0,5.0,5.0,3.0,3.0,"蝴蝶效应
　　在星星国的星晨花园有一只漂亮的蝴蝶叫初英。星星国里的小动物要让初英给蜂蜜才跟它做朋友。可是初英认为这不是真正的朋友。初英说：“什么才算真正的朋友呢？”它想出去寻找真正的朋友，于是它收拾好包，出发了。
　　初英穿过草丛，翻过大山，经过小溪，来到了月亮国。飞啊飞，突然，撞到了一只小兔，小白兔的名字叫未来，小白兔说：“对不起，我的眼睛不好，没看见你。”初英说：“没关系，你的眼睛怎么了？”未来说：”我的眼睛天生是红的。我好害怕，我想去葫芦金刚看看我的眼睛。”初英说：“可以dai4我去么？我想去问问什么是真正的朋友。”未来说：“好啊，你能背我去么？”初英说：“我太小了，背不动。”这时未来拿出了一个变大丸，给初英吃。初英说：“这什么东西？”未来说：“这是让身体变大的变大丸。”初英说：“好吧。”初英一口吃下变大丸，果然变大了，初英带着未来飞向了蓝天。
　　飞啊飞，来到太阳国，初英飞累了。发现一只黑白相间的猫在树上睡觉。未来说：“打扰一下请问葫芦城堡在哪?”猫指了指东边说：“你们去那干什么?”初英和未来异口同声地说：“我们去问葫芦金刚一些问题。”猫说：“我叫黑白，我也有问题想问，你们能带我去吗？”未来说：“可以。”黑白说：“我想问为什么我有这么多胡子？”于是他们一起出发了。
　　未来说：“看！我们终于到城堡了！”初英说：“太棒了！”它们走进城堡，看见了葫芦金刚了！葫芦金刚带着白色眼镜，穿着白色的衣服。“我们想问几个问题。”“好的。”初英问：“什么才是真正的朋友？”葫芦金刚说：“真正的朋友是互相信任，互相尊重，无话不说，在关键的时候一无反顾的帮助你的人。”未来问：“为什么我的眼睛是红的？”葫芦金刚说：“白兔眼睛里的血丝反射了外界光线，透明的眼睛就显出了红色。”黑白问：“为什么我的胡子这么长？”葫芦金刚说：“猫的胡子可以判断自己是否刚好能穿过洞口。”
　　它们十分感谢葫芦金刚，满意的回家了。",《蝴蝶效应》
160707,4.0,4.0,4.0,5.0,4.0,4.0,4.0,4.0,4.0,4.0,3.0,3.0,4.0,4.0,3.0,4.0,4.0,4.0,4.0,3.0,4.0,4.0,4.0,4.0,4.0,3.0,4.0,4.0,5.0,5.0,5.0,4.0,5.0,3.0,3.0,3.0,4.0,4.0,3.0,3.0,4.0,4.0,5.0,3.0,4.0,4.0,3.0,3.0,3.0,3.0,3.0,3.0,3.0,3.0,3.0,3.0,4.0,4.0,2.0,2.0,3.0,3.0,4.0,5.0,4.0,3.0,5.0,5.0,4.0,4.0,"读《木屋下的守护者》有感
　　“书籍是人类进步的阶梯”。我因为这句名言而爱上了读书。我最近就读了1本书，是《木屋下的守护者》，它让我明白要尊重他人，因为他们总有自己的理由。
　　《木屋下的守护者》的主要内容大概是：小猫帕克和妈妈花斑猫被猎人“针鱼脸”扔进了河里，花斑猫把帕克顶出河面后自己却溺水而亡了，花班猫让帕克去找自己的姐姐和猎犬爸爸，所以帕克就踏上了寻找姐姐和猎犬的路程。帕克经过千辛万苦终于找到了姐姐和猎犬爸爸，但猎人却要将他们全部扔进河里，帕克，姐姐和猎犬爸爸被逼到一棵大树下，在这紧要关头，大树上出现了一条蛇。她一千年之前因为想要夺回变成人形，组建了家庭的女儿，她不惜毁掉女儿的幸福，她的女儿也为此失去了生命。她受到惩罚，被关在一个坛子里埋在地底度过了一千多年。现在，她终于冲坛而出，正巧看到即将被扔进河里的帕克、姐姐和猎犬爸爸，在这千钧一发之际，她选择将冷酷，无情的猎人扔下河，并放下了仇恨成全了帕克一家。
　　我读这本书的感受很深，因为它对人物和动物的神态描写，外貌描写刻画的很细致。每次读到有关人物、动物的神态和外貌描写，我都感觉它的形象浮现在我脑海里，也能让我觉得故事情节变得更生动、形象、更有意思。
　　我推荐这本书，最重要的原因就是它让我明白了很多东西！我们要尊重他人的做法，为他们不会平白无顾地去做某种事，一定是有理由的，只是我们不知道罢了。如果我们强制某人做某事的话，那结果一定是不好的。我们做任何事都要坚持不懈，不能半途而废。就像帕克一样，它经历千辛万苦才和家人团聚，如果它中途放弃了，就永远和家人团聚不了了。
　　《木屋下的守护者》让我明白了做事不能半途而废，要多多坚持，也让我明白了要尊重他人的选择。这本书让我感悟到了很多东西。",读《木屋下的守护者》有感
160130,5.0,4.0,5.0,5.0,5.0,4.0,5.0,4.0,5.0,4.0,3.0,4.0,5.0,4.0,3.0,4.0,5.0,3.0,5.0,4.0,4.0,3.0,5.0,3.0,4.0,4.0,5.0,4.0,5.0,4.0,5.0,3.0,5.0,3.0,3.0,4.0,2.0,3.0,3.0,3.0,5.0,3.0,5.0,4.0,5.0,3.0,3.0,3.0,5.0,3.0,3.0,2.0,3.0,3.0,3.0,3.0,5.0,3.0,2.0,2.0,5.0,3.0,5.0,4.0,5.0,4.0,5.0,4.0,3.0,3.0,"精彩的音乐之行
　　在2018年的暑假，我校合唱团前往奥地利，开始一段精彩的音乐之行。这次旅行我们做了很多令我难忘的事情，有几件事让我久久不能忘怀，可谓收获颇丰！
　　记得我们走在繁华的维也纳，我们吃着冰棋淋，望着美丽的景色，简直妙不可言。突然老师让我们即兴在街头上唱歌，我们一张嘴就一发不可收拾：我们要么边走边唱；要么伫足演唱。而欣赏音乐的人呢：一会儿给我们拍照；一会儿给我们掌声。我唱着唱着感觉自己就像一只快乐的小鸟，在天上自由地飞呀飞。
　　然而随着几天快乐的游玩，终于我们期盼已久的比赛到来了，也是本次旅行最重要的一部分。我们在学校刻苦的训练，每个人都非常认真，即使一个音我们也会反复练习，努力达到更好。回家后也继续反复练习，就这样我们准备的非常充分，也是因为对手很厉害，有很多外国团队，也有一些中国有名的队伍。在紧张的气氛中，终于迎来了我们，我们穿着洁白的西服踏上舞台，我们演唱的歌曲是《摇篮曲》，《巴朗请你来新疆》还有指定歌曲《DUOSERAPHIN》。我们唱得非常有感情，对于呼吸口，还有音符的强弱，把握的非常好，我们出色的演绎了这三首歌，并且我们信心十足。而等待我们的是几天后在金色大厅进行的闭幕式，演出以及最终的颁奖典礼。
　　在经过演出前几次排练后，这次震撼的演出开始了！我们在这样隆重的音乐殿堂上表演，简直让人永生难忘！我们走上舞台，感觉金色大厅是那么金碧辉煌，金光灿灿。而这场精彩的演出结束，迎来我们的是颁奖典礼，我们都非常紧张，期待能获得金奖，最终主持人宣布二小合唱团得到了最高奖项金奖。我们非常开心并且我们也是所有参赛队伍唱得最好的一个。
　　我们开开心心回家，而这个金奖是每个人的付出，是每个人在比赛场上拼搏才得到的，并且这个奖项也是我们在之前刻苦训练的一种证明，我觉得这次旅行非常有意义，我们不仅见识了大场面，也学习了很多关于音乐的知识。音乐是那么有魅力，希望每个人都对音乐有了解，感受音乐给人带来的快乐与收获。真是一次精彩的音乐之行！",《精彩的音乐之行》
150339,4.0,4.0,4.0,5.0,4.0,4.0,3.0,4.0,4.0,4.0,5.0,5.0,5.0,5.0,4.0,3.0,3.0,3.0,5.0,4.0,4.0,4.0,4.0,5.0,4.0,4.0,4.0,5.0,4.0,4.0,4.0,3.0,4.0,4.0,4.0,3.0,4.0,4.0,5.0,5.0,5.0,4.0,4.0,4.0,4.0,4.0,4.0,5.0,4.0,4.0,4.0,4.0,3.0,5.0,4.0,4.0,4.0,3.0,4.0,4.0,5.0,5.0,5.0,5.0,5.0,4.0,5.0,4.0,5.0,4.0,"这个学霸不太“冷”
　　在大多数人的脑海中，学霸们都很“冷”他们好像总是板着脸，也不愿意与人交往。但我们班这位学霸却是一个“开心果”每当你见到她时，一定会看见她的嘴边挂着一丝微笑。
　　她呀，“卖萌”的时候特别可爱：白晳的脸上镶嵌着两颗黑宝石一般水灵灵的大眼睛，扑闪扑闪的，嘟着一张红润润的小嘴。那表情，萌的可以让你瞬间晕倒。她特别爱笑，一旦她笑起来，看见她那两道弯弯的眉毛，不由得让我想起《声律启蒙》里的那句话“女子眉纤，额下现一弯新月。”这个形容也是最适合她不过了。同时，她的嘴角微微向上扬起，露出一排洁白而又整齐的牙齿。她经常“咯咯”地笑个不停，一下又能把我的心给甜化了。她总是穿着一身休闲装，脑后扎着一束马尾辫，显得可爱而又有活力。
　　有一次我问她：“哎，你知道今天作业吗？”数学：算10道1+1=?语文：学习如何写“—”英语：背26个英文字母。”她回答道。我轻轻地推了她一下笑道：“你肯定瞎说呢！”她清了清嗓子说：“作业乃班级机密，岂能随意向外透露？”我看着她那一本正经的样子，就像宣读圣旨似的，我不由得捧腹大笑起来。她又说：“笑什么有什么可笑的，要严肃。”于是，她便装出一副严肃却又忍俊不禁的模样。这时，我笑的眼睛都眯成一条缝了。于是，她也忍不住哈哈大笑起来。我俩手拉着手，一起笑，一起闹，聊得不亦乐乎。
　　过了一会儿，我又问她：“作业到底是什么呀，你还没告诉我呢！”她冲我摆了个鬼脸说：“记得看微信哦，我给你发图片！”扔下这句话她就跑走了，只留下一串甜甜的笑声和一个俏皮的身影。
　　平时，同学们在学习中遇到难题时，都会找她帮忙解答，她也从不推辞，还会笑呵呵而又耐心的帮助同学们解答，直到你完全听懂为止。
　　这就是我们班的“开心果”学霸。想必你也猜到她是谁了吧。她不仅幽默风趣而且还乐于助人。她还是我的好朋友，我们大家都很喜欢她。
　　她就是我们班的中队长王芳。",《这个学霸不太“冷”》
130501,3.0,3.0,3.0,5.0,4.0,4.0,3.0,4.0,3.0,3.0,2.0,3.0,3.0,3.0,2.0,3.0,3.0,3.0,3.0,2.0,3.0,3.0,3.0,4.0,3.0,3.0,3.0,4.0,3.0,3.0,4.0,4.0,3.0,3.0,2.0,2.0,2.0,3.0,3.0,3.0,3.0,3.0,4.0,4.0,3.0,3.0,3.0,3.0,3.0,3.0,3.0,3.0,2.0,2.0,2.0,2.0,2.0,3.0,2.0,2.0,3.0,4.0,3.0,5.0,4.0,5.0,5.0,5.0,4.0,4.0,"我的朋友球球
　　我和球球是最要好的朋友，我们俩居住在相邻的小区，经常在一起玩。
　　球球的皮肤白白的，春夏秋冬都是一样的，怎么晒都不黑，他的眼睛像紫葡萄一样亮，炯炯有神。
　　球球是个乐于分享的人。一个晴朗的周日，我和球球一起去公园玩，他带了两个吊床，他把一个吊床分享给我，我们把吊床搭起来，然后舒舒服服地在吊床上分享了好多食物，我们分享得非常开心。
　　我喜欢跟球球玩儿，更喜欢他乐于分享的精神。",《我的朋友球球》
150309,3.0,4.0,3.0,5.0,3.0,4.0,3.0,4.0,2.0,3.0,3.0,4.0,2.0,4.0,3.0,3.0,3.0,4.0,3.0,3.0,2.0,4.0,2.0,4.0,3.0,3.0,3.0,3.0,3.0,4.0,3.0,3.0,2.0,3.0,3.0,4.0,2.0,3.0,2.0,3.0,2.0,4.0,4.0,3.0,3.0,3.0,3.0,4.0,4.0,3.0,2.0,4.0,2.0,3.0,2.0,4.0,4.0,4.0,2.0,2.0,3.0,4.0,2.0,5.0,4.0,5.0,4.0,3.0,3.0,3.0,"我敬佩的人
　　我有一位同学，他叫方强，他的皮肤有些黑，脸上的长着一双大大的眼睛，嘴角上总是挂着几丝灿烂的笑容，仿佛每天都无忧无虑，悠闲自得，那些作业以及一些烦人的事，在他眼里就好像是微不足道的小尘土，只需轻轻一扫就没了。而且他的成绩也并不突出。原来。我觉得他没什么了不起的，而且还特别爱，显摆。可是，直到发生了那件事之后，我对他的看法改变了许多，而且通过那件事，他、也让我学会争取和把握机会，我至今还记忆犹新。
　　那是一个微风吹拂的下午，一位老师一本正经的走了进来，问：有人想要报名参加英语广播吗？（那时我和他都举起了手。）那位老师又说，明天中午12:30办公室去找英语老师考核……可是，我中午去办公室时，却发现门是锁着的，心想：唉，真是的，怎么门是锁着的？于是我就放弃了，心想也没什么大不了的。走在回家的路上，觉得自己肯定当不上了，心里不禁有些难过，泪水也不争气的流了下来。那晚我哭了。过了一会儿，情绪稳了下来，心想：这样也好，给自己一个严厉而深刻的教训——要为自己争取机会，更要把握住它。
　　第二天我来上学时，想到昨天中午因为看到门锁着，所以走了，可是听说他也当上了英语广播员，我有些好奇，不知道他是怎么当上的。就去问他。他淡淡的说：“哦，昨天我下午的时候，我问别人她的班级，直接去她们班了。” 虽然不过是几句平淡的话语，但在我心里却很不是滋味，心想：当初我要是像他一样尽心尽力自己争取机会，该有多好啊！可是现在一想觉得与其说这是一件令人伤心、失望的事，不如把这次意外当成一次严厉的教训，随时鞭策着我，以免再一次犯这样的错误。
　　有些人们总说：“世界上的机会真是太少了。”可是我并不赞同，我觉得人生的机会随处可见，就好比每一次课的发言，如果你",《我敬配的人》
150511,3.0,4.0,4.0,5.0,3.0,5.0,4.0,3.0,4.0,4.0,3.0,2.0,3.0,4.0,4.0,3.0,4.0,3.0,2.0,2.0,3.0,2.0,2.0,3.0,3.0,4.0,2.0,4.0,2.0,2.0,3.0,3.0,2.0,2.0,3.0,4.0,3.0,4.0,4.0,2.0,3.0,3.0,3.0,3.0,3.0,4.0,3.0,4.0,3.0,5.0,3.0,5.0,2.0,4.0,3.0,3.0,3.0,4.0,2.0,4.0,3.0,3.0,2.0,5.0,4.0,5.0,4.0,3.0,2.0,2.0,"小“baby”(片段）
　　我有一个小弟弟名叫“胡斌”。是一个27天的小“Baby”，他头围36cm；身高55cm；体重3.65kg。比我手还小的头上，长着两条浅的几乎看不见的眉毛；一双又大又圆的眼睛，总是会一只眼睛睁，一只眼睛闭，仿佛在和我做游戏。我和弟弟有一个妆的一模样的鼻子，都是肉肉的大蒜鼻子，听我爸爸说我们胡家都有大蒜鼻子。我去查了查照片果真是传统，有爷爷；有伯伯和姐姐。我感叹道：“这个基因好强大啊！两片薄嘴唇，富有表情，似乎随时准备张开。可是他只会啊……啊……的叫，他的下巴尖尖的但是有双下巴，他有一个像青蛙一样的肚子。我看见他的胳膊红红的，胖乎乎的，又结实又有力，肥嘟嘟大腿经常瞪来瞪去像在做运动，身上发散着迷人香味。什么香味？一股奶香味。总让我情不自禁的去闻一闻。这是我的弟弟，一个27天的弟弟。",《小“baby”(片段）》
150212,4.0,4.0,5.0,4.0,5.0,4.0,4.0,5.0,4.0,4.0,5.0,4.0,5.0,4.0,5.0,4.0,5.0,5.0,4.0,3.0,4.0,3.0,3.0,3.0,5.0,4.0,4.0,4.0,5.0,4.0,4.0,3.0,4.0,4.0,5.0,3.0,4.0,3.0,5.0,4.0,4.0,5.0,5.0,4.0,4.0,4.0,3.0,4.0,3.0,4.0,3.0,3.0,3.0,3.0,3.0,3.0,4.0,4.0,4.0,4.0,4.0,4.0,4.0,5.0,5.0,4.0,3.0,2.0,4.0,4.0,"致叔叔阿姨们的一封信
保洁叔叔阿姨们：
　　您们好！
　　每天我们都在干干净净的街道上走着，这样的街道也会让我们自觉的把纸扔进垃圾桶。但总是有一些人会把垃圾扔在地上，给您们造成了很多不便。每次看见你们努力劳动的背影，我想对您们说：“谢谢您们”
　　还记得寒假时我和爸爸妈妈出去玩，由于买票的时间订早了，所以我们很早就出发了。在路上我看到了很多正在努力工作的保洁工作人员，他们一个个都累的满头大汗，但道路依然有很多树叶和垃圾。正好我们来早了，我打算看看这是为什么。在那观察了一会后我明白了。除了大树时不时掉下来一些树叶以外还有一些人会故意把垃圾扔在地上。而且风也能会使坏，有时您们刚把垃圾与树叶扫完一阵风吹来把树叶全都吹起来又落下，刚才努力了那么长时间就被一阵小风给抹掉了，但您们一直都在努力。天一点一点的亮起来了。垃圾也一点一点被整理好了，终于在5点左右人们出来了他们又走在了干干净净的街道上。再看看保洁人员早就不见了，您们又去那里了呢？
　　几个早上我都在窗边看见了忙碌的您们。每天您们都遇到同样的事情，但您们从来没有抱怨过。您们留给我们的永远是一个还在劳动的背影。再次感谢您们。
　　此致
敬礼
籍晨
2018.3.25",《致叔叔阿姨们的一封信》
130639,3.0,3.0,5.0,5.0,4.0,4.0,4.0,4.0,3.0,4.0,3.0,3.0,3.0,3.0,2.0,3.0,2.0,2.0,3.0,4.0,3.0,4.0,3.0,3.0,3.0,4.0,3.0,3.0,3.0,3.0,3.0,4.0,3.0,3.0,3.0,4.0,3.0,3.0,3.0,3.0,3.0,4.0,3.0,3.0,2.0,3.0,2.0,3.0,3.0,3.0,2.0,2.0,2.0,3.0,2.0,2.0,3.0,4.0,2.0,2.0,3.0,4.0,3.0,5.0,3.0,4.0,3.0,3.0,3.0,4.0,"可爱的小海豚
　　今天看海豚表演的时候，主持人说：“我们要选三位观众”。我心里暗暗想，如果是我的话那该多好啊！已经选出来了两位观众。主持人说：“看谁最热情就选谁，大屏幕上出现了我们班，我跳的更高了。这时大屏幕上出现了我，突然大屏幕停下了，并且放大了很多倍，我看准了，哦！天那，真的是我，我走到台上去，训练员叫我摸摸它，哇它的身体滑溜溜的凉凉的硬硬的，而且它很乖巧。一双小小的眼睛很明亮显的非常机灵，灰灰的身子游在水里，全身像抹了油一样，油亮油亮的，尾巴灵活的摆动着，非常可爱！训练员给了我一条小鱼，我往水里一扔，它一下子就用它那小巧的嘴巴稳稳的接住了，然后高兴的看着我，美美的吃下去了！小海豚还特别聪明，训练员说的话它都能听得懂，在水面上空吊着一个球，训练员往高处一挥手，小海豚像箭一样冲到空中一下子就顶到了空中的球，它还表演了跳高和别的节目。
　　表演结束了，我还恋恋不舍，我爱这难忘的一天和聪明可爱的小海豚！",《可爱的小海豚》
150113,4.0,4.0,4.0,3.0,4.0,4.0,4.0,3.0,4.0,4.0,5.0,4.0,4.0,5.0,4.0,3.0,5.0,4.0,3.0,4.0,3.0,4.0,3.0,4.0,4.0,4.0,4.0,3.0,4.0,4.0,4.0,4.0,5.0,4.0,3.0,3.0,4.0,3.0,3.0,4.0,5.0,3.0,4.0,3.0,4.0,3.0,3.0,4.0,4.0,3.0,3.0,3.0,3.0,3.0,3.0,3.0,4.0,4.0,3.0,3.0,4.0,4.0,5.0,4.0,4.0,4.0,5.0,4.0,5.0,4.0,"《城南旧事》读后感
　　在这个寒假中，我读了一本林海音写的《城南旧事》。这本书主要讲述了一位小女孩英子的成长故事，令我深受感动。
　　《城南旧事》的笔触优美生动，让我感觉自己就是那个英子，毕业典礼上回忆六年前的童年：惠安馆的“疯子”秀贞，英子帮助她找到自己的女儿，却在当天晚上就坐火车去了很远的地方。看到这儿让我觉得仿佛就只有那么几秒钟她们就消失了，前面那么多页都在讲秀贞的事，为什么几句话就让她们消失了呢？突然我感觉有一股莫名的舍不得涌上我的心头，真想冲过去拉住她们。“我们看海去”，这一章令我尤其感动，“太阳到底是从海上升起呢，还是从蓝天升起？”英子一直在问自己这个问题，却不料交了个“朋友”，那位神秘的“朋友”给了英子一个承诺，说等她毕业了，带她看海去。虽然这个诺言并没有实现，但是却留给我一种奇怪的感觉。感动又特别想哭。
　　看完这本书的那一刻，泪水就像泉涌一样，突然就从我的眼睛里流了出来，止也止不住。那是因为我看到了这本书的最后一句话：“爸爸的花儿落了，我也不再是小孩子。”这句话以前的英子是那么单纯，甚至有些可笑，这句话却突现了她的成熟与倔强。生动的笔触，优美的语言，完美诠释了她愚骏又神圣的童年。",《城南旧事》读后感
140101,4.0,4.0,4.0,5.0,4.0,4.0,4.0,3.0,4.0,4.0,3.0,3.0,4.0,4.0,2.0,3.0,3.0,3.0,4.0,3.0,3.0,3.0,3.0,3.0,4.0,3.0,4.0,4.0,4.0,4.0,4.0,4.0,4.0,4.0,3.0,4.0,2.0,3.0,4.0,4.0,4.0,3.0,4.0,4.0,4.0,3.0,4.0,4.0,4.0,4.0,4.0,4.0,2.0,2.0,3.0,3.0,4.0,4.0,2.0,3.0,4.0,4.0,4.0,5.0,2.0,5.0,4.0,4.0,4.0,4.0,"美丽的卓尔山
　　在一个风和日丽的早上，一大早，我们搭乘大巴车前往卓尔山。在开往卓尔山的路上，我们看到了路边有一群牦牛，听说牦牛全身都是宝，还是高原黑美女呢，大巴向前行进了一小段，看见一片开阔的大草原，草原上有着一群一群羊，有的羊在喝水，有的羊在嬉戏，有的羊在散步，还有的羊在吃草。
　　大巴车继续向前开去，不一会儿就到了卓尔山山脚下。我们买了票进入了景区，乘着景区的大巴车往山上爬去，途中我们看见了一大片一大片的油菜花，就像金色的海滩一样在阳光的照耀下金光闪闪。
　　车子很快就到达山顶，我们陆续下车，游览美景。我先爬上了一座塔，山下的美景尽收眼底，看看这座山，很美，看看那些山也很美，蓝天白云也很美，不时还有小溪在下边流过呢。下了塔，才听说有一个传说，从前牛魔王和猪八戒大战的时候，牛魔王把猪八戒的耳朵割下来扔到一边形成了卓尔山，后来猪八戒火了，把牛魔王的心掏出来也扔到一边，形成了牛心山，卓尔山和牛心山相对而望，形成了祁连山脉。
　　后来沿着山路下了山，今天玩得非常愉快。",《美丽的卓尔山》
150326,4.0,4.0,5.0,5.0,5.0,5.0,3.0,3.0,5.0,5.0,2.0,2.0,4.0,4.0,4.0,4.0,5.0,5.0,5.0,5.0,4.0,4.0,5.0,5.0,5.0,5.0,5.0,5.0,5.0,5.0,4.0,4.0,5.0,5.0,5.0,5.0,3.0,3.0,5.0,5.0,4.0,4.0,4.0,4.0,4.0,4.0,5.0,5.0,5.0,5.0,4.0,4.0,4.0,4.0,4.0,4.0,5.0,5.0,2.0,2.0,5.0,5.0,5.0,5.0,5.0,5.0,5.0,5.0,3.0,3.0,"成功的泪水
　　没有汗水，就没有成功的泪水。你流下过成功的泪水吗？你又是否尝过它的味道？在那次大提琴比赛中我就尝到了成功泪水的味道。
　　记得那一天，我要参加艺术节大提琴比赛。所以我早早的来到了比赛场地。可惜天公不作美，非要天上下小雨。“什么鬼天气啊！”我不禁埋怨道。
　　随着比赛的开始，我也不由得紧张起来。马上就要轮到我了，我身上凝着家长的期待，老师的鼓励，我告诉自己一定要拉好。
　　轮到我了，我的腿早已冻僵，手早已发麻，不过为了拉好，我走上台，大声报了曲目，便开始演奏了。我非常紧张，心似乎提到了嗓子眼儿。我努力克制住自己的胆怯，尽量把音拉的大些。功夫不负有心人，渐渐的，我慢慢放松了紧张的心态，全身心的投入，满怀信心的拉着。正当我得意洋洋的时候，意想不到的事发生了——突然之间，我的大脑一片空白，竟忘了乐谱。我焦急万分犹如热锅上的蚂蚁。我的心仿佛一下子跌入了谷底，失望极了。一瞬间大脑不再和我“作对”了。阳光似乎照进我的心田，不知不觉中，我拉完了，就在那一刻，我笑了，因为评委给予我热烈的掌声。眼角的泪水夺眶而出，这泪水蕴涵着快乐，更凝聚着努力！
　　雨不知什么时候停了，取而代之的是明媚的阳光与碧蓝的天空。我终于品尝了成功的泪水，它咸咸的，还带着甜，透过那一丝甜，我明白了一个启示——宝剑锋从磨砺出，梅花香自苦寒来。任何成功都是需要用辛勤的耕耘与足够的自信换来的。",《成功的泪水》
130443,3.0,3.0,4.0,4.0,3.0,3.0,3.0,4.0,2.0,4.0,3.0,3.0,3.0,2.0,3.0,3.0,3.0,3.0,3.0,3.0,3.0,2.0,3.0,3.0,2.0,2.0,2.0,3.0,3.0,3.0,2.0,3.0,3.0,3.0,3.0,3.0,3.0,2.0,3.0,3.0,3.0,3.0,3.0,3.0,2.0,3.0,3.0,3.0,3.0,4.0,2.0,2.0,2.0,3.0,2.0,2.0,3.0,3.0,3.0,3.0,2.0,3.0,3.0,4.0,4.0,4.0,4.0,4.0,3.0,5.0,"让我非常难忘的一件事
　　大家觉得牙掉了有什么可写的吗？可我那回掉牙却正在体育考试。所以这件事让我很难忘。
　　那天是星期二，是个阳光明媚的一天，我们正在上体育课，在那个时候我的牙也在剧烈的晃动。这节课考50米跑。老师快速的点到我们的名字，我们也快速有顺序的排了起来。我们排成了两队。第一队才刚考完几个，我觉得无聊，就和后面的同学玩，但我没注意看前面结果我一看第一队已经考完了。眼看就要到我了，我开始有些控制不住的数起来，还有十个，九个，八个，七个……我的心里越来越紧张，我的牙也很不配合，因为牙像跷跷板一样，一个高一个低，所以我怕牙掉了，分散我的注意力，使我的速度变慢。很快轮到我了。开跑啦，可我的牙却在这短短的几秒钟掉了。
　　我很开心因为我又得到了一颗小牙。现在那个“大黑洞”已经出了一颗又大又亮的牙啦。",《让我非常难忘的一件事》
240123,3.0,3.0,5.0,5.0,5.0,5.0,3.0,3.0,4.0,4.0,2.0,2.0,3.0,3.0,2.0,2.0,3.0,3.0,4.0,4.0,3.0,3.0,4.0,4.0,5.0,5.0,4.0,4.0,4.0,4.0,3.0,3.0,5.0,5.0,3.0,3.0,3.0,3.0,2.0,2.0,4.0,4.0,4.0,4.0,3.0,3.0,2.0,2.0,5.0,5.0,2.0,2.0,3.0,3.0,2.0,2.0,5.0,5.0,2.0,2.0,5.0,5.0,5.0,5.0,5.0,5.0,5.0,5.0,3.0,3.0,"老师进班了
　　上课铃响了，我们都进班了，虽然人齐都齐了，但班里还是吵吵闹闹的。开始做眼保健操了，但班里依然吵吵闹闹的，一些人跑到了门口，去看看老师有没有来。突然，在后门的严静叫了起来：“班老师来了，”我从后门窗看见了。大约二十秒后，男生开始起哄：“是保洁阿姨吧，不对，是扫地大妈吧。”
　　过了一会儿，在门口的人突然跑了回来，说：班老师真的来了，但男生又说：“又是保洁阿姨。谁知，话音未落，班老师出现在门口，班里马上安静了下来。班老师又出去了，班里又吵了起来，其实班老师就在门口。班老师又进来了，但有些人没看见。就被班老师说了。
　　最后，班老师叹了口气，说：“这些孩子不够自觉呀！”",《班主任进班了》
130143,3.0,4.0,4.0,4.0,4.0,4.0,3.0,3.0,3.0,4.0,2.0,3.0,3.0,3.0,2.0,3.0,3.0,3.0,3.0,4.0,3.0,3.0,3.0,4.0,3.0,3.0,3.0,4.0,3.0,3.0,2.0,3.0,3.0,3.0,3.0,3.0,3.0,4.0,3.0,3.0,3.0,3.0,3.0,3.0,2.0,3.0,3.0,3.0,3.0,4.0,2.0,2.0,2.0,3.0,2.0,3.0,3.0,3.0,3.0,3.0,3.0,4.0,4.0,4.0,4.0,4.0,3.0,3.0,3.0,4.0,"一只可爱的小八哥
　　我家有一只可爱又聪明的小八哥。它有一身黑色的羽毛，一双透亮的眼睛下面长着一张又尖又长的嘴，它的翅膀好像一件黑色的衬衫，还有一双黄色的小爪子，这双黄色的小爪子好像秋天落下的枫树叶。
　　它有一个好听的名子，叫“小黑”，“小”是因为它的个子很小，像两个拳头那么大，“黑”是因为它大部分都是黑的，所以叫“小黑。”它已经十六岁了，相当于人类的一百岁，但是它依然活泼。而且它还会说话，有时说“你傻闹，你傻闹。”有时说“小黑，你好。”逗的我们哈哈大笑。它是在笼子外面的，所以它到处上厕所，总是厨房几泡，客厅几泡，晚上睡觉还得把马桶盖给盖上，要不就会掉进去。
　　这只小八哥可真难伺候,但是我们全家都很喜欢它。",《一只可爱的小八哥》
130336,2.0,3.0,4.0,4.0,3.0,3.0,2.0,4.0,3.0,3.0,2.0,3.0,3.0,3.0,2.0,2.0,3.0,3.0,1.0,2.0,2.0,2.0,2.0,3.0,3.0,2.0,3.0,3.0,3.0,2.0,3.0,4.0,3.0,3.0,3.0,4.0,2.0,2.0,3.0,4.0,3.0,4.0,3.0,3.0,2.0,3.0,3.0,3.0,2.0,2.0,2.0,3.0,2.0,2.0,2.0,3.0,3.0,4.0,2.0,3.0,3.0,3.0,3.0,3.0,4.0,3.0,3.0,3.0,4.0,4.0,"爸爸妈妈的爱
　　每个小朋友都有爱自己的爸爸妈妈，我爸爸妈妈对我的爱有很多，比如，上一次我过生日，爸爸妈妈和我商量了好久，最后，爸爸妈妈带我和爷爷奶奶一起去了一家著名的西餐厅，给我点了许多我爱吃的，爸爸妈妈爷爷奶奶一起祝我生日快乐，还给我唱了生日歌，那天我高兴极了！还有一次爸爸看我写作业的时候，发现我的眼睛离桌面很近，于是爸爸便和蔼可亲的对我说：“抬起头来，离远点儿，保护眼睛。”每天下午放学，爷爷先把我接到中关村，等爸爸下班再把我接回家，每次都是爸爸帮我背着书包，尽管爸爸上班已经很累了，回到家还得给我们做饭，吃完饭还要辅导我做功课。
　　父母的爱是无私的，我们一定要好好学习，天天向上，长大报答父母无私的爱。",《爸爸妈妈的爱》
160533,4.0,4.0,5.0,4.0,5.0,3.0,4.0,3.0,4.0,4.0,2.0,4.0,4.0,4.0,5.0,3.0,5.0,2.0,5.0,2.0,4.0,3.0,4.0,2.0,5.0,3.0,5.0,2.0,5.0,2.0,5.0,3.0,4.0,2.0,5.0,3.0,5.0,2.0,5.0,3.0,5.0,3.0,5.0,5.0,4.0,3.0,4.0,3.0,5.0,4.0,3.0,2.0,4.0,3.0,3.0,2.0,5.0,3.0,2.0,2.0,5.0,3.0,5.0,2.0,5.0,4.0,5.0,4.0,3.0,3.0,"我家乡的习俗
　　这个寒假有几乎一半的时间我都是在我的老家——婺源度过的。我的老家光是在过年的时候就有数不清的习俗，比如说不能吃南瓜因为“南“与“难”同音和所有的扫把在大年初一之前都要收起来，因为它们不吉利等等。但也有一些习俗很特别，比如说全家一起做“果”和去上坟。
　　从我六岁开始，我就和爷爷奶奶、爸爸妈妈一起做了。我们的分工是这样的：其他人捏皮，奶奶包馅。“果”和饺子有点像，只是皮和馅的原料与饺子不同而已。
　　每年我们都要做，第二天大年初一吃。做好之后有一大盘子，大概一百多个。我不是特别喜欢吃，却很享受做的过程。因为它寓意着我们全家明年都会过的更好，所以大家做的时候都比吃年夜饭时还开心。
　　过完年许多亲戚都会陆续来到我爷爷奶奶的家，人来齐后我们就会分成一个个小队去上坟。既使路再远再难走，我们也不会落下一个坟。这次我去了我太爷爷我妈妈的外公和我妈妈的舅舅的坟。到了坟，我们会先清理周围的杂草，在坟前放上食物和酒，然后点火烧纸钱。我小时候总喜欢拿一根长树枝，把它插进火里，尝试将它点燃。可惜每次都没成功。点燃纸钱后，我们会把香也点上，然后每人一根来拜。同时外面也点上一枝香和一些纸钱来供奉土地神。最后是打鞭炮，再用树枝在食物和纸钱的灰烬周围画个圈，表示这些都是那个祖先的。
　　以前我认为这只是个游戏，但当我渐渐长大，我便从大人们严肃的神情中感受到了他们对祖先的尊重，所以我也开始变得严肃起来。真心的希望祖先们能听到我们的奠拜并保佑我们。
　　我们家的习俗还有很多，这只是其中的一小部分。它们是我们的祖先留给我们最宝贵的遗产。我们应该遵守它们，传承它们，将它们发扬光大。这是体现我们对祖先尊重的最好方式。",《我家乡的习俗》
160404,4.0,4.0,4.0,5.0,4.0,4.0,4.0,3.0,4.0,4.0,4.0,4.0,4.0,4.0,5.0,5.0,4.0,3.0,4.0,4.0,4.0,3.0,4.0,4.0,4.0,4.0,4.0,4.0,4.0,4.0,4.0,4.0,4.0,4.0,4.0,4.0,2.0,4.0,4.0,4.0,4.0,4.0,5.0,4.0,5.0,5.0,4.0,4.0,4.0,4.0,4.0,4.0,4.0,4.0,4.0,4.0,4.0,3.0,3.0,3.0,4.0,3.0,4.0,5.0,4.0,5.0,3.0,3.0,4.0,3.0,"我与《星空》
　　艺术离我们并不遥远，艺术就在我们身边。像意大利天才达芬奇的《蒙娜利莎》、德国乐圣贝多芬的《月光曲》……而我最喜欢的是梵高的《星空》。
　　《星空》这幅画是后印象派梵高代表作之一，《星空》这幅画是被梵高极为夸张和生动形象画出了美丽在变化的星空。在那安静的夜晚，我好像看到，大星、小星回旋于美丽夜空，给寂静的天空多了许多的韵味，金黄的月亮形成一个金色而巨大的旋涡，星云的短线条纹、盘旋，仿佛让人们看见时光流逝。美丽的星空之下有一群海浪般的山丘。在山脚下有一片绿色和金色的海洋，风一吹霎时间卷起了金色和绿色海浪，汇成了葱郁与闪耀的乐曲，绿色和金色的海洋边就是一座灯火明亮的小镇，在这个寂静而又明亮的小镇中央有一座白色的教堂给小镇多了很韵味，暗绿褐色的柏树像巨大的火焰，是星夜狂的响应者。小镇的果园里有着许许多多的果树，我又好像看见每一棵葱郁的果树都结着大大小小，五颜六色的宝物。淡蓝的色调动感的线条，给人自由的时空感。《星空》里梵高用他神奇的画笔画直接传达出梵高内心的苦闷和忧郁，也表现了人类的挣扎与奋斗。
　　《星空》是一个文化宝库的明珠，它的光辉照耀全世界，《星空》已经成为了我灵魂的一部分。",我与《星空》
150144,3.0,4.0,4.0,4.0,3.0,4.0,2.0,3.0,3.0,3.0,3.0,3.0,3.0,4.0,2.0,4.0,2.0,3.0,3.0,3.0,3.0,4.0,3.0,4.0,3.0,4.0,3.0,3.0,3.0,4.0,2.0,3.0,3.0,3.0,3.0,2.0,3.0,2.0,3.0,3.0,3.0,4.0,3.0,3.0,3.0,3.0,3.0,2.0,3.0,2.0,2.0,3.0,3.0,3.0,2.0,3.0,3.0,3.0,2.0,2.0,3.0,4.0,4.0,4.0,4.0,5.0,4.0,5.0,4.0,5.0,"读《地心游记》有感
　　在这个假期里，我读了现代科幻小说之父法国的儒尔·凡尔纳写的《地心游记》。
　　这本书是科幻小说，讲的是德国的科学家李登布洛克教授意外发现一封密码信，破解后受到启发，进行了一次穿越时空的探险，教授带自己的侄子阿克塞尔和向导汉斯，从冰岛的斯奈菲尔火山口下降，一路上克服了缺水、迷路、洪水、暴风的困难，在一次偶然的火山喷发回到了地面的故事。
　　这个片段我最喜欢：“怎么！”我喊着说，“我们遇到了火山爆发！命运把我们抛到了炽热的岩浆、滚烫的岩石块、沸腾的水和所有火山喷发物的必经之路上！我们将会随着岩石块、火山灰和岩渣雨，在火焰中被推搡、被驱逐、被抛掷、被喷出，最后被射到空中，这就是我们的万幸”！
　　读了这本书我知道了要做一个不畏艰险，勇敢机智的人，如果不是教授的肯定和汉斯的能干，他们可能就会死在这里了，所以我知道了要克服困难才能取得成功。",读《地心游记》有感
130317,4.0,3.0,4.0,3.0,5.0,2.0,4.0,3.0,4.0,3.0,4.0,3.0,4.0,3.0,3.0,3.0,4.0,3.0,4.0,2.0,3.0,3.0,3.0,3.0,4.0,2.0,4.0,3.0,3.0,3.0,4.0,3.0,4.0,3.0,3.0,2.0,4.0,2.0,3.0,3.0,5.0,3.0,5.0,3.0,4.0,3.0,4.0,3.0,3.0,3.0,3.0,2.0,3.0,2.0,3.0,2.0,4.0,3.0,3.0,2.0,4.0,3.0,5.0,4.0,5.0,4.0,4.0,3.0,4.0,3.0,"妈妈的爱
　　每天放学回家我都很饿吃点面包就完了，可是这周周四最特别。
　　这周周四我在回家的路上，我听到有打鸡蛋的声音可是这个时间家里都没有人，我带着好奇心走进了家。我竟然看见妈妈正在做鸡蛋饭！妈妈看见了我，妈妈说：饿了吧给你炒鸡蛋饭吃。我谢过后我就到吃饭的桌子上等待了。饭好了，真香，我高兴得吃完了，我觉得肚子里充满了爱。我就去上英语课了，我上课的时候，我非常精神，难到饭里放了让人精神的药？我也不知道。
　　我觉得妈妈的爱真伟大，我希望永远都能吃到妈妈做的爱心饭！",《妈妈的爱》
150536,4.0,5.0,4.0,4.0,4.0,4.0,3.0,4.0,3.0,3.0,3.0,4.0,4.0,4.0,2.0,4.0,2.0,3.0,2.0,2.0,3.0,3.0,3.0,3.0,3.0,3.0,3.0,2.0,3.0,2.0,3.0,3.0,2.0,3.0,4.0,5.0,3.0,3.0,3.0,3.0,4.0,3.0,3.0,3.0,3.0,4.0,4.0,4.0,4.0,4.0,3.0,3.0,2.0,2.0,2.0,3.0,3.0,3.0,3.0,2.0,4.0,3.0,4.0,4.0,4.0,5.0,4.0,5.0,4.0,4.0,"我们的班主任——班老师
　　班老师既是我们的语文老师，又是我们的班主任。班老师圆圆的脸上镶着一双明亮的大眼睛，乌黑的头发直直的垂在肩上，一笑起来嘴巴就像月牙一样弯，声音就像优美的乐曲。她总穿一件白色的短袖上衣，衣领上系着一个用黑色丝带做的领结，走起路来温文儒雅，颇像一名书生。她还喜欢穿一条红色的短裙，把上衣搭在短裙外面，就像一位学文的仙女。至于她的鞋嘛……有白的，红的，黑的，灰的……几乎每几天就换一双鞋。她处事不算严厉，总能用我们意想不到的方法来激励我们。再说她的身量，虽然不高，却很苗条。她的爱好很多，跑马拉松她犹为喜爱，既可强身健体，又可当作一种放松头脑的方式，这真是再好不过了！她还有一个爱好和我一样，那就是软笔书法，她写楷书写得就像语文书上的规范漂亮的生字似的，我在这方面也要向她学习！",《我们的班主任——班主任》
141329,4.0,4.0,5.0,5.0,5.0,5.0,5.0,5.0,5.0,5.0,4.0,4.0,3.0,3.0,3.0,3.0,5.0,5.0,4.0,4.0,3.0,3.0,3.0,3.0,4.0,4.0,5.0,5.0,5.0,5.0,3.0,3.0,3.0,3.0,4.0,4.0,5.0,5.0,3.0,3.0,5.0,5.0,5.0,5.0,3.0,3.0,3.0,3.0,5.0,5.0,2.0,2.0,3.0,3.0,3.0,3.0,5.0,5.0,2.0,2.0,5.0,5.0,5.0,5.0,5.0,5.0,5.0,5.0,4.0,4.0,"观后感
　　今天我们上课的时候，老师给我们放了一个很有趣的小影片，里面讲的是大蜡烛吹灭小蜡烛的故事，大蜡烛一次又一次的把小蜡烛吹灭，结果有一次小蜡烛不小心打了个喷嚏把大蜡烛的火给弄灭了，然后小蜡烛犹豫了一下，最后还是给它点燃了。
　　记得有一次我们班XXX同学打了我一下，我说你干嘛，她连忙说对不起然后她哈哈大笑，然后她又打我一下，我又说你干嘛？她又说对不起，我说没事，她又在那里哈哈大笑，我很不开心。有一次，我不小心打到她了，但是我没有对她说对不起，因为就像那只大蜡烛欺负小蜡烛一样，不过小蜡烛过是帮大蜡烛点燃了，要是我的话，我就不会给她点了，因为她一而再再而三的欺负我。
　　就像周向潮作家说的：“宽容并不是姑息，错误和软弱，而是一种坚强和勇敢。",《观后感》
140503,4.0,5.0,4.0,4.0,4.0,4.0,4.0,3.0,4.0,4.0,3.0,3.0,4.0,4.0,4.0,3.0,4.0,4.0,4.0,3.0,4.0,4.0,4.0,4.0,5.0,3.0,5.0,4.0,4.0,5.0,4.0,4.0,4.0,5.0,4.0,4.0,3.0,4.0,4.0,3.0,4.0,4.0,5.0,4.0,4.0,5.0,4.0,4.0,4.0,3.0,3.0,4.0,3.0,3.0,3.0,4.0,4.0,3.0,2.0,2.0,4.0,4.0,4.0,5.0,4.0,5.0,4.0,5.0,4.0,3.0,"胆小懒惰的小“坏”鱼
　　鱼，是一种既胆小，又懒惰的动物。特别是我家养的这几条金鱼。说它懒惰吧，它实在懒得要命！我拍拍鱼缸，它们才不情愿地动两动，有的还把我忽视了！岂有此理！喂食的时候也不慌不忙。它不紧不慢地漂上来，吃几粒鱼食，又沉下去了。我碰碰它，说：“你怎么不吃了？”它眼也不抬，连个泡泡都不吐，真是：懒妈给懒开门——懒到家了！
　　说它胆小吧，一点儿风吹草动都能把它吓个半死，就比如：有一次我在擦鱼缸，不小心碰到了一只鱼，它立马夹着尾巴四处逃窜，活像一只狼狈的老鼠见到了猫。而其它鱼还静静地趴在水底下，“画”了一幅“不和谐”的画儿。等我进了房间，喝了点水后去看我的金鱼，它仍摆动着火红的尾巴，抖动着全身上下的金黄色的鳞片，继续发了疯似的转圈。哎，真是让我哭笑不得呀！
　　我还是讨厌金鱼，可是今天，我好像有点理解它为什么这样做了。我觉得，它懒是因为：它仍存在着对外界的戒备心。胆小是因为：它的警戒力很高，而且还特别敏感呢……",《胆小懒惰的小“坏”鱼》
140237,2.0,3.0,4.0,4.0,3.0,3.0,2.0,4.0,3.0,3.0,2.0,3.0,2.0,3.0,1.0,3.0,1.0,3.0,3.0,2.0,3.0,2.0,3.0,2.0,2.0,3.0,2.0,2.0,3.0,4.0,2.0,2.0,2.0,2.0,2.0,3.0,2.0,3.0,2.0,3.0,3.0,3.0,2.0,3.0,1.0,2.0,2.0,2.0,3.0,2.0,2.0,3.0,2.0,3.0,2.0,3.0,2.0,3.0,1.0,2.0,2.0,3.0,3.0,4.0,3.0,4.0,3.0,3.0,1.0,3.0,"第一次综合实践课
　　星期一下午，我们上了第一节英语类的综合实践课。
　　一开始给我们先布置教室。我们把桌子置成“U”型，中间是活动的地方，我们都坐在桌子边。然后全班同学每四人分为一小组，共分成十一个小组。
　　第一个活动，每个小组发一张联盟卡，写上班级和组员姓名、年龄。还要写上喜欢的东西和活动，我们写的是爱玩和爱吃苹果。最后我们在联盟卡上印的字母中挑出字母组成各种单词。
　　第二个活动，老师在黑板上投影出一幅图，图上有六个单词，描述不同的动作。老师说“一”，我们就做一的动作，同时说出一的单词。
　　第三个活动是猜运动。两个组同学排成一队，一起进行。排头第一个人在许多种运动排一种，转身做这种运动的典型动作给第二个人看，一直到最后一位同学要猜出这种运动的名字。我是排头，挑了我最擅长的游泳，做了蛙泳的动作，最后一位同学正确地猜出来了。
　　活动四是说一说自己最喜欢的活动。我最喜欢活动三，猜运动。不过我没上去讲。
　　英语综合实践课做了许多有趣的活动，我喜欢这样的课。",《第一次综合实践课》
130731,4.0,3.0,5.0,4.0,5.0,3.0,3.0,3.0,4.0,4.0,2.0,3.0,2.0,4.0,3.0,3.0,3.0,3.0,5.0,4.0,3.0,4.0,4.0,4.0,5.0,4.0,5.0,4.0,5.0,4.0,5.0,4.0,4.0,4.0,5.0,2.0,5.0,2.0,5.0,3.0,5.0,3.0,5.0,4.0,5.0,3.0,5.0,3.0,5.0,3.0,4.0,3.0,3.0,3.0,2.0,2.0,5.0,3.0,2.0,2.0,5.0,3.0,5.0,3.0,5.0,4.0,5.0,4.0,4.0,3.0,"我最熟悉的地方
　　我最熟悉的地方是——东一时区，因为我的幼儿园和学前班就是在那里度过的。
　　东一时区的环境可美了，春天的时候小区的花园里，各种各样的花开了，有：蓝色的喇叭花吹起了小刺叭，黄色的迎春花在迎接春姑娘的到来，红色的月季花笑开了脸……漂亮极了！我们小区里到处都充满着淡淡的花香。
　　秋天的时候，在秋风的吹拂下，黄色的树叶纷纷从树上落在了地上就像给大地铺上了一层黄色的地毯，我和小朋友们一起捡树上，一起玩拔根。
　　瞧，我们的老家——东一时区是多么美丽，我真是好怀念啊！",《我最熟悉的地方》
240205,3.0,3.0,3.0,4.0,3.0,3.0,4.0,4.0,3.0,4.0,3.0,3.0,3.0,3.0,3.0,3.0,3.0,3.0,3.0,4.0,3.0,3.0,3.0,4.0,3.0,3.0,3.0,3.0,3.0,3.0,3.0,4.0,3.0,3.0,3.0,3.0,2.0,2.0,3.0,3.0,3.0,3.0,3.0,3.0,2.0,4.0,3.0,3.0,3.0,4.0,2.0,2.0,2.0,2.0,2.0,3.0,3.0,3.0,2.0,4.0,3.0,3.0,4.0,5.0,4.0,4.0,3.0,3.0,3.0,3.0,"农场初逢
　　春节期间，父母带我去了洼里动物乐园，那里有很多好玩的区域，可我最喜欢其中的“散养区”里面有许许多多，油亮亮，美丽的油鸡,我正看着各种小鸡吃草，母鸡下蛋，突然，一只小羊，蹲在草棵子上，凝视着我，“嗨啊，小羊美啊。”我试图给它一根叶片菜吃，它却转过了身子，伸嘴咬我大衣的袖口，“唉，白菜叶子不吃，跑这里耍什么赖？”我不理睬它，回到草垛中看小鸡。忽然，“咩——”的一声，有只小巧玲珑的羊，走到我身边，我细看，还是那羊，身子瘦小，羊角像小金字塔似的，我上去轻轻地摸了摸它，还试着抱它起来，“成功了，抱起来了！”我抱着它，走着说，“给你取个名字叫白棂，好吗？“它竟回答“咩，咩”，仿佛在说“好啊，好啊”。我抱着小羊白棂，掏出了一根胡萝卜，竟没想到，这位“挑食小姐”竟从我手中，抢走了那胡萝卜，咬了下去，仿佛在说：“这个东西，很好吃啊！”没错，我越来越喜欢它，白棂那可爱的小羊……
　　我回到了家，回忆与它玩的时光，深思想到：“这些土地，就归为我们人类，动物没有立足之地了吗？好多地区，“禁止动物入内”的牌子，到处都有，动物，自己没了地盘，还被人类管教……难道，就只可以这样么……",《农场初逢》
130312,4.0,3.0,5.0,4.0,5.0,3.0,4.0,2.0,4.0,3.0,4.0,3.0,5.0,3.0,4.0,3.0,4.0,3.0,4.0,3.0,4.0,3.0,5.0,3.0,4.0,3.0,5.0,4.0,4.0,4.0,5.0,3.0,4.0,4.0,4.0,2.0,4.0,2.0,5.0,2.0,4.0,3.0,4.0,4.0,5.0,3.0,4.0,2.0,4.0,3.0,4.0,2.0,4.0,3.0,4.0,2.0,5.0,3.0,4.0,3.0,4.0,3.0,4.0,3.0,5.0,2.0,4.0,2.0,5.0,2.0,"父母的爱
　　自从我出生到现在我还从来没有认真的思考过父母的爱，不过我还记得两件事。
　　小时候我生病了什么都不想吃，妈妈就给我做咯噔汤一口一口的喂我，给我看动画片，逗我笑，安慰我。
　　还有一次我在学骑自行车，爸爸一直在后面保护我生怕我掉下去。爸爸一直跟着我跑，跑的满头大汗。爸爸还在后面紧紧的拉着我的坐位后面。很快我就可以上马路骑了！
　　以前我们认为父母没有给我们爱，其实你吃的、穿的、看的、用的、玩的都是父母给你的爱，只要认真的感受你会感受到更多父母对你的爱。",《父母的爱》
150524,5.0,3.0,5.0,3.0,5.0,3.0,5.0,3.0,5.0,3.0,3.0,3.0,4.0,3.0,4.0,3.0,4.0,3.0,2.0,2.0,2.0,2.0,2.0,2.0,4.0,3.0,5.0,2.0,4.0,3.0,2.0,3.0,2.0,3.0,5.0,2.0,5.0,3.0,4.0,3.0,5.0,3.0,4.0,4.0,4.0,3.0,5.0,3.0,4.0,3.0,5.0,2.0,5.0,2.0,4.0,2.0,5.0,3.0,2.0,2.0,5.0,3.0,5.0,3.0,4.0,4.0,4.0,4.0,3.0,3.0,"我们的“斑马”
　　我的班主任有一头乌黑的长发，水灵灵的大眼睛，和一个小小的鼻子，清秀的面孔，总体来看非常漂亮。她一笑还有一个可爱的小酒窝。她经常上穿一件大衣、下穿一条黑裤子，戴着一副眼镜，看着非常有学问。她年龄不算大，但也不小了，可成天还是一副孩子的样子显得特别的亲切与随和。高年级的同学都叫她“斑马”。因为她喜欢跑马拉松。“叮铃铃……!”上课的铃声响了，班主任面带笑容捧着书走了进来。走的时候只见同学们的都张成了“Ｏ”字型。她的小马尾总是动来动去的显得十分快乐。她长穿着双小白高跟鞋气质十分。班主任有时温柔，但也有时凶。她温柔的时候看我们一眼就十分可爱，可她凶的时候看我们一眼我就十分紧张。这位班主任——我们的“斑马”班老师。",《我们的斑马》
130327,4.0,3.0,5.0,4.0,5.0,3.0,5.0,3.0,5.0,4.0,3.0,3.0,4.0,3.0,2.0,3.0,3.0,3.0,4.0,4.0,2.0,3.0,2.0,3.0,2.0,4.0,2.0,4.0,5.0,3.0,2.0,3.0,2.0,3.0,4.0,3.0,4.0,2.0,3.0,3.0,3.0,3.0,3.0,4.0,2.0,3.0,4.0,3.0,4.0,4.0,2.0,2.0,3.0,3.0,2.0,2.0,3.0,3.0,2.0,2.0,3.0,3.0,5.0,3.0,2.0,4.0,5.0,4.0,3.0,3.0,"父母的爱
　　父母这几年为我做了许多事，但我没有做任何事来回报他们。
　　他们每天早上很早就起来为我做饭，中午的时候我在玩，他们却在给我辛辛苦苦地做饭，晚上的时候我在写作业他们依然在给我做饭。
　　有一天晚上我得了中耳炎，爸爸妈妈都很为我着急，说“今天晚上到底带不带我去医院，怎么办？”但是那天晚上他们在床上给我垫了张纸否择就滴床上。早上起来的时候果然有脓滴在纸上。爸爸妈妈带着希望和害怕把我送到了医院。他们让医生看看我的耳朵，医生说“要打点滴！”他们把所有的方案都问了一遍但是只能打滴要不不会好。医生带我去打点滴屋子然后让我坐下。当那一根细细的针扎进去时爸爸妈妈都在给我加油，我突然感觉到不是太疼了。就这样我的病慢慢变好了，当去再查的时候医生说病好了,只要再吃一些药就可以了！”我情不自禁地跳了起来，爸爸妈妈也很开心，他们还说要讲卫生。
　　就这样我们一直过着开开心心地生活。父母的爱是不求回报的，就像是一颗闪亮的星星保护着我。",《父母的爱》
240204,3.0,3.0,3.0,3.0,2.0,2.0,3.0,3.0,3.0,3.0,2.0,2.0,3.0,3.0,3.0,3.0,3.0,3.0,2.0,2.0,3.0,4.0,2.0,2.0,3.0,3.0,3.0,3.0,2.0,3.0,3.0,3.0,3.0,2.0,2.0,2.0,2.0,2.0,3.0,3.0,3.0,3.0,3.0,2.0,2.0,2.0,2.0,3.0,3.0,3.0,2.0,4.0,2.0,2.0,2.0,3.0,3.0,3.0,2.0,2.0,3.0,3.0,3.0,5.0,4.0,5.0,3.0,3.0,3.0,3.0,"看电影
　　今年寒假在东山的一个宾馆的电视上看了一场电影叫“星球大战1魅影危机”！电影里面讲的是银河共和国在偏远星系开易路线的税收,这一举措议会引起很大的争议，最高议长菲尼斯越权让两位绝地武士奎刚金和欧比旺和贸易联盟总督纽特·冈雷谈判，纽特联系了西迪厄斯下今杀死奎刚·金和欧比旺，摧毁绝地飞船，入侵纳布星奎刚·金和欧比旺死里逃生，回到纳布，纽特的战斗机器人部队正要入侵希德城的时候，金刚金从丛林里救了加·加·宾克欺并救出阿米达拉女王，说服女王坐飞船去科洛桑，可是去科洛桑的途中受损，被迫转飞塔图因，奎刚从一个买零件的一家店遇上了一个有天生与原力有惊人的联系的小奴隶“安纳金·天行者”！奎刚跟瓦图赌如果安纳金·天行者在飞梭赛胜利他就能得着自由，在飞梭赛当天，它纳金胜利了在安纳金的帮助下奎刚找到了修复飞船的零件,返回飞船的途中遇到，达斯·摩尔的袭击，奎刚没有恋战，并飞回科洛桑，女王试图说服议会援助纳布但没能成功。在纳布，女王率部队占领希德城，逮捕风雷，可是，摩尔杀死了奎刚，自己却被欧比旺杀死，奎刚临死前说要教育好安纳金。最终胜利是安纳金的，他驾机毁了机器人控制舰，战斗机器人全部关闭。
　　我应该像安纳金一样勇敢。",《看电影》
160231,4.0,3.0,5.0,4.0,5.0,4.0,3.0,4.0,5.0,3.0,2.0,4.0,4.0,3.0,5.0,3.0,4.0,3.0,5.0,3.0,5.0,3.0,5.0,3.0,5.0,3.0,5.0,4.0,5.0,3.0,5.0,3.0,5.0,4.0,3.0,3.0,3.0,2.0,5.0,3.0,5.0,3.0,5.0,3.0,4.0,3.0,3.0,3.0,4.0,4.0,3.0,2.0,5.0,3.0,3.0,2.0,5.0,3.0,2.0,2.0,5.0,3.0,5.0,3.0,5.0,4.0,5.0,4.0,5.0,3.0,"走进孤儿院
　　关爱像一缕春风，温暖着我们的心灵；关爱像一把伞，为人我遮风挡雨；关爱像一团火，帮我战胜严寒……别人给予我们关爱我们更应该关心爱护他人，这样世界上才能充满——爱。
　　去年十一长假，我和爸爸、妈妈约上了几个伙伴，一起到河南旅游。我印象最深最深的一天，是我们到南阳市卧龙区的一家孤儿院，看望那里的残疾儿童。
　　我们在孤儿院院长的指引下，来到了一间活动室，这间活动室里有许多智力障碍的孩子，他们见到我们非常高兴，像是见到了亲人一样手舞足蹈，当我们把礼物给他们的时候，他们高兴的和我们拥抱。
　　走出了这间活动室，我们又来到了另外一间活动室。我的目光被一名全身雪白的小女孩所吸引。我想：“这里怎么还有外国小孩呀！”于是我怀着好奇的心理，走近了小女孩，这时我才发现小女孩的眼睫毛都是白色的。小女孩并没有因为我的走近而抬头看我，只是坐在那里摆弄着自己的手，全然沉浸在自己的世界里。“小妹妹，姐姐来看你了。”我拉着她的手说，这时她才抬起头来面无表情的看着我。“这是姐姐给你的礼物，喜欢吗？”我把礼物递到她手里，小女孩接过礼物，只是微微的点了点头，并没有说话，这时院长说：“这个小女孩得了白化病，而且还是个自闭症患儿。”听院长这样说，我的鼻子不由的一酸，眼泪在眼眶里打转。“这个小女孩太可怜了。”我心想，我们几个小伙伴陪着小女孩玩了起来。在我们要走的时候，小女孩突然说了一声：“谢谢你们来看我。”院长十分惊喜，说她只有非常开心时才会说一句话，听到这里，我也心酸地流下了泪。
　　在回酒店的车上，我思绪万千，小女孩那句谢谢你们的话不时在我耳边响起，我第一次感受社会上还有那么多需要关爱的残疾儿童同时我也意识到自己力量的到小，我们应该呼吁全社会的人们都去关爱他们，正如一句歌词中写的那样：“只要人人都献出一点爱，世界将变成美好的人间。”",《走进孤儿院》
140539,4.0,5.0,4.0,4.0,4.0,5.0,4.0,4.0,4.0,5.0,5.0,4.0,4.0,3.0,4.0,4.0,4.0,5.0,4.0,4.0,4.0,4.0,4.0,3.0,4.0,4.0,5.0,5.0,5.0,4.0,5.0,5.0,4.0,4.0,3.0,4.0,3.0,3.0,3.0,4.0,3.0,4.0,4.0,4.0,4.0,5.0,3.0,3.0,3.0,3.0,3.0,2.0,3.0,3.0,3.0,2.0,4.0,5.0,3.0,3.0,3.0,4.0,4.0,5.0,4.0,5.0,4.0,5.0,3.0,4.0,"小狗团团
　　团团是我家的一只小狗，它还是我们家的“三大狗王之一”呢。
　　说它淘气，只要一回家它就使劲扒你，说它安静，一到晚上它就趴在窝里用一对黑葡萄似的眼睛盯着你，说它可爱，它的毛就像里面穿了一件白衬衫，外面罩一件燕尾服。但是说它还是要从搞笑说起。
　　它吃饭时我们给它起了个外号叫“夜行大侠”，爸爸白天准备好食物，它却不吃，等到半夜的时候，别人都睡了，它就从窝里钻出来，开始吃饭。它还有一个外号叫“食草仙人”因为，在下午的时候，我偷偷的看了它一眼，我看见了惊人的一幕，团团正在吃草！我心想：“狗怎么会吃草呢？”
　　它还是一个“钟”，爸爸说它是钟，因为它每天早晨6点起来出去，早晨7点回来，每天如此。
　　而且，团团像我们一样，会整理被褥，它整理不是叠被子，而是把它窝里的被子抓来抓去，不但没有整理好，反而更乱了。有时妈妈实在看不下去了，就把被子拿出来重新叠好，放进它的窝里。然后团团冲妈妈摇摇尾巴好像在感谢妈妈呢。
　　有时候团团还到学校门口来接我放学呢，当它看见我走出校门的时候，它就兴冲冲的跑来，在我脚边左绕右绕冲着我使劲摇尾巴，盯着我看，好像在说：“姐姐放学啦，姐姐放学啦！”
　　它摇尾巴也有好多新花样，所以它还有个外号“摇尾巴达人”它会向左摇，会向右摇，会180度摇，还会360度摇。那尾巴就像一朵开在风中的大菊花，非常漂亮。
　　团团身上还有很多说不完的好玩的地方，它已经陪伴我三年了，给我带来了享受不完的快乐。我只想对团团说：“我爱你！”",《小狗团团》
150642,4.0,4.0,2.0,2.0,4.0,3.0,5.0,5.0,3.0,3.0,4.0,3.0,4.0,3.0,4.0,5.0,4.0,4.0,2.0,2.0,2.0,3.0,2.0,2.0,3.0,3.0,2.0,3.0,2.0,2.0,3.0,3.0,2.0,2.0,4.0,3.0,4.0,4.0,4.0,3.0,3.0,3.0,4.0,5.0,3.0,3.0,4.0,3.0,3.0,3.0,3.0,3.0,3.0,2.0,3.0,2.0,4.0,4.0,4.0,4.0,4.0,4.0,4.0,4.0,4.0,4.0,4.0,4.0,3.0,3.0,"我来到了神秘的梦幻世界
　　吃完晚饭，我想休息一下，靠在床上，迷迷糊糊我来到了一个陌生的地方。这里天空是五颜六色的，彩色的云在天上浮动，像一张张花毯子，漂亮极了；眼前是一条波涛汹涌的大河，河水一半红一半绿，河对岸是一个大果园。我正在发愁怎么过河，突然，响起了一阵钟声，顿时，河水退了下去，我赶紧跑过河，刚过去，河水立刻又涨了上去。我继续往前走，一路上空气中充满了花香，路边一棵树上开着一朵巨大的兰花，一只鸟从花上面飞过，花瓣突然张开，一股水从中喷出，小鸟被打落在花蕊上，被吃掉了。突然，我看见一只带灰眼镜的鸡在前面跑，那只鸡长得又壮又高，浑身雪白，红红的冠子，神气地走来走去，很活泼，我觉得很好奇，就跟着它走，一直走到了一栋红房子前。这时，门开了，房子里走出一对夫妇，他们都长得很好看，金黄色的头发，大大的蓝眼睛，满脸笑容，都穿着裙子，热情地跟我打招呼，请我进屋做客。我们正聊天时，突然，阿姨坐下不动了，叔叔赶紧把她抱到另一间屋子里，我很纳闷，不知道出了什么事？过了一会儿，他们出来了，阿姨又神采奕奕地和我说话了，这时我才知道原来他们是机器人，如果他们不去充电，我都不会发现他们不是普通人，他们的表现跟真人一模一样。中午主人请我吃了烤鸡，太美味了！刚吃完，我忽然觉得我的脑海里充满了许多我以前不知道的知识，我连忙问是怎么回事，女主人说这只鸡是一只智慧鸡，你只要吃掉它，你的知识就会更广泛，我觉得好神奇啊！正在这时耳边响起一阵叮铃叮铃的响声，我睁眼一看，是我设的作业提醒闹铃响了！原来刚才只是一个梦，在梦中我到了那个神秘的梦幻世界。如果现实生活中也有这样的高科技，我们的生活该有多么美好啊！看来我也得努力提高我的本领，让这一天早点到来。",《我来到了神秘的梦幻世界》
240233,3.0,3.0,5.0,5.0,5.0,5.0,4.0,4.0,4.0,4.0,2.0,2.0,3.0,3.0,2.0,2.0,3.0,3.0,5.0,5.0,4.0,4.0,3.0,3.0,3.0,3.0,4.0,4.0,3.0,3.0,4.0,4.0,3.0,3.0,4.0,4.0,3.0,3.0,4.0,4.0,5.0,5.0,4.0,4.0,3.0,3.0,3.0,3.0,5.0,5.0,2.0,2.0,3.0,3.0,3.0,3.0,5.0,5.0,2.0,2.0,5.0,5.0,5.0,5.0,5.0,5.0,5.0,5.0,3.0,3.0,"洼里·乡居楼之行
　　上周日我们一家四口去了洼里·乡居楼。以前，我们经常去那里玩，所以对那里比较熟悉。但这次与以往不同，以前我们都是两手空空的来，可这次我们可是有备而来，我们一共带了二根胡萝卜和一个馒头（可能你会觉得这个数目有点少，也许你是对的，因为进去后我们才发现，胡萝卜还行，可一个馒头要给几十只饥肠辘辘的大白鹅时，就显得有些少了）。
　　由于这些食物有点重，我们决定先喂动物再干别的。我们先喂的是白鹅和骆驼，白鹅很好喂，只要把馒头掰成小块，然后一块一块扔给它就行了。骆驼就难多了，如果食物太短，你就要用树枝杈起来喂，否则它的口水会沾你手上。那时有个男孩的东西掉了，他低头去捡，与此同时，有人正在他头的正上方喂骆驼吃的，骆驼的一大滴口水差点就滴到他头上了！他站起来后，用手搓了搓头发，然后就走了，我们还喂了羊、牛、猪等动物。
　　喂完动物，爸爸觉得有点冷，所认他跑步去了。我又玩了各种各样的有奖游戏，不过我最多只得过三等奖。
　　后来，爸爸回来了，我们一起玩了许多别的。爸爸说有个滑雪场，我们立刻赶了过去，正好赶上那儿关门，我们就没玩成。
　　幸好我们又发现了一个高空拓展，就是在一些搭在树之间东西上走，上面有一根绳子，下面有一些网。我超爱玩这个，可对成成来说有点难。有一个三岔路口，我开始觉得难走的会跟容易走的碰在一起，可后来我发现那是条死路，再后来我才知道，那不是死路，它绕大圈后能在一起。这时，妈妈去捡木板了，爸爸带着成成去卫生间了。我在上面走完了所有路就来到了雪堆顶部，我们准备自己滑下去！捡木板就是为了这个。
　　第一次滑行并不成功，但第二次爸爸带着成成成功的滑了下来！然后我虽然没坐上木板就下来了两次，但以后我们都能保证在坡上时不离开本板的滑下来。注意！是“在坡上时”！因为一离开坡，还没停下时我就会从木板上翻下来。由于袜子鞋子外套都湿了，他那边的饭店也关门了，我们立马就打道回府了。
　　这次出行真好玩，我希望以后能多多去乡居楼玩。",《洼里·乡居楼之行》
140502,4.0,4.0,4.0,4.0,4.0,4.0,3.0,3.0,3.0,3.0,3.0,2.0,4.0,4.0,4.0,4.0,3.0,4.0,4.0,3.0,4.0,3.0,3.0,3.0,4.0,4.0,4.0,3.0,3.0,3.0,3.0,3.0,3.0,4.0,3.0,4.0,3.0,4.0,4.0,4.0,4.0,4.0,4.0,3.0,3.0,3.0,3.0,3.0,3.0,3.0,3.0,3.0,3.0,3.0,3.0,3.0,4.0,4.0,2.0,2.0,3.0,3.0,4.0,5.0,4.0,5.0,4.0,4.0,4.0,3.0,"小乌龟的翻身表演
　　我家的小乌龟很厉害，它会表演特技——翻身！
　　我们用手拿住了小乌龟的肚皮，把它翻过来，小乌龟把头缩了回去、爸爸说：“它一定是害怕了，不敢出来。”但我不这么认为，我想：“它肯定是想在它的化妆室里化个美美的妆呢！过了一小会儿，它把头伸了出来，我们便给它鼓掌，它信心十足的开始表演了，它肚皮朝上，四脚朝天，晃来晃去，好像是在运气，只见它用头使劲往地上顶，四肢紧紧抓住地板，使出了全身的力气，它还在摆动，只听啪一声，它翻过来啦！它得意洋洋的退场啦！我们还想看，便又把它抓了回来，让它再表演一变，我想：翻一次对于它来来就很难了，我觉得它这次肯定翻不过来，可是它依然翻过来了！
　　瞧，我家的小乌龟是不是很厉害呀！",《小乌龟的翻身表演》
160410,4.0,4.0,5.0,5.0,5.0,5.0,5.0,5.0,4.0,3.0,4.0,3.0,4.0,4.0,3.0,3.0,4.0,4.0,5.0,5.0,4.0,4.0,4.0,4.0,4.0,4.0,5.0,5.0,4.0,4.0,4.0,3.0,4.0,4.0,4.0,4.0,3.0,3.0,4.0,5.0,4.0,4.0,5.0,5.0,4.0,4.0,4.0,3.0,4.0,4.0,3.0,3.0,4.0,4.0,4.0,4.0,4.0,4.0,3.0,3.0,4.0,4.0,4.0,5.0,5.0,5.0,5.0,5.0,5.0,3.0,"观复博物馆的三大镇馆之宝
　　观复博物馆是著名收藏家马未都创办的新中国第一家私立博物馆，“观复”二字取自老子《道德经》之《归根篇》：“致虚极，守静笃，万物并作，吾以观复，”其中“观复”就是观察万物循环往复的规律。我在暑假慕名前去参观，观复博物馆展出的千余件传世文物，向每一位参观者传递着中国古典文化的魅力，我观览过数十件，但我认为最别具一格的还要数那三大镇馆之宝，宋磁州窑的梅瓶，乾隆官窑粉彩大瓶，和《三国演义》隔扇。
　　磁州窑的梅瓶与各类磁州窑是中国传统制瓷工艺的珍品，磁州窑创烧于北宋中期，并达到鼎盛。梅瓶口小，颈短，溜肩，瓶体瘦长，通体绘有黑彩纹饰。通常以山水，花鸟鱼虫，动物、神话为主。我看到的是一条腾飞的巨龙，线条细腻，层次分明，栩栩如生。此瓶用于插花，瓶身的花案吸收了水墨画的技法，开启了中国瓷器彩绘的先河。
　　乾隆官窑粉彩大瓶有一个独有的特征，即器物口部及底部都施松石绿釉，松石绿釉浅淡滑润，釉面如粥皮，常常带有细小的纹片，我见到的是上面有着华丽的牡丹花案。有红、粉、紫、黄、绿多种彩绘。瓶身用玉白色作为底色色彩鲜艳，温润如玉。
　　《三国演义》隔扇总体为攒插，透雕，浮雕工艺，此隔扇门反映出这户人家的富足和风雅，整套隔扇门的腰板和裙板上刻有三国演义的故事纹样，工匠们共雕了两百零三个人物，刻画的甚是逼真。
　　通过观复博物馆，我看出了古人的智慧和创新精神，他们没有现代化的工具，只能通过一些简单的工具，不断琢磨，一次次的试，开启了时代的先河。他们做事精益求精，把自己的技艺和能力发挥到极致，留下了令人叹为观止的作品，让我们体会到了中国文化的博大精深。",《观复博物馆的三大镇馆之宝》
240206,3.0,3.0,4.0,3.0,3.0,2.0,3.0,3.0,3.0,4.0,2.0,2.0,3.0,3.0,3.0,3.0,3.0,3.0,2.0,2.0,2.0,3.0,2.0,2.0,3.0,3.0,3.0,3.0,3.0,3.0,2.0,3.0,3.0,2.0,3.0,2.0,2.0,2.0,3.0,3.0,3.0,3.0,3.0,2.0,2.0,2.0,3.0,4.0,3.0,3.0,2.0,4.0,2.0,2.0,2.0,3.0,3.0,3.0,2.0,2.0,3.0,3.0,3.0,5.0,4.0,5.0,4.0,3.0,3.0,3.0,"在新西兰违章
　　2017.2.5我们一家和咔咔一家去新西兰旅游，我们很开心，但是有一件事让我记忆深刻。
　　我们是租房车玩的，因为新西兰警局规定租房车的家庭都要系好安全带（要坐前面）所以我每次都坐在前面，系好安全带。但是我爸爸坐后面。因为路上要照相，后面视野大，照相方便，而且清楚，是个拍照片的好地方。所以我就去后面照了，可是妈妈一直喊：“到前面来！后面危险！”但是爸爸仍然让我坐后面，我也觉得后面好，所以我没去前面。不过……
　　爸爸就去前面了。有一天，我正坐在后面拍照，突然听到了一声警笛“翁—”没过5秒，又听见一声“翁—”咔爸赶紧停车，妈妈跑下车用英文跟警察谈了几句，妈妈说是我没系安全带，我赶快跑到前面来系好安全带（后面没有）警察上车查了一下，罚了150纽币，相当于1000人民币
　　这件事让我记忆深刻，每天一上车，就先系好安全带。后来妈妈跟我讲了不系“生命之带”多么重要。我明白了：要坚持做对的事！",《在新西兰违章》
140423,4.0,3.0,5.0,3.0,5.0,4.0,4.0,3.0,4.0,3.0,3.0,3.0,4.0,4.0,2.0,3.0,3.0,3.0,5.0,3.0,3.0,3.0,4.0,3.0,5.0,3.0,3.0,4.0,5.0,3.0,5.0,3.0,4.0,3.0,4.0,3.0,4.0,3.0,3.0,3.0,4.0,3.0,4.0,4.0,4.0,3.0,4.0,3.0,5.0,4.0,4.0,3.0,4.0,2.0,3.0,2.0,4.0,3.0,2.0,2.0,4.0,3.0,5.0,4.0,5.0,4.0,2.0,3.0,3.0,3.0,"种绿豆
　　我说的种绿豆是在水里种而不是在土里种。
　　我先把绿豆放在一个有小坑的盒子里，用饺子盒或者汤圆盒就行。然后把买来的绿豆放在盒子的坑里，放的时候一定不要放的太多，只要一个格子里没有重叠起来的就行。放的水也不要太多，只要刚没过绿豆就行。
　　等泡完第一天，绿豆上的白点鼓起来了，有的绿豆的皮己经裂开了。
　　泡完第二天，大部分绿豆的皮己经裂开了，并露出白绿色的茎。
　　泡了三天之后，绿豆脱下了绿色的衣服，换了雪白的衣服，变成了“白豆”。而且他的茎也长长了。再过几天，它又出了一条紫色的“茎”,这是为什么呢？其实它不是另一根茎，它是根。
　　五天左右，它长到了五厘米，而且长出了两片叶子，叶子一长出来就是深绿色的。
　　一个星期后，它的茎长到了十厘米左右，它的根都缠在一起，如果你把他拔出来，它也不会散开，原来是什么形状还是什么形状。
　　那天晚上，我妈妈把绿豆去了叶子，剪了叶子给我煮了一锅汤，真好喝，这是我种的绿豆苗呢！",《种绿豆》
140936,3.0,4.0,4.0,4.0,3.0,3.0,2.0,3.0,3.0,3.0,2.0,3.0,3.0,3.0,2.0,3.0,3.0,3.0,3.0,3.0,3.0,2.0,3.0,3.0,3.0,2.0,3.0,3.0,3.0,3.0,2.0,3.0,3.0,3.0,2.0,3.0,2.0,2.0,2.0,2.0,2.0,3.0,4.0,4.0,2.0,3.0,2.0,2.0,3.0,4.0,2.0,2.0,2.0,3.0,2.0,2.0,3.0,4.0,2.0,4.0,3.0,4.0,4.0,5.0,4.0,5.0,4.0,5.0,3.0,4.0,"好书推荐
　　我要向大家推荐一本好书—《你是我的真朋友》。这本书是长江少年儿童出版社出版的，也由韩国作家房美珍·著，崔贞仁·绘，南权萍·译。主要是锻炼同学们的交往能力。
　　大家知道交朋友的秘诀是什么吗？就是交朋友要有三颗心，它们是：“敞开的心、乐观的心、善良的心。'
　　乐观的心就是乐观地想自己处境的心。把危机想成机会，那就是乐观心态的重点。
　　善良的心和书面的意思一样，是喜欢人、珍惜人、尊重人的心。
　　敞开的心是主动交朋友的心，也是宽容、大度的心。
　　看完这本书之后，我懂得了：“在朋友伤心的时候要安慰他，朋友需要帮助的时候帮助他，自己答应朋友的事要做到它，不能欺骗朋友，不能嘲笑朋友，因为我知道只有自己真心对待朋友，朋友才会真心对待自己。”
　　好书就介绍到这里，希望在以后的生活中，大家都能和好书交上朋友，让好书成为我们进步的阶梯。",《好书推荐》
150537,3.0,3.0,4.0,4.0,4.0,4.0,3.0,4.0,3.0,3.0,2.0,3.0,3.0,3.0,2.0,3.0,2.0,3.0,2.0,2.0,2.0,2.0,2.0,2.0,4.0,3.0,4.0,3.0,3.0,2.0,3.0,3.0,2.0,2.0,4.0,3.0,4.0,4.0,3.0,4.0,3.0,4.0,3.0,2.0,2.0,2.0,3.0,3.0,3.0,2.0,3.0,2.0,3.0,3.0,3.0,2.0,3.0,3.0,3.0,2.0,3.0,3.0,3.0,5.0,3.0,4.0,2.0,3.0,1.0,4.0,"李阿姨
　　我们小饭桌的李阿姨的身高大概有160厘米高，她的身体看上去非常瘦弱，我们之所以叫她阿姨是因为她的年龄较大，但还没大到叫奶奶的地步。但别看她的年龄有些大，她可还是一头黑发呢，只可惜没有年轻人那么乌黑发亮，但至少没有几根白发。她的眉毛不粗不细，正下方不是炯炯有神的双眼，而是因年迈而垂下来的眼皮，但她还是尽力把双眼睁大一些，有神一些，她有些裂开的嘴唇说话却很利索，一逗她开心，她就会笑容满面，但会出现一些皱纹。她有时会穿着一件薄棉衣接送孩子，有时到做饭的时候她会再围一个围裙。走进厨房，用她那双龟裂、粗糙但神奇的手做出一道道美食，让我们大饱口服。她还有一条神奇的运动裤和一双神奇的运动鞋，穿上它们之后，每次放学去接我们她从来都不会迟到，每次在楼下和我们一起玩儿耍的时候儿，从来都不嫌累。李阿姨真是一个精力充沛又和蔼可亲的人！",《李阿姨》
150610,4.0,4.0,4.0,4.0,5.0,5.0,5.0,5.0,5.0,5.0,4.0,4.0,4.0,4.0,4.0,4.0,3.0,3.0,4.0,2.0,4.0,4.0,4.0,4.0,4.0,4.0,2.0,2.0,2.0,2.0,3.0,3.0,2.0,2.0,3.0,3.0,3.0,3.0,4.0,4.0,4.0,4.0,4.0,4.0,4.0,4.0,4.0,4.0,4.0,4.0,3.0,3.0,3.0,3.0,4.0,4.0,4.0,4.0,2.0,2.0,4.0,4.0,4.0,5.0,5.0,5.0,5.0,5.0,4.0,3.0,"我来到了神秘的音乐王国(片段)
　　我醒来一看，“怎么，怎么房子、树、花、动物，都变了，不是吧？我来到了音乐王国！”算了，既来之，则安之吧。我去了公园，发现路是五线谱做的，一跺就会发出相应的声音，楼是低音鼓做的，门一关就会发出不同的鼓声，树、花、草都是4分音符，猫是3分音符，一叫就会发出“me”的声音，太阳是鼓，月亮是小号，虫子的鸣唱组成了一支奥斯卡管乐乐队。随着一天的奇遇，夜幕降临了。夜来香开了，昙花也开了，每种花开的时候都会奏出一段美妙的曲子。夜莺开始鸣唱，青蛙开始叫，不禁让我想到了一首诗：“稻花香里说丰年，听取蛙声一片。”伴着动物们的“大合唱”神秘的音乐王国又陷入了深睡。“嘿！起床了”妈妈叫起了我，不是吧，这是个梦！?",《我来到了神秘的音乐王国》
130112,4.0,4.0,5.0,4.0,5.0,4.0,4.0,3.0,4.0,4.0,4.0,3.0,4.0,3.0,5.0,3.0,4.0,3.0,5.0,3.0,4.0,3.0,4.0,3.0,5.0,3.0,5.0,3.0,4.0,3.0,4.0,3.0,5.0,4.0,5.0,3.0,4.0,3.0,5.0,3.0,4.0,3.0,5.0,4.0,5.0,2.0,4.0,3.0,4.0,3.0,5.0,2.0,5.0,2.0,4.0,2.0,5.0,3.0,4.0,2.0,5.0,3.0,5.0,4.0,5.0,4.0,4.0,3.0,5.0,3.0,"可爱的小狗南瓜
　　我姐姐过生日的时候她的好朋友送给她了一只可爱的小狗。由于我姐姐的名字里有南的音，它又长的像南瓜一样圆圆的，所以叫它南瓜。
　　我第一次看见南瓜的时候它还很小，眼睛圆圆的，耳朵耷拉着，非常可爱。它的毛是米白色的，耳朵，鼻子和后背泛着黄色。它的尾巴短短的，总是向上翘着。它的爪尖很短，挠大痛别人。
　　有一次我和她玩，我一蹲下它立马就跳上来把爪子放在我的腿上，吓了我一跳。还有它最喜欢咬拖鞋，我一把拖鞋扔出去它就扑上去狠狠的咬个痛快。还有一次姑姑拿了个小布带逗它，它发出了自打出生以来的第一声汪汪叫，很响亮。
　　我很喜欢姐姐的小南瓜！",《可爱的小狗南瓜》
140617,4.0,4.0,4.0,3.0,4.0,4.0,4.0,5.0,3.0,4.0,3.0,4.0,3.0,4.0,3.0,3.0,4.0,3.0,4.0,3.0,4.0,3.0,3.0,3.0,4.0,4.0,4.0,3.0,4.0,3.0,4.0,3.0,3.0,3.0,4.0,4.0,4.0,4.0,4.0,4.0,4.0,4.0,4.0,4.0,4.0,3.0,3.0,3.0,4.0,3.0,3.0,3.0,4.0,3.0,3.0,3.0,3.0,3.0,4.0,4.0,4.0,3.0,5.0,4.0,5.0,4.0,5.0,4.0,5.0,3.0,"一抓准张
　　在卖糖的行业里，绝对就有抓糖这个词，抓糖的“张秉贵”排行第一。而且有第一没第二，第三差着十万八千里。北京百货大楼是当时全国最繁华的商业中心，客流量大，东西特别多，有好多商店没有的东西这儿都有。因为这儿的东西多而全，所以慕名而来的人有很多，常常排起很长的队伍。有一次两个女顾客对他说“服务态度特好，就是动作太慢”。张秉贵听见后，便下决心苦练售货技术和心算法，终于练成了“一抓准”“一口清”的本领，例如你要四两他抓四两分毫不差，而且马上报出价钱，令人称奇。后来他还发明了“接一问二联系三”的工作方法在接待第一个顾客时，问第二个顾客要买什么，同时问候第三个顾客。而且张秉贵特别爱干净，他坚持每月理发每天刮胡子、换衬衣，擦皮鞋。因为他认为，站柜台就得有个干净利落的精神劲儿！
　　张秉贵你那工作热情与一手的绝活儿，让我赞美不已！",《一抓准张》
150306,4.0,3.0,4.0,4.0,4.0,4.0,4.0,3.0,4.0,4.0,4.0,4.0,3.0,3.0,5.0,3.0,4.0,3.0,4.0,4.0,4.0,3.0,4.0,4.0,4.0,5.0,4.0,5.0,4.0,5.0,4.0,3.0,4.0,4.0,4.0,4.0,4.0,4.0,4.0,4.0,4.0,4.0,4.0,4.0,4.0,3.0,4.0,3.0,4.0,4.0,4.0,3.0,4.0,4.0,4.0,3.0,4.0,4.0,2.0,2.0,3.0,3.0,4.0,5.0,4.0,5.0,3.0,5.0,4.0,4.0,"拖“堂”李天王
　　李老师，是我们的英语老师。她戴着一双圆框的眼镜，小小的眼镜后面，则是李老师米粒般大小的眼睛。她常常身穿一件深色连衣裙，她还有一双能把地都踏的快塌下来的高跟鞋。但是李老师最大的特点还是她最爱拖堂！
　　“哎”我又一声叹息，“作业又没写完，又要被老师骂一顿了……”我坐在家里垂头丧气的说，我的声音好似老鼠说话，因为要是让妈妈知道就完蛋了！妈妈一如既往的载着我来到楼前。我走上电梯，按了“10”层。可是我却觉得电梯变成了一个小火箭，“咻”的一下就到了。我犹豫的走向教室的门，推开——只见李老师阴冷的坐在里面。“老师，我——没写完作业。”我提心吊胆的说，“那就在这写完吧？”李老师严肃的说。
　　课程时间是三个小时，我一点也没听进去，我很快挨到了下课，教室里只剩下我和老师，我写呀写，仿佛时间停止了一样。写完后，我被老师骂了一顿，“下次你再敢不写作业，我就从教室里给你踢个30米远！”“你等着，方强！”老师头也不抬生气的走出了教室。可是我一走出教室瞬间就愣住了。我看见一个差不多5岁的小女孩，手里抱着个洋娃娃，眼圈红红的，垂着头，叹着气，双腿无力地摆动着，真可怜！我越看她越熟悉，眼睛瞪的圆圆的，原来她就是李老师的小女儿Sehnina呀！
　　我恍然大悟，李老师为了我们的学业，竟然没有照顾她自己的女儿！天底下又有几个人能做到这样呢？“严师出高徒”，老师管的越严，越有耐心，教出的学生就是治国之才！于是我下定决心，一定要好好听课，努力做作业，做李老师的骄傲！
　　这就是我最敬佩的老师，“拖堂李天王”李老师。",《拖“堂”李天王》
150508,4.0,4.0,4.0,5.0,4.0,5.0,3.0,3.0,4.0,4.0,3.0,2.0,3.0,3.0,4.0,2.0,4.0,2.0,4.0,2.0,4.0,3.0,4.0,4.0,4.0,3.0,5.0,4.0,4.0,4.0,4.0,3.0,4.0,2.0,4.0,4.0,3.0,4.0,4.0,4.0,4.0,4.0,4.0,3.0,4.0,4.0,4.0,4.0,4.0,3.0,4.0,4.0,4.0,3.0,4.0,4.0,4.0,4.0,2.0,2.0,3.0,5.0,5.0,5.0,5.0,5.0,4.0,4.0,4.0,3.0,"我的奶奶（片断）
　　我的奶奶是一位80来岁的老人，她中等个头，花白的短头发，白白的脸颊上有几块老人斑。奶奶的眼睛显得有些浑浊，看东西的时候总是眯着眼，还怕强光。原来奶奶的眼睛做过白内障手术，现在已经好多了，不过看东西还是有些模糊。奶奶一笑，露出一口整齐洁白的牙齿，你千万不要以为这是真牙，其实奶奶只剩下一颗自己的牙了，奶奶取下假牙两边的脸颊立马凹了进去，原来饱满的脸一下子变成了干瘪的脸。奶奶的腿变形成外八字的罗圈腿，走路看起来非常吃力，总是杵着拐杖，一小步一小步地往前蹭，走几米就需要停下来歇息。看着奶奶老态老钟的样子，我以后会多多照顾奶奶的。",《我的奶奶（片段）》
160143,4.0,4.0,3.0,3.0,3.0,3.0,3.0,4.0,4.0,3.0,4.0,3.0,3.0,3.0,3.0,3.0,3.0,3.0,4.0,3.0,4.0,4.0,4.0,3.0,4.0,4.0,4.0,3.0,4.0,4.0,3.0,4.0,4.0,4.0,4.0,3.0,4.0,3.0,4.0,4.0,4.0,4.0,4.0,4.0,3.0,3.0,4.0,4.0,4.0,3.0,3.0,3.0,3.0,3.0,3.0,4.0,4.0,4.0,4.0,4.0,4.0,3.0,4.0,3.0,4.0,4.0,2.0,3.0,2.0,3.0,"自己的命运自己掌握
　　我坐在公园的椅上，向不远处抛洒面包，不一会儿天上就会飞下来许多小麻雀。看着它们的样子，真是小巧又可爱啊！不禁想起暑假中发生的趣事，还让我收获了一个道理。
　　一天散步中，我和姥爷发现了几只小麻雀，它们正在觅食，似乎很认真，姥爷窜了过去，往那一扣，我非常好奇，飞快的跑过去，心急的问道：“姥爷！姥爷捉到了吗？”姥爷把手弄到外面一点，猛然露出了一个小脑袋，它的小脑左顾右盼，还拼命的叫着。回到家，我们就把它关进笼子中，它尖叫着，想要出去，但它发现没用时，也就不叫了。在笼中我放了些面包和水。但小麻雀并不吃，而是自己到一个角落卧在那里。当我第二天再去时，它还是在那个地方一动不动，我心想小麻雀会不会死，我抱着内疚的心情，轻轻晃动笼子，小麻雀马上扑打翅膀，我提着的心，这才放了下来，可食物和水一口也没动，是食物不对胃口吗？这次我给它换上几颗坚果和一些熟肉，我想这回可以吃了吧！但当我第三天的时候，它的头朝向窗外，已经奄奄一息。这时我心软了，原来它需要自由啊。我把它放在一块平地上，看着它慢慢的飞走了，和其它鸟儿一起在蓝蓝的天空上飞翔。它又活蹦乱跳，展翅高飞了。
　　当我回到家时，我明白了一个道理，自己的命运自己掌握，当它吃我食物的那一刻，就已经向人类屈服了，永远也不能展翅高飞，自己的每一个选择都可能改变自己的命运。将来怎样也都在自己手中。这件事虽小，可深深影响了我，让我受益无穷。",《自己的命运自己掌握》
150118,4.0,3.0,4.0,4.0,5.0,3.0,4.0,3.0,4.0,3.0,4.0,3.0,4.0,3.0,5.0,3.0,4.0,3.0,3.0,3.0,4.0,4.0,3.0,4.0,3.0,3.0,4.0,3.0,3.0,3.0,4.0,3.0,3.0,3.0,4.0,3.0,4.0,3.0,3.0,3.0,4.0,3.0,5.0,3.0,3.0,3.0,4.0,3.0,4.0,3.0,3.0,3.0,3.0,3.0,3.0,3.0,4.0,4.0,2.0,4.0,3.0,3.0,5.0,4.0,5.0,4.0,4.0,4.0,5.0,3.0,"读《城南旧事》有感
　　“夏天过去，秋天过去，冬天又来了，骆驼队又来了，但童年却一去不还。”是啊，我们马上要告别童年，在最后几年的童年时光中，我读了林海音女士的《城南旧事》。
　　英子随爸爸妈妈从日本来到北京，在北京的时光里，英子在不同的地方遇上了不同的人，在惠安馆前的“疯子”秀贞，老是被打被骂的好朋友妞儿，在草丛中的“小偷”，放弃自己的孩子给别人当奶妈的宋妈，爱种花草但英年早逝的爸爸，但都因时光飞逝中离去。
　　让我印象最深的就是惠安馆，这一章写的是英子一家初到北京时，对门是惠安会馆，里面有一个公认的“疯子”，但英子竟然去找秀贞去玩，英子得知，秀贞是因为自己的女儿刚出生就被丢弃在了齐化门，是因为这一件事秀贞才“疯”的，英子为了不让秀贞难过，说要找回秀贞的女儿小桂子，让我大吃一惊的是，好朋友妞儿竟然就是小桂子，英子不惜自己的生日礼物钻石表和金手镯给了她们当钱花，让我发现了她们的友情。
　　读了这本书，我发现英子那个年代虽没有手机，但是却比我们自由的多，我们放了学就有课外班，学校有的地方讲的不够深，若没有课外班就不明白，但我们要记下童年，不让它们流走。
　　读《城南旧事》，我知道了要以自己的眼光，去看人，还有珍惜童年的时光。",读《城南旧事》有感
150312,3.0,4.0,4.0,4.0,3.0,3.0,3.0,4.0,3.0,4.0,4.0,3.0,4.0,4.0,4.0,4.0,3.0,3.0,3.0,4.0,3.0,3.0,3.0,3.0,4.0,3.0,4.0,4.0,3.0,3.0,3.0,3.0,3.0,3.0,3.0,4.0,3.0,4.0,5.0,3.0,4.0,3.0,4.0,4.0,4.0,3.0,4.0,3.0,4.0,3.0,3.0,3.0,4.0,3.0,3.0,3.0,4.0,4.0,4.0,3.0,3.0,4.0,4.0,4.0,4.0,4.0,3.0,4.0,5.0,4.0,"我的朋友
　　我的朋友比较文静，她总是把桌子整理的干干净净，然后放好用具，再拿出一本自己喜欢的书来看。她下课也从不下楼玩，而是在座上做着当天的作业。
　　记的第一次见面，爸爸跟我说要见一个新朋友，我很高兴，到处找我的新朋友。突然后面传来了说话声。我忙回头看，我看见我爸爸和她妈妈在说带我们去玩的事，我很高兴。这时我也找到了我的朋友，她长着一双大大的眼睛瘦瘦的鼻子和又红又小的嘴。梳着一条高马尾辫，显得很精神。她穿着一条白蓝背带裙，一条牛仔裤和一双黑色的运动鞋，这套衣服显的她有些活泼又有些顽皮。再看表面上又有一点羞涩，总之她是一个让我不知所措的人。
　　我们到公园了一开始我们都不认识，而且她似乎也更想一个人待着。但我又不想失去一个新朋友，就只好一直跟在她的后面，她到那我去哪。她好像己经有些生气了，所以我明白不能再等了，所以我鼓起勇气走上前问到：“我们能做朋友吗？”她坚定地回答：“当然可以！”她回答的这四个字就说明我们已经是朋友了，但我们还不熟悉，所以我只好又跟在她后面走。突然她来了个急刹车，我却没有刹住，直接撞在了她身上。我们笑呀笑，从那时起我们才成为了真正的朋友。
　　我的朋友很文静，很活泼但有些内向。我们是最好的朋友。",《我的朋友》
140413,4.0,4.0,4.0,4.0,5.0,4.0,4.0,4.0,4.0,3.0,5.0,4.0,5.0,4.0,3.0,3.0,4.0,4.0,4.0,4.0,4.0,3.0,4.0,3.0,4.0,4.0,4.0,4.0,3.0,4.0,3.0,3.0,5.0,3.0,4.0,4.0,4.0,4.0,4.0,4.0,4.0,4.0,4.0,4.0,4.0,3.0,4.0,3.0,4.0,3.0,3.0,4.0,5.0,3.0,4.0,3.0,4.0,4.0,2.0,3.0,5.0,3.0,4.0,4.0,4.0,4.0,5.0,4.0,4.0,4.0,"凤仙花
　　3月初，我在我家的阳台上种了许多凤仙花，一走进阳台，就仿佛是走进了一个花园，到处都是凤仙花。
　　凤仙花刚长出来的小芽是嫩绿的，只有0.5厘米。但是过不了几天，小芽就长高了，也能清楚的看到有两片椭圆形的叶子长在上面。慢慢的，可爱的小芽长成了笔直的叶杆，就像一位士兵，挺拔的站着。然而，随着叶杆的增高，叶子也成双成对的跟着往上长。差不多在4月中旬的时候，凤仙花长出了花骨朵，一个个花骨朵就像一个个小铃铛，样子非常有趣。不久，就绽放出了粉色的花朵，整个阳台都被清香所包围。之前我听别人跟我说过，这种花也叫指甲花，可以用来染指甲，当时我非常好奇：“花也能用来染指甲？”于是，我就摘下来了几片花瓣，自己证实了一下。果然，这种花染出来的指甲不仅没有呛鼻的味儿，而且还不会一蹭就掉。凤仙花每天早上都能带给我惊喜，每天都有一个花骨朵绽放出美丽的花朵，但是每朵花的花期却很短，差不多一天左右它就枯萎了。
　　通过观察凤仙花我知道了，每一个动物和植物都是一个小生命，它们都有自己的特点和作用，虽然它们的生命都很短暂，来去匆匆，但是却给我们带来了无限的欢乐，也教会了我们要热爱生活。",《凤仙花》
150308,4.0,3.0,5.0,4.0,4.0,4.0,4.0,3.0,5.0,4.0,3.0,3.0,3.0,3.0,5.0,5.0,4.0,3.0,4.0,5.0,4.0,4.0,4.0,3.0,5.0,4.0,5.0,4.0,4.0,4.0,4.0,3.0,4.0,4.0,4.0,4.0,3.0,3.0,4.0,4.0,4.0,3.0,4.0,3.0,5.0,3.0,4.0,4.0,5.0,4.0,4.0,3.0,4.0,3.0,4.0,3.0,5.0,4.0,2.0,2.0,3.0,3.0,4.0,5.0,5.0,5.0,5.0,4.0,4.0,3.0,"酷爱捡破烂的老爷爷
　　在我们小区有一位老爷爷，他杵着一根粗树棍作为他的拐杖。他的上半身与地面平行，整个身体成90°。这位老爷爷冬天戴着毛帽子，夏天不戴帽子，只见他的头顶光秃秃的，只有黑红黑红的光光的头皮，头部四周是白白的头发，听我奶奶说老爷爷已经90多岁了。
　　老爷爷与我家住在同一个单元，他家住一楼，我家住五楼，我在楼下经常碰见他，他弓着腰走路很艰难，只见他借助拐杖的力量两只脚一小步一小步的移动，半天才能迈开一步，别看他这么大年纪，走路这么困难，可是他却天都会捡破拦，不论晴天雨天总能见到老爷爷推着三轮车摇摇晃晃的移动到垃圾桶，把三轮车停稳，他就开始在垃圾桶里翻他的“宝贝”。我有时会从我家五楼窗户观察他怎么翻垃圾的，只见他从上到下翻的很仔细，随着往下翻的越深，老爷爷的头埋在垃圾桶里越深，最后他的整个头都埋进垃圾桶里了。翻完“宝贝“他会放在三轮车上，一瘸一拐的把车推回到他家窗下，他家窗下总是堆着破烂。
　　我家刚搬到这里时，我觉得老爷爷很可怜，那么大年纪了，还捡破烂。后来妈妈说老爷爷的儿子其实是很孝顺的，他们也不愿老人家去捡破烂，但是老爷子就喜欢捡破烂，谁也劝不了，甚至谁劝跟谁急。随着时间的推移，我也感受到老爷爷对捡破烂的热爱，因为每次我把家里的纸板塑料瓶送给他时，他都非常开心，连夸我是好孩子。另外谁要是敢动了他的破烂他就跟谁没完，有一个周末的下午我在家写作业时，突然听见楼下传来阵阵骂声，听了半天才听明白，原来是谁动了老爷爷的纸板，惹得他至少骂了半小时，那声音很有穿透力呢。
　　这就是那酷爱捡破烂的老爷爷。",《酷爱捡破烂的老爷爷》
140701,4.0,4.0,5.0,5.0,4.0,4.0,5.0,5.0,5.0,5.0,4.0,4.0,4.0,4.0,3.0,3.0,3.0,3.0,5.0,4.0,5.0,3.0,4.0,5.0,5.0,3.0,5.0,5.0,5.0,4.0,4.0,3.0,5.0,5.0,4.0,4.0,4.0,5.0,4.0,4.0,4.0,4.0,5.0,5.0,4.0,4.0,4.0,3.0,4.0,4.0,4.0,5.0,3.0,3.0,3.0,3.0,4.0,4.0,2.0,2.0,4.0,4.0,5.0,5.0,5.0,5.0,4.0,4.0,3.0,3.0,"校园一景
　　我今天介绍的校园一景是美丽的紫藤架。
　　春天紫藤架上长满了绿叶，它好像给我说：“春天来了！”春天我来欣赏紫藤架。
　　春天的紫藤架好像是一个绿色的碧玉，还像一片绿色的云朵，树干有的时候像正在跳舞的人类，有时又像一位歌唱家，有时又像唱戏的净角，有时又像一位正在手舞足蹈的作曲家。
　　夏天的紫藤架树叶都像被蓝草染过一样，树叶比碧玉绿的多，比苍天大树的树叶还要密，它的树干很特别像疯狂的科学家，像波涛汹涌的海浪，像美丽的水花，非常美丽。
　　秋天的紫藤架的叶子有的像一堆一堆的被太阳染红的云朵，有的像黄色的蛋糕，紫藤架的果子也别具格，像小孩一样活蹦乱跳，有的又像炸弹。
　　冬天雪覆盖这树枝，就像一堆堆白花。
　　校园的紫藤架非常美丽。",《校园一景》
160824,4.0,4.0,5.0,4.0,5.0,4.0,3.0,4.0,4.0,4.0,3.0,4.0,4.0,4.0,3.0,4.0,5.0,4.0,5.0,4.0,4.0,3.0,3.0,3.0,4.0,4.0,3.0,4.0,3.0,3.0,3.0,3.0,3.0,3.0,3.0,4.0,3.0,3.0,3.0,4.0,4.0,4.0,3.0,4.0,5.0,4.0,3.0,4.0,4.0,4.0,3.0,2.0,4.0,3.0,2.0,2.0,4.0,4.0,2.0,2.0,4.0,4.0,5.0,4.0,5.0,4.0,4.0,4.0,4.0,3.0,"难忘的艺术节
　　光阴似箭，日月如梭，一瞬间，我的小学生涯即将结束，六年的光阴即将离我而去，回想起我们五年级艺术节时团结一心，齐头奋进的场面使我终身难忘。
　　五月在百花盛开、阳光灿烂的日子里，我们学校的艺术节开始了，我们最重要的项目就是合唱。在我们班合唱团的带领下我们与我们班的乐团成员进行伴奏演唱《最美的期待》，可是，我们就在为我们的歌声而欢呼时，乐团的同学焦急的说：“咱们声音太低了加上结尾不齐，根本达不到预期效果。这句话如同一盆凉水泼到了我们滚烫的心中。于是，我们开始群策群力，我们想出的唯一合理的方法就是让领唱们一起唱，可是领唱们哭着说：我们本来是最突出显眼的位置，你们这一变我们不就不显眼了吗？但是，为了荣誉领唱也甘愿做为一片“绿叶”。
　　为了荣誉我们一遍遍地磨，一遍遍调整。噪子哑了，我们互相鼓励；坚持不住，我们互有开导；灰心丧气，我们互相劝说。因为我们相信：“众人拾柴火焰高。坚持就是胜利！”
　　日子在不声不响中一天天过去了，我们到了合唱比赛的日子，我们大声歌唱着我们少年的期待；歌唱着我们的明天；歌唱我们身旁的这群伙伴；让我们的歌飘扬我们的学校！在说排名的时候，我们自豪的对其他班说：“我们是全年级的第一！”因为他们不知道我们合起来后的坚硬？因为他们不知道我们众志成城的决心背后付出的辛劳。
　　我们曾是并肩作战的队友，曾是无话不说的朋友也曾是和平相处的对手但我们终究是心连心的朋友！著名诗人王勃曾说过：“海内存知己，天涯若比邻。”我们风雨同舟了六年，我们的身体虽然分开，但我们的心是永不分离的。地球为什么是圆的？就是让这些情如手足的人再次在这片湛蓝色的天空下相见，再次说起小学六年的时光。",《难忘的艺术节》
130601,3.0,3.0,4.0,5.0,4.0,3.0,3.0,3.0,4.0,4.0,2.0,2.0,3.0,3.0,3.0,3.0,1.0,3.0,4.0,4.0,3.0,3.0,2.0,2.0,4.0,4.0,2.0,2.0,3.0,3.0,3.0,4.0,3.0,3.0,4.0,3.0,2.0,4.0,4.0,3.0,4.0,4.0,4.0,4.0,4.0,4.0,4.0,4.0,4.0,3.0,3.0,3.0,2.0,3.0,2.0,2.0,3.0,3.0,2.0,2.0,4.0,4.0,3.0,5.0,4.0,5.0,5.0,5.0,4.0,4.0,"可爱的水母
　　今天我们一起去海洋馆玩儿，观看表演后，我们四人一小组仔仔细细地观察了水母。
　　水母的头部是半圆形的，没有眼睛，没有嘴巴，它的身体呈伞状，主要是由百分之九十五的水分和少量的蛋白质等组成，长着无数的触角，体长大约有二三十里米长。水母有很多种类，有的身体不透明，有的身体透明，还有的能分泌一种物质使身体变得五颜六色。水母在水里游动，像一个个小小的降落伞，一会儿缓缓上升，一会儿缓缓下降，这时，最漂亮的要数水母的触角了，就像飘落水中的桃花在表演花样游泳，又像天上的流星在水中闪烁。真是一群可爱的水母。",《可爱的水母》
130236,2.0,3.0,4.0,4.0,2.0,3.0,2.0,3.0,3.0,3.0,2.0,2.0,3.0,3.0,2.0,2.0,3.0,3.0,3.0,3.0,2.0,3.0,2.0,3.0,3.0,3.0,4.0,3.0,3.0,4.0,3.0,4.0,2.0,3.0,2.0,2.0,2.0,3.0,2.0,2.0,2.0,3.0,4.0,3.0,2.0,2.0,2.0,2.0,2.0,3.0,2.0,3.0,2.0,2.0,2.0,3.0,2.0,2.0,2.0,2.0,3.0,4.0,3.0,3.0,3.0,4.0,3.0,3.0,4.0,4.0,"我学素描
　　我二年级的时候，爸爸给我报了个素描班，老师是A大学的学生，姓：“王”。
　　王老师教我画静物的时候说：“画静物的时候近的地方就画地大一些，远的地方就画地小一些，还有灯光亮的地方就用HB铅笔来画，灯光暗的地方就用2B、4B、6B或者8B来画，”一开始我画正方体的时候横和竖都画不直，于是我问王老师：“画素描不能用尺子吗？”王老师说：“当然不能，画素描就是练你能不能横平竖直地画。”后来我在素描纸上练了好久才能画地横平竖直，王老师为了奖励我，就送了我一包卡通贴画。
　　通过上素描班的学习，我懂得了要想学会一项本领，就要认真听老师讲，虚心学习。",《我学素描》
140324,3.0,3.0,2.0,2.0,2.0,3.0,4.0,3.0,2.0,3.0,3.0,3.0,2.0,3.0,3.0,3.0,4.0,3.0,3.0,3.0,3.0,3.0,3.0,3.0,3.0,3.0,4.0,4.0,2.0,3.0,2.0,3.0,4.0,4.0,2.0,3.0,2.0,2.0,4.0,3.0,3.0,4.0,5.0,4.0,3.0,3.0,3.0,3.0,4.0,3.0,2.0,3.0,3.0,2.0,2.0,2.0,3.0,3.0,2.0,2.0,2.0,3.0,5.0,4.0,5.0,4.0,3.0,3.0,3.0,3.0,"文具一家
　　在一个漂亮的家里生活着一家人，老大是铅笔盒、老二是铅笔、老三是尺子、最小的是橡皮，橡皮一直在想一个问题他们都能为主人干活的事，那我的呢？
　　我到这里看看，小橡皮快跟我走，再不走就被训了，女主人说：“你这个橡皮迟到了，你给我出去！”小橡皮走了。他又去了一位she4影师家，他家只要他的哥哥尺子。小橡皮又走了，这回他去了一个美丽的王国那里又一个女员工要文具送给他孩子，但他只要他的姐姐铅笔盒，小橡皮运气真差呀！没办法，去了一个吃的王国，那里的一个棒棒糖要一点儿文具，可是他只要铅笔，小橡皮只能回家了，到了第二天，有一个小女孩就差橡皮了，小橡皮愿意为她干活,7岁的小女孩和橡皮过上了快乐生活。
　　每一位人都会有一个特点，如果你没找到你的特点千万不要灰心，你的特点在路上等你呢！",《文具一家》
160444,4.0,4.0,4.0,4.0,4.0,5.0,4.0,3.0,4.0,4.0,5.0,5.0,5.0,5.0,3.0,3.0,3.0,3.0,4.0,5.0,4.0,4.0,4.0,4.0,4.0,4.0,4.0,3.0,4.0,3.0,3.0,3.0,4.0,3.0,4.0,3.0,4.0,4.0,4.0,4.0,4.0,4.0,4.0,5.0,4.0,4.0,4.0,5.0,5.0,4.0,4.0,4.0,4.0,3.0,4.0,3.0,4.0,4.0,4.0,5.0,5.0,5.0,5.0,4.0,2.0,3.0,3.0,4.0,4.0,5.0,"内心的力量
　　我学画已经很多年了，从学习不同画法的经历中，我感受到内心的力量。
　　有一天，我妈突然给我报了一个素描课，前面几课都非常简单，我一节课不但能画完一整个，而且老师一看必过，每次还把我夸的轻飘飘的.每次看到别的同学一遍又一遍的画，却又过不了关，心里很奇怪，这么简单都过不了关？心里便沾沾自喜。
　　终于，困难来了。
　　我画完了眼睛、鼻子、耳朵、侧脸，开始画一个完整的，带阴影的脚，看着虽然有点难但我想按部就班的画，就能过关了！一节课过去，老师来检查我的画“不行，重画”“大小比例完全不正确！看看书上，再看看你的”没事，这也是我第一次画，画不好很正常嘛！老师也不鼓励我一下！我心里埋怨着。
　　第二节课过去了，老师又来检查我的画，“你看，没画辅助线的结果看出来了吧！这样的角度对么？”又开始碎碎念了，我暗暗腹诽。
　　下一次课，老师按例又来了，“知道吗，上课是来素描的，不是涂鸦的，阴影是为了体现立体感，自己看，画了这么多的阴影，体现立体感了吗？”我听了，既沮丧，又着急，心想：“哎呀！我什么时候才能画好呀？”正在这时，姐姐一脸兴奋的叫我：“Emily，看过来一下”，我一脸不解的慢慢走过去，她举起作品“好看吗？”那幅画好看极了，画的是一个人的手臂，就像活生生的真人的手臂，仿佛真的有血液在里流动，她是怎么画的这么好的呢？我一直观察她，一上课，就把自己的全身心都投入进去，一会儿，有两个淘气的女生说话，我侧耳听着，又看看姐姐，她还是在画画，一会儿老师进来了，我看看姐姐，她还是在画画，好像没有看，好像没有看到我们一样，果然，只有认真坚持，才能画好，再看看我的画，的确有许多不足的地方我按着老师的要求，一笔一画的将它画好了，老师来检查我的画时，果然不出我所料，老师又夸我了。
　　从此以后，我在素描班越来越得心应手。因为，我已经找到了方法，我也知道了自己内心的强大，更加明白美术是内心的战场，要打胜先要赢了自己的心。",《内心的力量》
160811,3.0,4.0,4.0,5.0,4.0,5.0,4.0,3.0,4.0,4.0,3.0,3.0,4.0,4.0,3.0,4.0,3.0,3.0,3.0,3.0,3.0,4.0,3.0,3.0,4.0,3.0,4.0,4.0,3.0,5.0,3.0,4.0,3.0,4.0,4.0,3.0,3.0,3.0,3.0,4.0,3.0,4.0,3.0,4.0,3.0,4.0,3.0,4.0,3.0,4.0,2.0,4.0,3.0,3.0,2.0,3.0,3.0,4.0,2.0,2.0,3.0,3.0,3.0,5.0,3.0,5.0,3.0,3.0,2.0,3.0,"难忘的小学生活
　　小学生活要结束了，光阴似箭，日月如梭。在小学期间与同学们相处的日子里我认识了许许多多的好朋友，他们关心我，爱护我，对我甭提有多好了，我心中充满了深深的留念之情。
　　记得小学三年级的一个中午，吃完饭和同学去楼下的操场玩耍，玩到一半我被当时五六年级的大哥哥绊了一跤，右手手骨折，在住院期间，有的同学来医院看望我，给我了巨大的鼓励与鼓舞。出院后由于不能去学校，只好在家里学习，在无所事事的时候我会试着用左手来画画，起初我试画了一个爱心，由于我不是左撇子，写，画出来的根本不是我想要的，甚至画的什么都不是，看着自己画出不流畅的线条，心里非常不舒服。我反复的练习可依旧没有画出自己想要的我开始改画直线，完美的线条，我又是伤心又是急躁。就在这时妈妈来了给我了一个平板，让我用左手去描上面的字，以后就可以熟能生巧了，听了这一番话让我充满了信心，可在我放下来平板开始用笔在A4纸上画画时，并没有自己想要的线条，这时我伤心极了，为什么我在平板上画的那么好，在纸上就不行了呢？为什么？为什么？我开始因烦躁哭了起来，哭了一会儿，我想到画画是自己的梦想是自己的人生目标，不可以放弃。之后我去请教了我的爸爸，因为他小时候是左撇子，后来才改用右手写字的，爸爸说：“你啊，不坚持怎么行呢？”我开始不停的练习，结果我克服了困难，成功的画出了笔直的线条，获得了一番成果。
　　这件事是六年中一件难忘的过往，但也教我很多，一瞬间，难忘的小学生活就要结束了，感谢母校给我种下的梦想的种子，感谢老师和同学们六年给我的帮助，它们组成了我美好的童年。
　　啊！小学的生活丰富多彩，小学生活快快乐乐，我永远也不会忘记我的小学。",《难忘的小学生活》
150330,4.0,4.0,5.0,4.0,5.0,4.0,4.0,4.0,4.0,4.0,2.0,3.0,4.0,3.0,3.0,3.0,3.0,3.0,5.0,3.0,4.0,3.0,3.0,3.0,5.0,3.0,5.0,3.0,5.0,3.0,3.0,3.0,4.0,3.0,5.0,3.0,3.0,3.0,5.0,3.0,5.0,3.0,5.0,2.0,5.0,3.0,5.0,3.0,5.0,3.0,2.0,2.0,4.0,2.0,4.0,2.0,5.0,3.0,2.0,2.0,5.0,3.0,5.0,4.0,5.0,4.0,5.0,4.0,4.0,3.0,"一个聪明的“大富翁”
　　在寒假我去了广州参加足球比赛，在那里我交到了许多的朋友，其中有一个我最喜欢的朋友，他在我眼里就是一个“大富翁”。他是一个爱科学、爱体育、善于思考的二小好少年。第一次见他，他穿着一件朴素、简洁的上衣和裤子，一双五彩缤纷的足球鞋。头上长着一双看似外星人的大耳朵，脸上刻着一双亮晶晶的眼晴，镶着一张樱桃小嘴。体型强壮、身材高大，他的帅气中带着一点阳光，轻松自如。一天跟他聊天，他说自己游戏充了上万块钱，我非常惊讶也非常好奇。
　　这位“大富翁”很有钱。那天聊天我问他：“你这些钱都从哪儿来的？肯定是你家人的吧！”我疑惑地问。他想了一会儿，回答道：“不是，这些钱都是我自己挣的。”我更加疑惑了，心想：怎么可能挣怎么多钱？他看见我那好奇的脸，再次对我说道：“我挣钱不仅是用自己的才能来打工，还通过学习来赚钱。”那时我们上了车，他把我拉了上来，我们坐在了一起，汽车开了我们又聊了起来，我带着一颗好奇的心继续问他，说道：“你是去哪儿打工的，而且怎样还能学习赚钱？”他连忙回答说：“我在家里就能赚钱，我会修手机，就在一个网站上，只要手机坏了；就可以来我这儿修！”他非常自豪，又继续说：“至于学习，我英语好，所以通过英语大赛我得到了许多奖学金。”我对他感到无比敬佩，于是我们休息了一会儿，到站了，下了车回到酒店。他在我心里值得敬佩的位置里已达到了顶端。
　　这场旅行结束，我跟他成了特别好的朋友，一起吃饭、一起聊天、一起踢足球。他虽然看着平凡，但是他的能力无人能比，他用自己的强项和自己喜欢的事赚到了自己人生中梦想的一笔财富，这就是这位聪明的“大富翁”。我校六年级四班叫袁杰的这位同学。他考上了他梦寐以求的学校B附中，我从心里真心的祝福他，祝愿他实现今后的每一个梦想。加油！袁杰！",《一个聪明的“大富翁”》
140420,4.0,4.0,4.0,4.0,5.0,3.0,4.0,3.0,4.0,3.0,5.0,4.0,4.0,4.0,5.0,4.0,4.0,4.0,4.0,3.0,5.0,4.0,4.0,4.0,5.0,3.0,4.0,3.0,4.0,4.0,4.0,3.0,5.0,4.0,5.0,3.0,3.0,3.0,5.0,4.0,4.0,3.0,4.0,4.0,4.0,3.0,5.0,4.0,4.0,4.0,4.0,3.0,5.0,3.0,4.0,3.0,4.0,4.0,3.0,4.0,4.0,3.0,4.0,4.0,4.0,4.0,5.0,4.0,4.0,3.0,"让我能静下心来的文竹
　　有人喜欢艳红的玫瑰，有人喜欢亭亭玉立的水仙，还有人喜欢傲骨斗霜的腊梅……而我且喜欢那茂盛的文竹。
　　今年春节爸爸给我买了一盆文竹，文竹刚买回来的时候很小，过了几天就在叶茎上长出了好多“叶子”，其实那并不是叶子，而是一些脆弱的小针，文竹喜欢温暖、湿润的土壤。
　　文竹从远处看，特别像长的茂盛的竹子，其实文竹并不是竹子。现在我的文竹长的特别茂盛，每天放学回家，一进门就远远地看到了文竹，像一把撑开的绿色小伞，此时的我都会放下书包，走到桌前，轻轻地抚摸它，感觉像一根根长长的羽毛，有深绿色的老枝，还有翠绿色的嫩枝，交织在一起，让人看着那么舒服，那么的可爱。
　　有一天我突然发现在根部，又长出来了一个小芽，芽尖上最初还是一个又高又瘦的茎，过了几天大茎上长出来了一些小茎，小茎逐渐长大，在小茎上又长出来了一些更加细小的茎，最后茎上终于长出了叶子，在老枝里面长出了这么一株嫩绿的枝芽，使的整盆花在光的照射下更加美丽。
　　我喜欢我的文竹，因为它那么的翠绿，文静，像一把把小伞在为我们遮风挡雨。",《让我能静下心来的文竹》
130210,4.0,4.0,4.0,4.0,4.0,4.0,4.0,3.0,4.0,4.0,4.0,3.0,4.0,3.0,4.0,4.0,4.0,3.0,5.0,4.0,4.0,4.0,3.0,3.0,4.0,4.0,4.0,4.0,4.0,3.0,4.0,4.0,4.0,3.0,4.0,3.0,3.0,4.0,4.0,4.0,4.0,3.0,4.0,4.0,5.0,4.0,4.0,3.0,4.0,4.0,4.0,3.0,4.0,4.0,3.0,4.0,4.0,3.0,2.0,2.0,4.0,3.0,4.0,5.0,4.0,5.0,5.0,3.0,5.0,3.0,"我的本领：制作模型
　　我的本领是制作模型，我的模型虽然以前做得不好可现在，我因为经常练习，所以比以前做得好多了，因为我以前觉得模型课特难，可现在，我觉得这几乎就是玩“积木”了。
　　我第一次做模型的时候，我拿起说明书就做，兴奋得就连老师的提示都忘了，我做着做着，我做错了，我只好重新做了，看着大家都笑我做得慢，做得差，我也不知如何是好，只好被笑。还有一次，我做得不太好，大家都说我的卡车做得像“绿毛龟”我的心里面感觉很难过，可我什么也做不好，正在我准备放弃的时候我妈妈说：“如果你放弃的话那你一点做好，做好模型的机会也没有了，如果你一直不放弃的话，你可能还有机会做好模型的呀。所以如果你不放弃的话，你一定会有战果的！”我听了妈妈的话我一直坚持了下来，我每天晚上都练习做做模型，日复一日，月复一月，年复一年我练呀练，终于有一天，我很自豪得把我的模型拿来给大家看。我的战果：“泰坦尼克号邮轮”大家看了之后纷纷点赞……
　　这是我的本领：制作模型，我学到了：坚持就会胜利。",《我的本领：制作模型》
160714,5.0,4.0,5.0,3.0,5.0,4.0,4.0,5.0,5.0,4.0,5.0,5.0,4.0,4.0,5.0,4.0,5.0,4.0,4.0,4.0,5.0,4.0,4.0,4.0,5.0,5.0,5.0,4.0,5.0,4.0,4.0,4.0,5.0,4.0,4.0,4.0,4.0,4.0,3.0,5.0,5.0,4.0,4.0,4.0,4.0,5.0,4.0,4.0,5.0,4.0,3.0,3.0,4.0,3.0,4.0,3.0,5.0,3.0,4.0,4.0,4.0,4.0,5.0,4.0,5.0,4.0,4.0,4.0,5.0,4.0,"读《小天使海带》有感
　　暑假我读了一本书名叫《小天使海带》的书，里面的故事以情动人，生动而流畅，美好而自然。就像一把开启幸福和快乐的钥匙，能够打开世界上最坚固的心门。
　　这是一个和阿尔卑斯山一样美丽的故事。故事的主人公海带虽然是一个孤儿，却有一颗金子般的心。她就像一个天真热情，充满爱心的小天使一样，用她的纯真和善良、帮助人们获得幸福和温暖。故事一开始写了她跟爷爷一起在阿尔卑斯山上生活，过着自由自在的日子。后来海带的姨妈把海带送到城市的一户人家，去陪伴残疾的女孩克拉拉。海带就是一个小天使，给周围人们带来了快乐，幸福和温暖。她让饱经磨难、性情孤僻的爷爷重新回到人群中；让双目失明的奶奶，心中充满了阳光；让失去女儿的医生重拾生命的快乐；让讨厌学习的少年，学会了识字拼读；让苍白无力的少女，在青草和鲜花出中奇迹般地站立了起来。
　　其实在我们日常生活中也有许多“海带”，他们在我们身边默默关爱看我们。记得上次和妈妈去动物园的时候，公交车到人民大学了，车上上来一个30岁左右的女性手里抱着一个1岁半左右的小女孩一直哭着。车上的售票员阿姨给了她一个吃的，小孩子立马不哭了，一开始那个阿姨没注意，直到她发现孩子不哭了，才反应过来是售票员给了自己的孩子一个小饼干，马上走到售票员身边说：“谢谢你，我刚知道这孩子是饿了，以后出来我会给她带点吃的的。”售票员对孩子的妈妈说：“没关系，这车上人比较多，这孩子哭我怕打扰到大家所以就先给她点吃的安抚一下。”看到这时我对妈妈说：“原来关爱无处不在，只要我们乐于帮助就可以给别人带来幸福和温暖。”妈妈没说话，对我笑了笑。马上车就到站了。
　　《小天使海蒂》是一本以情动人的文学名著，书中贯彻这个浓缩在海带身上的爱！",读《小天使海蒂》有感
150539,4.0,4.0,4.0,5.0,4.0,4.0,3.0,4.0,4.0,5.0,4.0,3.0,4.0,3.0,3.0,4.0,3.0,3.0,2.0,3.0,4.0,3.0,4.0,2.0,4.0,3.0,3.0,3.0,3.0,3.0,2.0,3.0,3.0,2.0,4.0,3.0,4.0,3.0,4.0,3.0,4.0,4.0,4.0,3.0,3.0,3.0,4.0,3.0,4.0,4.0,3.0,3.0,3.0,4.0,3.0,3.0,4.0,3.0,3.0,3.0,4.0,4.0,4.0,5.0,5.0,5.0,5.0,5.0,4.0,4.0,"我们班的中队长
　　看，那就是我们班的中队长——王芳，她个子高高的，黑宝石一般的大眼睛镶在粉红色的小脸上，扑闪扑闪的。还有那张樱桃小嘴，总会挂着一丝微笑。一旦她笑起来，准会把你迷倒，眼睛好似两弯新月，嘴角微微往上一翘露出那口洁白而又整齐的牙齿，真可谓是个可爱的“小仙女”啊！平时，她总会扎着一束马尾辫，看起来充满了活力。今天，她上穿一件淡蓝色短袖，下穿一件棕色七分裤，脚上一双紫色运动鞋，从远处跑来，真像一个彩色的精灵。她呀，可是个阳光满满的女孩，不论是学习、习惯、体育、性格都很出色，有一次上体育课，老师让我们练习400米跑，轮到她了，哨声一响，她就好似离弦之箭一般冲了出去：她迈开大步。脑后那束马尾辫也随之摇晃起来，明媚的阳光。洒满了她的脸庞，微风在她耳边悄悄的喊了声“加油”，她便跑得更快了，身后只留下一串充满活力的步伐。",《我们班的中队长》
150538,3.0,3.0,2.0,3.0,3.0,3.0,3.0,3.0,3.0,3.0,3.0,2.0,3.0,2.0,2.0,3.0,2.0,3.0,2.0,2.0,2.0,2.0,2.0,3.0,3.0,2.0,3.0,3.0,2.0,3.0,3.0,3.0,2.0,3.0,3.0,2.0,3.0,2.0,3.0,4.0,3.0,4.0,3.0,4.0,3.0,3.0,3.0,3.0,3.0,2.0,3.0,3.0,2.0,3.0,2.0,2.0,3.0,3.0,2.0,3.0,3.0,3.0,3.0,4.0,3.0,4.0,3.0,3.0,2.0,3.0,"法师
　　我看到了一个帅气的法师，法力无边，好似上天的神明：项下戴着深绿刻纹神符链；身穿暗蓝缝镀金大长神袍；身上披着暗红佩金神法披；脚上还穿着深黑浮空亮短靴；手上还召出了魔法黄金幻圆盾。十分帅气。头上留着一头英俊头发，就像他的魔法一样神秘，帅气，魔幻，完美的体现出了他的气质和魅力；一双蓝色的眼睛里面透着一种神秘的力量；下巴上的胡子算不上帅气，但也还是能让他看上去有法师的样子；他还有一个瘦的和木条一样的身躯可这却能让他更加帅气；他还有着一双健壮的腿，让他看上去变强了许多。他的身影深深的印在了我的心里。",《法师》
150126,3.0,3.0,4.0,4.0,4.0,4.0,3.0,3.0,4.0,4.0,2.0,2.0,3.0,3.0,4.0,4.0,4.0,4.0,5.0,5.0,4.0,4.0,5.0,5.0,5.0,5.0,5.0,5.0,5.0,5.0,3.0,3.0,3.0,3.0,4.0,4.0,5.0,5.0,4.0,4.0,3.0,3.0,5.0,5.0,3.0,3.0,4.0,4.0,3.0,3.0,3.0,3.0,3.0,3.0,3.0,3.0,3.0,3.0,2.0,2.0,3.0,3.0,5.0,5.0,5.0,5.0,5.0,5.0,3.0,3.0,"我的爷爷是“读书狂”
　　在万家灯火熄灭的时候，有一家的灯火仍然亮着，灯光下坐着一位满头白发而又慈祥的老人，他戴着一副老花镜，手捧着一本书，全神贯注地看着。他就是我年迈的爷爷。
　　每天我放学回家，都会看见爷爷在书房里认真读书。他看书的时候腰板笔直，身子离桌一拳头，双手捧着书本，目不转睛的看着。在他读书的时候，你如果叫他帮你做什么事那就是“白日做梦”。可如果你问他一些关于学习的事，他非常乐意，只要你一问，他就能把书上的知识一五一十的告诉你，因此邻居们的小孩子一有什么问题就叫我转达给我爷爷。
　　我5岁的时候，有一次我问爷爷：“爷爷什么是诗词呢？”爷爷说：“诗词就是古代的人对某个东西去表达它，懂了吗？”我说：“懂了，谢谢爷爷。”
　　还有一次，妈妈问我一道题说：“熊猫一共有几根手指头啊？”我左思右想，也想不出可靠答案。还是去咨询爷爷吧。我跑到爷爷跟前，把妈妈的问题仔仔细细地说了一遍，爷爷笑着说道：“你这小子，平日就知道玩，也不读一读书，熊猫有四根手指头啊”。“爷爷，您的知识可真渊博啊！这么多知识你都是从书上得到的吗？”我羡慕的问道。“当然啦，书中自有黄金屋，书中自有颜如玉。只要你肯读书，博览群书，你也会跟爷爷一样的！”
　　我的爷爷，没有一身华丽的外表，没有富裕的钱财，却有着渊博的知识，我敬佩我的爷爷。",《我的爷爷是个“读书狂》
160615,4.0,3.0,4.0,3.0,4.0,3.0,5.0,3.0,4.0,4.0,5.0,3.0,5.0,4.0,5.0,4.0,5.0,3.0,4.0,3.0,4.0,3.0,4.0,3.0,3.0,3.0,3.0,3.0,4.0,4.0,3.0,3.0,3.0,3.0,4.0,3.0,4.0,3.0,4.0,3.0,3.0,3.0,4.0,3.0,3.0,3.0,3.0,4.0,4.0,3.0,3.0,3.0,3.0,3.0,3.0,3.0,4.0,3.0,3.0,4.0,4.0,3.0,5.0,3.0,5.0,3.0,4.0,3.0,5.0,2.0,"我的理想
　　理想是黑暗中的灯光，理想是船上的帆，理想是大海上的灯塔，有人的理想是做一名救死扶死的医生，有人的理想是做一位惩恶扬善的警察。有人的理想是做一位保家卫国的将军。而我的理想是成为爱迪生一样的发明家。
　　我的理想来自刘慈欣的科幻小说，他的作品十分的前卫。写了一些新奇的技术以及这些技术带来的美好的世界，在这瞬息变化的世界里，我能做些什么呢？
　　每当我读到科幻小说中那些看上去不可思议的新型技术，比如超空间飞船、光速飞船、超信息化世界等。我多么想把它们一个个变成现实啊！若我发明出光速飞船后，科家们就能方便地去更远的行星探索。所以为了这远大的理想，我要成为一名发明家。
　　我们的文明进程现在就像飞机一样加速的越来越快，所以我们也得为文明的发展贡献出一份宝贵的力量，这就能使这个文明进程一直加速下去。
　　如果我真的成为了一名发明家，并发明出了光速飞船，那我一定要开着这飞船四处探索。并去发现新的可居住行星并在那上面建造出新的地球。也许能飞出银河系。也许能发明出更快更先进的飞船探索完整个宇宙。
　　为了实现当发明家的理想，我必须付出实际的行动，毕竟成为一名伟大的发明家，并不是嘴上说一说就行的，还需要再丰富的知识积累，以及过硬的动手能力。充分掌握学校课本知识外，我还要阅读更多的课外书籍，寻找机会锻炼自己的动手能力。“不积跬步无以至千里，不积小流无以成江海”远大的理想也需要从小事做起。
　　我就应该像周总理说过的一样要为“中华之崛起而读书。”更是为了人类文明的生存与繁华而奋斗！",《我的理想》
150121,5.0,3.0,4.0,3.0,4.0,4.0,4.0,3.0,5.0,3.0,5.0,3.0,5.0,3.0,5.0,4.0,5.0,3.0,5.0,3.0,4.0,3.0,4.0,3.0,4.0,4.0,5.0,3.0,5.0,3.0,5.0,3.0,5.0,3.0,5.0,3.0,4.0,3.0,5.0,3.0,5.0,4.0,5.0,3.0,4.0,4.0,5.0,3.0,5.0,3.0,3.0,4.0,3.0,4.0,3.0,3.0,5.0,3.0,3.0,4.0,4.0,3.0,5.0,3.0,5.0,3.0,4.0,3.0,5.0,3.0,"痛苦的风度——《青铜葵花》
　　我在五年级的寒假期间看了一本书——《青铜葵花》。讲的是一个单纯而又乖巧懂事的女孩——葵花和一个虽不会说话但勤劳善良的男孩——青铜的故事。一种特殊的机缘让他成为了朋友，成了兄妹，而他们之间没有血缘又胜过血缘的浓浓亲情让我非常感动。
　　在粗茶淡饭的生活中，一家人为了抚养葵花费尽了心思，而青铜更是在沉默中无微不至地呵护着葵花。为了葵花上学，青铜放弃了自己上学的梦想；为了让葵花照一张相片，青铜在寒冷的冬天里把自己脚上的芦花鞋也给卖了；为了让葵花晚上写作业的时候不用去别人家“借光”，青铜就自己去捉些萤火虫来做十三盏南瓜花灯；为了葵花在报幕时的美丽，心灵手巧的青铜就亲手做了一中闪亮闪亮的冰项链送给葵花；为了让葵花在看大马戏能有个好位置，青铜一声不响地背着葵花看了一个晚上。
　　不仅是青铜，葵花也为这个家里，为青铜付出了许多。学校组拍照活动她没有参加，为了给自己贫穷的家里省钱；每天放学和哥哥一起去采芦苇，为了多编一些芦苇鞋去卖；用各种方法教她的哑巴哥哥写字，为了让青铜在别人面前自信起来……
　　小时候，如果有一种对痛苦的风度，长大后才能成为强者！所以我们可以把所有的痛苦都当作对我们长成人后的风度的塑造。",《痛苦的风度——青铜葵花》
160103,5.0,5.0,5.0,5.0,4.0,4.0,5.0,5.0,4.0,4.0,4.0,4.0,5.0,5.0,5.0,4.0,3.0,3.0,5.0,4.0,5.0,5.0,5.0,5.0,5.0,5.0,5.0,4.0,5.0,5.0,5.0,5.0,5.0,5.0,5.0,4.0,4.0,4.0,4.0,4.0,4.0,4.0,5.0,5.0,4.0,4.0,4.0,4.0,4.0,4.0,4.0,5.0,4.0,4.0,4.0,4.0,4.0,4.0,3.0,2.0,4.0,4.0,5.0,5.0,5.0,5.0,4.0,4.0,4.0,3.0,"名为诚实的“线”
　　诚实是一条无形的线，它把来来往往的人划为两部分，诚实的，与不诚实的。线虽无形，人却有形。可这年头，说着要诚实却不行动的人竟然快要比真正诚实的人多了！真正诚实的人也好像找不到了。可是，课外班的一名平凡的同学却让我见识到了真正的诚实。
　　在数学考场上，我坐在她的身后。这次的题很难，大家都奋力地从脑中读取信息，生怕怠慢了一点。“还有20分钟。”老师说完就出去了。
　　刹那间，原来静得只有写字的“沙沙”声的教室充满了窃窃私语声。早已写完的我露出无奈的表情。唉，为什么他们不可以把在老师背后的样子和面前的样子统一起来呢？突然，我的目光触到一位不寻常的人。前面的那位同学依然在用自己的力量奋笔疾书。咦，她的笔突然停下了，后颈上大颗大颗的汗珠渗了出来，呼吸也突然急促起来。估计是遇到了不会的题，旁观的我都为她暗暗地捏了把汗。就在这时，她的同桌把卷子悄悄移到她身边，压低声音说道：“快抄，一会老师来了。”她很纠结地瞄了一眼卷子，紧紧地握着笔，骨节发白。抄，还是不抄？她一咬牙，向卷子望去，有些生涩地抄了起来。哦，不！她这个举动实在让我伤心！
　　过了一会儿，她抄完了，老师也进来了。突然，她做了一个让我大吃一惊的决定：抄起橡皮，用力地把抄来的答案全部擦得一干二净。好像在洗掉自己的耻辱，变回那个清白的自己。
　　下课后，我看见她的同桌不解地问她：“你明明知道我的答案没错，可你为什么要擦掉呢？她抬头，眸子中闪耀着光芒：“我知道，但它不是我的。虽然抄上可以得到一时的“好”成绩，但我的诚信却自此丢失了，这并不合算。所以，二者之间，我选诚信！”那些考试中作弊的同学们纷纷低下了头，悔恨不已。
　　听完这番话，我恍然大悟：原来诚信并不是一时的，它时时刻刻在观察你，考验你。倘若这次没有通过，也不是没有机会，它就在看似一件小事中藏着，给你再一次机会。但诚信也不是一世的，不要以为这次通过了就放心，为所欲为了。它可能又设下一次次考验，溜走了。
　　所以，我们要时刻铭记着那条名为诚实的“线”，它指引我们成为更加讲诚信的人。我们时刻准备着！",《名为诚实的“线”》
150422,4.0,3.0,5.0,3.0,4.0,3.0,4.0,3.0,4.0,4.0,4.0,3.0,4.0,4.0,3.0,4.0,4.0,4.0,4.0,4.0,5.0,4.0,4.0,4.0,4.0,4.0,4.0,4.0,4.0,3.0,4.0,3.0,3.0,3.0,4.0,3.0,4.0,3.0,4.0,3.0,4.0,3.0,5.0,4.0,4.0,3.0,3.0,3.0,4.0,3.0,3.0,3.0,3.0,3.0,3.0,3.0,3.0,4.0,2.0,3.0,4.0,3.0,5.0,4.0,5.0,4.0,4.0,4.0,5.0,3.0,"情谊无价
　　某个周日的一次数学作业是思维导图，我思考了很长时间还是不会写。和小伙伴们约着一起玩的时间到了，我只能眼巴巴的看着小伙伴们在外面玩。
　　正当我为这道题发愁的时候响起了一阵敲门声，一开门发现是芃芃，芃芃问：“你怎么没下去玩”？我马上说：“我的数学作业不会写！!”芃芃回答我说：“不用着急我来帮你。”芃芃的个子不高，眼睛不大却闪着智慧的光芒，说起话来不紧不慢，听起来句句都在理。当芃芃说完不用着急我去帮你的时候，我心里一下子轻松了很多。
　　芃芃拿起数学书和我一起整理学过的知识点，20分钟过去了，窗外小伙伴们热火朝天的玩耍声不断传进我们的耳边，我有些坐不住了，心也飞到了外边真想去外边玩会儿。可芃芃还是不慌不忙耐心认真地教我，我有点惭愧收回心事儿也认真地学起来。终于把思维导图写完了但是我们错过了与小伙伴们痛快的玩耍时间。我十分沮丧，也觉得很对不起芃芃。
　　最后作业写完了，芃芃提议说：“要不我们下盘象棋。”我说：“可以。”我们俩就快快乐乐的下起了象棋。一盘象棋在快乐中结束了。望着芃芃快要离开的身影，真是情谊无价。",《情谊无价》
240111,2.0,3.0,2.0,4.0,2.0,3.0,2.0,2.0,2.0,3.0,2.0,2.0,2.0,3.0,2.0,2.0,2.0,3.0,2.0,2.0,2.0,3.0,2.0,2.0,2.0,3.0,2.0,2.0,2.0,4.0,2.0,2.0,2.0,3.0,2.0,2.0,2.0,3.0,2.0,3.0,2.0,2.0,2.0,2.0,2.0,3.0,2.0,2.0,2.0,3.0,2.0,2.0,2.0,2.0,2.0,3.0,2.0,2.0,2.0,2.0,2.0,2.0,2.0,5.0,3.0,4.0,3.0,4.0,3.0,3.0,"老师进班了
　　老师来了！
　　我们坐在自己的坐座上。
　　老师进班了！
　　班里立马安静了下来。
　　老师走了！
　　我们放下了我们怦怦的心灵。
　　过了几分钟。
　　在人叫到老师来了！
　　老师来了说：“安静！”
　　老师说来又走了！",《班主任进班了》
240132,4.0,4.0,5.0,5.0,5.0,5.0,5.0,5.0,5.0,5.0,3.0,3.0,5.0,5.0,3.0,3.0,4.0,4.0,2.0,2.0,4.0,4.0,3.0,3.0,5.0,5.0,4.0,4.0,5.0,5.0,3.0,3.0,3.0,3.0,4.0,4.0,3.0,3.0,3.0,3.0,4.0,4.0,5.0,5.0,4.0,4.0,3.0,3.0,5.0,5.0,4.0,4.0,4.0,4.0,3.0,3.0,5.0,5.0,2.0,2.0,4.0,4.0,5.0,5.0,5.0,5.0,4.0,4.0,3.0,3.0,"老师进班了
　　美妙铃声伴课上，
　　老师进班来课上。
　　讲语文、讲数学，
　　上课认真是榜样。
　　下课了，下课了，下课铃声齐齐响，
　　大家欢乐下楼玩。
　　有玩篮球有玩绳，
　　上课了，上课了，
　　听见的人告诉小伙伴，一起去上课，
　　有人问：“为什么回家晚”。
　　别人说：老师在校判作业，老师在家做方案，
　　又有人说：“为什么老师这么辛勤？”
　　别人说：“老师只为学生学习好，
　　这是我们的班老师。",《班主任进班了》
160532,4.0,4.0,5.0,5.0,5.0,5.0,3.0,5.0,4.0,4.0,4.0,5.0,5.0,4.0,3.0,4.0,3.0,4.0,5.0,4.0,4.0,4.0,5.0,4.0,5.0,5.0,5.0,4.0,5.0,4.0,3.0,4.0,4.0,4.0,3.0,4.0,3.0,4.0,4.0,4.0,4.0,4.0,4.0,5.0,4.0,4.0,4.0,4.0,4.0,4.0,4.0,3.0,3.0,2.0,4.0,3.0,4.0,4.0,2.0,2.0,4.0,4.0,5.0,5.0,5.0,4.0,5.0,5.0,3.0,3.0,"中国传统民俗
　　中国有五千年历史，是四大古国之一，传统的民俗或是文化底蕴的积淀都比众多国家更为丰富。
　　就说磁器口吧，走在街上复古的商店与喧哗的城市，有着截然不同的韵味，那种感觉很舒服、放松。让你忍不住想记录下它，多想时间就此停留。慢慢走过一家家别具一格的商店，最终，停在了冰糖葫芦店跟前。走进店里，一串串冰糖葫芦平平的，整齐的摆放着，晶莹剔透，一颗颗的葫芦又圆又大，上面还撒了一些芝麻，有的还串着葡萄之类的，那真是叫人口水直流啊！这时，我不禁想问，为何城市中的糖葫芦会和这里的差别如此大？
　　据我了解冰糖葫芦起源于大约两百年前的南宋年间，可是我国古老的特色小吃了。就连著名文学鲁迅先生的打油诗中也提及了冰糖葫芦。可城市中“游走”的冰糖萌芦还是真正的冰糖葫芦吗？要说葫芦，那肯定是又大又红又新鲜的才能配上冰糖葫芦这种文化结晶呀！但是呢？这一切还是这样吗？我国几百年的文化遗产成什么样了。葫芦又小又黑，有的甚至还是坏的，我之前去商店时看到这样的糖葫芦，问商户：“这怎么坏了啊？”商户却说：“这是新品种的葫芦。”我信了他，直到我听说城里大部分糖葫芦都是坏的。那层孩子们最喜爱的糖浆，像蜜一样，很甜很甜，滋润着我的心田。可是，最近我得知这层糖如“毒”，这是朋友告诉我的，她家楼下就住着做冰糖葫芦的人。制作场面，不堪入眼，垃圾、添加剂、色素比比皆是！我不想相信，但我不得不相信。这就是令祖国“富强”起来的人们，也许心里还沾沾自喜，却不知我们已经渐渐失去了国家最本质的东西。
　　这是最值得我们深思的，一味的追求发展科技，那些祖先留给我们最宝贵的财富却好像被无知的我们所抛弃了。那些传统美食，中国书法、民族习俗在这个时代离我们越来越远了。
　　糖葫芦、竹筒饭……如果你细心观察会做这些的大多是年岁已高的老人，百年后这些珍贵的文化结晶是否还在；那些中国历史中可歌可泣的故事、辉煌是否还有人知晓……这既是已知也是未知，因为只要我们携起手来，留住它们，保存它们，延续它们。让我们中国人能自信的说出自己的祖国是四大古国之一，说我们是中国人！",《中国传统民俗》
150135,2.0,4.0,3.0,3.0,3.0,3.0,2.0,3.0,3.0,4.0,2.0,3.0,2.0,4.0,2.0,3.0,2.0,2.0,3.0,4.0,3.0,3.0,3.0,3.0,3.0,4.0,2.0,3.0,3.0,4.0,2.0,3.0,3.0,4.0,3.0,3.0,2.0,3.0,1.0,2.0,2.0,3.0,3.0,4.0,2.0,3.0,2.0,3.0,3.0,4.0,2.0,3.0,3.0,3.0,2.0,3.0,1.0,3.0,2.0,3.0,1.0,2.0,3.0,3.0,4.0,5.0,3.0,4.0,2.0,3.0,"《城南旧事》读后感
　　《城南旧事》是著名作家林海音的短篇小说，这部作品是林海音以7岁到13岁的生活为背景创作的，读了她的作品使我也了解了上个世纪二十年代末北京城南胡同人们的生活。我想这也是当时北京人生活的一个缩影吧。其中一篇《惠安馆》给我印象最深。
　　英子来到北京的第一个冬天，认识了可怜的妞和“疯女人”秀贞，她们是英子在北京结识的新朋友，因此英子经常找“疯女人”秀贞玩，从而知道了秀贞变疯的原因：秀贞曾与一个借住在她家的大学生相爱了，后来大学生说是回家去请求父母答应他们的婚事，却再也没有回来，而当时秀贞已怀上孩子，生下的小桂子又被家人扔到城根底下生死未卜，下落不明，秀贞由于受到双重打击而变疯了。
　　英子很同情秀贞，很想帮助她。英子得知可怜的小伙伴妞儿的身世很像小桂子，又发现她脖颈后面有一块青记，秀贞说是阎王爷一生气给戳到世上来的，原来她的母亲就是秀贞！秀贞与离散六年的女儿相认后，打算带妞儿逃出去找爸爸，结果母女俩惨死在火车轮下，英子觉得很悲伤、很惋惜。
　　通过这个故事让我看到当时中国那个时代人们的命运是何等的悲惨，而我们今天生活的时代和谐稳定，我们的生活也非常幸福安泰。所以，我们要倍加珍惜现在的美好生活。",《城南旧事》读后感
160336,5.0,4.0,2.0,4.0,5.0,5.0,5.0,5.0,5.0,4.0,5.0,4.0,5.0,4.0,3.0,4.0,3.0,3.0,5.0,5.0,5.0,4.0,5.0,5.0,5.0,4.0,5.0,5.0,5.0,4.0,4.0,4.0,4.0,5.0,4.0,5.0,4.0,4.0,4.0,5.0,5.0,5.0,4.0,5.0,4.0,4.0,4.0,5.0,4.0,4.0,5.0,4.0,5.0,5.0,5.0,4.0,5.0,5.0,3.0,5.0,4.0,4.0,5.0,4.0,5.0,5.0,5.0,4.0,5.0,5.0,"反思自己是一种美德
　　我和陈华是好朋友。一天，我们把在手工小组做的小木船拿出来玩，陈华一不小心把我的摔坏了。争执中，陈华又把它踩坏了，我非常生气，一把夺过他的小木船，高高地举过头顶，怒气冲冲的对他说：“你怎么能弄坏我的小木船呢，你知道这是我费了多少心思和时间做的吗，我现在也要让你尝尝自己心爱的东西被毁坏的滋味。”说完，我用尽我最大的力气把他的小木船往地上一摔，“啪！”小木船散架了，正在气头上的我又一脚踩上去，这时小木船已粉身碎骨，想复原也复原不了啦。再看看陈华他的心仿佛也与那小木船一起碎了，泪水在他的眼眶中滚动着，潸然泪下。我的心不知怎么了，也有了一些内疚，我和陈华都痴痴地望着早已粉身碎骨的小木船。周围一片寂静，只听到陈华轻轻的抽泣声，“他此时一定很难受吧。”我心想。
　　就在这时，陈华的另一个好朋友王勇来了，刺耳的声音打破了周围的沉静：“陈华，别理他，”王勇蛮横无理的喊道：“你又不是故意把他的小木船弄坏的，是她心胸狭窄，故意又把你的毁坏了的，我们走，永远都别理她！”说完，他就把陈华拉走了，我先看了看那艘被我弄坏了的小木船，又望了望陈华那即将远去的伤心的背影，非常委屈，他回头看了我一眼，这一眼里有委屈、有留恋、还有一丝歉意，我百感交集刚才的怒气被陈华的一个眼神扑灭了，我逐渐冷静下来。
　　在放学回家的路上，我一直在想这件事：“陈华是要向我道歉吗？我是拒绝还是接受，或主动找他道歉。”犹豫不决的我突然看到马路对面陈华与王勇一起放学回家的情景，而我却孤零零一个人，这时，我才懂得了友谊的宝贵。于是，我下定决心，第二天去找陈华道歉。
　　第二天一大早，我就来到教室里，本想等陈华一来就向他道歉的，可是没想到他比我来的还早，他一见到我来，就急忙跑到了我面前，手里还拿了一个东西，藏在身后，他刚要开口，我抢在他之前说了句：“对不起，昨天的事是我不对，我不该因为一艘小木船就和你斤斤计较，我们能和好吗？”说完，我羞愧地低下了头，心想：“他不会不原谅我吧？我们的友谊不会因为我一时的斤斤计较就此断绝吧……”我的担心是多余的，他宽宏大量的说：“当然，我刚想向你道歉呢，毕竟是我先把你的小木船弄坏的，这个是我帮你重新拼的小木船，我的手艺不像你的那么好，还请见谅，”陈华边说边把小木船放到我手中，我顿时热泪盈眶，这时，我才明白，原来他跟本没和我斤斤计较，反而还在检讨自己的不对，我想：这种精神真值得我去学习，我为我有这样的好朋友而感到自豪！
　　反思自己是一种美德，通过这件事，我明白了当自己与朋友发生冲突时，不要一味的去寻找他人的过错来掩盖自身的过错，而是要检讨自己有什么错误，不对它置之不理，这样友谊才会地久天长。",《反思自己是一种美德》
130119,3.0,2.0,5.0,4.0,4.0,2.0,4.0,3.0,4.0,3.0,4.0,2.0,5.0,2.0,4.0,2.0,3.0,2.0,3.0,2.0,3.0,3.0,4.0,3.0,3.0,3.0,3.0,2.0,3.0,3.0,4.0,2.0,3.0,3.0,4.0,2.0,3.0,2.0,3.0,2.0,4.0,2.0,5.0,3.0,3.0,2.0,3.0,2.0,3.0,2.0,2.0,2.0,3.0,2.0,2.0,2.0,3.0,2.0,2.0,3.0,3.0,2.0,4.0,2.0,4.0,3.0,3.0,2.0,4.0,2.0,"我的专家爸爸
　　我对我爸爸的印象不是太好也不是太坏。
　　坏的是我爸爸经常出差,而且一出就是一个月。如果那时候正是我妈也在出差的话，那我不是让我姥姥姥爷，爷爷奶奶来，就是让我去同事家(因为我妈妈只去三四天)，我爸爸之所以很忙,是因为我爸经常要和其它国家谈论买兵器的事。（太惨了）
　　我爸在去年上过电视，上面写着：北方工业专家刘松。他之所以上电视是因为：他去了珠海航展。",《我的专家爸爸》
160104,4.0,4.0,4.0,5.0,4.0,5.0,4.0,4.0,4.0,4.0,4.0,4.0,4.0,3.0,2.0,3.0,3.0,3.0,4.0,4.0,3.0,3.0,3.0,3.0,4.0,4.0,4.0,4.0,4.0,4.0,3.0,3.0,4.0,3.0,4.0,4.0,3.0,4.0,4.0,4.0,4.0,4.0,2.0,3.0,3.0,3.0,3.0,3.0,4.0,4.0,2.0,2.0,3.0,3.0,2.0,3.0,4.0,4.0,2.0,2.0,4.0,4.0,4.0,5.0,4.0,5.0,3.0,4.0,3.0,3.0,"军训
　　这个暑假中我经历了很多趣事，但最令我难以忘怀的是参加夏令营的军训，最让我难忘的是第一天的训练。
　　只听一声哨响，我们全体队员赶紧起床，洗脸……下楼跑步，我们跑着跑着，天突然下起雨来，我们全然不顾，顶风冒雨的坚持跑着，任凭雨水和汗水在脸上流淌，我以顽强毅力跑完了20圈。教官看着我们满身的雨水汗水向我们投来赞许的目光。
　　接着是我们觉得最令人难以忍受的是在烈日下站军姿。教官要求我们在烈日下静立不动站10分钟，没想到附近的小飞虫特别多，飞到身上奇痒无比，我没有忍住，趁教官不注意抓了一下子，这点小动作被教官看到，教官说：“天塌下来也不关你们的事，你们的事就站好军姿”。我咬着牙忍着痒，终于熬过了5分钟。奇怪的是，身上也不痒了。我明白了一个道理：只要坚定意志，再大的困难也能战胜。
　　记得在军训之前，我认为军训是一个不仅苦而且乏味的事，可没想到的是，军训其实是一件非常有意义的事，它教会我很多课本上没有的知识，军训使我一下子成长很多，希望明年暑假还能在去军训。",《军训》
250125,3.0,3.0,4.0,4.0,4.0,4.0,3.0,3.0,4.0,4.0,2.0,2.0,3.0,3.0,3.0,3.0,2.0,2.0,3.0,3.0,4.0,4.0,3.0,3.0,4.0,4.0,3.0,3.0,4.0,4.0,4.0,4.0,3.0,3.0,3.0,3.0,3.0,3.0,3.0,3.0,4.0,4.0,4.0,4.0,3.0,3.0,2.0,2.0,5.0,5.0,2.0,2.0,3.0,3.0,3.0,3.0,5.0,5.0,2.0,2.0,4.0,4.0,4.0,4.0,4.0,4.0,3.0,3.0,3.0,3.0,"神奇的铝包木窗
　　在假期里我买了一个名为铝包木窗东西，然后我的爸爸就说你知道这是什么吗？我说从外观上看它像一个正方体，有六个面，有一面白的，有一个面上面有字，写着铝包木窗，然后我就爸爸说这就是一个木方块，我爸笑了笑又说那你知道这是用什么材料做的吗？我说先让我看一看在说，我先从上面看，有很多的花纹，依次排序，很像树皮上的花纹，我又看了一下别的面，全都没有引起我的注意唯独这一面引起了我的注意，我发现这面在田树皮上的年轮所以我很自豪的就跟我爸说这是用树皮做的，我爸说回答对了，但是刚才那题你答错了，我就说不是不方块那是啥？我爸就问我树皮能做什么？我说树皮能做纸，我爸就说对了，这就是纸做的，这个大方方块里有很多很多纸，我就说不是吧，这个铝包木窗还真是神奇啊。
　　它的用意就是可以当草稿纸，当模特，当你不高兴的时候多看一看它你的心情就能好一些了，所以吗这可真是一个神奇的纸包木窗呀！",《神奇的铝包木窗》
140520,4.0,4.0,5.0,4.0,4.0,3.0,4.0,3.0,5.0,3.0,4.0,4.0,4.0,4.0,5.0,4.0,5.0,4.0,3.0,3.0,4.0,3.0,4.0,3.0,5.0,4.0,5.0,3.0,4.0,3.0,3.0,3.0,4.0,3.0,5.0,3.0,4.0,3.0,4.0,3.0,4.0,3.0,4.0,3.0,4.0,3.0,4.0,3.0,4.0,4.0,3.0,3.0,3.0,3.0,3.0,3.0,4.0,3.0,3.0,4.0,4.0,4.0,3.0,4.0,4.0,4.0,4.0,4.0,5.0,3.0,"贪吃的小鹦鹉鱼
　　大家猜猜：“性情温和，身穿红色衣服的小鱼是哪种鱼？”大家猜对了就是我家养的一缸红鹦鹉鱼。
　　红鹦鹉鱼全身火红火红的，就像一团团小火团，一双圆溜溜的大眼睛，加上三片又长又大的尾鳍，那三片尾鳍就好像舞台上芭蕾舞演员的裙子，在水中自由地摇摆。
　　我们家的那缸鹦鹉鱼既可爱又贪吃，每次我靠近鱼缸，所有的鱼都排成一队，迅速地聚拢在我身边，看看它们那可怜的小眼神，我不禁动了心，总管爸爸要几粒小虾干，把小虾干一粒一粒地扔进鱼缸，它们努力地寻找目标，一旦其中一只小鱼找到一粒小虾干就会迅速地游过去，但是另一条小鱼灵活地一跃就把那个小虾干给吃了，这时那只没吃到小虾干的小鱼，并没有气馁，又去寻找其它的小虾干。这时候我扔下了一个大虾干，小鱼们争先恐后把虾干使劲往嘴里吸，可是虾干好像太大了，吸不进去，那条小鱼又招来了几个同伴，在同伴们一小口一小口吸的时候，最先发现虾干的那条小鱼顺着水流方向，努力地张大嘴，鱼鳃一撑开，就把整个小虾干吃到肚子里来啦！
　　我家的小鱼每天都会送我上学，迎接我放学，我喜欢它们，因为他们那么的活泼可爱又贪吃！",《贪吃的小鹦鹉鱼》
150515,4.0,3.0,4.0,4.0,4.0,3.0,5.0,3.0,4.0,4.0,3.0,3.0,3.0,3.0,5.0,2.0,4.0,2.0,2.0,2.0,3.0,3.0,3.0,3.0,4.0,3.0,2.0,2.0,3.0,3.0,3.0,3.0,3.0,3.0,4.0,3.0,4.0,3.0,4.0,3.0,5.0,3.0,4.0,3.0,4.0,3.0,5.0,3.0,4.0,2.0,4.0,3.0,3.0,3.0,4.0,3.0,5.0,3.0,4.0,2.0,4.0,3.0,4.0,3.0,4.0,3.0,5.0,3.0,4.0,2.0,"我的朋友叶红。
　　我有个朋友叫叶红，他的身材高大，体重适中，总是带着一副微笑的表情，一个像足球一样大的脑袋，上面的头发乱糟糟的。他总是在手上戴一块手表，脸上一副悠然自得的表情。他身上穿着红色Ｔ恤衫，细细的腿上穿着一条牛仔裤。脚上穿着一双绿毛毛虫鞋。有条整洁的裤子上沾满了泥点，有时沾满颜料，他手上时不时地出现绘画的痕迹。他头上的帽子，据他说是有个球星签过名的。可有一天我和同学把他的帽子翻了个底朝天，可也没发现什么签名。但在根据帽子的文字，我们发现这个帽是一个1947年生产的“古董”。天啊！这么贵重的帽子竟戴到学校，真有钱啊。",《我的朋友叶红》
240220,4.0,4.0,5.0,3.0,5.0,4.0,5.0,4.0,5.0,4.0,5.0,4.0,3.0,4.0,5.0,4.0,5.0,4.0,4.0,3.0,3.0,4.0,3.0,4.0,4.0,4.0,4.0,4.0,4.0,3.0,4.0,3.0,3.0,4.0,4.0,3.0,4.0,3.0,4.0,3.0,5.0,3.0,5.0,4.0,3.0,3.0,3.0,3.0,4.0,3.0,3.0,3.0,3.0,3.0,3.0,3.0,4.0,4.0,3.0,4.0,5.0,3.0,5.0,4.0,4.0,4.0,5.0,4.0,5.0,3.0,"假如时光可以倒流
　　十、九、八、七、六、五、四、三、二、一、新年的钟声敲响了，可是为什么我们家里冷冷清清得呢？
　　去年的春节，我在奶奶家度过的，奶奶家特别热闹，大家一起吃好吃的年晚饭，放好看的烟花，奶奶、妈妈、姑姑、姐姐……所有的女生都忙忙碌碌的，她们都在贴春联，炸藕合，蒸豆包，蒸闷子……而男生们却都在花园里晒太阳聊天。三十晚上，我们都围坐在一起，边包饺子，边陪长辈们聊天，看春晚，当倒数的钟声敲响时，我们几个小孩子开始给长辈们拜年。大人们也给我了鼓鼓的压岁包。我最大的收获是收到了压岁包，还学会了包好吃的饺子。
　　听妈妈爸爸说，他们小时候的那个年代，生活很穷，所以只能大年初一才能穿新衣服，平时吃不到肉，所以只有过年才能吃到红烧肉因为红代表喜庆，所以这天吃的肉也叫年肉。初一初二开始去亲朋好友家拜年，他们会互相抱拳说：“恭喜、恭喜！”“同喜、同喜！” ……虽然那时候生活很穷，但大家都会快乐。
　　今天是三十晚上，我和妈妈看春晚，虽然没去远在山东的奶奶家，但是我也用手机给奶奶奶打了祝福电话。通过微信我收到了很多祝福，有的人给我发一些好玩的绕口令，有的人给我发几句自己编的小诗，还有的人给我发好看的刮画。哥哥姐姐们也给我发新春祝福和好多小红包。现在的科技发展飞快，可以用“忽如一夜春风来，千树万树梨花开”来形容。
　　虽然现在的年味儿没有原来浓，没有原来热闹。但是科技也在我们的创造下，越来越好、越来越方便。我希望我能创造出一台，又拥有高科技还拥有原来年味儿的机器！",《假如时光可以倒流》
140320,4.0,4.0,3.0,2.0,4.0,4.0,4.0,5.0,5.0,5.0,4.0,5.0,4.0,4.0,3.0,4.0,4.0,4.0,5.0,4.0,4.0,4.0,4.0,4.0,5.0,4.0,4.0,3.0,4.0,3.0,5.0,3.0,4.0,4.0,4.0,4.0,4.0,4.0,4.0,5.0,4.0,5.0,5.0,4.0,4.0,4.0,4.0,4.0,4.0,4.0,5.0,4.0,4.0,4.0,4.0,4.0,5.0,4.0,4.0,4.0,3.0,5.0,5.0,5.0,5.0,5.0,5.0,5.0,5.0,4.0,"勇敢的彼得
　　从前有一只调皮可爱的小兔子叫彼得，它和四个姐姐生活在一起，每天姐姐把最好吃的东西留给它，最舒适的床让给它。可是好景不长，有一天，国王来到森林里狩猎，国王抓住了彼得的四个姐姐，并且准备养一段时间后，用它们的毛做一件兔子披风。
　　此时彼得还在外面游玩，当它回到家，惊奇地发现姐姐们不见了，它在家里等了一天、二天、三天……。它终于知道，姐姐们已经不在这片森林里了。
　　它决定去找它的姐姐们，走了三天三夜，来到一条河边，看到一个小女孩在哭，它上前安慰到，你有什么事哭的那么伤心，那个小女孩把她的伤心事告诉了彼得，彼得安慰到：没事，只要心里没有这堵墙，你就不会伤心的，听完了彼得这句话让小女孩立刻变成了笑脸，小女孩说自己是神仙，她可帮助彼得，神仙说：“你可以骑着我的飞马，去找北风，它去过的地方多，知道的也多。”
　　彼得骑着飞马找到了北风，可是北风是个傲慢的人，当彼得去的时候北风正在睡午觉，它轻轻地叫醒了北风，北风怒气冲冲地说，“是谁打扰了我的午觉？”彼得小心异异地道过了歉，并且说了它的遭遇，可是北风却不屑一顾地看着彼得，彼得看出了北风很不在意自己，便央求道，北风看它那可爱的样子，眼睛里似乎在讲叙那孤独的自己，北风终于有点心软了，就说你要完成我的任务，我就可以带你去找你的姐姐，北风的任务是去魔法森林找到两匹金鹿，魔法森林阴森可怕，还有各种奇怪的声音。彼得正不知如何进入魔法森林的时候，出现了一位老爷爷，这位老爷爷是魔法森林的守护者，他告诉彼得，这里只有魔法动物才可以进入这个地方呢！剩下的动物都不可以进入，但老爷爷也被彼得的真情感动了，同意了它的要求，彼得把金鹿带给北风看，北风说我们明天就出发，第二天，北风吹着载着彼得的金鹿来到了国王的宫殿，它走进迷宫里，把姐姐们救了出来。
　　姐姐们抱在了一起，幸福的泪水夺眶而出，可惜此时国王来了，当他看到这一幕时，他明白了家庭中有一种不可分开的亲情，国王允许它们回到自己的森林，它们又幸福的生活在了一起。",《勇敢的彼得》
240133,3.0,3.0,5.0,5.0,5.0,5.0,4.0,4.0,5.0,5.0,2.0,2.0,3.0,3.0,2.0,2.0,2.0,2.0,2.0,2.0,3.0,3.0,3.0,3.0,2.0,2.0,3.0,3.0,3.0,3.0,2.0,2.0,3.0,3.0,4.0,4.0,4.0,4.0,2.0,2.0,4.0,4.0,5.0,5.0,2.0,2.0,2.0,2.0,5.0,5.0,2.0,2.0,3.0,3.0,3.0,3.0,5.0,5.0,2.0,2.0,4.0,4.0,5.0,5.0,5.0,5.0,5.0,5.0,3.0,3.0,"老师进班了
　　“叮铃铃”，上课了，这节课是数学，数学孙老师走进教室，她看起来心情不太好。我正想着为什么，孙老师说：“上课”我们接着说：“起立”然后就站了起来，孙老师没有说同学们好，反而说：“有些人，都前天的错了今天还没改完，错越积越多就改不完了！”说完便往黑板写起学号来，并且标上了“书82”“册”孙老师写完后我看了看那些学号，幸好没有34号，我暗自庆幸，还好我把所有的错都改完了。我发现有些学号出现了两次，比如！14、21、22等。
　　讲课时，孙老师缓和了下来，我觉得现在她讲得还是挺有意思的。",《班主任进班了》
150106,4.0,4.0,4.0,5.0,4.0,5.0,5.0,4.0,4.0,5.0,4.0,3.0,4.0,4.0,3.0,3.0,4.0,4.0,4.0,4.0,4.0,4.0,4.0,3.0,4.0,4.0,5.0,4.0,4.0,5.0,4.0,3.0,4.0,4.0,5.0,5.0,4.0,5.0,4.0,4.0,4.0,4.0,4.0,4.0,3.0,3.0,3.0,4.0,4.0,5.0,3.0,4.0,3.0,4.0,4.0,4.0,4.0,4.0,2.0,2.0,4.0,4.0,4.0,5.0,5.0,5.0,3.0,4.0,4.0,4.0,"读《汤姆·索亚历险记》有感
　　汤姆·索亚历险记是一部长篇小说，他的作者是马克·吐温。
　　马克·吐温是一位批判现实主义的作家，他的作品常常带有幽默搞笑的风格。他的代表作有《竞选州长》，《哈克贝利·费恩历险记》，我最喜欢《汤姆·索亚历险记》。
　　这本书的主人公是汤姆，他很调皮，喜欢捣乱恶作剧，但他同时又乐于助人，善良可爱。他是一个勇敢、正义、善良而充满冒险精神的调皮鬼。
　　汤姆幼年时，父母亲都去世了，所以一直在波利姨妈家中生活。本书讲述了在汤姆成长过程中经历的一些有趣而刺激的事，让我爱不释手，想把它一口气读完。最让我印象深刻的是：一天夜里，汤姆和他的小伙伴哈克一起去一片黑漆漆的墓地玩耍，却无意中目睹了一场残忍的凶杀案！后来在法庭审判时，法官误判了波特为凶手，就在法官马上要判波特死刑时，汤姆勇敢地站了出来，指认了真正的凶手—印弟安·乔。
　　在我刚刚开始读这本书的时候，我想：像汤姆这样的调皮鬼，怎能成为这本书的主人公呢？但当我读到这里的一瞬间，我恍然大悟：原来汤姆·索亚的内心深处是一个非常善良的孩子，他不忍心看到一个无辜的人背负不应有的罪名而被活活绞死，他更是一个非常勇敢的孩子，他宁愿冒着生命危险指认真正的凶手而不愿看到真正的凶手逃之夭夭。如果我是汤姆的话，我敢不敢指认真正的凶手？万一他拿着刀追杀我怎么办？万一他突然扑向我，把我抓住，怎么办？万一他将我杀死，怎么办？我想我会犹豫的。看来，做到真正勇敢，善良并不是一件容易的事！
　　《汤姆·索亚历险记》是马克·吐温在1876年发表的一部小说，流传到现在已有200多年了，仍是小学生必读之物。这本书除了和谐的语言，引人入胜的故事情节之外，它所倡导的正义与勇敢永远是我们所需要的。",读《汤姆·索亚历险记》
130436,3.0,3.0,4.0,5.0,4.0,4.0,4.0,5.0,3.0,4.0,3.0,3.0,3.0,4.0,3.0,4.0,3.0,3.0,3.0,4.0,4.0,4.0,3.0,3.0,4.0,3.0,4.0,4.0,4.0,3.0,3.0,3.0,3.0,4.0,4.0,4.0,4.0,4.0,2.0,3.0,3.0,4.0,4.0,3.0,2.0,2.0,2.0,3.0,3.0,3.0,2.0,3.0,3.0,3.0,2.0,3.0,3.0,3.0,2.0,3.0,3.0,3.0,5.0,5.0,5.0,5.0,5.0,4.0,4.0,5.0,"难忘的一次爱心义卖活动
　　为了让我们过一个有意义的六月一儿童节，学校组织了一次爱心义卖活动，为贫困地区的儿童奉献我们的一颗爱心，帮助贫困地区小学建一个图书馆，让他们能学到更多的知识。
　　为了把这次活动办的更精彩，班老师还邀请了六位家长做志愿者，有的家长还帮我们设计和制做了宣传单，大家一起精心装饰了我们的义卖展台，把我们的帐缝打扮的美丽极了，真像一棵绿油油的大树，同学们把各自带来的图书和学习用具都摆在了小桌子上，丰富多彩、琳琅满目。
　　八点半爱心义卖正式开始，我们班的展台立刻吸引了同学们的眼球，很多同学聚拢过来，人山人海、热闹极了，同学们带来的图书和学习用具很快就被抢购一空，我也把仅有的十元钱花在了我们班上。
　　活动圆满结束了，这次活动很令我难忘，希望以后学校经常组织这样有意义的活动。",《难忘的一次爱心义卖活动》
240226,4.0,4.0,4.0,4.0,5.0,5.0,3.0,3.0,4.0,4.0,3.0,3.0,4.0,4.0,3.0,3.0,4.0,4.0,4.0,4.0,3.0,3.0,3.0,3.0,4.0,4.0,5.0,5.0,5.0,5.0,4.0,4.0,5.0,5.0,4.0,4.0,3.0,3.0,4.0,4.0,4.0,4.0,5.0,5.0,4.0,4.0,4.0,4.0,5.0,5.0,4.0,4.0,4.0,4.0,2.0,2.0,4.0,4.0,2.0,2.0,4.0,4.0,5.0,5.0,5.0,5.0,4.0,4.0,4.0,4.0,"爬长城
　　今天，我和我的小姨，叔叔，姑姥姥，还有我的小表妹一起去爬长城。
　　长城始建于公元前五世纪的春秋战国时期，到现在已有两千多年的历史了。长城共长7300多公里，宽8～10米。
　　我们坐小火车到达八达岭长城，站在长城上，我就被它的雄伟壮观给震惊了，我们努力的爬呀，每看到一个出口就想放弃，因为陡峭的坡路和高高的楼梯使我们手脚并用地向上爬太惊险太刺激了，但是，为了看到长城的真面目为了看到更美的景色，我们努力的向上爬，突破一次次难关，我们站在第六烽火台上，我好似与湛蓝的天空肩并肩，阳光照耀着大地，远处的长城像一条长龙，卧在连绵起浮的山脉上，这是多么伟大的建筑，难怪被列入世界文化遗产名录。想想古代的人们没有现代先进的建筑手段，只用肩挑手抬，一点一点建造出这震惊世界的万里长城，是多么不容易啊。
　　因为时间关系，我们恋恋不舍的离开了长城去了长城博物馆，
　　长城博物馆里面有秦始皇当年建造长城的过程，有以前修建长城用的工具，有一些以前的货币，有一些打仗用的工具，还有秦始皇当年的头像和一些很小的兵马俑等等这些都是珍贵的文化遗产。
　　今天是我第一次登上长城，正如毛主席说的“不到长城非好汉”以后我就是一名好汉了！
　　这次我在长城看见有许多人在城墙上面刻字，我觉得这种行上为极其不好“铸就长城千夫苦，何止孟姜一人哭”。这些道理我们应该从小就明白。所以，让我们一起保护长城吧！
2016年2月7日",《爬长城》
160730,4.0,4.0,5.0,4.0,5.0,4.0,4.0,4.0,3.0,4.0,2.0,4.0,5.0,3.0,5.0,4.0,3.0,4.0,5.0,3.0,5.0,3.0,5.0,3.0,5.0,3.0,5.0,4.0,5.0,4.0,4.0,4.0,5.0,3.0,3.0,3.0,3.0,3.0,3.0,3.0,4.0,3.0,4.0,4.0,4.0,4.0,3.0,3.0,5.0,3.0,3.0,2.0,5.0,2.0,5.0,2.0,4.0,3.0,2.0,2.0,5.0,3.0,5.0,3.0,5.0,3.0,3.0,3.0,3.0,3.0,"《哈利波特·魔法石》读后感
　　在六年的时光，我读过了大大小小、各种各样的书。但没有一样让我读上七八遍，在几年前我读了一本哈利波特系列的书，我慢慢地爱上了它，它的情节内容都太美妙，我一读就一发不可收拾，竟读上了七八遍，还停不下来。
　　在我买这本书之前，我看过一部哈利波特的电影，我知道这是关于魔法，所以我买了它，作者JK罗琳描绘的栩栩如生，我慢慢地进入了这魔法世界。
　　本文讲述了主人公哈利·波特在一岁时便失去了父母，于是寄养到阿姨家；但哈利却受到姨和姨夫一家的歧视与屈辱，与他没想到的是在他十一岁生日那天，哈利不仅知道他的身世，还收到了一封录取信，被这天堂般的霍格沃茨学校录取了，哈利在那碰见他两位最好的朋友罗恩、赫敏。并且他们都进入了格兰芬多学院学习。然而哈利在那也学到了很多，比如各种的魔法。哈利非常聪明，因自己在飞行课的意外表现并加入了格兰芬多的魁地奇队，他也是最年轻的一名；并且哈利也收到了许多礼物，如飞天扫帚和隐形衣。但又一次哈利的朋友和他勇闯了禁屋，发现了教授期内普的三头犬，看见了魔法石，魔法石是重要财产。哈利在朋友的帮助下，克服重重困难，并成功击败这黑暗之王伏地魔，拯救了世界，保护了魔法石，哈利让全世界人刮目相看，体现出哈利波特善于发现、勇往直前，永不放弃，大胆的精神与品质。
　　这本书让我明白了一切皆有可能，我认为宇宙那么大，可能在另一个星球，另一个星系就这么一个世界呢，所以只要大胆发现就一切皆有可能。这样像哈利的品质一样，善于发现就可以寻找一切，善于发现的同时也有大胆，永不放弃的精神《哈利波特·魔法石》是一本情节内容丰富，受益匪浅的书。希望大家有时间就看一看，读一读，感受魔法魅力。",《哈利波特·魔法石》读后感
130803,4.0,4.0,2.0,5.0,3.0,5.0,4.0,4.0,4.0,4.0,4.0,4.0,4.0,3.0,4.0,4.0,4.0,4.0,4.0,4.0,4.0,3.0,4.0,4.0,4.0,4.0,4.0,4.0,4.0,3.0,4.0,4.0,4.0,4.0,3.0,3.0,3.0,3.0,3.0,3.0,4.0,4.0,5.0,5.0,3.0,4.0,3.0,3.0,3.0,3.0,3.0,4.0,3.0,3.0,3.0,3.0,3.0,3.0,2.0,2.0,3.0,3.0,4.0,5.0,3.0,5.0,3.0,5.0,4.0,3.0,"老鼠和猫的友谊
　　一天，猫捉住了一只老鼠，老鼠说：“你不能吃我！”猫很奇怪“为什么？”老鼠说：“我是一只好老鼠，而且，我从来不偷东西！”“你用什么方法证明呢？”猫问。“不信，你就用你的测谎仪测一测？”“行啊，谁怕谁呀！”猫说完就在它窝里找来找去，“啊，终于找到了。”它按下一个红色按钮。屏幕上出现了几个大字：没有说谎。“太好啦，我们做朋友吧！”猫说。“当然可以！”老鼠说。
　　一天，他俩走在路上。一只大狗跳了出来“我要吃了你！”狗说。就在这电光火石间，老鼠狠狠的咬了大狗一口。“好疼？”大狗一瘸一拐的跑开了。“谢谢你！”猫对老鼠说。“不客气”。老鼠说。
　　从今往后，他们成为了全动物界最好的朋友。",《老鼠和猫的友谊》
130329,4.0,4.0,5.0,4.0,5.0,5.0,3.0,3.0,5.0,5.0,3.0,3.0,3.0,3.0,3.0,3.0,3.0,3.0,3.0,3.0,4.0,4.0,3.0,3.0,5.0,5.0,5.0,5.0,5.0,5.0,4.0,4.0,5.0,5.0,5.0,5.0,4.0,3.0,5.0,5.0,5.0,5.0,4.0,4.0,5.0,5.0,4.0,4.0,5.0,5.0,3.0,3.0,4.0,4.0,3.0,3.0,5.0,5.0,2.0,2.0,5.0,5.0,5.0,5.0,5.0,5.0,3.0,3.0,4.0,3.0,"父母的爱
　　我有两位非常疼我，爱我的爸爸和妈妈，妈妈在家里总是辛勤的劳动，爸爸上班总是很辛苦，我非常爱他们。
　　父母的爱是永远不变的，从我上学那天开始，妈妈就一直陪着我写作业，每天妈妈接我放学回家，一进门妈妈会给我准备好水果，让我吃，吃完水果妈妈就让我进屋写作业，这时妈妈会给我们准备晚饭，等爸爸回来，我们一家三口就开心的吃饭，每天吃完饭，妈妈都会准备一个酸奶，喝完酸奶妈妈都会陪着我写作业，复习功课，从一年级到现在，不管妈妈是生病还是头疼，她都会这样陪着我，关心着我，我知道妈妈做这些都是为了我，我很感谢我的妈妈，为我们出了这么多。
　　这就是爱我的妈妈，我也爱你们。",《父母的爱》
130411,3.0,3.0,5.0,5.0,3.0,5.0,3.0,3.0,3.0,4.0,3.0,2.0,3.0,4.0,3.0,3.0,3.0,4.0,3.0,4.0,3.0,4.0,3.0,3.0,3.0,4.0,3.0,4.0,3.0,3.0,3.0,3.0,3.0,3.0,3.0,4.0,2.0,4.0,3.0,5.0,3.0,3.0,3.0,3.0,2.0,3.0,3.0,3.0,4.0,3.0,2.0,3.0,2.0,3.0,2.0,3.0,3.0,3.0,2.0,2.0,3.0,4.0,3.0,5.0,4.0,5.0,4.0,5.0,3.0,3.0,"难忘的一件事
　　2016年6月8日班老给了我一只小绿猪，还是《愤怒小鸟》里的绿猪。
　　绿猪全身翠绿，眼睛发直，鼻子大大的，头上戴了个小王冠，我猜它是一个小国王。其实它是班老师亲手用橡皮泥做的小猪，是班老师自制的奖品。
　　这学期手受伤还没有痊愈，班老师像妈妈的一样关心我。上课班老师提醒我不要走神；下课时提醒我注意安全不奔跑，安全课上让大家关心我保护我，今天班老师把第一个做好的小猪给了我，我非常开心。程伟想用30张奖票换这只猪，被我一口拒绝了。因为这只小猪代表了班老对我的鼓励和爱，所以我不能给 别人。
　　我爱小绿猪，我更爱班老师!",《一件难忘的事》
150526,5.0,5.0,5.0,2.0,5.0,5.0,3.0,3.0,5.0,5.0,2.0,2.0,3.0,3.0,3.0,3.0,2.0,2.0,2.0,2.0,2.0,2.0,2.0,2.0,4.0,4.0,2.0,2.0,5.0,5.0,2.0,2.0,2.0,2.0,5.0,5.0,5.0,5.0,5.0,5.0,4.0,4.0,5.0,5.0,4.0,4.0,5.0,5.0,5.0,4.0,4.0,4.0,5.0,4.0,5.0,3.0,4.0,4.0,2.0,2.0,5.0,5.0,5.0,5.0,5.0,5.0,5.0,5.0,4.0,4.0,"我的弟弟
　　我的弟弟有一头乌黑发亮的头发，一双浓眉中间有一颗小红痣，我们叫它“双龙戏珠。”他圆圆的脸庞上嵌着一对虎里虎气的大眼睛，看上去是那样有神。他那乌黑的眼球在眼眶里骨碌碌的地转着，是那样机灵。高高的鼻梁下面长着一张肉嘟嘟的小嘴。弟弟嘴巴略张，微微一笑，便露出细密的小白牙，齐齐的，亮亮的。弟弟如果大笑起来就有两个小酒窝儿。印在那活泼可爱的小面孔上。弟弟的脸蛋见到生人就发红，红中透紫，而且很热。弟弟爱动，他脖颈浑圆，可是极灵活，几乎能转180°，好像有特异功能。弟弟喝汤时可好笑了，一张小嘴抱着一个大碗一歪一歪的，成了“歪歪嘴”。两只眼睛紧闭着，样了可滑稽了！弟弟皮肤极白，以致于手上，腿上的血脉一清二楚地显露出来，像一根根青绳子。",《我的弟弟》
160438,3.0,3.0,4.0,4.0,3.0,4.0,3.0,3.0,2.0,3.0,2.0,3.0,2.0,3.0,2.0,3.0,2.0,3.0,3.0,4.0,3.0,4.0,3.0,4.0,3.0,3.0,3.0,4.0,3.0,3.0,2.0,3.0,3.0,3.0,2.0,3.0,2.0,3.0,3.0,3.0,2.0,4.0,3.0,3.0,2.0,2.0,3.0,4.0,2.0,2.0,2.0,3.0,2.0,2.0,2.0,3.0,3.0,4.0,3.0,3.0,2.0,3.0,3.0,4.0,3.0,4.0,3.0,5.0,2.0,4.0,"艺术的殿堂
　　你们大家去过美术馆吗？我不仅去过美术馆，我去的还是世界级艺术殿堂--卢浮宫。
　　不知道大家了解它吗？让我来带大家了解一下吧。卢浮宫位于法国巴黎市中心的塞纳河北岸，位居世界四大博物馆之首。始建于1004年，占地约198公顷，分为新老两部分，宫前的金字塔形玻璃入口，占地面积为24公顷，是华人建筑大师贝聿铭设计的。
　　我在去年暑假的时候有幸来到了卢浮宫这个艺术的殿堂。刚到门口时我就大吃一惊，这是因为时门口的时候就已经排了成千上万的人好似广阔的海洋。我心中不禁感叹到：“果然举世闻名的博物馆呀！”不过想到这里我也开始紧张起来，导游说有可能因为人太多而失去参观的资格。
　　等呀等终于到我们了！我们要参观的第一个展品是它的镇馆之宝断臂维纳斯。虽然我国为不懂艺术所以没有觉得它是艺术瑰宝，但是我还是能看出它非常的细致，连衣服都像是线一针一针的缝出来的。
　　第二个主要的艺术品就是吸引大家的世界名画了，它就是“蒙娜丽莎”。连语文书上都有专门描写它的课文。课文说的很对，它的背景深远幽静，十分美丽。虽然这次因为人流的原因只看了一会儿不能一睹它的风采也是值了。|
　　希望大家都能到卢浮宫这个“艺术殿堂”一睹这些艺术品的真容，毕竟“百闻不如一见”。",《艺术的殿堂》
150141,3.0,3.0,3.0,3.0,3.0,3.0,2.0,2.0,3.0,3.0,3.0,3.0,3.0,2.0,3.0,4.0,2.0,2.0,3.0,3.0,3.0,4.0,3.0,3.0,3.0,4.0,2.0,2.0,2.0,3.0,2.0,3.0,3.0,3.0,2.0,2.0,2.0,3.0,2.0,3.0,2.0,3.0,3.0,3.0,2.0,3.0,3.0,3.0,2.0,3.0,2.0,3.0,2.0,2.0,2.0,3.0,3.0,3.0,2.0,3.0,3.0,4.0,3.0,3.0,3.0,4.0,3.0,4.0,2.0,5.0,"读《城南旧事》有感
　　我读了一本《城南旧事》。《城南旧事》是林海音所著的一本回忆性小说。《城南旧事》中的“城南”指的是北京。“旧事”是以前的事。本书共分为4个章节，分别是：“惠安馆，我们看海去，兰姨娘，驴打滚儿，冬阳骆驼队”。”
　　林海音是中国著名作家，本来住在北京，后因父亲工作移居台湾。最后在台湾定居，终身没有回来。余光中这样说过：“北京是林海音的”。
　　我从惠安馆中读出的感受最多。惠安馆讲的是：英子家旁有一个叫惠安馆的楼。妈妈说：“这里头有疯子。”有一天她进到惠安馆看见了“疯子”原来是一个2、3十岁的小姑娘。后来又交了一个叫妞儿的朋友。后来才知道妞儿是被“疯子”的妈妈丢弃了被一个人家拾走了。妞儿是“疯子”的。
　　我从中读明白了母爱的强大和执着的力量。小孩不比大人差有时自己探索可以发现更多。",读《城南旧事》有感
150211,3.0,4.0,3.0,4.0,3.0,4.0,3.0,5.0,3.0,5.0,4.0,3.0,3.0,4.0,4.0,3.0,4.0,3.0,3.0,4.0,3.0,3.0,3.0,3.0,4.0,4.0,4.0,5.0,4.0,5.0,4.0,4.0,4.0,4.0,3.0,5.0,3.0,4.0,3.0,3.0,3.0,4.0,4.0,4.0,3.0,3.0,3.0,3.0,4.0,4.0,2.0,3.0,2.0,3.0,2.0,3.0,3.0,4.0,2.0,2.0,3.0,3.0,4.0,5.0,4.0,4.0,4.0,4.0,3.0,3.0,"给弟弟妹妹的一封信
亲爱的弟弟/妹妹：
　　你好！
　　我是你的姐姐胡涛。姐姐时时刻刻地盼望你的诞生。虽然姐姐不知道你是男生还是女生，但是姐姐一直想告诉你：“等你出来以后我们可以一起学画画；一起玩耍；一起读书，我还可以教你认字；做手工；写字等等许多好玩有趣的东西！
　　我最想教你的是《狗狗全家福》。首先我们打稿，注意构图和比例。我会让你自己先打稿，当我看你画了一半的时候突然我发现你的拿笔姿势纠正过来。之后勾线小细节比如眼睛；嘴和鼻子用细头勾，狗狗的外轮廓用粗头勾。接着是上色，先上狗狗整体的颜色：狗爸是棕色的短毛，小白色的短毛。然后画上狗细部的颜色；黑眼睛：黑色的和红色的舌头。最后背景采用蓝色天空和白云。最后一步是细节调整，需要用彩色铅笔把眼睛细化提高。你看一下画面有什么缺点以后一定要注意。
　　我还可以给你做小兔子手工，如果你想学以后我可以教你，还可以在你睡觉的时候给你读故事……
　　我希望你天天开心，健健康康的，你一定要记住姐姐永远爱你！
　　此致
敬礼
你的姐姐：胡涛
3月23日",《给弟弟妹妹的 一封信》
140637,3.0,3.0,4.0,5.0,3.0,4.0,3.0,5.0,2.0,2.0,3.0,2.0,3.0,3.0,2.0,3.0,2.0,3.0,3.0,3.0,3.0,2.0,3.0,2.0,3.0,2.0,3.0,3.0,3.0,2.0,2.0,3.0,2.0,2.0,2.0,3.0,2.0,2.0,2.0,4.0,3.0,3.0,3.0,2.0,2.0,3.0,2.0,3.0,3.0,3.0,2.0,3.0,2.0,3.0,2.0,2.0,3.0,2.0,2.0,3.0,2.0,3.0,3.0,4.0,3.0,4.0,2.0,3.0,2.0,5.0,"游戏刘
　　游戏刘是我的一个朋友，他专玩植物大战僵尸2。
　　他玩植物大战僵尸2从不充值，所有关都是自己动手玩，我们一开始下楼玩儿足球版植物大战僵户2,就是踢到一定的高度就行了。我们一人踢一次，踢呀踢，踢呀踢……最后终于踢到了！
　　然后我们到家里玩植物大战僵尸2。我有好多玩不过的关卡，我想让他玩儿一玩儿，他说：“可以！”他就玩儿了，他都不用强的植物，都用我不用的弱植物，我觉得很奇怪，他的阵法还是不一样，这让我很莫名其妙，可是，过了一会儿，他尽然过了，我又我又让他玩儿了几关他居然还是又过了，这让我很不解。
　　他走了之后，我用他选的植物、他用的阵法玩了几次，同样过了，可是我选的植物、我的阵法玩了几次同样没过，我真是不明白为什么？
　　我又想了几天，终于想到了！他选的那些植物各有长处，我选的那些各有短处，就像尺有所短，寸有所长一样。
　　游戏刘的思想好远大啊！",《游戏刘》
160501,3.0,3.0,4.0,4.0,4.0,4.0,3.0,4.0,3.0,3.0,3.0,3.0,3.0,3.0,3.0,3.0,4.0,4.0,3.0,3.0,3.0,3.0,3.0,3.0,4.0,3.0,3.0,3.0,3.0,4.0,3.0,4.0,3.0,3.0,4.0,3.0,2.0,3.0,3.0,4.0,3.0,3.0,3.0,3.0,3.0,4.0,3.0,3.0,4.0,4.0,3.0,3.0,3.0,3.0,3.0,3.0,3.0,3.0,2.0,2.0,3.0,3.0,4.0,5.0,4.0,5.0,4.0,4.0,3.0,3.0,"包饺子的习俗
　　包饭子和吃饺子是北方人过春节必不可少的习俗。过春节吃饺子意味着大吉大利。饺子形状像元宝，包饺子意味着包住福运。今年我也和爸爸妈妈一起包饺子，感受了这一春节习俗。
　　在新年的一大早，我和妈妈就去超市开始采购食材，生怕食材被别人买走了，买完了食材，我妈妈就开始教我擀饺子皮，后来我很快就学会了。我开始帮我妈妈，刚开始我还觉得很好玩，后来我就觉得手掌心变得越来越痒，起初我还不在意，但是当我擀完第十个饺子皮的时候，我就觉得手上像有好多毛毛虫在蠕动。我对妈妈说：“我的手好疼啊！妈妈说：“没事，你多擀一会儿，就适应不疼了。”我就又开始擀了，又擀了一会儿我累了，我不解的问：“过年为什么要包饺子呢？我累了”。妈妈说：“传说从前有一个怪物叫年，他专吃人，人们都很害怕，但之后发现吃饺子可以让他们平安度过年关，所以才要包饺子。我吓得一哆嗦，我立刻说：“我不累了，我可以继续擀饺子皮了，我们也赶快包饺子吧。”妈妈笑说：“你休息吧，那只不过是个传说。”我这才安心的去休息。
　　我看妈妈有时在饺子里包一个硬币，爸爸有时在饺子里包些枣泥，奶奶有时在饺子里包了一块冰糖，我非常好奇，就对妈妈问：“为什么要包硬币啊？”妈妈耐心的解答到：“包硬币是有招财的寓意，而枣泥代表幸福满满，冰糖意味着团团圆圆。我一听开心地说：“我要包饺子，也要把所有的硬币饺子都吃光。！”妈妈笑说：“好好好，所有的硬币饺子都是你的。
　　我们包完了饺子。爸爸开始下饺子。饺子出锅了！我仔细地看着每一个饺子，生怕有硬币饺子被别人抢走，我一下就锁定了一个又一个突起的饺子。手起筷落夹出了那个饺子吃了下去，果然有一个东西触到了我的舌头，那正是硬币。我高兴的说“我吃到了硬币饺子？”大家都用羡慕的眼神看着我，后来，每个人都吃到了有硬币的饺子，不时有人发出一声兴奋的欢呼。
　　全家人围在一起，吃着热气腾腾的饺子，谈论着新年的理想和愿望，屋子里充满了欢声笑语，其乐融融彰显着春节的热闹与喜庆。",《包饺子的习俗》
160525,3.0,2.0,3.0,3.0,4.0,2.0,3.0,2.0,4.0,2.0,3.0,2.0,3.0,2.0,3.0,2.0,2.0,2.0,3.0,2.0,3.0,2.0,3.0,2.0,3.0,2.0,3.0,2.0,2.0,2.0,3.0,2.0,3.0,2.0,4.0,2.0,3.0,2.0,4.0,2.0,3.0,2.0,3.0,2.0,3.0,2.0,4.0,2.0,3.0,2.0,3.0,2.0,3.0,2.0,2.0,2.0,4.0,2.0,2.0,2.0,3.0,2.0,5.0,2.0,3.0,3.0,2.0,2.0,3.0,3.0,"饺子
　　日历一天天翻过，终于我盼星星盼月亮的节终于来了！
　　每当除夕之夜，饭桌上最不能少的就是饺子了。
　　以前我们一家人吃饺子都是在商店里买来的，到家直接让饺子泡个热水澡，然后出锅，但是今年的除夕却大有不同，我们要自己包饺子。
　　一大早妈妈就去菜市场买羊肉，牛肉，猪肉……，买完回来已经是十一二点，但是大人们觉得时间有点晚，我说这不是还有八九个小时的吗？一点也不晚，妈妈说要拌肉，调味，等等，有很多事情要干，八九个小时根本干不完，当我听完妈妈的话，我们全家都开启了战斗模式，准备和饺大干一场，三，二，一，开始，拌肉的拌肉，调味的调味；爸爸妈妈说让我先去干别的事情，等要包饺子的时候再叫你。我回答到：可是我不会呀，爸爸妈妈又说没事我们教你。
　　我左等右等，终于，我听到了希望的声音，但是出去一看却是叫我拿水，这时候我的心情彻底的跌入了谷底，我的希望却已经无影无踪。
　　但就在我开始茫然的时候，天空中仿佛有一股引力，把我从谷底拽了回去，我又看到了希望的光明，当我出去的时候我终于能让爸爸教我包饺子了，我照猫画虎的学了一遍又一遍，终于会了，我也加入了战斗的队列中，我们终于包完了，开始下饺子，饺子熟了。
　　饺子熟了也到了晚上，我一直往天上看，我在等待烟花的到来，但是却一直没有，这时我才明白北京的污染很严重，我们不能在污染环境了，我们要保护大自然！",《饺子》
240244,3.0,4.0,4.0,4.0,3.0,3.0,3.0,2.0,3.0,3.0,3.0,3.0,3.0,4.0,2.0,3.0,2.0,3.0,2.0,3.0,2.0,2.0,2.0,3.0,3.0,3.0,2.0,3.0,2.0,3.0,3.0,3.0,2.0,2.0,2.0,3.0,2.0,3.0,3.0,3.0,3.0,4.0,3.0,3.0,3.0,2.0,2.0,2.0,3.0,4.0,2.0,2.0,2.0,3.0,3.0,3.0,3.0,4.0,3.0,2.0,2.0,3.0,2.0,3.0,3.0,4.0,3.0,3.0,3.0,4.0,"马术俱乐部
　　我们在这个假期里，去了泰国华欣。
　　在这些天里，我在马术俱乐部开心的度过了三天。在这里，动物多的就像个牧场，有鸡、火鸡、马、小羊、山羊、鹅、鸭、水牛、狗、仓鼠、小乌龟、兔、鹦鹉……当然我最喜欢的就是马啦！我在这儿骑马，老师是一位叫Emma的英国人（女）在这儿，骑马可不一样，Emma买了一大片林子，没人牵，自己走，有校服；马鞭，手套，靴子，头盔，衣服。
　　有一次我去喂鸡，大米一洒一群群跑过来鹅和鸭也争先恐后的跑过来，火鸡又来了，牧羊犬跑了过来，好像它们开心死了。还有一只雄飘飘的大公鸡啄了我一下，我追好半天：气死我了。
　　哦对了，我的马叫泰山，是个boy，花马，他跑起来可快了！这里有非常多的马，大小不一、颜色不同。这有一只水牛，要回国的那天，我还骑着水牛跑，站在了牛上，它的毛很之zha1！……还有好东西没有讲。
　　再见！马术俱乐部，我会再来的！",《马术俱乐部》
141017,4.0,3.0,4.0,4.0,4.0,3.0,4.0,3.0,3.0,4.0,4.0,3.0,4.0,3.0,3.0,3.0,3.0,3.0,3.0,3.0,4.0,3.0,4.0,3.0,3.0,3.0,3.0,4.0,4.0,3.0,4.0,3.0,3.0,3.0,3.0,3.0,4.0,4.0,4.0,2.0,4.0,2.0,4.0,3.0,3.0,3.0,4.0,3.0,4.0,3.0,2.0,2.0,3.0,3.0,3.0,2.0,4.0,3.0,3.0,3.0,4.0,2.0,5.0,4.0,5.0,4.0,4.0,4.0,5.0,3.0,"读《生命的故事》有感
    生命的意义有很多，每个人的理解也不一样。单单我一个人也有很多对生命的理解，下面我就来和你说一说。我认为生命的意义是勇气，正如《花的勇气》中所说我惊奇地想它们为什么不是在温暖的阳光下冒出来，偏偏在冷风冷雨中拔地而起呢，小小的花儿居然有如此的气魄！我的头怦然一震，这一震，使我明白了生命的意味是什么，是——勇气！
　　我还认为生命的意义是付出、给予。正如一句名言中所说：我的一生中，始终保持着这样一个信念，生命的意义在于付出，在于给予，而不是接受，也不是在于争取。
　　生命很美好，很多的故事都告诉我们，我们需要珍惜生命。有很多残疾人都比我们正常人活的乐观，积极，即使他们有一些障碍。所以我们正常人应该更加的珍惜生命，让自己活的更加光彩，有力！",读《生命的故事》有感
160516,4.0,4.0,5.0,4.0,5.0,3.0,4.0,3.0,4.0,4.0,3.0,4.0,4.0,4.0,4.0,4.0,5.0,4.0,4.0,3.0,4.0,4.0,3.0,4.0,4.0,4.0,5.0,3.0,5.0,3.0,4.0,4.0,3.0,4.0,4.0,3.0,4.0,3.0,5.0,4.0,4.0,4.0,5.0,4.0,5.0,4.0,5.0,3.0,4.0,4.0,3.0,3.0,4.0,3.0,3.0,3.0,4.0,4.0,3.0,4.0,5.0,4.0,5.0,4.0,5.0,4.0,5.0,4.0,5.0,4.0,"风俗的意味
　　中华民族有悠久的历史文化，节日风俗是长期积淀凝聚的结果，春节是传统节日最为重要的佳节，剪窗花，包饺子，家人团聚，便成为对我感悟最深的风俗。
　　我自小时候以来从未真正体会过节日的风俗。今天春节，我体味到了风俗的意味，爸爸教我剪窗花，他说：“窗花的样子各式各样，用夸张巧妙而细致的图案，将人们寄托的美好愿望表现得淋漓尽致，对折，再对折……我剪的花边毛毛草草，图案的形状和大小都不一样，爸爸在旁一直微笑着，时不时夸赞着。我和爸爸笑着，剪着，这不便是窗花的意义吗？
　　奶奶又教我包饺子，教我擀皮，我一会儿把皮压厚了，一会儿又压薄了，甚至压破了。后来我急了，干脆用手扯，奶奶坐在旁边微笑地看着我，见我着急，便说：“家人们回乡吃饺子，要有个圆满的归宿，吃饺子取“更岁交子”之意，“子”为子时，“交”与“饺”谐音，有“喜庆团圆”和吉祥如意的意思，不是经常说好吃不过饺子吗？饺子的味道各色各样，奶奶手把手教我包饺子。看着奶奶慈祥的眼神，听着奶奶温柔的声音，感受着奶奶给我无限的爱和关怀，这不便是饺子真正的味道吗？
　　家人们都来了，像久别重逢的朋友。一盘盘饺子摆上了餐桌，谁能想到，一声声祝福，一道道问候，成了最甜蜜的话语。一个个饺子一锅锅家常菜，成了最美味的佳肴，欢笑着，谈吐着，握手着，拥抱着，我看对家乡和朋友的无限眷恋与希望，这不便是团聚，这个永不变的习俗的意味吗？
　　习虽多，意未变。家人不怕千里迢迢，不管留了多少汗水，只为了见家人一面，远处的火车呼啸着，奔驰着，载着人们对家乡的向往，驶向远方。家人在身边，他们的爱和关怀，足以点亮整片天空，我定要把风俗传承下去，让人们体会到那别致的意味。",《风俗的意味》
130617,3.0,3.0,4.0,4.0,4.0,3.0,3.0,3.0,4.0,3.0,3.0,3.0,3.0,3.0,4.0,3.0,4.0,3.0,3.0,3.0,3.0,3.0,3.0,3.0,4.0,3.0,4.0,3.0,3.0,4.0,4.0,3.0,3.0,3.0,4.0,3.0,3.0,3.0,4.0,3.0,5.0,3.0,3.0,4.0,4.0,3.0,3.0,3.0,4.0,3.0,3.0,2.0,4.0,2.0,3.0,2.0,4.0,3.0,4.0,3.0,3.0,2.0,4.0,3.0,5.0,3.0,4.0,3.0,4.0,3.0,"水母
　　今天我们一起去观察海洋生物，我观察的是水母，我看见水母非常美丽，有红的，白的，黑的，蓝的，五颜六色，它的身体就像一把雨伞，水母运动时水母就像一个仙子在小河中游泳，水母还散发着光泽。但是它们身上会吐出毒丝吓跑敌人保护自己。",《水母》
160629,3.0,3.0,4.0,4.0,5.0,5.0,5.0,4.0,3.0,3.0,4.0,4.0,5.0,5.0,4.0,4.0,4.0,4.0,4.0,4.0,3.0,3.0,4.0,4.0,4.0,4.0,3.0,3.0,4.0,4.0,4.0,4.0,4.0,4.0,2.0,2.0,2.0,2.0,3.0,3.0,5.0,5.0,3.0,4.0,4.0,4.0,3.0,3.0,5.0,5.0,3.0,3.0,3.0,3.0,3.0,3.0,3.0,3.0,2.0,2.0,5.0,5.0,5.0,5.0,5.0,5.0,5.0,5.0,4.0,3.0,"我的理想
　　每个人心中的理想都是一盏指路的明灯，指引着我们到达成功的彼岸。其实，理想也是一个奋斗目标，需要我们自己来实现。我的理想是成为一位优秀的医生。
　　记得有一天我和爸爸妈妈在电视上看了一个节目叫《生命缘》里面有一个病人得了热射病，当时情况非常紧急，他被大家从120车上推了下来，当时好几个医生都围着她，给他做各种各样的检查，确诊病人得了热射病。病人被送往了重症监护室，那里面住着的都是得了非常严重的病人，医生把病人家属叫到一旁，告诉他们热射病是由于人体处于高热环境下，不能有效散热，体温调节机制失调所致。病人往往发病体温可达到40℃以上。刚开始大量的出汗，然后就会出现“无汗”伴有干热和意识障碍……中暑神精症状，这个是比较严重的，要在重症监护室住一段时间，在这段时间可能会出现各种不良反应，但是请家属放心，我们一定全力来医治病人，经过几天的治疗，病人脱离了生命危险，听到这个消息病人的家属，连忙跟医生说：“谢谢！”现在我才知道当一名医生也是不容易的，要有好的心理承受能力，要打不还手骂不还口，有人砸了你的办公室你还能镇定微笑地向他解释。
　　我知道成为一名医生不是一件容易的事，我只有从现在好好学习文化知识，经过慢慢的积累，懂的知识多了。学得内容丰富了，才有机会去实现自己的理想，成为一名真正的白衣天使，为天下所有需要帮助的人服务。当医生要有一种救死扶伤的精神，要乐于帮助百姓。我相信我一定会成功的，我会不断的磨练自己直到取得成功。
　　“宝剑锋从磨砺出，梅花香自苦寒来”我一定会记住这句话的，因为这是我的理想，所以我不会半途而废的，我一定要坚持下去。",《我的理想》
150321,4.0,3.0,4.0,3.0,4.0,3.0,4.0,3.0,4.0,3.0,4.0,2.0,4.0,3.0,5.0,3.0,4.0,3.0,5.0,3.0,4.0,3.0,4.0,3.0,4.0,2.0,4.0,3.0,4.0,3.0,5.0,3.0,3.0,2.0,3.0,3.0,4.0,3.0,5.0,3.0,4.0,2.0,4.0,2.0,3.0,3.0,4.0,3.0,4.0,3.0,3.0,3.0,4.0,2.0,4.0,3.0,4.0,3.0,3.0,3.0,4.0,3.0,5.0,3.0,4.0,3.0,3.0,3.0,4.0,3.0,"我家的“管事婆”
　　我家有三个成员，我，妈妈和爸爸。你们一听就知道“管事婆”是谁了吧！就是我妈妈。我妈的眼睛很漂亮，水灵灵的，如嵌着晶莹的水珠一样，个子在女人里面也算高的，长得很漂亮，但就有些爱管事。
　　我妈妈这个“管事婆”的称号可来的名副其实，这是我和爸爸给妈妈取的。记得刚上三年级的一天晚上，老师布置的作业非常少，我上完课外班回来，我还在学校把作业给写完了，所以我就躺在沙发上，拿起手机就玩了起来。妈妈看见了，就走过来说：“你老说你没时间来做奥数班的作业，现在有时间了，怎么不去写？”我只好灰溜溜放下手机，垂着头就去写奥数作业了。我还记得前几天的时候悲剧又再演了，妈妈那天晚上明明同意我玩1小时30分钟的手机游戏，但才过50分钟，叫我去背英语了……
　　妈妈对我那么严厉，对爸爸就更不用说了
　　妈妈就是这样爱管事因此得了“管事婆”这个美称。可就因为在这个爱管事儿的妈妈我们父子俩也慢慢的去学会了去珍惜时间了。我到现在才明白，妈妈不是爱多管闲事，她也是为了让我们父子和这个家变得越来越好！",《我家的管事婆》
250139,4.0,5.0,4.0,4.0,4.0,4.0,4.0,4.0,5.0,5.0,4.0,4.0,4.0,3.0,4.0,4.0,4.0,5.0,4.0,4.0,4.0,3.0,4.0,4.0,4.0,3.0,4.0,4.0,4.0,5.0,4.0,4.0,5.0,4.0,5.0,5.0,5.0,4.0,5.0,4.0,5.0,4.0,5.0,5.0,4.0,5.0,5.0,5.0,5.0,4.0,4.0,4.0,3.0,4.0,4.0,4.0,4.0,5.0,4.0,5.0,5.0,5.0,5.0,5.0,5.0,5.0,5.0,4.0,5.0,5.0,"有趣的春节
　　春节，是中国人民最盛大的节日。每逢春节时，家人团聚，做一顿丰盛的年夜饭。当零点的钟声敲响时，各式各样的烟花在天空中绽放。鞭炮声和孩子的欢笑声回荡在胡同里，回荡在庭院里。
　　放寒假了，我和爸爸妈妈我们一家人，去乡下探望姥姥。乡下的大街小巷里，都时不时会有鞭炮的声音。“砰！”！“啪！”炮声从姥姥家的院子里传出来。
　　我推门走进院子，看见我的表弟，正拿着一盒“摔炮儿”（一种专供小孩摔着玩的小炮仗）往院子里摔。“硕硕，停一下！”我朝他喊道（硕硕是他小名）于是他将手里的摔炮儿放回盒里，又高兴地朝我招手。
　　我刚把行李放好，硕硕就拉着我走到院子里，往我手里塞了一盒“摔炮儿”我学着他的样子照远处摔去。“啪！”“摔炮儿”在远处炸开了花，于是有了第一次的成功后，我和硕硕接连摔了三大盒“摔炮儿。”我们两个很是兴奋，老家过年真有趣啊！
　　吃过午饭后，爸爸又给我买了一把叫“钻天猴”的鞭炮。爸爸先放了一根，又让我也放一根，爸爸给了我一根点燃的香，手把手地教我怎么放炮仗。在爸爸的引导下，我成功的点燃了第一根“钻天猴。”这次轮到我自己放了，我拿着一支长长的香，小心翼翼的向导火索伸去：“呲——”导火索被点燃了，我捂着耳朵赶忙就跑了。我站在离炮仗十来米的地方看着，可炮仗还是没有响，我又跑过去点了一次火“砰！”鞭炮在院子上空响了。我心想：这下，我可一点都不害怕鞭炮啦！
　　这次去姥姥家，我不但克服了对鞭炮的恐惧心理，还学会了放鞭炮，成了姥姥家的“孩子王”。这件事，也为我的童年，添加了一抹绚丽的色彩。",《有趣的春节》
140636,3.0,4.0,4.0,5.0,3.0,3.0,2.0,4.0,3.0,3.0,2.0,3.0,4.0,5.0,2.0,3.0,3.0,4.0,4.0,4.0,3.0,3.0,3.0,4.0,4.0,5.0,3.0,4.0,3.0,3.0,3.0,5.0,3.0,5.0,3.0,3.0,3.0,3.0,3.0,3.0,3.0,3.0,3.0,3.0,2.0,5.0,2.0,3.0,3.0,4.0,2.0,2.0,2.0,2.0,2.0,3.0,3.0,3.0,2.0,4.0,3.0,5.0,4.0,5.0,3.0,3.0,4.0,4.0,3.0,4.0,"修乐乐
　　修乐乐本名修杰，是我的同班同学，住在学校附近的居民楼里。助人为乐是她的优点。
　　她乌黑的头发上扎着两条小辫子，一双炯炯有神的眼睛、一个小巧玲珑的鼻子、一张能说会道的嘴、哦！对了，她还有一个圆得像气球的肚子。
　　有一次，班里的一位同学吐了，修乐乐二话不说，连忙拿拖把，细心的拖起来，拖完还去慰问那位同学好点没有，有没有哪里不舒服，要是不舒服赶紧跟老师说……
　　还有一次，我们正在做值日，忽然，程伟“啊”的一声叫了起来。原来是吕明不小心碰倒了身边的椅子，恰好程伟站在旁边，不！悲剧发生了，只见椅子狠狠的砸在她的脚上，修乐乐见了赶紧跑过去说：“你没事吧？”程伟说：“我没事，一会儿让吕明给我道个歉就行了。”“好，我去把他找来。”修乐乐说，过了一会儿，吕明来了，这时他也认识到了自己的错误，于是对程伟说：“对不起，你没事吧？程伟说：“没关系，我没事，再说你也不是故意的。”
　　正是有了像修乐乐这样助人为乐的同学，我们的班级才会变得更加温暖、阳光。",《修乐乐》
130817,4.0,3.0,3.0,2.0,4.0,3.0,4.0,3.0,4.0,4.0,4.0,3.0,4.0,3.0,3.0,3.0,4.0,3.0,3.0,3.0,4.0,4.0,4.0,3.0,3.0,4.0,4.0,4.0,3.0,3.0,4.0,3.0,4.0,3.0,4.0,2.0,4.0,2.0,4.0,3.0,5.0,3.0,4.0,3.0,4.0,2.0,4.0,3.0,3.0,3.0,3.0,3.0,3.0,3.0,3.0,3.0,4.0,3.0,3.0,2.0,4.0,3.0,5.0,3.0,5.0,3.0,4.0,3.0,5.0,3.0,"热闹的狂欢会
　　每年春天小动物们都要在大森林里面开一场狂欢会，大家已经盼望很久很久了。这一天终于到来了。
　　春天真是个美丽的季节,万物苏醒了。小草一片又一片绿油油的，非常美丽。树木长出了新的枝叶，小鸟都在枝头上唱歌跳舞，花儿们也开放了，争奇斗艳，五颜六色，非常好看!这时勤劳的小马欢快地跑来了，欢蹦乱跳的小兔也来了，机敏的小猫从树上一跃而下，忠实的小狗兴高采烈的跑来了，小鸟从天空中飞来了。大家为了这场狂欢会准备了礼物和精彩的节目，小鸟的声音最动听，给大家演唱了一首动听的歌，小狗的节目是变魔术，受到大家认可。轮到小猫了，可它忘记准备节目了，于是它偷偷的溜走了。大家发现小猫不见了，于是大家四处寻找最后小狗在草丛里找到了它！大家就问它为什么躲起来，小猫告诉了大家，大家听了，说没有关系，我们教你跳舞。小猫说好的谢谢你们。
　　今天的狂欢会可真热闹，我们不但收到了朋友的礼物还收获了友情！",《热闹的狂欢会》
130631,3.0,3.0,5.0,4.0,5.0,4.0,3.0,4.0,5.0,3.0,2.0,2.0,2.0,3.0,3.0,3.0,3.0,3.0,5.0,3.0,4.0,3.0,4.0,3.0,5.0,3.0,5.0,3.0,5.0,3.0,3.0,4.0,3.0,3.0,4.0,3.0,2.0,2.0,4.0,3.0,4.0,3.0,4.0,4.0,3.0,3.0,4.0,3.0,4.0,4.0,2.0,3.0,3.0,2.0,2.0,2.0,4.0,3.0,2.0,2.0,5.0,3.0,5.0,4.0,5.0,3.0,5.0,4.0,4.0,4.0,"卖鱼刘
　　在我们小区里有一个卖鱼的，因为他姓刘，所以人们都叫他“卖鱼刘”，“卖鱼刘”家是河北人，租住在西直门附近的地下室，每天早上四点多钟，就得到大钟寺进鱼，他经常在小卖部前卖鱼，可是等到新发地的卖菜车来的时候你就看不到他了，那是因为小操场人多，他去小操场卖鱼了。“卖鱼刘”中等身材，戴着一顶蓝红相间的羊毛编织的帽子，身穿一件灰色的夹克棉服，那件棉服好旧，也很脏，好像从来都没洗过一样，脚上穿着一双黑色高腰的水靴子，肩上斜挎着一个小红包，那里装着“卖鱼刘”卖鱼得来的钱。“卖鱼刘”脸庞红黑红黑的，眼睛小小的，“卖鱼刘”非常喜欢笑，笑起来的时候眼睛眯成了一条线，“卖鱼刘”还特别喜欢抽烟，一支接一支的，不停的抽。像一个大烟筒。
　　卖鱼了，卖鱼了新鲜的活鱼啊。“卖鱼刘”开始吆喝起来，这时，一个阿姨走过来问：“老板，这鱼多少钱一斤？”“五块钱一斤。”“来一条二斤左右的。”“行，我给您挑一条。”只见“卖鱼刘”拿起抄子在卖鱼车里看了一下，说时迟，那时快，“卖鱼刘”一下子在鱼车里抄了一条鱼，鱼被抄起来以后，在网里蹦个不停，这时“卖鱼刘”拿起刀，往鱼头上拍了一下，鱼马上晕了过去，这时“卖鱼刘”把鱼放到秤上一称，“三斤多点就算您10元线的吧！”阿姨高兴的说。“好勒！请给我收拾一下吧！”“卖鱼刘”拿出来一把像一个刷子的东西，把鱼的鱼鳞都刷掉了，再拿出一把刀，把鱼肚子里的东西全部掏了出来，一条鱼就这样收拾好了，“卖鱼刘”把鱼装在袋子里，递给了阿姨，这时鱼好像醒了，在袋子里蹦了两下，“卖鱼刘”叼着烟，哈哈的笑着，两只眼睛又而成了一条线，他打趣的说：“这鱼还不舍很离开它的伙伴呢，”逗得买鱼的阿姨也哈哈的笑了起来。
“卖鱼刘”就是一个这样乐观、憨厚的人，他每天在小区里卖鱼，不管刮风下雨，嘴里总会叼着烟，乐哈哈的，跟来来往住的人打招呼，像朋友一样亲热。就是这个“卖鱼刘”给小区居民带来方便也带来了欢乐。
　　
　　
美丽的海洋馆
　　你去过被许多小鱼围绕海底世界么？如果你没去过，那就随我一起走进美妙又神奇的海洋馆吧！
　　一大早，我们就坐着大巴去了海洋馆，一进大门就是热带雨林，林里非常热，有各种各样的鱼，比如：“水鱼、海象、九节龙、盲鱼等。”我们仿佛在鱼的世界里，感觉自己是一条美人鱼似的。
　　看完了热带雨林我们又去了观看中华鲟。说到中华鲟下面我就来给大家说说它。中华鲟是我国很珍贵的动物之一，它的体形非常庞大，它还有好多有趣别名：鲟鱼、鲟鲟、大癞了、黄鲟、着甲、腊子。它们好多生活在长江流域，中华鲟吃水蚯蚓。
　　看完了中华鲟我们下个地点是我们期盼已久的，你们猜猜是什么？哈哈你们猜对了吗？它就是——海豚表演。为了看表演我们把午饭选在了表演场地，我们等了好长时间终于开始了，在小丑阿姨的介绍下，两只可爱的小海狮出来了！它们在音乐的伴奏下，一会倒立，一会顶球，一会跳舞，逗的大家哈哈大笑。接着是白鲸表演，“小丑”阿姨问我们世上最冷的地方是什么地方你们猜猜？它就是北极，北极最白的动物是——白鲸，白鲸一出场就开始叫，声音非常尖，像是在说我的声音多么好听，我们也说：“非常好听。”我们一边鼓掌一边说。最精彩的节目来了，它就是——海豚表演，它的速度像快艇一样快，在驯导员的口令下它一会儿跳起来顶球一会儿游泳，引得大家一阵阵欢呼，真好玩！
　　我们今天玩的真是又开心又充实啊！",《美丽的海洋馆》
160521,4.0,3.0,5.0,4.0,4.0,3.0,5.0,4.0,5.0,3.0,4.0,3.0,4.0,3.0,4.0,3.0,5.0,3.0,4.0,3.0,4.0,3.0,4.0,3.0,4.0,3.0,3.0,3.0,3.0,3.0,4.0,3.0,4.0,3.0,3.0,2.0,4.0,2.0,4.0,3.0,4.0,2.0,5.0,3.0,4.0,3.0,3.0,3.0,4.0,3.0,3.0,3.0,3.0,3.0,3.0,3.0,4.0,4.0,2.0,3.0,5.0,3.0,5.0,3.0,5.0,3.0,4.0,3.0,5.0,3.0,"苗族过年习俗
　　中国大多数人民是汉族，正月初一是全中国最重要盛大的传统节日，我们汉族过年一般都是贴春联，吃饺子和看春晚，但还有很多少数民族，你们知道他们过年的习俗吗？我就体验了一次苗族的习俗。
　　今年春节我姐夫和姐，带我去体验苗族的过年的习俗。我们到了三亚苗族的过年地点，姐夫还告诉我了一个顺口溜：二十五做豆腐，二十六打扫屋，二十七泡糯米，二十八打粑粑，二十九种种有，三十夜慢慢撤。他还给我讲了什么意思，但我听得已经很迷糊了，他继续说道：”这个顺口溜反映了苗族的过年习俗的两个重要的信息，一是‘做豆腐，打扫屋、打粑粑’这三件事，二是苗族历史上很贫困，做了一年的准备，只有三十夜这天才好好消费和享受。当然，这只是原来的场景……”
　　我们开始了一些有趣的活动，例如：斗牛赛马、跳芦笙、游方等极为丰富的活动。过年是最大的节日，有活动也有很多好吃的，例如：杀年猪、熏腊肉、打糍粑、炒炒米。还要杀鸡祭祖。在那里的东西可好吃了，我吃狼吞虎咽。姐夫看我的吃相情不自禁的笑了我半天。吃完饭了，大家放着欢快的音乐，开开心心地跳起舞来。我不会跳，但有苗族的大哥哥大姐姐们带跳还是很欢乐的，就随着欢快的音乐沉浸在热情的苗族乡亲之中，玩了一晚上……
　　通过这次体验苗族同胞过年的习俗，印证了“百里不同风，千里不同俗”，果真大江南北，风俗大不相同！
　　回到家之后，我又跟同学们讲述了我去苗族过年有趣的事情。我分享完，同学们又分享了他们去其它地方的体验，例如逛庙会和去别的民族一块体验他的生活和习惯，饮食起居。我听完更发觉，祖国地大物博，人民的智慧造就了不一样的庆祝方式，无论哪一种，都让我们倍感亲切，都想去传承，让它发扬光大，流传千古。",《苗族的过年习俗》
160530,4.0,4.0,5.0,4.0,5.0,4.0,3.0,4.0,4.0,4.0,4.0,4.0,5.0,4.0,5.0,3.0,5.0,3.0,5.0,4.0,5.0,3.0,5.0,3.0,5.0,3.0,5.0,4.0,5.0,3.0,3.0,3.0,5.0,3.0,3.0,3.0,3.0,2.0,3.0,3.0,5.0,3.0,5.0,4.0,4.0,3.0,3.0,3.0,4.0,3.0,3.0,2.0,4.0,3.0,3.0,2.0,4.0,3.0,2.0,2.0,5.0,3.0,5.0,4.0,5.0,4.0,5.0,4.0,4.0,3.0,"绽放烟花梦
　　古人说：“百里不同风，千里不同俗。”每个国家都有自己的特色和自己的民风民俗。作为一个地地道道的北京人，我最熟悉的民风民俗就是过年的时候放烟花的场景，烟花是中国民间古老的传统活动，古人用它赶走年兽，可以过上舒适的生活。每逢春节放烟花一定是少不了的，图得是热闹喜庆。但是今年有些特别，整个北京城都禁放烟花，这让我的心失望到了极致。
　　到了大年三十的早上，春节没有了烟花，竟然连一个卖烟花的地儿都没有？我更加地失望了，这简直就是伤口上洒盐。到了晚上春节一点儿也不热闹，没有烟花那激情四射的响声，春节还有什么可过的？烟花是污染环境，但是我宁愿用一两天的烟花换来三四个月的脏空气因为我爱烟花，我想烟花。在梦里我梦见了前几年放烟花的场景，是多么开心快乐呀？我非常希望在寒假里能实现我的烟花梦。
　　期待己久的我得到了一个大好的消息，我可以去美国实现烟花梦了，我非常的开心兴奋，每天每时每秒都在想着烟花。
　　过了几天我们一家人来到了洛杉矶一起旅行。我在那了解了美国人的民风民俗，我发现是我们有一个共同的特点就是都爱放烟花。
　　我们来到所有孩子最喜欢的地方，加州迪士尼乐园，我们开开心心的玩到了晚上，夜晚灯光闪起，响起了迪士尼的主题曲，放起了漫天的烟花，当烟花绽放的那一刻时，我的心又温暖了起来。
　　这次旅行实现了我的烟花梦，我非常的激动。我也认为中国不能没有烟花，烟花是中华民族非常悠久的传统，烟花就是让大家开心的一个传统项目，中国没有烟花就相当于美国人不会吃西餐。烟花是中华民族的民风民俗，更是中国人对过年的一份爱。",《绽放烟花梦》
160107,3.0,3.0,3.0,5.0,3.0,4.0,3.0,4.0,3.0,4.0,2.0,2.0,3.0,3.0,3.0,3.0,3.0,3.0,3.0,3.0,4.0,4.0,3.0,3.0,3.0,3.0,3.0,3.0,3.0,3.0,2.0,2.0,3.0,3.0,3.0,3.0,2.0,2.0,3.0,3.0,3.0,3.0,3.0,3.0,2.0,2.0,3.0,3.0,3.0,3.0,3.0,3.0,3.0,3.0,2.0,2.0,2.0,2.0,2.0,2.0,3.0,3.0,3.0,5.0,3.0,3.0,4.0,4.0,3.0,3.0,"走绳网
　　每个人都会长大，现在做的一个些事觉得很简单，小时候可能会觉得很难，思考很长时间才敢去尝试。而对于我来说，走绳网就是这样一件事，令人收获颇丰。
　　在我小时候，走绳网是我的心腹大患，每次走之前都会想一晚上。但现在它对于我来说是小菜—碟。
　　有一次，我看见一个新项目，是考验平衡能力的路。我自幼平衡能力就很好，所以我决定去试一试。它两边吊着麻绳，中间也吊着一根绳子，一抓就会不停地左右晃动，不停地摇摆，中间的绳子也会随着晃动。我踩上去第一脚时，我不由得心头一颤，它犹如一头猛兽向我奔来，我只有战胜它，才能走过这条路，我整个过程都心惊胆颤、提心吊胆，仿佛一不小心就会掉下深谷。但最后我战胜了它，走过了那段路。
　　现在这条路对于我来说是轻易而举，走了上百遍了，我已经不再恐惧它了。
　　我吃饭时想到：一遍一遍地走，最终都会熟练得让你自己惊奇不已。而学习也是一样，一道题只要一遍一遍地想，思考，总有一天能把它破解开的。熟练的东西在一开始都很生熟，只有一直想着要熟练它，才能破开更多的难题。
　　虽然过了很长时间，但如今，这件事仍令我记忆犹新，很有收获。",《走绳网》
160327,4.0,3.0,5.0,2.0,4.0,3.0,3.0,3.0,4.0,3.0,4.0,3.0,3.0,3.0,3.0,3.0,4.0,3.0,4.0,3.0,3.0,3.0,3.0,3.0,4.0,3.0,4.0,4.0,4.0,3.0,2.0,3.0,4.0,3.0,3.0,3.0,3.0,2.0,5.0,3.0,4.0,3.0,4.0,4.0,5.0,3.0,5.0,3.0,5.0,3.0,3.0,3.0,4.0,2.0,3.0,2.0,4.0,3.0,2.0,2.0,3.0,3.0,5.0,4.0,5.0,4.0,3.0,3.0,3.0,3.0,"友谊的小木船
　　我和陈华是好朋友。一天我们把在手工小组做的小木船拿出来玩，陈华一不小心把我的摔坏了。争执中，陈华又把它踩坏了，我非常生气。
　　过了一会，我夺过他的小木船，一把摔在了地上，小木船的许多木头都摔成了两块。陈华瞪了我一眼走了，他的衬衫也跟着飘了起来。上课时，我一不小心瞄到了他，发现他正拿手去扣衣服，上面扣子都已经要掉了。下课时，他并没有和朋友们一块去玩，而是在自己地座位上安静地写作业。
　　过了几天后，他还一直安静地待着，我也自然没的可玩了。有一天下午，手工课老师因为多余出来了一份做小木船的材料就给了我。我想了又想，用来干什么呢？放在家里？送给……陈华！我立马动起了手，开始做小木船。终于，做好了！下课时，我跑到陈华的位子上，递给了他小木船，他眼睛一亮，问：“为什么要给我这个？”我给他解释了过程后，他向我笑了笑，眼睛都快要成一条缝了。后来，我和陈华又开始一块玩了起来。
　　没有什么东西可以阻挡住我们的友谊，就像小木船一样，虽然小木船坏了，但是也用另一种方法把它修好了。",《友谊的小木船》
130116,4.0,4.0,5.0,4.0,5.0,4.0,4.0,3.0,5.0,4.0,3.0,4.0,5.0,4.0,5.0,4.0,3.0,4.0,4.0,4.0,4.0,3.0,4.0,3.0,5.0,4.0,4.0,3.0,4.0,4.0,4.0,3.0,4.0,4.0,4.0,3.0,5.0,3.0,4.0,4.0,5.0,4.0,5.0,4.0,4.0,3.0,5.0,4.0,5.0,4.0,4.0,3.0,4.0,3.0,4.0,3.0,5.0,4.0,3.0,3.0,4.0,4.0,5.0,4.0,5.0,4.0,5.0,4.0,5.0,4.0,"活泼可爱的小乌龟
　　我养了一只小乌龟，它算是我最熟悉的小动物了，我刚从商店里把它买回来的时候，它还很小，经过我的努力，它终于长大一点了。
　　小乌龟的尾巴又尖又细，上面的条纹像浅绿色的小草，外面围着一圈嫩黄色的条纹。小乌龟的四条腿上的条纹有深有浅，它的爪子非常尖，像针一样尖。它的壳特别漂亮，上面的条纹把整个壳分成了好多块，每块里面有浅绿色、嫩绿色、翠绿色、暗绿色和嫩黄色，这么多颜色搭配在一起像各种各样的小草在一起的颜色。它的头部花纹最多了，头的两侧各有一块红的块块，像是绿叶、黄叶配两朵红花似的。它小巧玲珑的眼睛下面长着一张嘴。
　　小乌龟有动作快的一面，也有动作慢的一面。有时它会看到一个东西急速跑过去，有时它会看到一个东西呆呆的看着它，一动也不动，有时它会把头扎进水里然后又把头抬起来。冬天，它就会把头扎进水里睡觉，只要暖和，小乌龟就欢蹦乱跳，老是用爪子爬上水族箱。
　　我把小乌龟拿出来，我轻轻一碰它，它就把头部、四肢和尾巴全都缩在壳里了。我喂它吃乌龟食时，就立刻爬过来，在两三厘米的地方时，它就一边走一边张嘴咬住食物，嚼着嚼着就吞下去了。
　　小乌龟老是一会爬到这，一会爬到那，我喜欢看小乌龟爬来爬去的样子，有的时候我把它放出来玩。小乌龟给我很多欢乐，同时也有麻烦。养小乌龟很辛苦，但是我也很快乐！",《活泼可爱的小乌龟》
140220,4.0,4.0,5.0,4.0,4.0,3.0,5.0,4.0,4.0,4.0,4.0,3.0,5.0,3.0,4.0,4.0,4.0,4.0,4.0,4.0,4.0,3.0,5.0,3.0,4.0,3.0,3.0,3.0,4.0,4.0,5.0,3.0,4.0,4.0,5.0,3.0,4.0,3.0,4.0,4.0,4.0,4.0,5.0,4.0,5.0,3.0,5.0,4.0,5.0,4.0,4.0,3.0,4.0,3.0,5.0,3.0,5.0,4.0,4.0,4.0,4.0,4.0,5.0,4.0,4.0,4.0,5.0,4.0,5.0,3.0,"一件有意义的事
　　今年9月份我就上四年级，在开学的第二周里，学校举办了英语总动员的活动。张勇、王芳、李梅和我被分在了同一小组，参加活动。
　　在那一天下午，我们认真听老师讲活动的要求：在整个过程中，不能讲中文，如果被老师发现说中文，就会给一次黄牌警告，如有五次的话，整个小组就会因为自己停五分钟，我们都目瞪口呆了，这个要求对我们来说太难，因为在body show里要说话，而不能说中文，那我们该怎么交流呢？
　　正当我们发愁的时候，老师就下令活动开始，我们个个都像安了个小马达，如百米冲刺一样飞奔出去。我们先去了we like dancing,老师说完单词上的数字，我们就迅速地跳到那个地方，同时说出位置上的单词，在这个游戏里我们组表现都表现得非常出色。这时我们觉得其实不说中文也蛮简单的。第二个游戏是悄悄话游戏，在这个游戏里我要选一个单词，来做动作，只能让前面一个同学看见，这样一个一个地传下去，只要最后一个人说对，我们就能通关了，这个游戏也没有难倒我们。
　　最后一个游戏里body show,也是最好玩，最精彩的一个项目了，大家排队都顺着楼梯排到五年级的教室外去了，在我们耐心地等待下，终于轮到我们进了赛场，我们互相加了油，做好了一起迎接挑战的准备，竖起耳朵，仔细听老师讲的单词，老师说了一个单词，我急忙用英文让他们都摆好树的样子，因为只有30秒的时间，我们不能犹豫，我看看四班的同学，他们摆的是火车，为什么我们摆得不一样呢？老师又重复了遍这个单词，王芳突然醒悟过来是火车，不是树，我急忙变成了车头，其他人也都迅速地变成了自己的姿势，在最后那一刻我们成功了。
　　我们玩得既开心又顺利，通过这次活动，我收获了友谊，也明白了，其实做事前，不要把事情想得特别难，就像这次活动中，只能用英语交流一样，做起来很容易。另外，做事情不要太匆忙，一定要做好准备，再去实施。",《一件有意义的事》
150428,5.0,5.0,5.0,5.0,5.0,5.0,5.0,5.0,5.0,5.0,5.0,5.0,4.0,5.0,5.0,4.0,5.0,4.0,5.0,5.0,5.0,5.0,5.0,4.0,5.0,5.0,5.0,5.0,5.0,5.0,5.0,4.0,5.0,5.0,5.0,5.0,5.0,5.0,5.0,5.0,5.0,4.0,5.0,5.0,5.0,4.0,5.0,5.0,5.0,5.0,4.0,3.0,5.0,4.0,5.0,4.0,5.0,4.0,4.0,3.0,5.0,4.0,5.0,5.0,5.0,5.0,5.0,5.0,5.0,5.0,"第一名背后的故事
　　在本届体育节中，我们班不但获得了一个单项冠军，总体排名也是第一名。这时，其他班的同学都因为我们班显赫的成绩而投向羡慕的目光，可又有谁知道，在这光彩耀人的成绩背后藏着怎样的故事……
　　比赛当天，发生了许多感人的故事，但是其中最令我难以忘怀的是我的搭档喻平。我们被安排在了运球接力的第一对，手心上因出汗已经抓不住那颗一直往下滑的球。随着哨声，我们带着坚定的目光，像一匹匹野马冲了出去，有节奏的步调促使我们领先了其他班。突然，她的脚步明显放慢了，也不说话了。我既担心又焦急，就问：“你没事吧？”她一句话也没说，可是步调仍在减慢，她好像也失去了平衡，身体也越发沉重，不觉间我们的手越勾越紧，即使这样她依然沉默不语。就这样她一言不发地坚持到了终点，我们凭着心意相通的默契在一开始就领先了所有班级。正当我激动地要去跟她庆祝时，我竟发现她躲在队伍后默默地流泪，担心地问她是不是脚扭了，“没事的，我一点也不疼了。”她边说还边红着眼睛对我露出一个微笑。她嘴上说没事，其实刚开始就扭了脚，如果她真的没事也不会哭啊！这时，我心里像是被一缕阳光照射，又像是被寒风侵蚀，百味杂陈，这位同学为班级奉献自我的同学深深打动了我。
　　如果这届体育节我们班没有拿到奖，我相信大家也一样会像现在一样激动，因为我们共同见证了自己的努力，也涌现了许多为集体奉献自我的同学。即使不化为言语，我们的心也是连在一起的，我们永远是最团结的班级，也永远一起成长，我们还是那个最勇于奉献自我的班级，每个成员都互相信任，坚信我们一定会成功！这一切都令我至此难忘！",《第一名背后的故事》
160313,5.0,4.0,4.0,2.0,5.0,4.0,5.0,4.0,4.0,4.0,3.0,4.0,5.0,4.0,5.0,4.0,4.0,3.0,5.0,3.0,4.0,4.0,4.0,4.0,4.0,4.0,5.0,3.0,5.0,4.0,4.0,4.0,5.0,4.0,5.0,4.0,4.0,4.0,5.0,4.0,4.0,4.0,5.0,4.0,4.0,4.0,4.0,4.0,4.0,4.0,3.0,3.0,4.0,3.0,4.0,3.0,5.0,4.0,3.0,4.0,4.0,3.0,5.0,4.0,4.0,4.0,5.0,4.0,5.0,4.0,"挽救友谊的微笑
　　气急败坏的我两手一僵，抬起木船刚想往地上狠狠一摔时，我停住了，嘴里还喘着粗气。我和陈华这么多年的友谊画面一遍遍在我脑中浮现：一起躲在机房打游戏、一起去玩具店讨价还价，一起给在医院住院的邻居奶奶做午饭，这有我们一起经历的风风雨雨，春夏秋冬……我的眼眶湿润了，难道友谊的小船就这么翻了？不行，绝不行！“算了，不跟你计较，”我瞄了一眼陈华那双明亮的杏眼，此刻已几乎眯成了一条线了，他清瘦的脸庞，高挺的鼻梁让我不禁心生愧疚——性格温和长相清秀的他怎么会如此轻易就与别人起争执？我抛给他一个抱歉的眼神，不知是轻是重放下木船后悻悻地跑开了。
　　第二天我扫了一眼全班，眼神飞快寻找着陈华，扫到他时发现他也在直钩钩地盯着我，微旧的校服上还留有昨天做手工胶水的印迹。他冲我笑了，我也笑了，就好似雨过天晴，阳光又重新撒到我们脸上。没错，我们友谊的小船永远不会翻，现在不会，以后也不会。而那只小木船给了我们考验，多年的时光来为我们加油助阵，至今我还记得他的那一抹微笑，记得那一抹瞬间化解一切尴尬，挽救友谊的微笑。",《挽救友谊的微笑》
150104,3.0,3.0,4.0,5.0,4.0,5.0,5.0,3.0,4.0,4.0,4.0,2.0,4.0,3.0,2.0,3.0,4.0,4.0,4.0,3.0,4.0,4.0,3.0,3.0,4.0,3.0,4.0,3.0,4.0,3.0,4.0,4.0,4.0,4.0,4.0,4.0,2.0,4.0,4.0,4.0,3.0,3.0,5.0,4.0,2.0,3.0,2.0,3.0,3.0,3.0,2.0,3.0,3.0,3.0,2.0,2.0,4.0,4.0,2.0,2.0,4.0,4.0,4.0,5.0,5.0,5.0,3.0,4.0,4.0,3.0,"《汤姆·索亚历险记》读后感
　　我在寒假看了一本名叫《汤姆·索亚历险记》它是美国文学大师马克·吐温的代表作之一。
　　这本书的主人公汤姆·索亚，他在大人们的眼中是一个不折不扣的坏孩子：调皮、恶作剧、逃学……而这些，甚至是他每天必做的事，然而在这个顽童身上也有很多优点。
　　一次，他和“野孩子”哈克因为一点微乎其微的事跑到墓地中去。无意间，汤姆和哈克目睹了一起杀人案。凶手乔嫁祸给莫夫·波特老头。审判波特老头时汤姆在法庭上证明了一切，汤姆用他超强的正义感，不顾一切地救了波特老头，还他清白。
　　读完这本书后我发现，人总会长大的，除了个儿长高了，身子强壮了以外，人的思想也在长。你对世界的看法不同，懂事了，不再幼稚了。人是要变的越来越好，千万不能像书里的乔一样，他坏事做尽，人见人憎，所以他死了。
　　汤姆·索亚是一个多面性人物，他的世界充满阳光和希望，他告诉我们只要有理想，便会成真。我要向汤姆的优点学习。",《汤姆·索亚历险记》读后感
160234,4.0,5.0,3.0,4.0,4.0,5.0,4.0,5.0,4.0,5.0,3.0,4.0,4.0,4.0,5.0,4.0,5.0,4.0,4.0,4.0,4.0,5.0,4.0,5.0,4.0,4.0,4.0,5.0,4.0,4.0,3.0,4.0,4.0,4.0,4.0,4.0,4.0,4.0,5.0,5.0,4.0,4.0,5.0,5.0,4.0,4.0,5.0,4.0,4.0,4.0,4.0,4.0,4.0,3.0,4.0,4.0,5.0,5.0,5.0,4.0,5.0,5.0,5.0,5.0,5.0,5.0,5.0,5.0,5.0,5.0,"被“爱”照亮的路
　　关爱是一盏明灯，照亮我前行的道路，关爱是一盏烛火，温暖我路途中疲惫的身躯。也正是身边人的关爱，照亮我前行的道路，让我重要的考级得以通过。
　　空气凉飕飕的，云朵把太阳的脸庞遮的死死的，阴冷阴冷的。此时的我面无血色，内心却无比泰然。我的钢琴八级没过。那一刻，我暗下决心。很快，我迎来了第二次考级。考级前一天我如往常一样来到学校，只不过我一直在折千纸鹤。王好奇的问道“为什么折这么多纸鹤啊？”“祈福啊，要钢琴考级了。”我被吓了一跳，只得匆忙答到。“啊？那我也来帮正正一起折”她微笑道。我心头一酸，眼角顿时有些红。“好啊，谢谢！”我低着头，努力让自己看起来没什么两样。“你们干嘛呢？”张疑惑的看着我。“折纸鹤啊，明天考级。“加油！不可能考不过！”她一脸坚定，前一秒的嘻笑被坚定和严肃取而代之。我紧紧抱住她们，我心头又是一酸。却更加坚定了我的决心——我要考过八级。那晚的星星很少，却格外明亮。这繁星几许，像极了我坚定的心。
　　考级当天，太阳还是被云遮的死死的，一丝风，一点雨，都不曾出现。到了考场前，妈妈抱着妹妹。一脸疲惫的她，依然慢慢的讲给我。我心头，又是一酸……我口袋里仍装一只纸鹤。我没有一丝紧张，内心暖暖的。一个星期后，我得知考过的消息。高兴之后浮现的，是当初一言一句对我的相信。是妈妈、朋友们的言语，妹妹无声的鼓励，照亮我前方的路。
　　一句话是一小份关爱，十份，百份……足以让太多人成功。还有一些无声的关爱。那是她们用干言万语凝成的一份爱。它们包围着我的内心，才足以照亮我前行的路。我想，很多时候，一句话远比其它重要的多。一句话可能会温暖一个无助的人。人人多给予一份爱，再黑暗冰冷的世界，也终会被点亮。",《被“爱”照亮的路》
150411,2.0,2.0,3.0,4.0,2.0,4.0,2.0,3.0,2.0,2.0,2.0,3.0,2.0,3.0,2.0,4.0,3.0,4.0,3.0,2.0,3.0,3.0,2.0,3.0,3.0,4.0,3.0,4.0,2.0,2.0,2.0,3.0,3.0,3.0,3.0,3.0,2.0,3.0,3.0,2.0,3.0,3.0,3.0,3.0,2.0,3.0,2.0,3.0,3.0,3.0,3.0,2.0,2.0,3.0,3.0,2.0,3.0,3.0,2.0,2.0,3.0,3.0,3.0,5.0,3.0,5.0,3.0,2.0,2.0,3.0,"神奇的“红”月亮
　　自古以来，人们对天空就充满了幻想，对皎洁的月亮更是情有独钟，因为它是多变且神奇的。2018年1月31日是152年来的“红”月亮，让我对月亮产生更多的向往好奇。
　　红月亮叫“月全食血月+超级月亮+蓝月”三合一的天之奇观！什么是超级月亮是指看上去特别大的月亮，这是地月距离比较近造成的。这的血月，指是月全食。半月面完全被地球阴影覆盖，月亮不会作黑一团。在1月31日的时候，我在我们的小区的花园里来看红月亮，我一边跳线；一边看红月亮，突然我停止了跳线我看了月亮没在变化，过一下，我又开始跳线，突然妈妈说有动静了我跑过去看屋子上的大月亮似乎没有什么变化，我问妈妈：“有什么变化？妈妈说：“你看月亮的周围有一点红！”我仔细看了看“啊”我看见了。过了一会儿一个淘气的男孩子（有一点胖）不停的在跑，我心想男孩子好淘气啊！有一点像我们班的“刘华”。突然我发现那就是“刘华”我叫出了他的名字“胖胖”那时他和他的小伙伴不在跑了停下来看我，之后刘华认出了我，他和我一起看月亮，他把他的望远镜给我一起看月亮，到23:11我们依依不舍的回家了。
　　神奇的月亮让我看见了不一样的自然奇观回家我不惊赞扬到直是太神奇：太美丽；太壮观。我永远不忘记1月31日。",《神奇的“红”日亮》
240225,3.0,3.0,4.0,4.0,3.0,3.0,3.0,3.0,3.0,3.0,2.0,2.0,3.0,3.0,2.0,2.0,2.0,2.0,2.0,2.0,2.0,2.0,3.0,3.0,4.0,4.0,2.0,2.0,3.0,3.0,3.0,3.0,3.0,3.0,2.0,2.0,2.0,2.0,2.0,2.0,3.0,3.0,2.0,2.0,2.0,2.0,2.0,2.0,3.0,3.0,2.0,2.0,2.0,2.0,2.0,2.0,3.0,3.0,2.0,2.0,3.0,3.0,5.0,5.0,3.0,3.0,2.0,2.0,3.0,3.0,"去出西打篮球
　　这个寒假我们学校，校队篮球要去出西打全国小学学篮球取sai4,我们老师给我报了名，我们刚考完试没两天我就走了，刚到出西，那冷的 ，包里的水刚才是热的现在都快要凉成冰了，我们坐大巴车来到了酒店，我刚一进酒店我就问老师，老师分完房间要干吗呀？老师笑着对我说，分完房以后，坐大巴车去一个中学的体育场所里，运动员拿球，包，衣服，然后你们，适应场所，然后吃饭，我们的中午饭，和晚饭都在中学里吃。
　　第二天我和我住一间房的队员六点多起来去吃早饭，早饭在酒店三楼，我们两个坐电梯去三楼吃早饭，我一看有好多的好吃的！有鸡蛋那有一个锅,在旁边有油、盐。自己放油，放盐摊鸡蛋。吃完饭我们又去中学的体育馆。一场比赛开始了，我们第一场就输了，第二场我们，生气了，我们不管犯不犯规?就一直这样，我们的第二场赢了，我们就一直这样一共赢了六场，我们拿到了第六名，我很开心。",《去出西打篮球》
141116,5.0,5.0,5.0,4.0,5.0,4.0,5.0,4.0,5.0,5.0,4.0,5.0,5.0,5.0,5.0,5.0,4.0,4.0,5.0,4.0,5.0,4.0,5.0,4.0,4.0,5.0,5.0,5.0,5.0,5.0,4.0,4.0,4.0,5.0,5.0,5.0,5.0,5.0,5.0,4.0,5.0,4.0,5.0,5.0,4.0,4.0,4.0,4.0,4.0,4.0,3.0,4.0,4.0,4.0,3.0,4.0,4.0,5.0,3.0,4.0,5.0,4.0,5.0,5.0,5.0,5.0,5.0,5.0,5.0,5.0,"背后的道理
　　最开始，老师说要有个活动课，只有10分钟。活动一开始，我很兴奋，虽然只有10分种，但这毕竟是活动课，一定很有意思。接着，老师说：“掏出听写本，翻开新的一页。”老师说时，我顿时蒙了。我想不会吧，活动课就是听写，老师也没通知我们，我还没复习呢，这次肯定考差了。我觉得我被骗了，立刻从兴奋转到失落。
　　我怀着忐忑不安的心情掏出听写本准备听写。接下来老师说我这次只听一个词。我先是很开心，因为只听一个词，又觉得不对呀，怎么可能只听一个词？既然只听一个词，这肯定是一个巨难无比的词。我就听着老师嘴里说的每一个字。老师说只给我们30秒写完，30秒很短，我赶紧听老师说的词，生怕自己没听见。老师说开始，就开始倒计时。我瞬间蒙了，老师哪说词了？我把老师说的话一遍一遍的想，想到老师有可能听的是开始，就把开始写上了。
　　紧接着老师说时间到，老师采访了写的同学和没写的同学，他们都说了自己的理由，我觉得他们说的很有道理。
　　然后老师说再听一个词。我很高兴，这回肯定和上回一样，我一定要认真听老师说的每一个字：老师说这次的时间只有10秒，我会念出来，听清了吗？老师就开始数10.9.8……我又瞬蒙了。上次还说了一个词，这次连一个词都没说。而且这次只有10秒，我不知所措。于是我仔细想，终于想到时间也是个词，就写了时间。
　　老师说时间到，老师把我们分成三类人。再往后老师让第一类一个字没写的人举手，问他们为什么，他们一脸茫然地说老师又没说要听什么词，我们哪知道写什么？老师再让第二类只写一个字的人说，他们奇怪地说老师第一次还告诉了我们一个明确的词，可是第二次老师什么词也没说。老师又让第三类两个词都写了的人说，他们说的有理有据。最后，老师和我们公布了答案，第一个词是开始，第二个则是听清了吗？
　　这次活动课让我懂得了做事要认真，仔细，不要马虎，这样会丢掉很重要的信息。还要注意每一个细节，也许这个细节就会告诉你答案。还懂得了要认真听讲，不要三心二意。要换个去角度，换个态度思考问题，你会有不一样的发现。这节课还让我知道你要认真、仔细、专注的干每一件事情，你就会有和别人不一样的发现。我终于知道老师给我们上这节课是为了什么。老师是为了让我们从玩中体会到道理。老师想通过这节课让我们思考这之中的道理。老师通过这么一件小事让我们懂得了那么多人生真理！谢谢老师，您让我们自己意识到了这么多道理。谢谢您！",《背后的道理》
160416,4.0,5.0,5.0,4.0,4.0,4.0,4.0,4.0,4.0,5.0,4.0,5.0,4.0,4.0,4.0,5.0,4.0,5.0,5.0,5.0,4.0,5.0,4.0,5.0,4.0,4.0,4.0,5.0,4.0,5.0,4.0,5.0,4.0,5.0,5.0,4.0,4.0,4.0,4.0,5.0,4.0,4.0,5.0,5.0,4.0,5.0,4.0,4.0,4.0,5.0,4.0,5.0,5.0,5.0,4.0,5.0,4.0,4.0,3.0,5.0,4.0,5.0,5.0,5.0,4.0,5.0,5.0,5.0,5.0,4.0,"钢琴曲的感召力
　　钢琴曲有着撼动人心的力量。
　　我刚出生不久时，妈妈就开始给我听小夜曲。那幽静轻柔的曲调带我到了清明的月光下，泛白的星星若隐若现，我躺在草地上，望着靛蓝的天空，睡着了。
　　我被钢琴曲迷住了，对钢琴产生了极大的兴趣，每天哭着闹着要一架属于我的钢琴。爸爸给我买了一架掉了色的旧钢琴，我开始学起来。
　　我每天都弹枯燥的音阶，琶音和练习曲。老师常常训斥我，用小棍子敲打我手上的骨节，到考级时，我每天弹6个小时钢琴，反反复复弹着几组音阶，千首曲子。我默默地坚持着，心想总有一天我能弹出我喜爱的曲子。
　　不久以后，爸爸妈妈给我换了钢琴老师。老师教我弹了《北风吹·扎红头绳》，我弹得越来越熟，手指在琴键上跳起舞来，身体也随着音乐摆动着，耳边回荡着“北风那个吹，雪花那个飘……”它深沉地，娓娓地向你讲叙一个故事。
　　音乐开端是安静柔和的。一个女孩走来，脸颊被北风吹得通红，两柳辩子垂落后背，飘飘洒洒的雪花落在细长的睫毛上。纤瘦的身体披着松松垮垮，缝着掉了色的补丁的外衣。
　　接着，音乐是激昂，富有弹性的，一个刚劲有力的小伙子向女孩走去，健壮的体魄，充满了英雄的斗志。
　　后来，音乐又是高亢，活跃的，他们笑着，跑着，跳着，说着解放后的生活。
　　尾声时，音乐是悲伤的，小伙子要去参军，女孩叮嘱着他，又恋恋不舍地送他走。这时已经是大年三十了，家家户户门前挂着红火的灯笼，贴着对联，女孩守在门前，等着父亲回家，
　　钢琴曲好像有了生命力，给了我的心灵极大的震撼，弹钢琴成了我难以割舍的爱好。
　　钢琴磨炼了我的心灵，使我能吃苦，变得坚强，同时也给了我心灵的满足。钢琴曲是多么有感召力和撼动人心的力量啊！",《钢琴曲的感召力》
250143,3.0,4.0,4.0,3.0,4.0,3.0,3.0,3.0,3.0,4.0,3.0,3.0,3.0,4.0,2.0,3.0,2.0,3.0,3.0,4.0,3.0,3.0,3.0,3.0,3.0,4.0,3.0,4.0,3.0,3.0,2.0,3.0,3.0,3.0,3.0,4.0,3.0,3.0,2.0,2.0,3.0,4.0,3.0,3.0,2.0,3.0,2.0,2.0,2.0,4.0,3.0,3.0,2.0,2.0,2.0,3.0,3.0,3.0,3.0,3.0,3.0,4.0,3.0,3.0,3.0,4.0,3.0,3.0,3.0,4.0,"喜迎狗年
　　前几天，我过了新年，我们向鸡年再见，向狗年招手，除夕当天也很有意思。
　　除夕那天早上，我可睡了一个懒觉，上午九点钟才醒，他们都吃完早餐了。我吃完以后爸爸说窗帘的钩子没了，去家居店买钩子去，话音刚我立马换好衣服准备出发。到了门口我对爸爸说：“老爸，昨天来得时候门口有一个牌子，你可能没看，除夕不开业。”爸爸还是半信半疑，去看了一眼，果然不出所料，哎，白来了！
　　等到下午四点左右，我们准备去姥姥家和他们一起过个年，本来小姨他们初二来，谁想今天就来了，爸爸发现了小姨他们家的车，小姨开车开的太“好”了，像在玩漂移，连续超车，左晃右晃真是太佩服了。
　　最重要的事不能忘，那就是年味满满的年夜饭啊！大家坐在一起，吃着饭，看着春晚，真是团团圆圆，幸福美满啊！对我来说的话这是我过得最开心，最让我快乐，最美满，最有意义的春节。",《喜迎狗年》
150638,3.0,3.0,2.0,2.0,3.0,3.0,3.0,3.0,3.0,3.0,3.0,2.0,3.0,3.0,2.0,2.0,2.0,3.0,2.0,2.0,2.0,3.0,2.0,3.0,3.0,3.0,2.0,3.0,2.0,3.0,2.0,2.0,2.0,2.0,3.0,2.0,3.0,3.0,2.0,4.0,3.0,4.0,3.0,2.0,2.0,2.0,3.0,3.0,2.0,2.0,3.0,2.0,2.0,2.0,2.0,3.0,3.0,3.0,3.0,3.0,3.0,3.0,3.0,5.0,3.0,4.0,2.0,3.0,2.0,3.0,"我来到神秘的魔法世界
　　就在昨天我去了魔法世界。其实我也不知道我是怎么到的魔法世界。我只是隐约记得我是在刚刚到家的时候突然闪过一道彩色的强光，十分美丽，看起来还是透明的，像钻石一样清澈透明。当我再醒来的时候，我发现我已经到了一个不同的世界！我走了不知道多长时间，终于看到了一顶帽子。我心想：终于能问清楚这是个什么地方了。我抬头一看原来是一个法师。后来我知道他是这个世界的皇家首席法师古一，他是在一年一度的传奇法师竞赛中输给了外人所以被驱逐出境了。我说！我帮你！然后我们就直接瞬移了过去，到了以后我发现我带了手机。比赛的时候我把手机放那，人们就像万龙戏珠一样。后来我才知道外人是拿了mp3才赢了古一。我就和他说不要以这种方式取胜呀！”",《我来到神秘的魔法世界》
160125,3.0,3.0,4.0,3.0,4.0,3.0,3.0,3.0,4.0,3.0,2.0,4.0,3.0,3.0,3.0,3.0,3.0,3.0,2.0,3.0,3.0,3.0,3.0,3.0,4.0,3.0,4.0,3.0,4.0,3.0,3.0,3.0,4.0,3.0,3.0,3.0,3.0,2.0,3.0,3.0,5.0,3.0,2.0,3.0,3.0,3.0,3.0,3.0,4.0,3.0,3.0,2.0,3.0,2.0,3.0,2.0,5.0,3.0,2.0,2.0,5.0,3.0,5.0,3.0,5.0,3.0,3.0,3.0,3.0,2.0,"绳
　　要是说到绳，大家可能会想到绳子，但是我会想到我的朋友，我的战友，它就是我的跳绳，它是我的一生。但自从我上回经历了跳绳比赛后，我就再也不跳绳，因为我的内心是害怕输的。所以，我就再也不跳了！
　　在我比赛的时我的跳绳猛然断裂，后来我也就没心情跳绳了。
　　但就在我心灰意冷时老师跟我激动的说你还可以参加一次跳绳比赛你愿意吗？我也兴奋的说，我愿意！所以我这个暑假就一直在跳绳。我的计划是，第一至七天先跳1000个绳，然后再慢慢增加到2000,经过了一个多月的努力我终于增加到了2000,后来老师跟我说加油，同样的错不要再犯第二次，我说没问题，因为我想抓住这个机会！
　　到了比赛的日子我激动的上了赛场，只听三，二，一开始，我的手就开始了飞速摇动，我的脚也跟随着凌空跳起，跳完以后老师说我发挥的很好吗！
　　通过我一个多月的跳绳训练，我忽然觉的学习不也是一样的吗？如果你这一个词写一遍不会，写二遍还不会，那就写它100遍，1000遍，我相信只要你想学就一定能学会。
　　只要学不死，那就往死里学！我的一次失败，也造就了我重新站起，收获成功。",《绳》
140206,3.0,3.0,4.0,4.0,3.0,4.0,3.0,3.0,4.0,4.0,2.0,2.0,2.0,3.0,2.0,3.0,3.0,3.0,2.0,2.0,2.0,3.0,3.0,3.0,4.0,4.0,4.0,4.0,4.0,3.0,4.0,3.0,4.0,4.0,2.0,3.0,2.0,3.0,3.0,3.0,3.0,3.0,4.0,2.0,3.0,3.0,2.0,2.0,4.0,3.0,2.0,3.0,2.0,3.0,2.0,3.0,4.0,3.0,2.0,2.0,2.0,4.0,3.0,5.0,3.0,5.0,2.0,4.0,3.0,4.0,"一件开心的事
　　有一天，我正在写我的语文作业。突然，妈妈急着跑上楼，走到我的小书桌前，兴奋的对我说：“爸爸的一个同事知道你喜欢狗，今天他过生日，说要去一个狗市，让你去挑！”“太棒了！!”我兴奋都快晕过去了。后来，我匆匆忙忙的写写了语文作业，就出发啦！那位叔叔让我们去一个通州的狗市！!离我们家好远呀！!大概有40多公里，要开2个小时的车呢！!我心里想，要不别去了，那么远，多累呀！算了，我天天都想一只狗，既然机会来了，就决对不要放弃。
　　一下车，就见到了那位叔叔，我先问好，再跟他说我的养狗标准：
　　1、毛中等，不要太多，也不要太少。
　　2、不常叫，要安静。
　　3、不咬人，不凶狠。
　　这样一来，他就给我推荐了“秋田”这一种狗。他说这种狗是日本狗。
　　我们去了秋田犬专卖店。
　　这个挺可爱的，哦，那边那个也挺可爱的…………“买公的吧，公的好清理,母的不好清理！”爸爸说，“叔叔，买这个吧，这个非常可爱”“行！”叔叔说。
　　太棒了！我终于可以跟小狗玩啦！我连忙谢谢叔叔。他说别客气，也祝我跟他玩的开心。谢谢叔叔，再见。",《一件开心的事》
160112,3.0,4.0,5.0,4.0,4.0,3.0,4.0,3.0,4.0,4.0,3.0,4.0,3.0,3.0,4.0,3.0,4.0,3.0,3.0,4.0,3.0,4.0,3.0,4.0,4.0,4.0,4.0,4.0,4.0,3.0,3.0,4.0,4.0,4.0,3.0,3.0,3.0,3.0,3.0,3.0,4.0,3.0,4.0,4.0,3.0,2.0,3.0,3.0,3.0,3.0,3.0,2.0,3.0,2.0,3.0,2.0,4.0,3.0,3.0,3.0,4.0,3.0,4.0,4.0,5.0,4.0,4.0,3.0,5.0,4.0,"坚持就是胜利
　　每当我看到那些舞蹈团的在舞台上表演，台下的观众一次又一次的给予热烈的掌声时，我总是想到她们在练工房练功的情景，真是“台上一分钟，台下十年功”啊。我也想用自己的努力换来成功。
　　下竖叉是舞蹈的基本功，所以我想先练习坚叉。下叉的第一步是体前屈。最简单的体前屈就是在平地，因为我想下右腿竖叉，所以我把右腿笔直的向前伸出，先用手摸到脚10次再保持10秒。这是拉韧带。现在我推备挑战压腿。我把腿一前一后的放好，先压跨，我把后腿使劲往后伸尽量使跨部变成一字。然后就要压腿了。这次前腿往前伸并伸直勾脚尖，尽量使肚子贴大腿，一次一次的往前，我感觉韧带越来越累，疼痛感也越来越透彻心扉，汗水打湿了我的练功服。这些动作做了几天我明显感觉自己比以前软多了，我决定挑战更难一些的动作，下叉式体前屈。下叉式体前屈是先把腿放到和自己腰一样高的地方，尽量去抱腿。前几天我还抱不到腿，但我一直坚持每天都能进步一点点，几天下来我已经能把腿放到和我一样高的位置并抱住腿了。在练了几天后我觉得我已经可以把竖叉下去了，我想试试，于是在我做完一组热身活动后，我试着下了下去，成功了，我心里涌上来一股喜悦。这是我的努力换来的。
　　从这件事我知道了坚持就是胜利的这个道理，在学习上我也要坚持不懈希望取得更大的成就。这个暑假我很有收获！",《坚持就是胜利》
150615,4.0,3.0,3.0,2.0,4.0,3.0,5.0,4.0,4.0,3.0,5.0,3.0,5.0,3.0,5.0,2.0,5.0,2.0,3.0,2.0,3.0,3.0,3.0,3.0,3.0,3.0,3.0,2.0,4.0,2.0,3.0,2.0,3.0,2.0,4.0,3.0,4.0,3.0,5.0,2.0,5.0,3.0,5.0,3.0,4.0,2.0,3.0,3.0,4.0,3.0,3.0,2.0,4.0,2.0,3.0,2.0,4.0,3.0,4.0,3.0,4.0,2.0,4.0,3.0,4.0,3.0,4.0,3.0,5.0,2.0,"我来到神秘的半人马星系
　　两天前，地球成功地在半人马星系的一颗恒星的轨道上停泊了，人们欢呼着，一百多代人的航程终于结束了。地球发动机停止了运转，当作燃料的山峰已经不存在了。就在这时一件不幸的事件发生了，一颗距离三光年外的超新星爆发了，大量走出了地下城的人死亡了，地下城里所幸还有二十万人生还。这场灾难后，一艘飞船飞离了地球，上面有我和二十名科学家。他们根据监视系统发现一颗接近光速的小球，命中了超新星，就像一颗子弹打中了西瓜一样，超新星瞬间由内向外爆炸了，能量四射，甚至有一波辐射到达了地球，那如镜片一样光滑的海面瞬间碎裂了。最资深的那位科学家：“攻击者必须要知道航线的精确数据，才能给我们如此致命的一击。”这位老者打了个冷战，继续说：“我们现在很有可能被定位了。”突然我们被一个恒星的引力吸住了，我们上救生船了，想逃出引力，可是太晚了，一地球上的人最后一次听见我们的声音了，我说“达不到逃逸速度的。”最后，那400多岁的老者长叹道：“啊，我的流浪地球啊！”一片寂静，那颗原来叫地球的行星，开始了它的新一次航程。",《我来到神秘的半人星系》
130636,3.0,4.0,4.0,5.0,4.0,5.0,2.0,4.0,3.0,4.0,2.0,5.0,4.0,4.0,2.0,3.0,2.0,2.0,4.0,4.0,3.0,4.0,3.0,3.0,3.0,3.0,4.0,3.0,3.0,3.0,2.0,4.0,2.0,4.0,3.0,4.0,2.0,3.0,3.0,2.0,2.0,4.0,4.0,3.0,3.0,3.0,3.0,4.0,3.0,2.0,2.0,3.0,2.0,3.0,2.0,3.0,2.0,3.0,2.0,3.0,3.0,2.0,4.0,4.0,3.0,4.0,3.0,5.0,4.0,4.0,"神奇美丽的海洋动物
　　今天，学校组织我们三年级同学去北京海洋馆，开展社会实践活动。
　　进了海洋馆，我们先来到了热带雨林区，在里面，我看见了大大小小的、五颜六色的金鱼，漂亮极了！!!其中有：“血鹦鹉、小海龟、小海马、七彩神仙鱼、还有龙族的红龙。”然后我们又来到了2号区，看到了许许多的、透明的小水母，非常美丽。在3号区我看到了凶猛的鲨鱼，非常可怕，还有一个假的鲨鱼头。
　　最令我难忘的是我还看见了国家一级保护动物“中华鲟”在水中游来游去非常可爱。最后我们进了一个小黑屋，里面非常漂亮，有各种各样的鱼和水母，转了一圈后，我们来到了海豚馆。
　　我们去看了精彩的动物表演，第一个表演的是海豹，它表演了套圈，还展示了各种优美的姿式、还和驯兽员握手。接下来是白鲸的表演，只见驯兽员站在白鲸的背上，像滑板车一样飞速地游了过去。其中最好看的还是海豚表演，它们体长两米左右，背部是青黑色的。肚子是白色的，长得圆圆滚滚的、胖乎乎的、两只大眼睛非常可爱。只见空中吊着三个气球，驯兽员一声令下，三只海豚，嗖的一下，腾空而起，顶到了空中悬挂的气球。引起了观众们热烈的掌声，我还听说海豚还能在海中托起不小心落水的人呢！!!
　　一天的活动圆满结束了，学到了很多知识，我们兴高采烈地回到了学校。",《神秘的海洋动物》
150101,3.0,3.0,3.0,4.0,3.0,3.0,3.0,3.0,3.0,3.0,2.0,2.0,3.0,4.0,3.0,3.0,2.0,2.0,3.0,3.0,3.0,3.0,2.0,2.0,3.0,4.0,3.0,3.0,3.0,3.0,3.0,4.0,3.0,3.0,3.0,3.0,2.0,4.0,3.0,3.0,3.0,3.0,3.0,3.0,3.0,3.0,3.0,3.0,2.0,2.0,2.0,4.0,2.0,2.0,3.0,3.0,3.0,4.0,2.0,2.0,3.0,3.0,3.0,5.0,4.0,5.0,2.0,2.0,2.0,2.0,"读《夏洛的网》有感
　　寒假期间，我仔细阅读了《夏洛的网》，这本书是美国作家怀特先生写的，由任溶溶译成中文，在上海译文出版社出版发行。
　　这本书主要写了这样一个有趣的故事。在朱克曼家的仓谷里，快乐地生活着一群动物，其中小猪威尔伯和蜘蛛夏洛建立了非常真挚的友谊。然而此时，一个最丑恶的消息打破了谷仓的平静：威尔伯未来的命运竟是成为熏肉火腿。作为一只猪，悲痛绝望的威尔伯似乎只能接受任人宰割的命运了，然而，看似渺小的夏洛说：“我来救你”。于是，夏洛用自己的丝在猪栏上织出了被人类视为奇迹的网络文字，这彻底逆转了威尔伯的命运，这些网络文字让它在集市上的大赛中赢得了特别奖，它的命运也随之转变，不是成为熏肉火腿，而是从此拥有了一个安享天年的未来。但此时夏洛的生命却走到了尽头。
　　通过阅读这本书，我深刻体会到朋友之间的友情是非常珍贵的，所以请珍惜每一个你身边的朋友，让友谊的小船永远行驶在和平美好的生命海洋中。不要等到失去这段友谊的时候再去珍惜，时间不等人。就像书中夏洛的生命走到尽头，威尔伯再也无法继续他与夏洛的友谊。因此要珍惜当下，抓住当下的友谊，珍惜并体会友谊的美好。",读《夏洛的网》有感
160430,5.0,4.0,5.0,4.0,5.0,4.0,3.0,4.0,5.0,4.0,3.0,4.0,4.0,4.0,5.0,4.0,5.0,4.0,5.0,3.0,4.0,3.0,5.0,3.0,5.0,4.0,5.0,4.0,5.0,4.0,5.0,3.0,5.0,4.0,5.0,3.0,5.0,3.0,5.0,4.0,5.0,3.0,5.0,5.0,5.0,4.0,5.0,3.0,5.0,4.0,5.0,2.0,4.0,3.0,3.0,2.0,5.0,3.0,2.0,2.0,5.0,3.0,5.0,4.0,5.0,4.0,3.0,3.0,3.0,3.0,"触动心灵的艺术
　　艺术是心灵的加油站，当我们疲愈的时候，是艺术慰籍了我们的心灵，一首动人心魄的歌曲、一段激情的舞蹈、一幅令人震撼的画作。艺术能给人的心灵带来照料，带未阳光、雨露，在疲惫的时候得到放松，在伤心的时候得到安慰。在这几年里，我也学习了一门艺术，时间不长、收获颇大。
　　今年是我弹琴的第四年。在我弹琴的第一年，弹琴给我带来了很多快乐，因为很简单每天弹琴成了我必做的事情。后两年，随着课业量越来越大，谱子也越来越难，弹琴成了我的负担，每天的弹琴对我来说没什么乐趣。
　　每当妈妈让我弹琴的时候，我经常假装听不见，继续做自己喜欢的事情。直到妈妈使劲喊我的时候，我才会不过情愿的去弹一会儿琴。在我弹舞的时候，一会儿歇一下，一会儿去找妈妈聊天，弹的琴一点也不用心，音乐没有了颜色，每个音都是同样的味道，琴声就像干枯的花朵，花儿一点一点的凋落；像干旱的沙漠，音乐变得干枯；像无味的口香糖，没有一点嚼劲。就这样老师考验了我，给我安排了考级。妈妈还是叮嘱我，但我还是没用心感受音乐，用心练习，老师还是经常说我弹的音乐没有感情，没有触动他。直到那次失败的考级之后，我看到了成绩单，考官也说没有情感，彻底触动了我。
　　从今年开始，每天自觉弹琴成了我必做的事情，弹琴又给我带来了快乐，我的琴声终于触动了老师和父母，所有人都看到了我的进步我的琴声好像受伤的小鸟长出了爱的翅膀，滋润着鸟儿的心灵，我可以自豪的说“我爱弹琴！
　　每一种艺术都很枯燥，但是只要你拥有对艺术的爱，你就能感受艺术给人带来的快乐，幸福。“一份耕耘，一份收获”加油！坚持自己对艺术的热爱！",《触动心灵的艺术》
140236,3.0,4.0,4.0,4.0,4.0,5.0,3.0,4.0,2.0,3.0,3.0,3.0,3.0,4.0,2.0,3.0,3.0,4.0,2.0,3.0,3.0,4.0,3.0,4.0,3.0,3.0,4.0,3.0,3.0,3.0,2.0,2.0,3.0,4.0,2.0,3.0,2.0,2.0,3.0,3.0,2.0,3.0,4.0,4.0,2.0,3.0,2.0,2.0,3.0,4.0,2.0,3.0,2.0,2.0,2.0,3.0,3.0,3.0,2.0,3.0,3.0,4.0,4.0,4.0,4.0,3.0,4.0,4.0,3.0,3.0,"一件难忘的事
　　新学期开始了，为了让我们四年级（2)班有一个舒适的环境，五位家长和五位同学自告奋勇去班里打扫卫生，当然，这里就有我和我的爸爸。
　　我们先把南楼原来三（2)教室里的东西搬到了北楼现在四（2)班里面，所以我们搬的时候要来来回回跑很多趟，很辛苦！就连我自己都跑了五六趟，爸爸一个人就把班里的书架从南楼四层搬到了北楼二层，真厉害！教室里的东西终于都搬完了，接下来就要打扫卫生了，我们先把书放在书架里，然后大人就开始擦玻璃，我们小孩就开始把以前的板报摘下来，最后把地扫干净。在打扫卫生的过程中发生了几件好玩的事，一件是爸爸擦玻璃的过程中发现玻璃总是擦不干净，哦！原来是双层玻璃，还有一件是，当我们看见班老师东西的时候，哇！班老师东西怎么这么多啊！比我们全班的东西还多，这是要把家搬来吗？最后一件是大人们摆桌椅的时候发现总也摆不对，于是我就告诉他们桌椅要右线，果然摆好了。
　　虽然这次我们都很辛苦，但是当我们看到整洁明亮的教室时，一想到我们以后就可以在这间教室里上课了，我就感到很开心，对我来说这真是一件难忘的事。",《一件难忘的事》
140309,4.0,4.0,2.0,5.0,4.0,5.0,4.0,3.0,3.0,4.0,3.0,3.0,4.0,4.0,3.0,4.0,4.0,3.0,4.0,4.0,3.0,3.0,3.0,4.0,4.0,4.0,4.0,5.0,3.0,4.0,3.0,3.0,4.0,4.0,3.0,4.0,2.0,3.0,4.0,3.0,4.0,4.0,4.0,3.0,3.0,4.0,3.0,4.0,3.0,4.0,2.0,3.0,3.0,3.0,3.0,3.0,3.0,4.0,2.0,2.0,3.0,3.0,4.0,5.0,4.0,5.0,3.0,4.0,4.0,3.0,"鲜花和绿叶
　　有一年春天在一个公园的草地里生长着一朵美丽芬芳的花朵。经过这里的人都会看上一阵子。
　　突然，有一天，鲜花骄傲的对绿叶说:“你看看我！多漂亮！每次经过的人看一眼都看不够呢！你再看看你，丑死了，哪有人看你”！叶子听了这些，心里很难过，但是叶子却一声不吭。
　　第二天早上，就有很多人来看那朵美丽芬芳的鲜花。这让鲜花又想起昨天的事来，鲜花就又骄傲起来了。她对绿叶说:“你看！人们又来看我了呢！”绿叶听了这些，心里别提有多难过了，但是绿叶还是没有开口说话。
　　又过了几天，隆冬来临，刺骨的寒风吹起雪花。那朵鲜花冷的哆嗦,不知为什么，那绿叶一点儿冷都没有感到，而且绿叶变的更绿了。
　　他们孤独的度过了一个漫长的严冬。春天到了，花儿们开出鲜艳的花朵。可是，那朵鲜花没有开，因为她死了。绿叶哭了因为绿叶觉得虽然她很骄傲，但是绿叶认为她也是一条生命。
　　但是不知为什么因为绿叶的泪水，自动被鲜花xi1走了。那朵“骄傲”的花儿被绿叶的泪水浇灌后，又复活了!那朵骄傲的花儿现在渐渐的知道绿叶是真正的喜欢她。而且她还向绿叶说：“绿叶要不是你我都死了呢！谢谢你！”
　　从此他们过上了幸福美满的生活。",《鲜花和绿叶》
130240,3.0,4.0,4.0,4.0,3.0,3.0,2.0,3.0,3.0,4.0,3.0,3.0,3.0,3.0,2.0,3.0,2.0,2.0,3.0,3.0,3.0,2.0,3.0,3.0,4.0,4.0,3.0,3.0,3.0,3.0,3.0,4.0,4.0,4.0,3.0,3.0,3.0,3.0,3.0,3.0,2.0,3.0,3.0,3.0,2.0,2.0,2.0,3.0,3.0,3.0,2.0,2.0,2.0,2.0,2.0,3.0,3.0,3.0,2.0,2.0,3.0,4.0,3.0,3.0,2.0,3.0,3.0,4.0,2.0,4.0,"我的书法课
　　三年级第一学期的时候，妈妈给我报了一个班，叫软笔书法，古代还有文房四宝，是毛笔、墨水、宣纸、砚台，这四件物品。
　　我第一次上的时候老师让我写名字，我后来写的像几只“小蚯蚓”在爬，然后老师和我都发现了我写字的时候墨水没有了，老师说没关系我可以给你们倒墨水。
　　后来有一次，我和几个同学一起上软笔书法，我写“黄河入海流”的河字，我写了好几次“河”字，然后老师说：“河字不要把竖钩的钩字不要停在竖线上。”我发现后面写的都在竖线上，我想方设法的又写了一遍，哇！这个不错，老师说，我第一次听老师说不错！
　　这一次我学到了，每个人都会失败，只要有信心就会得到表扬！",《我的书法课》
140509,4.0,3.0,5.0,5.0,5.0,5.0,4.0,4.0,4.0,4.0,3.0,4.0,4.0,3.0,4.0,3.0,4.0,3.0,5.0,3.0,4.0,4.0,4.0,3.0,4.0,4.0,4.0,3.0,5.0,3.0,4.0,4.0,4.0,3.0,4.0,3.0,4.0,4.0,4.0,4.0,4.0,4.0,5.0,4.0,4.0,3.0,4.0,4.0,4.0,4.0,3.0,4.0,3.0,3.0,4.0,4.0,4.0,3.0,2.0,2.0,4.0,4.0,4.0,5.0,4.0,5.0,4.0,4.0,4.0,3.0,"小狗朋友——团团
　　一年前，我家又多了一位新成员，它叫团团，是一只蝴蝶犬。它的头中间有一条白缝儿那条白缝有不粗不细恰到好处。那条白缝从头到鼻子都是白色的，脖子还有小爪子都是白色的。剩下的全都是黑色的。它的眼睛大大的亮亮的，大的像一个弹珠,亮的像一块水晶，既美丽又可爱！不过最有特点的还是它美丽的耳朵了！它的耳朵大大的，而且刮了一阵风后，团团耳朵上的几根毛会飘起来像蝴蝶的翅膀一样！美丽极了！因此，人们才称这种狗为蝴蝶犬。
　　团团既听话又乖巧，我拿食物的时候，团团会做出一副可爱的表情和眼神。并且乖乖的坐好，你一定会给它一些食物。因为它太可爱了！还有一次，我和妈妈去?和园吃饭，妈妈和团团说：“团团你在这里等着我们，我们吃完饭就出来。”然后，我们就进去了。等我们吃完饭出来的时候，团团还蹲在饭店门上等候着我们出来。我们给它奖励了许多吃的呢！而且，妈妈给它擦脸擦脚的时候也如此听话。妈妈给它擦脸擦脚的时候它会乖乖的坐在一旁，很配合的等妈妈擦完。在擦脚的时候，妈妈说：举一下这只爪子。团团会轻轻地举起来它那小小的而又健壮的爪子，然后，又轻轻地放在妈妈的手上，等妈妈给它擦完……过了一会儿妈妈擦完了，就对它说，团团，可以出去了。然后,团团会看一眼妈妈，表示很感激，然后，欢快的出去。
　　不过它有时也是一个淘气包！如果你不在家，家里可遭了殃。团团会在床上舒舒舒服服的躺着，然后，把床上的娃子含的湿乎乎的；把床上的书撕的破破烂烂的！
　　有时也是一个小笨蛋！我还记得有一次我和妈妈一起遛团团。我忽然听到：“扑通！”一声。原来，团团跳水了！(注：别担心，那是个浅水池）我问一直在盯着团团的妈妈为什么团团要跳水。妈妈说：“可能是看到了自己的倒影，以为是别的狗，团团想和它玩吧！”然后，团团竟然自己游上来了呢！
　　团团也是一个很有风度的狗。它还会握手呢！只要一说“团团握手”它就会举起小爪子和你握手呢！这可是我教会它的哦！
　　这就是我的小狗团团！我想对它说:“虽然，你只是一只狗，而且我也只养了你一年，但是我和你的感情无比深厚！你、给我带来了更多的欢乐与喜悦,你、让我天天快乐的生活着。最后，我想对你说:“我爱你！!!” 



我的朋友
　　她是一个长得漂亮，爱笑，又能说会道的女孩。她皮肤白皙，常梳着一个精神的马尾辫，刘海儿底下，一双乌黑而炯炯有神的眼睛镶嵌在白净的脸上，一眨一眨的，仿佛在说话。一个高高的鼻梁，再配上一张桃花瓣似的小嘴和一个尖尖的下巴，很讨人喜欢。她很爱笑，那张樱桃小嘴。总是微微的向上翘起，我们看了自己心里也不由得开心起来。别看她嘴小，说起话来像一把机关枪，停都停不下来！尤其是在争论问题，声者不大，却总能把你说得心服口服！那些架势，仿佛不把你说的五体投地就停不下来似的！她不仅口才好，还特别钟爱一条漂亮的裙子，只要没有体育课，她就会穿上它。那一件有着蓝白条的裙子，一条黑色丝带系在腰间，再套上一件有着可爱的猫耳朵的白色小衫，别提有多俏皮可爱了！这就是我的朋友。",《小狗朋友——团团》
160721,3.0,3.0,3.0,3.0,3.0,3.0,4.0,3.0,3.0,3.0,3.0,3.0,3.0,3.0,3.0,2.0,4.0,2.0,4.0,3.0,3.0,3.0,3.0,2.0,3.0,3.0,4.0,3.0,3.0,2.0,4.0,2.0,3.0,3.0,4.0,2.0,3.0,2.0,3.0,2.0,3.0,3.0,4.0,3.0,3.0,2.0,3.0,3.0,3.0,2.0,2.0,2.0,3.0,2.0,3.0,2.0,3.0,3.0,2.0,3.0,3.0,3.0,4.0,3.0,4.0,3.0,4.0,3.0,5.0,2.0,"《狼王梦》读后感
　　我最喜欢的一本书是——《狼王梦》，这本书是沈石溪写的，也是我的生日礼物。
　　这本书的主人公是一匹狼，它是一匹母狼，名叫紫岚，为什么叫紫岚呢？书上是这样解释的：“因为它是紫色毛皮的一匹母狼，跑起来像岚雾，所以叫紫岚。”这本书上写了紫岚怎样照顾自己的狼崽。紫岚的“老公”叫做黑桑，是一匹高大威猛的成年公狼，原本他应该是一代狼王，可惜离狼王只有一步之遥时，被一只可恶的大野猪刺死，所以紫岚一直闷闷不乐。
　　紫岚的狼崽有五只，一只被洪水冲走了。还剩下四只，三男一女，一只叫黑仔，一只明蓝魂儿，一只叫双毛还有一只叫媚媚。紫岚最喜欢黑仔因为它很壮，长得也很像黑桑，不过黑仔不久后被金雕给吃了，紫岚又开始细心的照顾蓝魂儿，蓝魂儿不久之后变得非常非常的壮，而且很聪明，在一次狩猎中不小心把冬眠的熊吵醒了，于是他与熊斗智斗勇，最终胜利了，就连高高在上且中无人的狼王都给他赞赏的一目。不过紫岚的欲望太深，就差一点就让蓝魂儿当上狼王了，可是蓝魂儿失足，死在了猎人捕兽夹下。
　　只剩最弱小的狼双毛了，紫岚已经要放弃了，就这样无气无力的养着双毛，养啊养，不知怎么双毛竟然敢挑战狼王了，离打败狼王就差一点点，却被狼王一声大吼吓得魂飞魄散了，最后被狼一口咬死。
　　只剩下最后的媚媚了，因为女的不能当狼王，所以又过了好久，吃掉黑仔的那只老金雕又回来了，紫岚为了保护媚媚生下的小狼崽，与那只老金雕同归于尽了。最后紫岚用自己的生命护住了媚媚的后代。
　　这个故事告诉我们，我们不能欲望太深，只有一步步来才能成功。",《狼王梦读后感》
160334,4.0,4.0,2.0,3.0,3.0,3.0,4.0,4.0,4.0,4.0,4.0,4.0,5.0,5.0,3.0,3.0,5.0,4.0,5.0,4.0,5.0,5.0,4.0,5.0,4.0,5.0,5.0,5.0,5.0,4.0,5.0,5.0,5.0,5.0,5.0,4.0,5.0,4.0,5.0,5.0,5.0,4.0,5.0,5.0,5.0,5.0,5.0,4.0,5.0,5.0,4.0,5.0,5.0,5.0,5.0,4.0,5.0,5.0,4.0,4.0,4.0,5.0,5.0,5.0,5.0,4.0,5.0,5.0,5.0,5.0,"友谊之花永不败
　　“你干嘛啊？”我两只眼睛睁的特别圆，怒气冲冲的瞪向他。“我……”他捧着自己心爱的木船，慢慢的递向我。我一下把他的木船扔到地上，木船一下四分五裂。他两眼发红，几滴泪落。紧接着他脸上尽是泪水。眼角的痣，也被泪水覆盖。眼中唯一有的一丝光，也是泪水。哭着哭着，瘫坐在冰凉的地上。他双手掩面，呜咽起来。“我们两清了”我头也不回的走去。而他，好似依然在呜咽。
　　过了不知多久，他两眼发红却暗淡无光的回来了。“怎么办，我是不是太过了，他分明是无心的。怎么办，他会不会不理我啊……”我暗下决心打算去道歉。只见他眼下有两道深深的泪痕，缓慢的走来。他对我一笑，给了我一封信。那笑，没有往日的晴朗，像三天三夜没有吃饭。我拉住他，却发现冰凉的刺骨。他一愣，眼中又泛起泪花。“先看信”他尽力挣脱，转身走去。我只得轻轻拿起信，细细端详起来。友谊是相互的，只有相互宽容和理解才能友谊永存。对，我们两清了。最后一大段被泪水染花了，可我能依稀看清一句话“我们那凋零的友谊之花即将重新绽放，对吗？”我毫不犹豫在下课铃打响那一刻，飞奔到他面前。他眼角的泪痕仍未淡去，可嘴上仍然哼着小曲，并没有理会我的存在。“船本来就是给你的，别太在意。”他漫不经心的说。“不，不对。”我说罢便看到他要转身离去。“它从来没有凋零过，它只是又盛放了点。”我连忙说道，生怕他误会。他停住了脚步，眼眶又微红，随后几滴泪流出。正当我等待他回答时，他飞奔出教室。我一人，孤零的站在教室，凝望他的背影。我后悔极了，眼前……渐渐变为一片模糊。或许人真的只有失去了，才知道珍惜吧。那一刻他的背影越来越远，我真的不知道怎么办了……
　　约摸过了5分钟，他匆匆赶回。泪珠装满了我的眼眶。他先是一愣，继而匆忙跑来。他眼眶又是一红，并迅速用手捂住嘴。他轻声说：“你说的对，我们友谊会永存的……”
　　时间慢慢从我们身边溜走，同时也带走了我们的童稚，一件小事就可以改变两个人的情谊。现在，我们还在,所以更不应该争吵，去珍惜那些正在悄悄溜走的友谊，才能让彼此的友谊之花“永不败”。",《友谊之花永不败》
130423,4.0,3.0,5.0,4.0,5.0,4.0,3.0,3.0,3.0,3.0,3.0,3.0,4.0,3.0,4.0,3.0,3.0,3.0,5.0,3.0,4.0,3.0,4.0,3.0,5.0,3.0,5.0,3.0,5.0,3.0,3.0,3.0,5.0,3.0,3.0,3.0,2.0,3.0,3.0,3.0,4.0,3.0,4.0,4.0,2.0,3.0,3.0,3.0,4.0,4.0,2.0,2.0,3.0,2.0,4.0,2.0,3.0,3.0,2.0,2.0,5.0,3.0,5.0,3.0,5.0,4.0,2.0,4.0,3.0,3.0,"一次难望的运动会
　　一天我早早地起了床。为什么？因为我要参加运动会啦。
　　我飞快地吃了饭，背上书包，上了车。我妈开车真快，只用了三十分钟就开到了A小学。
　　妈妈一停车，我背起书包飞快地冲进了学校。我以为还是在班里面集合，但是是在操场上集合。
　　一路上，志愿者、保安、交警、警察、特警、武警站成两排，保证我们的安全。
　　我们一到，就开始了入场式。到了主席台，我大声喊道一、二、全班全班就大声地喊起了口号：“三、二、三、二，独一无二，三、二、三二、相当有范儿。”
　　我们一、二、三年级的运动会是在华清的小操场举行的，四、五、六年级是在大操上举行的。其实它只是叫小操场而似，比我们A校区的小操场加大操场的面积还大哩。
　　这次运动会一共有三个项目，分别是：虫虫向前冲，车轮滚滚和接力跑。我报了所有的项目。
　　虫虫向前冲的规则是：一共有三十六人，分四组，一组九人，拉着一个长气球跑。车轮滚滚的规则是“共有三十六人，分四组，一组九人。接力的规则是：一共由二人传沙包。
　　比赛开始了。因为都是团体的比赛，所以班老师为我们喊着整齐的口号：“一、二、一、二、……。”我们也喊“一、二、一、二……。
　　比完了之后，我们的队伍就浩浩荡荡地回了总校。
　　虽然我们没有赢，但我还是很开心，这次运动会真难忘。",《一次难望的运动会》
150622,4.0,4.0,3.0,3.0,4.0,3.0,4.0,3.0,4.0,4.0,3.0,4.0,3.0,4.0,5.0,4.0,4.0,4.0,2.0,4.0,3.0,4.0,3.0,4.0,4.0,4.0,3.0,3.0,3.0,4.0,3.0,4.0,3.0,4.0,4.0,3.0,4.0,4.0,4.0,3.0,4.0,3.0,5.0,4.0,4.0,4.0,3.0,3.0,4.0,4.0,3.0,4.0,4.0,4.0,3.0,3.0,4.0,4.0,3.0,3.0,4.0,3.0,5.0,4.0,5.0,4.0,4.0,4.0,5.0,3.0,"我来到神秘的虚拟世界
　　一天我在梦里获得了一个VR眼镜，我兴奋极了，立马带上了它。VR眼镜发出震耳欲聋的声音，屏幕上出现了绿洲地图沿着地图的标识，我选择了一个未来世界的入口，推开那扇门我掉进了时间空洞，再次睁开眼睛的时候被眼前的景象迷住了。我看到了高耸入云的建筑，一眼望不到边。个个管道在天空上纵横交叉把楼房连在了一起。一辆蓝色的球形车停在我的面前，车上发出了欢迎来到未来世界的声音。我进了蓝色球形汽车，汽车很快就升空了进入了我刚才发现的管道，管道有许多出入口和许多彩色辉煌的球形汽车。车速飞快而有序的行驶，太神奇了。可我看不见驾驶员在那，当我想驾驶员在那的时候，只听一声“孟杰起床”。我从神秘的虚拟世界回到了现实生活中，原来是梦等我下一次再揭开神秘的虚拟世界。",《我来到神秘的虚拟世界》
140628,5.0,4.0,5.0,5.0,5.0,4.0,3.0,4.0,4.0,4.0,3.0,4.0,4.0,4.0,3.0,4.0,4.0,4.0,5.0,3.0,5.0,4.0,5.0,3.0,5.0,4.0,5.0,4.0,5.0,4.0,5.0,4.0,5.0,4.0,3.0,4.0,4.0,3.0,4.0,4.0,5.0,4.0,4.0,4.0,5.0,4.0,4.0,4.0,5.0,4.0,3.0,2.0,4.0,3.0,3.0,2.0,4.0,3.0,2.0,2.0,4.0,4.0,5.0,4.0,5.0,4.0,5.0,4.0,5.0,4.0,"修车王
　　修车王，大家平时都叫他老王，他为人慷慨，干起活来吃苦耐劳。为什么说老王叔叔为人慷慨呢？在20年以前，我姥爷给家里买第二天早上喝的牛奶，他总是忘了带钱，再回家一趟又太麻烦，于是我姥爷就向老王叔叔借钱。买一家人喝的牛奶少说着也得花5块钱，而老王叔叔帮别人修一次自行车也只能挣10几20块钱，老王叔叔不但对熟人这样，对陌生人也是一样，难道这还不足以证明老王叔叔的慷慨吗？
　　老王叔叔不仅为人慷慨，而且干起活来吃苦耐劳。老王叔叔不怕酷暑，不畏寒冬，不分工作日和节假日的工作，实在让人敬佩。
　　老王叔叔待人也是十分友好。他对待大人亲切热情，对待小孩儿和ai3可亲，对老人尊敬礼貌。有一次，我在放学回家的路上看到老王叔叔正和一个小学生下着象棋，他的样子是多么和蔼呀！还有一次，我看到有一个残疾的人去找老王叔叔修车，老王叔叔修完以后，老王叔叔居然没收那个有残疾的人一分钱！尽管老叔叔生活的那么不容易。
　　别看老王叔叔看起来每天都很快乐，其实老王叔叔的家里并不宽裕。老王叔叔的妻子姓薛，大家平时都叫她薛姐。薛阿姨给别人干一些杂活，比如当小时工，给人做饭，帮别人接孩子等等，挣得也不多。也由于薛阿姨帮别人干杂活，所以住在附近人没有她不认识的，也没有不认识她的。这么一个贫苦的家境，家里的孩子竟然已经成功考上了大学！
　　我十分敬佩老王叔叔，我敬佩他那为人慷慨，我敬佩他那吃苦耐劳，我敬佩他待人友善……我敬佩他的地方数也数不清，老王叔叔是我最敬佩的人！",《修车王》
160432,4.0,4.0,5.0,4.0,5.0,4.0,3.0,4.0,4.0,4.0,2.0,3.0,4.0,4.0,5.0,4.0,3.0,4.0,5.0,4.0,5.0,3.0,5.0,3.0,5.0,4.0,5.0,4.0,5.0,3.0,4.0,3.0,5.0,4.0,5.0,4.0,5.0,3.0,5.0,3.0,5.0,4.0,4.0,4.0,3.0,3.0,3.0,4.0,3.0,4.0,3.0,3.0,5.0,3.0,4.0,2.0,5.0,3.0,2.0,2.0,5.0,3.0,5.0,4.0,5.0,4.0,4.0,4.0,3.0,3.0,"绘画与我的不解之缘
　　从小，我就对绘画有着特殊的情感。记得在读幼儿园的时候，妈妈问我想学点什么，我毫不犹豫地说：“想学画画”，于是，我便与绘画结下了不解之缘。
　　绘画不仅给我带来了好朋友似的安慰。在我开心的时候，用彩笔画下自己的喜悦；在我不开心的时候，用颜料画下自己的烦恼。绘画成了我生命中不可缺少的一部分。
　　绘画还有着别具一格的魅力。无论是漫画，水粉画都是我非常喜欢的，尤其是动漫人物，是我一直以来酷爱的。虽然没有老师的指导，但我一直自己在努力，在尝试怎样把漫画人物画得更好。从开始画漫画到现在，我已经用掉了不知多少本素描本，现在翻出来看，别有一番风味。尽管以前画的不是很好，但每一幅画都凝聚了我对绘画的热爱。大家都知道日本的动漫水平是很高的，虽然大家对日本有偏见，但他们的水平，确实让我佩服。我常在网上找一些漫画，然后自己临摹下来，久而久之，画画水平也提升了不少。
　　我的一个朋友也十分喜欢绘画，在她的房间里的白墙上，可以看到她画的画——那是她7岁时画的，她不顾母亲的反对，执意在家里的墙上画画，画上最美好的东西，她大胆、粗犷的线条，深深让我体会到她对绘画的热爱，于是我们有了共同话题。
　　我觉得，绘画是一样很高雅的艺术，她可以陶冶人的情操。它现在伴随着我走下去，我相信，以后也会。因为，我对它有独特的感情。以前我学过钢琴、小提琴、书法等等，但都没有坚持下来，唯独画画，我持续了6年，这份感情只可意会，不可言传。
　　我很开心，无论在什么时候，绘画都能陪伴我。无论怎样，我都不会放弃与绘画的这段不解之缘。我发现绘画对我慢慢不再只是爱好，而像自己心中的倾听者，能让人抒发感情，更像心中的明镜，照映出最真实的自己！",《绘画》
150316,4.0,4.0,4.0,4.0,4.0,4.0,4.0,3.0,4.0,4.0,4.0,3.0,5.0,4.0,5.0,4.0,4.0,4.0,4.0,4.0,4.0,4.0,4.0,4.0,4.0,3.0,4.0,4.0,5.0,4.0,5.0,3.0,4.0,4.0,4.0,4.0,5.0,4.0,4.0,4.0,5.0,3.0,4.0,4.0,4.0,3.0,4.0,4.0,4.0,4.0,3.0,3.0,4.0,3.0,3.0,3.0,5.0,4.0,3.0,4.0,4.0,4.0,5.0,4.0,5.0,4.0,5.0,4.0,5.0,4.0,"“我”初会老师
　　一位位老师像一只只蜡烛指引着我走向光明的未来，每位老师都会用他们独特的方法把他们的知识毫无保留地传授给我。他们各有各的性格特点，各不相同，但有一位老师，她是我见过的最独特的老师，在寒假里，我报了一个英语班，遇到了这位老师。
　　老师长得并不好看，长着一双杏眼，朴素之中却含着一丝亮光；眉毛浅得像灰绿色，又好似两笔青灰的墨在眼睛上方泼洒开；鼻子扁平着，把整个脸衬托得像平原，嘴角微微上扬，虽是红粉色，却看不出湿润；脸又圆又胖，好像刚出生的娃娃；双颊红通通的，像梅花的颜色，很罕见。
　　老师的头发又短又粗，松松散散地扎了一个马尾，还不到一寸长；带着皮带做的手表，那样宽大的表盘，比爸爸的还大上好几倍呢，上身穿着石灰色的毛衣，像石头一样暗淡，又是那样宽大，好似一个巨人；下身穿着棕灰的裤子，两侧的兜塞满了东西，鼓鼓囊囊的她身材高大，体型丰满，眼睛小巧细如月，红面含笑却不闻。
　　一次只听老师说道：“我们上课吧。”同学们虽然走得异常得慢，但还是陆陆续续地进教室了，只有我还站着不动。当老师再次叫我时，我才慢慢悠您地进了教室。
　　我们安静得出奇，一个个看着老师，不敢说话，老师却笑眯眯地问：“你们叫什么名字？喜欢什么颜色？几岁了？”我们全都愣住了，当老师把她的姓名、年龄、喜欢的颜色都写在黑上时，我们才反应过来，“格格”地笑起来，也报上了自己的姓名，年龄和喜欢的颜色。老师又说：“你们为什么喜欢这个颜色呀？”我们先愣了一下，便开始七嘴八舌的说起来。老师接着问我们：“你们在哪所学校上小学？你们的小区都有什么？能不能描述一下你们的小学和你们的小区？”我们便又七言八语得说起来，老师见我们说的差不多了，又说：大家说得都很好，我把你们说的句子和内容改进了一下，写下来了，你们抄一下吧，这就是考试常考的题目，这样回答就没问题了，已经一小时了，你们休息一下吧。”此时，我惊讶地说不出话了。过了一会儿，又笑了起来想：怪不得我那么不容易才挤进了这个班，和老师渡过的每分每秒都比金子还珍贵呢！
　　接下来的课里，老师并没有一上来就专看我们没有做对的地方讲，而是把所有知识都给我们讲了一遍。讲所有的知识点并不是件容易的事，而老师却仅仅用了不到八个小时。老师用她独特的教育方式，培育出一代又一代的人才。",《“我”初会老师》
150608,4.0,3.0,2.0,3.0,4.0,5.0,3.0,5.0,4.0,3.0,3.0,2.0,4.0,3.0,3.0,3.0,3.0,3.0,3.0,2.0,3.0,3.0,4.0,4.0,4.0,3.0,4.0,4.0,4.0,4.0,4.0,2.0,4.0,4.0,3.0,4.0,3.0,4.0,3.0,3.0,4.0,4.0,4.0,4.0,4.0,4.0,4.0,4.0,5.0,4.0,3.0,3.0,3.0,4.0,3.0,4.0,4.0,4.0,2.0,2.0,3.0,4.0,4.0,5.0,5.0,5.0,4.0,5.0,4.0,2.0,"我来到神秘的魔法世界
　　新学期开学第一天，我背着书包高高兴兴去上学。当我跨进学校大门时发现我居然来到神秘的魔法世界，这里与现实世界完全不一样，这里的人都穿着黑色长袍，戴着黑色尖尖帽，还有很多猫头鹰飞来飞去，我紧张地看了看自己发现我跟他们打扮一样，一颗悬着的心就踏实多了。我排在一群学生队伍里，原来我来到了霍格沃茨魔法学校。分院帽把我带到格兰芬多学院，居然与哈利·波特是同班同学。叮零零上课了，这节课是飞行课，老师给我们每一个人都准备了一把飞天扫帚，我拿起扫帚偷偷看旁边的同学怎么做，只见他骑在扫帚上，嘴上念着什么然后就飞起来了。我也骑了上去，可是却不知道，该念什么只能傻傻地盯着扫帚，额头上冒出豆大的汗珠，心里紧张极了，唯恐他们发现我是从外界来的，哈利波特发现我没动，他慢慢落到我旁边，小声对我说：“你怎么不动？”听他叫我，我知道他跟我很熟，并不知道我的身份。这时我灵机一动说：“我忘记该说什么咒语了，你能告诉我吗？“扫帚扫帚带我飞！”说完他嗖一下了就飞走了。“扫帚扫帚带我飞！”我胆怯的说了一句，可是扫帚一动不动。我清了清嗓子大声地说了一句，扫帚往上动了动可是没有飞起来，我有些惊喜于是我斩钉截铁地大声说：“扫帚扫帚带我飞！”扫帚嗖地一下飞起来了。哇，飞起来的感觉真爽，身体往左倾就往左飞往右倾就往右飞，身体向上就往上飞，往下就向下飞，我很快就追上了哈利波特，原来魔法世界这么有趣呀！真为自己来到魔法世界而自豪。",《我来到神秘的魔法世界》
130111,3.0,3.0,3.0,5.0,3.0,5.0,3.0,3.0,3.0,3.0,2.0,2.0,3.0,2.0,3.0,3.0,2.0,3.0,3.0,4.0,2.0,4.0,2.0,3.0,2.0,3.0,2.0,4.0,3.0,4.0,3.0,4.0,3.0,4.0,3.0,5.0,2.0,4.0,3.0,3.0,3.0,3.0,3.0,4.0,2.0,3.0,3.0,4.0,3.0,4.0,2.0,3.0,2.0,3.0,2.0,3.0,3.0,4.0,2.0,2.0,3.0,4.0,3.0,5.0,3.0,5.0,3.0,5.0,2.0,3.0,"可爱的泰迪
　　我干妈家有一只可爱的泰迪狗。它的名字叫三宝，英文名叫SOBAL。
　　三宝有一双圆溜溜的大眼睛，眼睛下面长着一个湿哒哒的圆圆的鼻子，人字形的小嘴十分贪吃，里面长着两排锋利的牙齿，就像刚磨过的尖刀，一口可以把骨头咬碎。
　　三宝有一身乌黑乌黑卷毛，远远看过去犹如一块黑巧克力，我总是找不到它的眼睛。三宝是个爱美的母狗。它有好多五颜六色的花裙子。我每次看见它总是穿不同的裙子。
　　三宝是一只聪明机灵的泰迪狗。我说：“坐下！”它就马上坐下来；我说：“握手！”它就伸出它右手；我说：“过来！”它就飞奔而来。它喜欢往我身上扑，喜欢舔我的脸，喜欢和我玩。它是我的好朋友。",《可爱的泰迪》
140517,3.0,4.0,4.0,4.0,4.0,4.0,3.0,4.0,3.0,4.0,3.0,3.0,4.0,4.0,4.0,3.0,3.0,3.0,3.0,4.0,3.0,4.0,3.0,4.0,4.0,4.0,4.0,3.0,4.0,3.0,4.0,3.0,4.0,3.0,3.0,4.0,3.0,4.0,4.0,4.0,4.0,4.0,3.0,4.0,4.0,4.0,3.0,4.0,4.0,4.0,4.0,4.0,3.0,3.0,4.0,3.0,4.0,4.0,3.0,3.0,4.0,4.0,4.0,5.0,4.0,5.0,5.0,5.0,4.0,3.0,"可爱的小松鼠
　　在大自然里有许许多多可爱的小生命，它们数也数不清，接下来就请大家跟随我的脚步，来看一看可爱的小松鼠！
　　小松鼠可算是小巧玲珑，它大大的眼睛盯着四面八方，好像任何事物都逃不过它的眼睛，它那灰色的皮毛，毛茸茸的，怪不得在寒冷的冬天里它不怕冷，但是小松鼠的胸脯不是灰色的而是白色的，对了它还有一条像扫把一样长尾巴，而且这条长尾巴和身体一样长，最为独特的就要算它那坚硬无比的大门牙。
　　小松鼠吃东西时更可爱。小松鼠吃东西时会用四根手指捧着食物的，大家都知道核桃是很坚硬的，但小松鼠用牙居然可以啃开坚硬的核桃，你知道松鼠为什么非要吃一些坚硬的食物吗？是因为它需要磨牙，如果你要是家里没有足够的干果，只要松鼠从笼子里跑了出来，它就会啃你家的墙来磨牙。
　　小松鼠真是又可爱又好玩，我真的是太喜欢小松鼠了！希望人们不再破坏空气和环境，因为这样才可以在城市里看见可爱的小松鼠了。",《可爱的小松鼠》
160621,4.0,3.0,3.0,3.0,4.0,3.0,5.0,3.0,5.0,3.0,5.0,3.0,3.0,3.0,4.0,2.0,5.0,2.0,4.0,3.0,4.0,3.0,4.0,3.0,5.0,3.0,4.0,3.0,4.0,3.0,4.0,2.0,3.0,3.0,5.0,2.0,4.0,2.0,3.0,2.0,5.0,2.0,5.0,3.0,4.0,2.0,4.0,2.0,4.0,2.0,3.0,2.0,4.0,2.0,4.0,2.0,3.0,2.0,2.0,3.0,4.0,2.0,5.0,3.0,5.0,3.0,5.0,3.0,5.0,2.0,"我的理想
　　人们总说“理想是人生中的航标灯，犹如黑夜中的明亮的星光，理想是人生中的希望，有如黑暗中的明灯，是对自己未来的向往和憧憬……”我也一直在追寻自己的理想。
　　小时候从电视里看到消防员奋不顾身地去抢火救人，我希望自己长大后成为一名勇敢的消防员。后来我又开始想着要当一名警察、宇航员、演员和赛车手，随着自己慢慢的长大，在书本、新闻和故事的熏陶下，我越来越想成为一名伟大的发明家。
　　我又开始了解牛顿、爱迪生等伟人的光辉事迹。因为他们的发明让我们的生活变处得更加方便，也因为他们的发明让我们的世界变得更加精彩。从此，我就立志要当一位伟大的发明家，发明一样东西让大家变得更加幸福。
　　现在有很多家庭有一些伤心的往事和故事。因为各种各样的事故夺走了他们亲人、朋友的生命，甚至变成了植物人，生不如死。另有一些老人正在投向死亡女神的怀抱。每当我从电视里看到那些痛苦的家庭，就情不自禁想成为一名发明家，发明一台时光机，乘着时光机回到过去，帮助那些痛苦的家庭重建幸福，使人们那些残缺的记忆恢复完整。那样该是多么美好啊！
　　我从2年级，也就是7岁的时候，我就幻想着造出时光机，已经好几年了，我虽一直没造出来，但我愿意1年造不好就2年，2年造不好就造10年，总而言之我愿用我一生的时间和金钱造好它，为世界上所有的家庭带来幸福!
　　如果我真发明了时光机，我就可以让考古学家回到过去挖掘化石和文物字画，还可以回到古代规劝那些昏庸帝王，补救历史上的遗憾。
　　为了让自己的梦想成为现实，我一定要好好学习，努力奋斗，争取早日实现自己的梦想！",《我的理想》
141436,5.0,5.0,5.0,4.0,5.0,5.0,4.0,4.0,5.0,4.0,5.0,4.0,4.0,4.0,5.0,5.0,5.0,4.0,4.0,5.0,4.0,5.0,4.0,5.0,4.0,4.0,4.0,5.0,4.0,3.0,4.0,3.0,4.0,4.0,4.0,4.0,4.0,5.0,4.0,4.0,3.0,4.0,4.0,4.0,3.0,4.0,4.0,4.0,4.0,5.0,3.0,3.0,3.0,4.0,3.0,3.0,4.0,5.0,4.0,4.0,4.0,3.0,5.0,4.0,4.0,4.0,4.0,5.0,5.0,4.0,"我最敬佩的人
　　我最敬佩的人是我的爷爷，我的爷爷今年已经七十多岁了，他的身材不高，却有一个大大的肚子，眉毛密密的，戴着一副黑色的眼镜，看上去很慈祥，就像一位老学者。
　　听奶奶说，在我一两岁的时候，爷爷经常抱着我哄我睡觉，我趴在爷爷的肚子上睡得可香了。到了夏天，天气很热。爷爷为了不让自己的汗水流到我的身上，就经常在自己身上垫上一层毛巾被，结果他的肚子上长了很多痱子，难受极了。由于爸爸妈妈平时工作忙，所以我从小就住在爷爷奶奶家，从上幼儿园开始到现在，每天都是爷爷接送我上下学，无论严寒还是酷暑，他总是骑着一辆电动自行车带着我，这一带就是七年。
　　爷爷的爱好很广泛，喜欢写字、画画、唱歌、吹萨克斯，尤其是画画和唱歌。爷爷在老年大学学习画画，除了每周上一次国画课以外，其余的时间，爷爷几乎都在家里练习画画，一次画不好画两次，两次画不好画三次，直至画到自己满意为止。所以每次老师布置的作业爷爷不仅能按时完成，还经常被老师留下来展览呢！爷爷还是老年合唱团的一员，他现在唱的是男低音，其实爷爷的音色很好，但是为了集体的荣誉，他放弃了高音部分，选择唱了男低音。
　　这就是我的爷爷，一个爱我、疼我的爷爷，一个有毅力、追求完美的爷爷，一个肯于牺牲自我的爷爷。他常说：“人要活到老、学到老。”我爱爷爷！他永远是我最敬佩的人。",《我最敬佩的人》
140427,5.0,4.0,5.0,4.0,5.0,4.0,4.0,4.0,5.0,4.0,3.0,4.0,4.0,4.0,3.0,4.0,4.0,2.0,4.0,4.0,3.0,4.0,3.0,4.0,4.0,4.0,5.0,3.0,5.0,4.0,3.0,4.0,3.0,3.0,5.0,4.0,4.0,4.0,4.0,4.0,4.0,4.0,3.0,4.0,5.0,4.0,5.0,4.0,4.0,4.0,5.0,3.0,4.0,3.0,4.0,2.0,5.0,4.0,3.0,2.0,3.0,4.0,3.0,4.0,3.0,4.0,5.0,4.0,3.0,4.0,"牵牛花
10月17日  雾
　　我们家小院的大松树上缠着一株牵牛花。牵牛花的叶子是绿色的，像一个爱心还有“xxxxxxx”一样的花纹。它们的花蕊是苍白色的，吐出来的花瓣上有一条一条的深粉条纹。茎又长又卷就像蜗牛的触角一样。牵牛花像一个小喇叭所以也叫喇叭花。当我轻轻摸它的时候仿佛就有一种摸在羽毛上的感觉。
10月18日  雾
　　今天我看到牵牛花是不一样的。茎居然变成直的了！不过那是早晨的时候。茎上面长起了小小的花骨朵和一片一片的小嫩叶。晚上我回家的时候发现有一朵花败了，它的花瓣缩在了花蕊里就像是有人用手把它捏了进去一样。
10月19日  雾
　　今天晚上我又看到茎再次卷了起来，而且昨天细小的小叶子今天变成了宽大的叶子了，花骨朵也变成了新展的花了。那美丽的花依然没有败，它一直像一个勇士竖在那挺拔着。我想到为什么花这么快就败了呢？原来花的繁殖速度很快，所以很快就败了。
10月20日  阴转雨
　　今天早上的牵牛花不是直的了而是变成卷的了，今天有一朵花败了，还有一朵花才变成花骨朵，败的花越来越小，最后卷成一个球一样的东西（绿色）然后慢慢变成黄色在倒到地上长出新的牵牛花。刚长出来的花骨朵下面是白色，上面是粉色，最顶是一个尖尖的小头。
10月21日  雨转晴
　　今天是一天下雨天，我们回来的时看到很多牵牛花都变成了很薄的花片了。顶上已经有了深粉色的痕迹。那最大的花也渐渐地缩小了，地下铺满了枯枝败叶。
10月22日
　　今天一大早是一个晴朗的天气，牵牛花都长出了自己新的花，还有的接了种子掉落下来，如果仔细看还能看到有些败的花里也包含了鼓起的种子。随着天气的变化牵牛花也在自己的家里渐渐地长了起来。
10月24日  晴
　　今天我仔细观察了一下牵牛花的种子。最里是小小的种子，它外面包着一件清绿色的小外套，它的外面还包着五件深绿色的萼片。当它炸开之后就把每个种子掉落在地下来年才会长出新的牵牛花。我认为每天仔细观察会觉得牵牛花非常有趣。
10月25日晴
　　10月20和21日我很担心，因为下完雨之后有些花和叶子就被淋坏了。但是10月22日早上依然没有被淋坏，大自然的风采好神奇强大呀！",《牵牛花》
130739,3.0,3.0,4.0,5.0,3.0,3.0,3.0,3.0,3.0,3.0,2.0,3.0,2.0,3.0,2.0,3.0,2.0,2.0,3.0,3.0,3.0,4.0,3.0,4.0,3.0,3.0,3.0,4.0,3.0,3.0,2.0,3.0,3.0,4.0,2.0,3.0,2.0,2.0,3.0,4.0,3.0,3.0,3.0,4.0,2.0,2.0,2.0,3.0,3.0,4.0,2.0,2.0,2.0,3.0,2.0,3.0,3.0,4.0,2.0,3.0,3.0,3.0,4.0,5.0,4.0,4.0,4.0,4.0,3.0,5.0,"美丽的“红海滩”
　　今年暑假的时候爸爸带我去了辽宁盘锦的红海滩。坐在车上我就想红海滩会不会是一片红色的海？很浅的海，很多海草的海，我都见过就是没见过红色的海！
　　爸爸开车驶入美丽的红海滩国家风景廊道。一边是绿油油的稻田，另一边则是火红火红的红海滩。进入红海滩后第一眼看见的不是红色的海而是一大片一大片好似红花一样的东西，我问爸爸：“这一簇一簇的是什么呀？”爸爸对我说：“这就是红海滩上的植物——减蓬草。
　　这红海滩呀，那可是真美。它还是4A级景区呢！总面积一共超过120万余亩的减蓬草。这里还是鸟的天堂，一共有260余种数十万只鸟类，是丹顶鹤的繁殖圣地，也是世界珍惜鸟类黑嘴鸥的主要繁殖地！
　　美丽的红海滩就是这样的迷人！",《美丽的“红海滩”》
130539,3.0,3.0,4.0,5.0,4.0,5.0,3.0,4.0,3.0,4.0,2.0,3.0,3.0,3.0,2.0,4.0,2.0,3.0,3.0,3.0,3.0,2.0,2.0,2.0,2.0,3.0,2.0,3.0,3.0,2.0,2.0,2.0,2.0,2.0,3.0,3.0,3.0,3.0,3.0,4.0,3.0,3.0,3.0,4.0,2.0,3.0,3.0,3.0,2.0,2.0,2.0,3.0,2.0,3.0,2.0,2.0,3.0,3.0,3.0,2.0,2.0,3.0,3.0,3.0,3.0,4.0,3.0,4.0,3.0,3.0,"学习委员刘华
　　这次的学习委员是刘华，刘华，长的胖乎乎的，他有一双明亮的大眼睛，可视力却不怎么样，但他还写的一手漂亮的好字。他很爱看书和画恐龙。平时老戴着一副眼镜，显得很有学问，他画的恐龙栩栩如生，特别像真恐龙！还有，我们班的同学都知道他可是个名副其实的学霸，他还是我们班的数学课代表哩！同时还是我的朋友呢。他非常热情好客，有一次我去他家玩儿，他把自己的玩具都拿了出来给我玩儿。一会儿我们出去玩他把他心爱的水弹枪拿了出来并同意给我玩，怎么样我们班的学习委员是不是很让人羡慕呀！",《学习委员刘华》
150205,3.0,3.0,3.0,5.0,4.0,5.0,3.0,3.0,4.0,4.0,4.0,4.0,4.0,4.0,3.0,3.0,3.0,3.0,4.0,3.0,3.0,3.0,3.0,3.0,4.0,4.0,4.0,4.0,3.0,3.0,3.0,3.0,3.0,3.0,4.0,3.0,3.0,3.0,4.0,3.0,4.0,4.0,4.0,4.0,4.0,3.0,3.0,4.0,3.0,4.0,3.0,3.0,3.0,3.0,3.0,3.0,4.0,4.0,2.0,2.0,4.0,4.0,3.0,4.0,4.0,5.0,3.0,3.0,4.0,4.0,"给未来的我一封信
未来的我,
　　你好：
　　最近怎么样啊？有没有去哪里玩一回？当然，不得不说，能够写这封信我也很高兴。不过这封信也不是为这个写的，所以希望你看了之后不要揉了这封信。好了，你还记得你自己以前，那些有点不太好的习惯吗？你定是忘的差不多了，对吧？嗯，就比如那一次，母亲叫我去书房写作业，才刚走了半路，我便如饿虎发现猎物一般，扑上了恰在那里的床。我又闲适够了，才想起来，可是，温暖的被窝不知怎的，竟像抹了502胶水，使我起不来了。最后还遭受了耻笑……哇哦，你别告诉我你忘了，我只想让你快改变而已，那可是会招来祸患的……不听算了。行，那你这几天学会团队合作了吗？不要老一个人了，鹤立鸡群的滋味不好受。别忘了，个人行动，远不达，群体出动。
　　你还喜欢个人一组吗？算了吧，我跟你说了，团队合作，我不知道我现在如何改，只是希望你不要残留这种不太好的习惯残渣……尽力快改吧。你想想，一人一组，在别人合伙的时候，会多么寂寞，孤独呢。所以，我劝你，不，我自己，尽早，改了它。在信要结束之前，气氛不要那么烟气萦绕，我只想问问你，你多少岁、工作和业余爱好，罢了。
　　此致
敬礼
希望你早日看到
你的过去，
2018.4.1",《给未来的我一封信》
240207,3.0,3.0,3.0,3.0,3.0,3.0,3.0,3.0,3.0,3.0,2.0,2.0,3.0,3.0,3.0,3.0,2.0,2.0,3.0,3.0,2.0,2.0,3.0,3.0,2.0,2.0,2.0,2.0,2.0,3.0,3.0,3.0,3.0,4.0,3.0,3.0,2.0,4.0,3.0,3.0,3.0,3.0,3.0,3.0,2.0,2.0,3.0,3.0,3.0,3.0,2.0,3.0,2.0,2.0,2.0,2.0,3.0,3.0,2.0,2.0,3.0,3.0,4.0,5.0,4.0,4.0,4.0,4.0,3.0,3.0,"刺激的极速光轮
　　前几天我去了上海迪士尼。里面有很多好玩的，其中分两大类，明日世界和梦幻世界。明日世界里全是未来科技，梦幻世界里全是卡通人物。
　　我觉得最刺激的项目是极速光轮。因为它的速度特别快，像飞起来了一样。它是坐在一个摩托车上，前几排要趴着，最后一排坐着就可以了。
　　排队时我看见几个电子屏幕，上面有个讲解员教我们怎么坐。我越看越觉得这个项目恐怖。不过我是看那个讲解员恐怖。到我们上去比赛了。我们差一点就被分到第一排了。一开始很慢，但快起来后我的眼睛完全闭上了。我只知道我们到外面去了，后来就不知道了。我听那个恐怖的讲解员在数一道、二道……八道，我想，她在数什么？但我在后一秒就知道了，她说我们会穿过八道门，所以她在数门。
　　终于下来了！不过我下来后觉得好刺激。不过我还是说：“下次一定不玩了。”",《刺激的极速光轮》
141301,3.0,3.0,3.0,5.0,4.0,4.0,3.0,3.0,4.0,4.0,3.0,3.0,3.0,4.0,3.0,4.0,3.0,3.0,3.0,3.0,3.0,3.0,3.0,3.0,3.0,3.0,4.0,3.0,4.0,4.0,3.0,3.0,3.0,4.0,3.0,3.0,3.0,3.0,3.0,3.0,3.0,3.0,4.0,3.0,3.0,3.0,3.0,3.0,3.0,4.0,2.0,2.0,3.0,3.0,2.0,3.0,3.0,3.0,2.0,2.0,3.0,3.0,4.0,5.0,4.0,4.0,3.0,3.0,3.0,3.0,"观后感
　　我在观看的时候发现两个主人公一个是大蜡烛，一个是小蜡烛，他们发生了这样的事情一个外面下着大雪的晚上，主人把大蜡烛和小蜡烛点燃，把他们放在台子上，第一次大蜡烛故意的把小蜡烛的火给他吹灭了，大蜡烛在嘲讽小蜡烛，大蜡烛好像说，你这么短，我一吹就能把你的火吹灭。但是小蜡烛很伤心，大蜡烛忍不住给小蜡烛的火点上了，第二次还是这样，然后，小蜡烛不小心打了一个大喷嚏。小蜡烛的火没有灭，反而大蜡烛的火灭了，大蜡烛只想让小蜡烛给他点上火苗，是小蜡烘不给大蜡烛，大蜡烛伤心了起来，小蜡烛这时才给大蜡烛点上了火，大蜡烛和小蜡烛和谐的笑了一下。
　　我认为小蜡烛在好的时机原谅别人非常好，有一次有一个人老招我，他招了两次都道歉了，两次后我忍无可忍，我去告诉老师，老师让那个招我的人诚恳的向我道歉，我也是在最好的时机原谅了他。
　　做人要做一个宽宏大量的人，知错能改，善莫大焉。人无完人每个人都会犯错，只要改正，一切都是好的。因此当别人伤害我的时候，要找到好的时机原谅别人。",《观后感》
140429,4.0,4.0,5.0,5.0,5.0,5.0,3.0,3.0,4.0,4.0,2.0,2.0,3.0,3.0,3.0,3.0,3.0,3.0,4.0,4.0,3.0,3.0,2.0,2.0,3.0,3.0,4.0,4.0,5.0,5.0,5.0,5.0,3.0,3.0,5.0,5.0,4.0,4.0,5.0,5.0,5.0,5.0,5.0,5.0,5.0,5.0,5.0,5.0,5.0,5.0,5.0,5.0,4.0,4.0,3.0,3.0,5.0,5.0,2.0,2.0,4.0,4.0,5.0,5.0,5.0,5.0,3.0,3.0,4.0,4.0,"猫草
　　今天，爸爸和妈妈还有我，一起去官园买猫草，你们知道是给谁买的吗？是给我家小猫买的，因为我家小猫最近不太舒服。
　　下面我先给大家介绍一下猫草吧。猫草是专门栽培供猫咪食用后，可以帮助吐毛球的一类植物的通称。猫咪喜欢通过舔毛的方法清洁，因此胃中会结毛球，所以只能吃猫草帮助排出。
　　首先，我们要准备猫草种子，小盘、土和水，第一步就是要浸泡，我把种子一个一个埋进土里面然后浇上水让它们浸泡在土里面。第三天，我一看，有些种子长出了小小的胚芽，妈妈说：“如果没有小小的胚芽，就说明这不是种子哦。”我每天都会给它们浇水，如果天气好，有太阳，我就会把它们放在太阳底下，让小草们也晒晒太阳，我突然有一个惊人的发现，我发现小草晒过太阳以后，会长的快一些。小草晒太阳的时间也不能太长,2—3个小时就要把它们拿进屋里来。就这样小草一天又一天的成长着，等它长到了7—8厘米长的时候，就可以给小猫吃了。
　　这是我第一次种小草，虽然妈妈也帮了我许多，但是看着小草一天天的长大，我很开心。",《猫草》
150617,4.0,3.0,2.0,2.0,4.0,3.0,5.0,3.0,4.0,3.0,4.0,3.0,3.0,3.0,5.0,3.0,4.0,3.0,3.0,2.0,2.0,3.0,2.0,3.0,3.0,3.0,3.0,2.0,3.0,2.0,3.0,3.0,2.0,2.0,4.0,3.0,4.0,3.0,4.0,3.0,4.0,3.0,4.0,3.0,4.0,3.0,3.0,4.0,4.0,3.0,3.0,3.0,4.0,3.0,3.0,3.0,4.0,4.0,3.0,3.0,4.0,3.0,4.0,4.0,4.0,4.0,5.0,3.0,5.0,2.0,"我来到了神秘的梦里
　　有一天，我竟然进入了我的梦里……啊的一声，一切是那么新奇，红黄色的花儿，足有几米高的大白鹅，巨大的松茸，还有些小精灵。我坐上了一只很大的鸟，飞入一个空中房子里，那里居然写着房主是我，这时已经是黄昏，天空马上变成了彩色，就像一只彩色的凤凰在天空中飞翔。我进了屋，里面的东西都非常奇特，会动的桌子，会跑的水壶，还有会说话的床，躺在柔软的床上我睡着了。第二天我穿过一片小树林，看到一个大大的操场，上面的牌子上写着欢乐世界杯，于是我就进去和那里的人踢了一场足球比赛，我们队完全要比他们弱，别说射门了，都过不了半场，到了最后五比零，但上面说我们也胜了，原来因为我们坚持不懈，没有放弃，我以后也应该坚持不懈，不放弃任何事情。",《我来到了神秘的梦里》
140942,3.0,4.0,3.0,4.0,3.0,4.0,3.0,3.0,3.0,4.0,3.0,4.0,3.0,4.0,2.0,3.0,3.0,3.0,3.0,3.0,3.0,3.0,3.0,3.0,4.0,3.0,4.0,3.0,3.0,2.0,3.0,4.0,4.0,4.0,3.0,4.0,3.0,4.0,3.0,2.0,3.0,3.0,3.0,4.0,2.0,3.0,2.0,2.0,3.0,4.0,2.0,2.0,3.0,4.0,2.0,2.0,3.0,3.0,3.0,4.0,3.0,3.0,3.0,3.0,2.0,3.0,4.0,4.0,3.0,4.0,"一本好书
　　前几天，我看了一本书，名字叫《哈佛凌晨四点半少年版成长卷，谁都能够了不起》。刚一拿到这本书，我立刻被书名吸引了。谁都能够了不起？我从来没有觉得我能了不起，因为我有时很不自信，做事总怕被别人看不起或排挤，哪怕做对了，也不敢坚持，我很烦恼……但我在这本书里找到了帮我分析问题、解决问题的方法和答案，我不自信的原因是过分依赖、害怕失败。[哈佛成长小贴士]教我，无论何时都要谨记一句话，那就是“你并没有自己想的那么差”，要有勇气改变自己的命运，要从自身的优势出发，去追求自己的目标。
　　我们每个孩子在成长的过程中都会遇到各种各样的困难、失败、烦恼，特别需要得到帮助，我建议大家去看这本书。这本书里每篇文章都有一个小故事，如美国前任总统肯尼迪、罗斯福、克林顿等人小时候的事情；哈佛独立宣言；哈佛独特的教育理念；还有“生物进化论”的作者达尔文、哲学家冈索勒斯等人的成长经历，阅读之后，你可以从中受到很大的启发。每篇文章里都有一个[哈佛成长小贴士]，它告诉你如何获取成长的动力，如何找到最适合自己的成长方法，通过阅读，能够对哈佛有更多的了解，开阔自己的眼界，树立更加宏远的梦想。
　　这本书每篇文章的后面，还有一个[小测试]或[小试题]我特别喜欢，是什么内容呢？你快去看看这本书吧！",《一本好书》
150315,5.0,4.0,5.0,4.0,5.0,4.0,4.0,3.0,5.0,4.0,5.0,4.0,5.0,4.0,5.0,4.0,5.0,3.0,5.0,3.0,5.0,4.0,5.0,4.0,5.0,5.0,4.0,4.0,5.0,4.0,5.0,3.0,5.0,4.0,5.0,4.0,4.0,4.0,5.0,3.0,5.0,4.0,5.0,4.0,4.0,3.0,5.0,3.0,4.0,4.0,4.0,3.0,4.0,3.0,4.0,3.0,5.0,4.0,4.0,4.0,4.0,4.0,5.0,4.0,5.0,4.0,4.0,4.0,5.0,2.0,"拖堂天王刘老师
　　我上过两个奥数老师的课，其中我印象最深的是刘老师，我的妈妈告诉我新老师的名字叫刘晓宇，这个名字让我最开始想像成一个朝气蓬勃的年轻女老师。可是我见到她时却吃了一惊。她是一个死沉沉的老老师，上课十分严肃。她身材矮小，黑黑的脸上架着一幅黑框眼镜，不带一丝笑容。
　　刘老师特别爱讲作业。当时我第一次上她的课，她先讲了前一讲的作业和练习册。眼看着讲了一个多小时，可是新课还一笔未动呢，就下课了。下课的时候我禁不住问了问同桌，“刘老师一直这样讲吗？”他说：“你第一次上？当然了每次老师都这样呢。”突然他又压低声音说“他可是我们这儿有名的‘拖堂天王’呢！”果不其然，第二次课结束时，刘老师说：“同学们快点要不就要半个小时呢！”当下课时，一个同学说：”老师今天“破纪录”了，才拖了9分钟！”
　　有一天刘老师上课时声音沙哑，脸色发黄不时发出一阵剧烈的咳嗽，感觉像是有些气短。好不容易下课了，这时一个男生跑过去问问题。我心里想：这位同学就不能等老师好些了再问吗？刘老师马上放下水杯，拿起笔，细细地讲起来。她不时地因咳嗽而喘气，额头上冒出细细的汗珠，过了一会儿，那男生终于点点头回到座位上。这时教室里格外安静，多双大大小小的眼睛，每张脸写着惊讶和感动。紧接着刘老师又开始了下一堂课。
　　后来我发现刘老师其实对我们非常尽责。在我们做题时，她挤在课桌之间一个个地去检查我们做题的情况，纠正我们的书写，提醒我们记笔记……她生怕我们错过一个知识点，漏记一个问题。原来每次拖堂是为了要把前一讲的作业讲请楚，而这些是其它老师都不讲的内容。通过和刘老师一段时间的接触，我们都喜欢上刘老师了。",《拖堂天王刘老师》
140528,5.0,4.0,5.0,4.0,5.0,5.0,5.0,4.0,5.0,4.0,4.0,4.0,5.0,5.0,4.0,4.0,5.0,4.0,5.0,4.0,5.0,4.0,5.0,4.0,5.0,4.0,5.0,4.0,5.0,4.0,5.0,4.0,5.0,4.0,5.0,4.0,5.0,3.0,5.0,4.0,5.0,4.0,3.0,5.0,5.0,5.0,4.0,4.0,5.0,4.0,5.0,4.0,5.0,3.0,5.0,3.0,5.0,4.0,3.0,2.0,4.0,4.0,5.0,4.0,5.0,5.0,5.0,4.0,5.0,4.0,"“讨厌”的黑蜗牛
　　蜗牛成天就是吃了睡，睡了吃，再不就是慢～慢～的爬行。哦，真是太懒了！讨厌！而在我妈办公室的鱼缸里居然也长出来了这种“小懒虫”，还一长就是两种，哦天呀！其中一种还比较友好，另一种黑乎乎的特别霸道，每天都不停的繁殖，还抢占食物。不过我突然想起了“不能只发现别人的缺点，要多发现别人的优点。”这个道理，所以我带了几只黑色的蜗牛回家养着，并对它们进行观察发现它们身上的优点。
　　这种水蜗牛就像一个个小黑疙瘩，如果你是这么想的，你就太不细心了。其实这种黑蜗牛长的可有学问了，它们的肉是纯黑色的。头上长了一对可爱的小触角，比头发丝还细，别看这对触角不起眼，但它们却能帮助蜗牛准确地分析周围的物体的信息。在蜗牛身体的底部还长着一张小的出奇的嘴，张开到最大也不比句号大出多少。而蜗牛的壳就长得更有趣儿了，虽然它们是同一种蜗牛，但是壳却分为两类，每类也稍有不同。就形状来说，这两种壳都是成海螺状，一类是以黑色为底色，上面缀着许多褐色的点儿，有些点儿还连在了一起，星罗棋布，看久了还真会有点晕。另一类是以褐色为底色，上面相间着黑色的竖条，还有零星几个小白点儿，我还是更喜欢这种壳，不过这种壳的蜗牛也只有一两只。这些有趣的小蜗牛刚生下来的时候比一小渣儿橡皮渣还小，现在我所养的最大的蜗牛也只比米饭粒儿大一圈，这种蜗牛还真是让人小的头疼！
　　这么小的蜗牛身上竟有如此细腻的纹路，想必这些蜗牛一定很细致，很讲究生活吧！果真，这些“清洁家”很快就把鱼缸壁上长出来的水藻给“清理”干净了，我也依照这些蜗牛的爱干净勤换水，可是我却发现这些小蜗牛基本都不繁殖，而且还死了一只。于是我便问妈妈怎么办，妈妈说：“其实不是蜗牛不繁殖，而是你在给蜗牛换水的时候没有看到那些刚出生的小蜗牛，所以那些新生儿就顺着水冲走了。”听过妈妈的话后，我就不再总是为它们换水了，所以现在这些小蜗牛已经繁殖了有30多只了，看来真是不能以貌取人呀！
　　有一次，我把一只蜗牛放在了一个装满了水的矿泉水瓶瓶盖里，我想看看它会做出什么反应，一开始它先在瓶盖底部徘徊了几圈，它大概是要摸索方向和周围情况，它发现了一个台并向上爬，它的身体倒是很轻松地就上去了，但你可别忘了它还背着一个重重壳呢！它的壳没有上去，和身体一横一竖拧着，不一会儿蜗牛就重重地摔了下来。但是蜗牛并没有放弃，而是一次又一次尝试，尽管蜗牛最后没能成功爬上这个台儿，但是它这种坚持不懈的精神是可贵的，是大多数人没有的。
　　通过养蜗牛，让我学到了细心观察、不以貌取人、要坚持不懈，这三样可贵的东西，难道我们人不应该具备这样可贵的东西吗？",《“讨厌”的黑蜗牛》
150313,5.0,3.0,5.0,4.0,5.0,4.0,5.0,4.0,5.0,3.0,4.0,3.0,4.0,3.0,4.0,3.0,3.0,3.0,4.0,3.0,4.0,4.0,4.0,3.0,4.0,3.0,4.0,3.0,5.0,4.0,4.0,3.0,3.0,3.0,4.0,3.0,3.0,3.0,5.0,3.0,4.0,3.0,4.0,3.0,4.0,3.0,4.0,3.0,4.0,3.0,4.0,3.0,3.0,3.0,3.0,3.0,4.0,4.0,3.0,3.0,5.0,3.0,5.0,4.0,4.0,4.0,4.0,4.0,4.0,4.0,"初见“假小子”
　　那天我坐着爸爸开的车去郊游，路上就听说要结识一个新朋友，甜甜。一听甜甜这个名字，脑海中立刻想象出一个毫无偏差的乖乖女形象：一双水灵灵的杏眼镶在白嫩得要出水的瓜子脸上，一张樱桃小嘴笑起时总要发出银铃般的笑声，还有一头标准的黑长直头发……
　　一到目的地，我实在压抑不住激动的心情，慢慢移动着步伐。终于我听见了妈妈一惯碰到熟人时的笑声，紧接着就是一声粗声粗气却又带着小孩稚嫩噪音的“阿姨好”，“这是谁呀？”我心下正想时，慌忙抬起头，站在我面前的，是一个体型强壮的女孩：头上松松扎着一个马尾，身上穿着一件印着奥特曼的蓝色T恤，裤子是一条绿色七分裤，还有脚上穿着的一双黑白球鞋。一双黑色深邃的单眼皮，在一点不起眼的脸上一眨一眨的，粗却很淡的眉毛，也是那么引人注目，跟我想的真的有天壤之别。这时甜甜望着远处对大人们说：“我们能去那边玩吗？踢足球。”得到大人许可后，她拉起我就跑，可是我还没有反应过来，对我来说她还是个陌生人。她带我找到了一个足球场，于是我们开始比赛足球。让我意想不到的是，5个球我居然才踢进去一个，她一转身那熟练的身姿，脚一伸，仿佛有一块磁铁把球吸过去了似的。而我，反倒让她有力的球把腿踢紫了，不过她只是毫不在意地说了一句：“没事儿，不过紫了而已。”我不好再说些什么，只好跟在她大摇大摆的走路方式后面回去了。
　　虽然初见甜甜已经过去许久。但是我依旧清楚，她是一位面包师，一位足球教练，而不是那位被我定义为我乖乖女的“甜甜”。",《初见“假小子”》
130801,4.0,4.0,2.0,4.0,4.0,3.0,4.0,4.0,4.0,4.0,3.0,3.0,4.0,4.0,4.0,3.0,2.0,2.0,4.0,3.0,3.0,3.0,3.0,4.0,4.0,4.0,3.0,3.0,4.0,4.0,2.0,2.0,3.0,3.0,3.0,3.0,2.0,3.0,3.0,3.0,3.0,4.0,4.0,4.0,4.0,4.0,4.0,4.0,4.0,4.0,3.0,4.0,3.0,3.0,3.0,3.0,4.0,4.0,2.0,2.0,3.0,3.0,4.0,5.0,5.0,5.0,5.0,5.0,4.0,4.0,"采摘苹果
　　一个秋高气爽的周日，小狗写完作业高高兴兴地去散步，走到了他家的苹果树下，抬头一看，啊！树上结满了又大又红的苹果，小狗想，这苹果一定非常好吃，可我摘不到怎么办呢？
　　小狗想了好一阵子，想到小兔子蹦得高，也许她能帮我摘到鲜美的苹果，于是小狗去禾苗地边找小兔帮忙。小兔和小狗一起来到苹果树下，小兔使劲向上蹦了几次，但还是无法摘到苹果。小兔转睛一想说：你去找小猫帮忙吧，她会爬树。”对呀,我这就去找小猫，”小狗说。
　　小狗在灌木丛后的小河边找到了正在钓鱼的小猫，小猫走到大树边，嗖地一下爬到树上，摘到了树上的苹果。他们吃着美味的苹果，非常开心。",《采摘苹果》
150414,4.0,4.0,4.0,4.0,5.0,3.0,4.0,4.0,5.0,4.0,5.0,4.0,5.0,4.0,3.0,4.0,3.0,4.0,4.0,4.0,3.0,4.0,4.0,4.0,4.0,5.0,3.0,5.0,4.0,4.0,4.0,5.0,5.0,5.0,4.0,4.0,4.0,4.0,5.0,4.0,4.0,4.0,4.0,4.0,4.0,4.0,4.0,5.0,4.0,4.0,4.0,4.0,5.0,4.0,4.0,4.0,4.0,5.0,4.0,4.0,5.0,4.0,5.0,4.0,5.0,4.0,4.0,4.0,5.0,4.0,"加油！誓争第一！
　　一年一度的体育节又到了，我们班的同学们摩拳擦掌，誓争第一！赛前的体育课上，课间，午休时间都可以看到同学们备战的身影。
　　比赛当天，我们衣着帅气的班服，迈着整齐的步伐，在雄壮的《运动员进行曲》声中，喊着“轻舞飞扬，最美绽放！”的口号，步入操场，从主席台前走过，同学们心里憋着一口气，在赛场上展示出最棒的自己，争得第一！
　　这次体育节项目共有三个：轮胎接力赛，软排接力赛，双人滑板。我参加的是轮胎接力赛。每班派出8个男生。8个女生参加，我是女生第三棒，随着李老师一声哨响，袁圆拉着轮胎冲出起跑线，我们大声为她加油，她很卖力地想快跑，可惜轮胎太重而她太瘦了，速度怎么也快不起来，别的同学很快地超过了她，第二棒是刘平，他是我们班的运动健将，一下子把名次追到了第三，马上就到我了，我的心无比的紧张，生怕出了万一，拖大家后腿，接到接力的那一霎那，我忘掉一切，拉起轮胎，“飞”出起跑线，几十米的距离转眼就能走到，可今天却觉得像走一万米那么长，我在向前跑，轮胎却像阻止我的“敌人”，它那么胖，得有几十斤吧，让我气喘吁吁了。不行，我不能被“敌人”打倒，我咬紧牙，紧紧握住跳绳棒，努力往前跑。哇，我超过一个对手了，“还要快！”我对自己说，这时“五二，加油！五二，加油！”的助威声传进我的耳朵，我得再快点，给后面队友争取多点时间。尽管我感觉越来越喘不上气，腿也变沉了，可还是尽力往前冲。又超过了一个对手！“坚持，坚持！前面我该交棒了！”我心里默念着，终于，把接力棒传给了队友手中，回头看看，我们队暂时领先。顾不上休息，我又为队友喊加油，我们同心协力，最终取得这个项目的第三名。
　　体育节不单看单个项目，还要看每个班的团结，因为成绩更能体现班级的凝聚力，我们班得了团体第一，实现了赛前“誓争第一”的诺言。我相信我们共同努力，以后会得一个又一个第一名！",《加油！誓争第一！》
150214,4.0,4.0,5.0,4.0,5.0,4.0,4.0,5.0,5.0,4.0,4.0,4.0,5.0,4.0,5.0,3.0,4.0,4.0,5.0,4.0,4.0,3.0,4.0,3.0,4.0,4.0,5.0,3.0,3.0,4.0,4.0,4.0,4.0,4.0,4.0,4.0,4.0,3.0,3.0,4.0,4.0,4.0,5.0,4.0,4.0,3.0,3.0,3.0,4.0,4.0,4.0,3.0,3.0,3.0,4.0,3.0,4.0,4.0,3.0,4.0,3.0,3.0,4.0,4.0,5.0,4.0,4.0,4.0,5.0,4.0,"致奶奶的一封信
亲爱的姑奶奶：
　　您好！
　　您和姑爷爷的身体都好吧？一切都顺利吧？看您发朋友圈里的照片，您的小孙女奥利薇亚眼睛大大的真是个小美女。时间过得真快呀，您回美国已经5年了，我们全家都很想念您。我们一切都很好，尤其是我奶奶她做完手术恢复的很好，最近还老和爷爷一起去外地旅游呢。您走了的这些年里，北京发生了不少翻天覆地的变化，下面我跟您说说吧！
　　先说说地铁吧。近日车的发展可以用突飞猛进来形容，目前有20条线路遍布各个城区，去十三陵地区以乘坐昌平线。若去南锣鼓巷可乘坐8号线。去年年底还开发了北京首条磁悬浮列车，时速可达100km/h呢！下次您来北京可以体验一下，不管早高峰，晚高峰都不会堵车啦！
　　共享单车，相信您一定也骑过，它是一种满大街都有的自行车，在北京每个人手机里都有一个软件，是关于共享单车的，在北京有数十种共享单车：ofo小黄车，bluegogo小蓝车，unblack小粉车便利蜂，小橙车，大街上每个人都在骑共享单车，五颜六色的自行车正在等待着为人民服务。最近又发明了共享电动年，您知道，这么多的车又是怎样支付吗？是移动支付解决了这个问题呀！
　　移动支付是手机上的一种平台，问一下您在美国出去玩还用带钱包，银行卡吗？这个在北京已经puss掉了。一次我和妈妈出去玩了一整天，没带钱包，也没带银行卡，就带一个手机也能玩一整天。
　　姑奶奶，北京近几年的变化很大吧？有时间您也来北京玩玩吧！我们都很想您！
　　此致
敬礼!
爱您的孙女
2018年3月24日",《致奶奶的一封信》
250120,4.0,4.0,5.0,4.0,5.0,4.0,4.0,4.0,4.0,4.0,3.0,4.0,4.0,3.0,4.0,4.0,4.0,4.0,4.0,3.0,4.0,3.0,5.0,4.0,5.0,4.0,4.0,3.0,4.0,4.0,5.0,3.0,4.0,4.0,5.0,4.0,4.0,4.0,4.0,3.0,5.0,4.0,4.0,4.0,3.0,3.0,4.0,4.0,4.0,4.0,3.0,3.0,2.0,3.0,3.0,3.0,4.0,3.0,2.0,3.0,4.0,3.0,5.0,4.0,4.0,4.0,5.0,4.0,5.0,4.0,"忘不了的笑声
　　我们的笑声无处不在，那各种各样的笑声时常在我耳边回荡。随着笑声我不由自主的会想起欢乐的事。
　　一天我跟张勇说好要去滑冰，我迫不及待的要出发，因为我已经很久没有滑过冰了。
　　到了冠军溜冰场，我更是兴奋极了，撒开脚就往里冲，还是张勇把我捉回来了，我失望地看着她，心想：“不是带我来滑冰吗？怎么连滑冰场都不让进呢？我用那种渴望地眼神看着她，她笑了笑一个字也不说，把我带到了玻璃窗旁边，我一看才发现大家脚上都穿着冰鞋，我尴尬地笑了笑，我走到租冰鞋的柜台旁，租了一双冰鞋，穿好它，颤颤巍巍地将脚挪向冰场。
　　在冰场上，看见有人穿着球刀的冰鞋，一股风似的从我身边滑过，有的身轻如燕，有的蹒跚学步，像小孩子走路一样，非常的缓慢。我们俩一起手拉着手滑，可是我撞了她一下，就摔了一个跟头，摔得我眼直冒金星，她把我拉了起来说：“摔跤不可怕，可怕的是你摔倒起不来。”我冲她笑了笑。过了一会儿，我找张勇说话，我倒着滑，突然听到手腕“吧嗒”一声，才发现自己摔了个90度大跟头，唉！我上次的疼痛还没缓过来，就又摔了个大跟头，我们俩相视一笑。
　　到时间了，我不得不脱下冰鞋，感到脚很轻，身上还疼着，衣服也湿透了，但我心里还是美滋滋的，因为我们玩得很开心。
　　是滑冰让我锻炼了意志；是滑冰让我感受到快乐。啊！快乐的笑声！美好的笑声，朋友之间友谊的笑声！将永远印在我的脑海中。",《忘不了的笑声》
160128,5.0,4.0,5.0,5.0,5.0,5.0,3.0,4.0,5.0,4.0,3.0,4.0,4.0,5.0,3.0,3.0,5.0,3.0,5.0,4.0,5.0,4.0,5.0,4.0,5.0,5.0,5.0,4.0,5.0,5.0,5.0,4.0,5.0,4.0,5.0,4.0,5.0,4.0,5.0,4.0,5.0,4.0,5.0,5.0,5.0,5.0,5.0,4.0,5.0,4.0,5.0,3.0,5.0,4.0,5.0,4.0,5.0,5.0,2.0,4.0,4.0,4.0,5.0,5.0,5.0,5.0,5.0,5.0,5.0,5.0,"迷途中的一盏灯
　　自信是一盏迷途中的灯，让我找到了向前的勇气；自信是一弯黑夜中的月，照亮我前方本是灰暗的路；自信还是一缕雨后的暖阳，让我在失落后重燃斗志。可自信二字真能让人轻易纳为己用吗？这次经历让我很有收获。
　　在那次博雅考试的失利后，我的脑子里彻底失去了“信心”二字，每次都这样循环，从没找到过真正的自信。暑假的最后一次奥数课，举办了统一期末考，老师还说前5名可以挑选各国纸币。一拿到卷子，我就拼命写，可是时间过半后，我突然发现自己开始不会做了，我想再往后看看，可是看完这道题不会，看了那道题也不会，看着满是空白的答题纸，我像是被蚊子咬了般抓耳挠腮，我意识到，眼泪开始在我眼眶里打转。我看所剩时间不多，就尝试起解答题，抱着试试看的心理，一步一步地慢慢推，可能我一步比别人用的时间要长许多，但是只要我有一点想法，我就飞速地记录下来。同学们交头接耳声，老师的报时声，笔的掉落声，此时的这些声音我仿佛都听不见，也同样感受不到教室里的热。我不像刚才般心急如焚，因为我不再关注成绩，而是在作题时一边寻找一个叫“自信”的东西，可能支撑我在灰心时继续坚持的力量就来自它吧！
　　在自信的鼓舞下，我最终做出了这道题，而过程写满了整个答题区。老师的声音打断了我的思考：“王芳，第二名。”我做梦都没梦到过，有一天我也站在讲台上领奖，我从老师手里接过这1卢比，却觉得它有千斤重，因为我收获的礼物其实是自信。
　　当我再次看到这1卢比时，才顿时醒悟：我说不定不是不会做那些题，而是将自己的能力限制了起来，其实一个人的人生，就像那狼烟向永无止境的高度攀升，为什么不自信起来，在困难前笔直向上爬呢？正如爱因斯坦所说：“自信是向成功迈出的第一步。”自信对我来说就是那一盏盏迈向成功之路上的灯。",《迷途中的一盏灯》
140214,4.0,4.0,5.0,4.0,5.0,3.0,4.0,4.0,3.0,4.0,3.0,4.0,4.0,4.0,3.0,3.0,3.0,4.0,4.0,4.0,3.0,4.0,3.0,4.0,3.0,4.0,4.0,3.0,3.0,4.0,4.0,3.0,3.0,4.0,4.0,4.0,4.0,4.0,4.0,3.0,4.0,4.0,4.0,4.0,4.0,3.0,3.0,4.0,4.0,4.0,3.0,3.0,3.0,3.0,4.0,3.0,4.0,4.0,3.0,4.0,4.0,3.0,5.0,4.0,5.0,4.0,5.0,3.0,5.0,3.0,"难忘的夏令营
　　暑假中妈妈给我报了一个5天的夏令营。我盼着这一天快点来到。终于等到了这一天，妈妈把我送到A剧院的门口集合。
　　妈妈刚走我心里就有点害怕。大巴车动了我心里想妈妈都走了，想妈妈也没用了。我只好看看窗外的风景。过了一会我们就到了营地。我们到了一个大讲堂，举办开营典礼。来到夏令营的小朋友是从全国各地来的。
　　我们开始分房入住。我和陈丽、张超住在一起，我们一开始谁和谁都不认识，可是过了一会我们三个就成了好朋友。老师吹哨了我们三个赶快跑下楼开始了五天的夏令营生活正式开始了。我们三个被分到了一连，我们一起吃饭，一起游戏，一起睡觉，一起起床，一起……真是形影不离的好朋友。
　　最让我喜爱活动的就是障碍接力赛。我们要走过指压板，翻一张牌要从1—12里依次抽出，哪队抽得快，哪队就可以获胜。游戏开始了，一连第一个小朋友就抽到“十”了。第二个小朋友跑着跑着一下摔在指压板上了，我们把心提到嗓子眼，到我了，我飞快地跑着，到了指压板前面我有点害怕。以前看奔跑吧兄弟的时候看他们在指压板上疼得大叫，我看得哈哈大笑，可是我踩上去，啊，好疼，为了胜利一定要坚持。我终于跑完了，回到队伍里，给其他同学喊加油，终于一连赢了我们很高兴。
　　在夏令营玩得好开心呀！这第一次夏令营使我终生难忘。",《难忘的夏令营》
160607,3.0,3.0,4.0,5.0,2.0,2.0,3.0,3.0,3.0,3.0,3.0,3.0,3.0,3.0,3.0,3.0,3.0,4.0,3.0,4.0,3.0,3.0,3.0,3.0,4.0,4.0,4.0,3.0,4.0,4.0,3.0,4.0,3.0,3.0,2.0,3.0,2.0,2.0,3.0,3.0,3.0,3.0,4.0,4.0,3.0,3.0,2.0,2.0,4.0,4.0,3.0,3.0,2.0,2.0,3.0,3.0,3.0,3.0,2.0,2.0,3.0,3.0,3.0,5.0,4.0,5.0,4.0,4.0,4.0,4.0,"我的理想
　　理想是人生导航的灯塔，我们每个人都有自己的理想。我的理想是以后当一个歌手，因为我很享受唱歌的过程，也希望越来越多的人能够听到我的歌声。
　　唱歌，是我从小的梦想，也是它指引着我不断练习走向歌手的道路。我喜欢唱歌，所以我就加入了学校合唱团，跟着到世界各地去表演、训练。我入团时，被分到了3声部，但我并不喜欢唱低音，于是我不断练习希望升到1声部。为此，我付出了很多，但我认为还不够，就又开始了无休止的练习。终于在4年级时升到了2声部，但我至今还在2声部和1声部的边缘徘徊。但我坚信只要我不断学习，复习，我一定会升上1声部。
　　虽然我坚持唱到现在，取得了很多进步。但在这之间，我也放弃了很多，遇到了很多困难。每当我路过广场、花园，我都想进去逛一逛，欣赏那鸟语花香，但我会对自己说，“我不能松懈，因为我的理想还没有实现。”我就继续练习。每当我看到在操场上奔跑的孩子，我就想和他们一起奔跑，但我不会去。因为我要为了我梦想而练习。
　　我热爱音乐，我喜欢音乐就像我喜欢我自己一样，所以我每天都会练歌，听歌、学歌。但因为时间的原因，没有时间听歌，但如果一天不唱歌，听歌，我就会抓狂。所以现在我想唱歌，听歌了，我就会在钢琴上把它们弹出来，到现在，我已经可以弹出很多我喜欢的歌了，我认为这也是对我来说的一个突破。现在，不能听歌并没有成为我唱歌路上的绊脚石。毕竟我为了唱歌，可以放弃再多的东西，只要听了我唱的歌能使他们开心起来。
　　每个有理想的地方都会有光，因为它是照亮我前路、指引我、鼓励我走下去的东西。不管前方有多少坎坷，多少困难有多迷茫，我都会为了我的理想——唱歌，带给别人快乐而走下去的！",《我的理想》
160518,5.0,4.0,5.0,4.0,5.0,4.0,5.0,5.0,5.0,4.0,4.0,5.0,5.0,4.0,5.0,4.0,4.0,5.0,5.0,4.0,3.0,4.0,3.0,4.0,5.0,5.0,4.0,4.0,5.0,4.0,4.0,3.0,4.0,4.0,4.0,4.0,5.0,4.0,5.0,5.0,5.0,5.0,5.0,4.0,5.0,4.0,5.0,4.0,5.0,4.0,4.0,4.0,4.0,3.0,4.0,3.0,5.0,4.0,3.0,4.0,4.0,5.0,5.0,5.0,5.0,5.0,5.0,5.0,5.0,4.0,"拿破仑穿越阿尔卑斯山
　　一天，我在家中翻阅书籍，无意中看到一幅精美的油画，定睛一看，一个头戴两角帽，身披红色斗篷，威风凛凛的一位将军骑在一匹白色高头大马上，这就是法国宫廷首席画师——雅克·路易·大卫为拿破仑画的名画《拿破仑穿越阿尔卑斯山》。
　　它的远景深远而朦胧，从乌云中射出的阳光照射在大军身后的雪峰上，突出一种神秘感。他指挥的军队向着他手指的方向前进。拿破仑头顶两角帽，帽子上镶了一道金边，和他的头发融为一体，他披着比橘色深又比正红浅一点的斗篷，斗篷裹在他的身上顺风飘扬，斗篷的边角和他高举的右手几乎成了一条水平线，他的马膘肥体壮，毛色雪白，马蹄好似镀了一层金，腰间还带着一把镶满宝石的军刀，光彩夺目,前蹄高高抬起，像是在为士兵鼓舞士气，后蹄在前蹄抬起的同时后蹄紧紧地钉在地上，铿锵有力。
　　我想，它一定能在主人大旗一摇之时，飞起四蹄，如风驰电掣般冲上前去带着主人冲杀，而主人拿破仑也会抽出宝刀，身先士卒骑马杀敌，并指挥士兵攻击敌人，想来敌人也打不了多久。
　　虽然这只是书中的一幅插图，但是拿破仑身姿让我对艺术有了新的理解，无论它是一幅画，一篇书法作品……它都有不同的魅力，只要你用心去体会，它就会绽放特别的魅力。",《拿破仑穿越阿尔卑斯山》
140227,4.0,3.0,5.0,4.0,5.0,3.0,5.0,4.0,5.0,3.0,2.0,3.0,2.0,3.0,4.0,3.0,3.0,3.0,3.0,3.0,3.0,3.0,3.0,3.0,4.0,4.0,2.0,4.0,4.0,3.0,2.0,3.0,4.0,3.0,3.0,3.0,3.0,2.0,5.0,3.0,4.0,3.0,3.0,3.0,2.0,3.0,5.0,3.0,4.0,3.0,3.0,2.0,4.0,3.0,3.0,2.0,4.0,3.0,2.0,2.0,3.0,3.0,5.0,4.0,2.0,4.0,4.0,4.0,3.0,4.0,"厕所冒险
　　我和我的朋友库宁、甜甜和宽宽在房车里吃晚餐，突然，我想上厕，我就跑到了我的房车。“哇！”我叫到有一根好长的蜘蛛丝呀！我开始犹豫了，我想怎么会有蜘啤酒蛛丝呀？会不会有蜘蛛呀？
　　我带着我的问题和害怕悄悄地走进的厕所。我紧张的不得了，我坐了下来，一直观望着，我上完了，才放松下来。但是刚要出门的时候我转过头一看，没有蜘蛛，我这才松了口气，我飞快地跑了出去，但我听到一个声音从后面传来。我马上转过头一看“啊！”我叫到，是一只蜘蛛！它是黑黄条纹的，很大就像一只大老虎。我跑去了安全的地方，我都要被吓死了，连门都忘关了。
　　第一天，早上起来了，爸爸爬起了身向门走去突然，爸爸说快来有一只好大的蜘蛛呀！我和妈妈也就去看了看，心想，怎么这么像昨天那只？我问是夏洛吗？没人回答。但是我觉得就是夏洛因为一个晚上就能结这么大的网。太神奇了！",《厕所冒险》
150431,4.0,4.0,5.0,4.0,5.0,4.0,3.0,3.0,4.0,4.0,3.0,3.0,3.0,4.0,5.0,4.0,4.0,4.0,5.0,4.0,5.0,4.0,4.0,3.0,5.0,4.0,5.0,4.0,5.0,4.0,3.0,4.0,4.0,4.0,5.0,4.0,4.0,3.0,5.0,3.0,5.0,4.0,5.0,4.0,5.0,4.0,5.0,4.0,5.0,4.0,3.0,2.0,4.0,2.0,3.0,2.0,4.0,4.0,2.0,2.0,5.0,4.0,5.0,4.0,5.0,4.0,5.0,4.0,5.0,3.0,"师爱是什么？
　　时间如流水一般匆匆而逝，很多记忆随着时间的消失而退色，但有一件事让我历历在目，感动不已。
　　“叮铃铃”上课了，想起这节是英语课，我连忙坐好，掏出英语书，走进来的却不是胡老师，而是新转来的骆老师，我想：胡老师去哪里了？一开始，我以为老师走错层了，可是过了一会儿，我才意识到胡老师没来上班，这四十分钟好似过了一天，这个老师讲的我一点也没听进去，一会儿看一下表，一会儿看一下表，终于等到了下课，我猴似的蹿了起来，问老师胡老师怎么了，从老师口中我得知，胡老师生病了，在医院里打点滴，一个问题在在我脑海里重复着。胡老师病严不严重？她还好吗？我很惦记她。
　　五一小长假过了，胡老师来上班了，节前的英语卷子也发下来了，我想，可能是其它老师帮胡老师判的吧！过了一会，老师和我们说，这张卷子是我打点滴的时候判的，所以有点糙，我现在已经不管老师判的糙不糙了，如果我是胡老师，我在打点滴，不用说给孩子判卷子，就是写个字都困难，可以想象胡老师当时边判卷子边打点滴有多痛苦，而且还是五个班几百张卷子啊！接着，胡老师又说，其实我还打点滴，我回来是因为怕有的孩子会在我不在的情况下，可以有不写作业的想法……胡老师后面说的我都记不起来了，只记得那时候我的眼泪在眼眶里打转，当时，班里有好多同学和我一样，这是多么不容易又辛苦的事啊！我们为胡老师的敬业精神所感动……
　　这就是令人感动又伟大的师爱；这就所谓的责任；这也是我敬爱的胡老师。",《师爱是什么？》
130437,2.0,3.0,4.0,5.0,2.0,3.0,2.0,3.0,3.0,4.0,2.0,3.0,3.0,3.0,2.0,3.0,1.0,3.0,2.0,3.0,2.0,3.0,2.0,2.0,3.0,4.0,2.0,3.0,3.0,3.0,3.0,3.0,3.0,3.0,2.0,3.0,2.0,3.0,2.0,3.0,2.0,4.0,3.0,4.0,2.0,3.0,3.0,4.0,2.0,3.0,2.0,3.0,2.0,3.0,2.0,3.0,2.0,3.0,2.0,3.0,2.0,4.0,2.0,4.0,3.0,4.0,3.0,3.0,2.0,4.0,"一件难忘的事
　　有一次班老师发了一张参加足球队的通知。想要参加的同学需要上交回执来报名。
　　可是到了要回执那一天，我都没给妈妈看过。我急中生智，自己写了就上交了。放学之后，我问妈妈：“我想参加足球队，可以吗？”妈妈说：你可以呀，正好锻炼身体。”
　　可是我把通知弄丢了。找不到通知，我就不知道什么时候参加足球队的活动。我也问了几个人，可是我问的都是不参加足球队的，没问参加足球队的。在我不知道的时候，他们都去玩一次了。
　　一转眼又过了好几天，却出来一个结果，半个班的学生评选得只剩下几个。这时我才知道还要评选呀。
　　所以我就没有参加上足球队。我很伤心，因为我想参加足球队。参加足球队可以和很多同学一起玩，还可以锻炼身体，比如多跑步，练习脚法。可是我连评选都没有参加，白白失去了机会，这是一个很大的教训。我拿到通知后应该赶快和爸爸妈妈商量，还要把通知收好，不应该马马虎虎地，耽误了事情。",《一件难忘的事》
160344,4.0,3.0,2.0,2.0,4.0,4.0,4.0,3.0,4.0,3.0,3.0,3.0,3.0,3.0,4.0,4.0,4.0,4.0,4.0,2.0,4.0,3.0,4.0,4.0,4.0,3.0,4.0,3.0,3.0,3.0,3.0,3.0,4.0,4.0,4.0,3.0,4.0,3.0,4.0,4.0,4.0,4.0,4.0,4.0,5.0,5.0,4.0,4.0,3.0,4.0,5.0,3.0,4.0,3.0,4.0,3.0,5.0,5.0,4.0,4.0,4.0,3.0,4.0,4.0,4.0,5.0,4.0,5.0,4.0,4.0,"友谊的小船
　　我顿时火冒三丈，你凭什么把我的木船摔坏、它和你无怨无仇，我也没有犯错！要不是朋友挡着我，我当时恨不得立刻一巴掌打过去。一定要为我的木船报仇！想着，一把夺过他的小木船，撇了他一眼，他正诧异的看着我，我对他轻蔑的一笑，救不了你的船了？后悔了吧，活该！我背过身去。据说，这船是他妈妈帮他做的，果然做的比我精致多了。嫉妒在我心中蔓延开来，正在我要往下摔时，只听他大喊：“别，别摔！”可是已经晚了。在说话间，小船已经风一样的速度，触碰到了地板，零件散落一地，现在已经“亲吻”地板了，我看看他，他发病似的冲过来轻轻的跪在那无罪的木船遗迹边，小心的把散落一地的零件木屑捧起来，跑出班，哭了，我有点后悔，又不想示弱，便趾高气扬的走了，结果可想而知，我们友谊的小船破碎了。
　　想到这，我的心乱了，他可是我最好的朋友啊！这时我非常想成为手持七色花的小姑娘，撕一片花瓣，让事情回到我没摔船的时候啊！结果，意想不到的事情发生了！果然回到了原来，刚才是一场梦！我好像刚从时空穿梭机里出来，不但知道了会发生什么，动作也没变，我把小船还给了陈华，他也对我道了歉，我们和好了。
　　从这件事我得出了一个结论，做事一定要想一想结果，这样才不会有后悔的事。",《友谊的小船》
150238,3.0,3.0,3.0,3.0,3.0,4.0,4.0,4.0,4.0,5.0,4.0,5.0,3.0,3.0,3.0,2.0,2.0,2.0,3.0,3.0,3.0,3.0,3.0,3.0,3.0,3.0,3.0,2.0,3.0,3.0,3.0,2.0,3.0,3.0,3.0,3.0,3.0,3.0,3.0,2.0,3.0,3.0,3.0,3.0,3.0,2.0,3.0,3.0,3.0,3.0,2.0,2.0,2.0,3.0,2.0,2.0,3.0,3.0,3.0,2.0,3.0,3.0,3.0,3.0,3.0,4.0,3.0,4.0,2.0,3.0,"给姑姑的一封信
亲爱的姑姑：
　　您好！近来身体可好？
　　还记得今年您给我买了一个其貌不扬的书签，却没想到我和它之间发生了各种神奇的故事。
　　这个书签墨墨简直就是我的“克星”，当我还在王者荣耀游戏中厮杀的时候，突然左脸颊上挨了一掌，我还以为游戏中的武力都辐射到我身上，接着“啪”右脸又结结实实地挨了一掌，我终于回到现实，惊觉地环顾四周，发现是那个书签捣的鬼，我恨不得让魔鬼把它吃了！
　　我气急败坏的去追它，但它跑的太快了而且一边跑一边打我。我的脸被它左右夹击，火辣辣的痛，我束手无策只好向书本求援，墨墨竟然停止了进攻，我暂时在书本的掩护下，获得了一时的安全，然后看着看着我忘掉了时间忘了墨墨，沉浸在书的世界里。
　　在墨墨的管理下，我养成了读书的习惯，后来我渐渐爱上了看书和严厉的墨墨。随着看书的深入，墨墨展示了更奇异的功能——它反面刻着LV的等级，分别是1～12，每次升12级的时候，看书的人就能飞进任何一本书中，当书中的主角，体验他们的生活。而且你越是和书中的人物心意相通，LV长得就越快越亮呢！
　　墨墨是我看书的神器，有了他我就能更好的走进书本，爱上看书。谢谢您送了我一个这么好的书签。
　　祝您事业有成，身体健康。
　　此致
　　敬礼！",《给姑姑的一封信》
140215,4.0,3.0,5.0,4.0,4.0,3.0,4.0,3.0,5.0,3.0,4.0,3.0,4.0,4.0,5.0,4.0,4.0,3.0,4.0,3.0,3.0,3.0,3.0,3.0,4.0,4.0,4.0,3.0,4.0,3.0,4.0,3.0,4.0,3.0,5.0,3.0,4.0,3.0,4.0,3.0,5.0,4.0,5.0,3.0,4.0,4.0,4.0,4.0,4.0,3.0,3.0,3.0,3.0,3.0,3.0,3.0,4.0,4.0,3.0,3.0,4.0,3.0,5.0,3.0,5.0,3.0,4.0,3.0,5.0,2.0,"沙雕大世界
　　暑假我去了北戴河，那几天我们去了沙雕大世界、鸽子窝、浴汤。其中我最喜欢的是沙雕大世界，一进沙雕大世界，一进沙雕大世界的大门，我们就上了游览车，我们直奔最想玩的水上项目。一开始我们就去排水上滑梯的队，队不长但是进展很慢，中途我想过放弃,但滑道中传来的欢笑声鼓励我坚持，一个半小时后，终于轮到我们了，我本觉得会非常好玩，但是我体重太轻，我是一点一点的蹭下去的，我觉得一点也不好玩，这太让我失望了。以后有机会我再试试。
　　之后我又去了水上乐园，这地方一定很好玩，我接近一个塔时，上面的大桶就开始洒水，我连忙躲开，但是我还是被浇成了落汤鸡，我转移到旁边的广场，本以为这里没有喷水的地方，但是我发现那里像路灯的东西就能喷水，我急忙躲开，我发现像蘑菇一样的东西也能喷水。
　　大家一定都玩过滑梯，但是把滑道换成沙子、小草以后感觉一定不同吧！在这儿我们就体验了滑草项目。沿着长长的台阶，我们爬上了最高点，排着队领了滑板爸爸让我一个人滑，我怀着忐忑的心情坐了上去，我滑了下去真刺激啊！
　　之后我恋恋不舍的离开了沙雕大世界。",《沙雕大世界》
250138,3.0,4.0,4.0,5.0,3.0,3.0,2.0,3.0,3.0,3.0,3.0,3.0,3.0,3.0,2.0,3.0,2.0,3.0,3.0,3.0,3.0,3.0,3.0,2.0,3.0,2.0,2.0,3.0,3.0,3.0,3.0,2.0,3.0,3.0,3.0,2.0,3.0,3.0,3.0,4.0,3.0,4.0,3.0,3.0,3.0,3.0,2.0,2.0,2.0,3.0,2.0,3.0,2.0,3.0,2.0,3.0,3.0,3.0,2.0,3.0,3.0,3.0,3.0,3.0,2.0,3.0,3.0,3.0,2.0,2.0,"三亚
　　这个假期我去了美丽的三亚，在那里我实现了一个小梦想，就是去海边玩。我终于来到了梦想的海边，而且不仅海边很好玩，三亚的美食也很多很美味。而且这里的东西物美价廉。
　　但是令我印象最深刻的不是这些，而是我和弟弟在沙滩玩水，我到了以后我直接冲到了浪里，觉得非常凉。但是我很奇怪三亚温度这么高为什么海水这么凉？后来我问了我爸。我爸就告诉我因为水的比热容是最大的，温度高时它的气温上升的慢，温度低时它的温度下降的也慢。所以才会这样。我弟弟刚进海里就被吓得跑回了沙滩。所以到后来我就不得不在沙滩上陪我弟弟玩沙。
　　虽然三天的行程我两天都陪弟弟玩了戏水的乐趣没有了！还有一些地方没去到呢！而且还有很多美食没吃呢！但我也不后悔！因为我看到很多人和我一样他们有的陪弟弟玩，有的帮弟弟弄装备还有的帮弟弟开椰子。一家人旅行才是最快乐的，大家一定要快来一次三亚哟！",《三亚》
130117,3.0,3.0,4.0,4.0,4.0,3.0,3.0,3.0,4.0,3.0,3.0,3.0,4.0,3.0,4.0,4.0,4.0,3.0,4.0,4.0,4.0,4.0,4.0,4.0,3.0,3.0,3.0,3.0,4.0,3.0,4.0,3.0,4.0,4.0,3.0,3.0,3.0,3.0,4.0,3.0,4.0,4.0,4.0,3.0,3.0,3.0,4.0,4.0,4.0,3.0,3.0,3.0,3.0,3.0,3.0,3.0,4.0,4.0,3.0,3.0,4.0,3.0,4.0,4.0,5.0,3.0,4.0,3.0,5.0,3.0,"我的朋友的“寒寒”
　　我去湖北的时候我认识了一个新朋友“寒寒”。
　　它长着一身金黄色的皮毛，摸上去好像棉花似的！它还长着四只长长的脚和它那摇摇晃晃的尾巴，还长着一双锐利的眼睛，任何事情都逃不过它锐利的眼睛！它活泼可爱，它一会跑到田地一会跑进草丛，一会跑到我身边绕来绕去。在一天早上我带着“寒寒”去跑步，但是“寒寒”才跑了几圈就累了，我就让它休息了一会继续跑，跑一会“寒寒”不动了。这时，我发现“寒寒”的脚受伤了。我急忙把它抱回家给它包扎伤口，但它不哭也不叫，我觉的它真坚强。
　　它真是一只又坚强又可爱的小狗，我走的时候真是依依不舍！",《我的朋友“寒寒”》
140402,4.0,4.0,4.0,5.0,3.0,5.0,4.0,4.0,4.0,4.0,3.0,2.0,4.0,4.0,3.0,3.0,4.0,4.0,4.0,4.0,4.0,4.0,4.0,5.0,4.0,4.0,4.0,4.0,4.0,5.0,4.0,4.0,4.0,3.0,3.0,3.0,3.0,4.0,4.0,4.0,4.0,4.0,3.0,3.0,3.0,3.0,3.0,3.0,3.0,4.0,2.0,2.0,3.0,3.0,3.0,3.0,3.0,4.0,2.0,2.0,3.0,3.0,3.0,5.0,4.0,5.0,4.0,4.0,4.0,3.0,"我家的多肉
　　在前几周，学校组织了活动，去苹果园，我们不仅学会了许多知识，还拿回来了很多有趣的东西，其中，我最喜欢的就是多肉了，我每天细心的照护它，它现在已经从小宝宝长成大孩子，我和妈妈觉的种多肉很有趣，就又买了一袋种子，把它种了下来。
　　我们种下了这颗小小的种子，我们把它放到阳台上一周浇一次水，过了两周，小小的种子长出了嫩绿色的叶片，并且生长点完好，很细小，我们必须得看好长时间，才能找到那小小的嫩绿色的叶片。
　　又过了几天，它的生长点有些发红，红的都像赤红色了，像鲜血那样红，它那嫩绿色的叶于显的长大了许多，好像长出了真叶，我和妈妈一天天细心的照护它，它马上成了苗，生了根，长了芽，扎了根，长成了小苗，就这样它一天天长大了。
　　当我家的多肉长大时，我仔细观察，它小小的花瓣有深绿，有浅绿、就像有人给它染了渐变色似的，真有趣。
　　多肉真是又奇妙又有趣呀！",《我家的多肉》
130429,3.0,3.0,5.0,5.0,3.0,3.0,3.0,3.0,4.0,4.0,2.0,2.0,3.0,3.0,3.0,3.0,3.0,3.0,3.0,3.0,4.0,4.0,3.0,3.0,5.0,5.0,5.0,5.0,5.0,5.0,3.0,3.0,4.0,4.0,5.0,5.0,5.0,4.0,3.0,3.0,4.0,4.0,4.0,4.0,3.0,3.0,4.0,4.0,5.0,5.0,2.0,2.0,4.0,4.0,2.0,2.0,4.0,4.0,2.0,2.0,4.0,4.0,5.0,5.0,5.0,5.0,5.0,5.0,4.0,4.0,"难忘的事情
　　今天下午，老师带我们来到了E剧院看表演，我们大家都很兴奋，真想马上飞到那里去。
　　到了那里，进门的时候，阿姨发了我们每人一个玩具，我真是太开心了。节目开始了，我们先看的是足球表演，我很激动，因为有我们班同学，董超，国涛和奏梓愽，参加比赛，他们在台上相互传球。他们比完赛以后就和我们一起看精彩的木偶剧，我们在台下看的津津有味非常开心，看完木偶剧，没想到还有一个环节是扔幸运球，如果接到幸运球就可以得到一个娃娃，只可惜我们没有接到，不过我还是很开心的。
　　在回去的路上，我们还有些意犹未尽，这次的活动真让我难忘。",《难忘的事情》
140136,4.0,5.0,4.0,4.0,4.0,5.0,4.0,4.0,4.0,5.0,3.0,4.0,4.0,4.0,2.0,3.0,2.0,3.0,4.0,3.0,4.0,3.0,3.0,3.0,4.0,3.0,4.0,4.0,4.0,3.0,3.0,4.0,3.0,4.0,2.0,2.0,2.0,2.0,4.0,5.0,3.0,4.0,4.0,3.0,3.0,3.0,2.0,2.0,3.0,4.0,2.0,2.0,2.0,3.0,2.0,2.0,3.0,3.0,2.0,3.0,4.0,4.0,4.0,4.0,2.0,3.0,4.0,4.0,3.0,4.0,"雾灵山之旅
　　这个周末，爸爸妈妈带我去了雾灵山风景区。我们游览了三个地方，分别是：雾灵溪谷、雾灵湖和雾灵山。
　　我们在去雾灵湖的路上看见了一条小河沟，哦！原来它叫雾灵溪谷。于是我们沿着陡峭的山坡走了下去，哦！好险！“别着急，慢慢走下去，”爸爸说。终于到达了小溪边，溪水很清，能看见好多小鱼，它们成群结队的游着，玩的很开心。溪水很急，一不小心把我的鞋冲跑了，哦！小心！爸爸，快抓住它！总算抓住了。溪水很浅，刚没过我的脚脖，我可以随意的在水里走来走去。溪水很凉，夏天在里边玩好舒服呀！
　　雾灵湖水面宽阔、湖光山色、波光粼粼……嗖的一下一艘快艇闪了过去，好刺激呀！湖边的小鸭子吃饭的时候，吃一口盆里的饭，喝一口湖里的水，样子特别滑稽可爱。湖边的老爷爷和我聊起了他的玉米地，他的玉米每天都会少三四根，原来是被獾给偷吃了，獾很聪明，当老爷爷拿夹子去捉他的时候，夹子放到右边，獾去左边吃玉米，夹子放到左边，獾去右边吃玉米，总也捉不到它，老爷爷的玉米都快被吃光了。
　　提到爬山我们就头疼，还好雾灵山可以开车上去。雾灵山高耸入云、重峦叠嶂、景色宜人，路边有好多各种颜色的野花，盘山路呈几字形分布，有很多急转弯，所以爸爸开车的时候非常小心、减速慢行。到雾灵山主峰了，它海拔高2118米，云雾缭绕、宛如仙境，我们赶紧拍照留念，记录下这美好的时刻。
　　雾灵山之旅玩的很开心，但是我没看到獾，期待下一次见到它。",《雾灵山之旅》
130620,4.0,3.0,4.0,3.0,5.0,3.0,5.0,3.0,4.0,3.0,4.0,4.0,5.0,3.0,5.0,2.0,5.0,2.0,4.0,3.0,3.0,3.0,3.0,3.0,4.0,4.0,3.0,3.0,4.0,3.0,4.0,3.0,3.0,3.0,3.0,3.0,4.0,3.0,4.0,3.0,4.0,3.0,4.0,3.0,4.0,3.0,4.0,4.0,3.0,3.0,4.0,3.0,3.0,3.0,4.0,3.0,4.0,4.0,2.0,4.0,4.0,3.0,4.0,3.0,4.0,3.0,4.0,3.0,4.0,2.0,"我们家可爱的热带鱼
　　我们家养了一缸可爱的热带鱼，它们火红的身体，大小跟我们手掌大小差不多，一共12条哩。每次我靠近鱼缸,它们就瞪着圆溜溜的大眼睛，张开双鳍在水中排成一大队向我展示它们美丽的身姿，就像表演着美丽的水中芭蕾一样。
　　我往鱼缸里扔了些鱼食,它们就立刻弃我而去，争先恐后的游向了美味的食物，小嘴一张一合地吃了起来，它们有些没反应过来的鱼刚开始往那里游，食物却已经被吃掉了，它丧气地离开了，可是另一颗鱼食吸引了它，它飞快地游过去，终于吃到了食物，不一会儿我喂的食物就被它们吃完了，满意地又在水中自由地游来游去，因此它们有一个好听的名字叫鹦鹉鱼。",《我们家可爱的热带鱼》
250126,4.0,4.0,5.0,5.0,5.0,5.0,4.0,4.0,5.0,5.0,3.0,3.0,4.0,4.0,5.0,5.0,4.0,4.0,5.0,5.0,4.0,4.0,4.0,4.0,5.0,5.0,5.0,5.0,5.0,5.0,4.0,4.0,5.0,5.0,4.0,4.0,5.0,5.0,3.0,3.0,4.0,4.0,5.0,5.0,3.0,3.0,3.0,3.0,5.0,5.0,2.0,2.0,2.0,2.0,2.0,2.0,5.0,5.0,2.0,2.0,4.0,4.0,5.0,5.0,5.0,5.0,5.0,5.0,4.0,4.0,"勇气和智慧给我带来的乐趣
　　说到勇气和智慧我想大家并不陌生，但是它们怎么能给我们带来乐趣呢？一次寒假我去滑雪给了我答案。
　　一个阳光明媚的下午，我和妈妈去滑雪。我又紧张又激动，因为我是第一次滑雪。我很快的穿上雪鞋，扣上雪板，拿上雪杖。因为第一次滑，我走的比较慢，但还是艰难地走到了滑索旁。但是我上了滑索以后，问题来了。雪板上因为有雪所以总是往下滑，我想我必须想出个办法。我苦思冥想终于想出了个办法。可以拿雪杖支撑在滑索上，有了支撑点就好了。我下了滑索，到了上面我就先学刹车，加速……该往下滑了，看着那么高的山，那么陡的坡，我不禁害怕起来。但是妈妈一直在鼓励我，我心想干脆一不做二不休，滑下去！我一挥杆，霎地滑了下去。真爽啊！我越战越勇，滑了第一次，第二次……我很快乐，因为我会滑雪啦！
　　在滑雪的过程中，我感受到了勇气和智慧给我带来的乐趣，也让我明白了在人生的旅途中会有许许多多的坎坷，但是我们要勇敢的去克服它，不要去躲避。但是勇敢面对的时候也可以要智慧巧妙的解决，这才叫智勇双全。
　　寒假很快就过去了，这次滑雪我的勇气和智慧给我带来更多的乐趣，让我久久不能忘掉。",《勇气和智慧给我带来的乐趣》
150325,3.0,3.0,4.0,3.0,3.0,3.0,3.0,3.0,4.0,3.0,2.0,2.0,3.0,3.0,3.0,3.0,2.0,3.0,3.0,3.0,3.0,3.0,4.0,3.0,4.0,3.0,4.0,3.0,3.0,2.0,3.0,3.0,4.0,2.0,2.0,3.0,3.0,2.0,3.0,3.0,4.0,3.0,3.0,3.0,3.0,2.0,3.0,2.0,4.0,3.0,2.0,2.0,3.0,2.0,2.0,2.0,4.0,3.0,2.0,2.0,4.0,3.0,5.0,3.0,5.0,3.0,3.0,3.0,3.0,2.0,"方强
　　下节课是体育课，我们大家都很开心，先开始老师说跑完10圈后男生打篮球。
　　10圈过后，我们就健步如飞的跑到了篮球场。后来我们开始分波，因为我太强了所以我说我带一个人打你们所有人，他们都同意了可是没有人愿意和我一组。后来我听到了一个声音，我能和你一组吗，他就是方强。
　　小小的嘴，一双丹凤三角眼，弱小的身体我可真是怕他受伤，但是他那耀眼的眼睛和纯真的眼神我不得不接受呀！
　　我说好，我本应该指挥的，可是他却指挥上了我，不过你到别说他一这么指挥我还真觉的佩服。
　　而且小也有小的好处他那健步如飞的跑到了篮下一投就进，他可真是牛呀。
　　当时我还在想他要是受伤了可怎么办呀？可是现在一想我真是多心了呀，如果我和方强还能一起打篮球的话，我会说这回你来指挥吧。",《方强》
150228,5.0,5.0,5.0,5.0,5.0,5.0,5.0,5.0,5.0,5.0,4.0,5.0,5.0,4.0,5.0,4.0,5.0,5.0,5.0,4.0,5.0,4.0,5.0,4.0,5.0,4.0,5.0,4.0,5.0,4.0,5.0,4.0,5.0,4.0,5.0,5.0,5.0,4.0,3.0,4.0,4.0,4.0,5.0,5.0,5.0,5.0,3.0,5.0,4.0,5.0,4.0,3.0,5.0,4.0,5.0,3.0,5.0,3.0,2.0,2.0,5.0,4.0,5.0,5.0,5.0,5.0,5.0,5.0,5.0,5.0,"一个特殊的红绿灯
那位叫不上名来的叔叔：
　　您好！
　　不知道您是否还记得我们的第一次相遇，也是唯一一次相遇。虽然我们彼此素不相识，但我还是很感谢您。
　　还记得那是一个冷得让人寸步难行的下午，风吹到脸上像刀割。那天我上完钢琴课，正要回家，走到了一个十字路口，刚好赶上了一个红灯，心想：“真倒霉！”就停了下来。这时，我看到您从对面也快步走到了路口，我就又想：“这条马路清静连一辆车都没有，他那么着急，肯定会闯灯的！”我默默地向您投向了瞧不起的目光。但是，下一幕震惊了我，您看到红灯就停下了脚步，我本来还以为大人的素质都很低呢！虽然天气是那么冷，但是您的行为却让我觉得很温暖。
　　那天，我竟然改变了对这个社会的看法。我发现在我们的“大家”中，虽说有一些素质低的人，可是大部分人还是有素质、明事理的，我们应该从个人做起，传播正能量，让个别不遵守规则的人在众人的熏陶下改正自己的行为，所有人都总有感动的一天，所有人也都有改变的一天。哪怕你一个人的力量再小，但是当10个人、100个人、1000个人的力量都凝聚在一起，你做得那万分之一的贡献就有着相当大的影响力了。我们要改变外国人对中国人的看法，更要改变我们的素质，虽然我们自己比任何人都清楚这是一件比登天都难的事，但是我们也不能把中国人的素质放任不管，这代表了中国的形象。只要坚持就一定会有成果，所以我也要尽自己的力量做好我自己，传播正能量！
　　叔叔，虽然我们只相处了不到3分钟，还是连语言交流都没有的3分钟，但我还是十分感激您那朴素、儒雅的行为，因为它让我更加坚定了要遵守规则的想法。
　　此致
敬礼！
王芳
2018年3月24日",《一个特殊的红绿灯》
160137,3.0,3.0,4.0,5.0,3.0,4.0,2.0,3.0,3.0,4.0,2.0,3.0,2.0,3.0,2.0,3.0,2.0,3.0,3.0,3.0,3.0,4.0,3.0,3.0,3.0,4.0,3.0,4.0,3.0,3.0,3.0,3.0,2.0,3.0,3.0,4.0,3.0,4.0,2.0,3.0,3.0,4.0,3.0,4.0,2.0,3.0,2.0,3.0,3.0,4.0,2.0,3.0,2.0,3.0,2.0,3.0,3.0,4.0,2.0,3.0,3.0,4.0,3.0,3.0,3.0,5.0,2.0,5.0,1.0,3.0,"机器人大会
　　前几天，我们去看了机器人大会，因为票是免费的，所以那儿的人特别多，都争先恐后的抢票，我们好不容易才挤了进去，刚拿到票，又被挤了出去。
　　我们还没有进馆就看见一个巨大的汽车人模型，有一些人在那儿照相，一直不走，我们只好看一眼，然后走别的路。因为人太多了，所以进去就花了好长时间。进去后我爸爸带我去看他昨天看觉很不错的机器人，那有一群人在那看机器人，我们又挤了进去，一个巨大的黄色机械臂映入我的眼帘，它用它的“手”托起了一辆SUV,这辆车足足有一吨多重，距离地面足足有五六米高，我爸爸跟我说：“你看这台机器托起车，把车又摇又晃的时候，但这台机没有抖动，说明这是台精心制作的机器。”我们又去看这家公司做的其它的机器，我发现这家公司是专门做机械臂的公司，这家公司有大的，中的和小的，三种机械臂，大的和中的一样是展示的，人也一样特别多，它在展示写字，时不时会有人拍一张照片，小的人可是最多的了，比大的人都多一些，主要就是因为小的可以摸，它也是我们的最难看到的，而且要是有人拍照我们也不躲开了，小的是绿色的，摇头摆尾的做着几个重复的动作，十分好玩儿。我们又看了看别的，最后依依不舍的走了。
　　机器人大会真有趣啊！",《机器人大会》
160136,4.0,3.0,4.0,4.0,4.0,5.0,3.0,3.0,4.0,5.0,3.0,3.0,4.0,3.0,5.0,4.0,5.0,5.0,4.0,4.0,4.0,5.0,4.0,5.0,4.0,5.0,4.0,4.0,4.0,4.0,4.0,3.0,4.0,3.0,5.0,4.0,5.0,5.0,4.0,5.0,4.0,4.0,4.0,4.0,3.0,4.0,3.0,4.0,4.0,4.0,3.0,4.0,3.0,3.0,3.0,4.0,4.0,4.0,4.0,5.0,4.0,4.0,5.0,4.0,5.0,5.0,5.0,4.0,5.0,5.0,"伴我一生的本领
　　人们常说：“亲身下河知深浅，亲口尝梨知酸甜。”也许表面上很简单的事，做起来却很难。在这个暑假里，我深深地体会到了这一点。
　　自由泳是最快的游泳方式，并且姿势非常好看。在水立方游泳馆的泳池旁，看到别人游自由泳时，心想：不就是上下打几下腿，手像船桨一样划几下就行了嘛，看起来比蛙泳简单，我一定能轻易的学会。可是刚上第一节课，我就遇到了难题：看起来最简单的打腿，我却怎么打也打不起来，到最后还白费了半天力气。就在我不知所措时，教练笑着说：“第一，你的腿不能随便乱摆动，而是大腿带动小腿；第二，在摆动腿时，膝盖绝不能弯曲。”虽然我明确了要点，但是想要练好可不是一件容易的事。我反复练习，每次下课回到家腿就像不听使唤似的摊在床上。我腰酸背痛，曾想过放弃，但是这个念头又被猛地拉回来：我已经上了几节课了，不能半途而废。又过了三节课，我终于掌握了打腿的要领，能够正确地打腿了。接下来教练开始教我手部动作，我用了两节课的时间就学会了。最后学换气时遇到了一些小问题，我总是习惯性的把头向上抬起来换气，可是自由泳是侧身换气的，这让我有点不适应，我应该怎样做才能避免这个问题呢，经过教练的指点，我找到了解决方法，只要我每次换气时向右边的柱子看就能把头侧过去了。可是事与愿违，我的耳朵在换气过程中进水了，很难受。我把这件事告诉了爸爸，于是爸爸为我买了一对耳塞，带上它之后我就能顺利的换气了。在剩下的课程中我不断的调整呼吸和身体的协调性。终于，在第7次课中，我已经能够熟练地游自由泳了，真不容易呀！
　　在这个暑假里，我学会了一项技能、一项本领，这项本领会伴随我一生。我还懂得了，也许看似简单的事情，做起来却很难。不过只要多下功夫，多努力，多思考，再大的困难也能找到解决方法。
　　这就是在这个暑假中我收获的、我成长的。",《伴我一生的本领》
130717,4.0,3.0,4.0,4.0,4.0,4.0,4.0,3.0,3.0,4.0,3.0,4.0,3.0,3.0,5.0,3.0,3.0,3.0,3.0,4.0,3.0,4.0,4.0,4.0,3.0,3.0,3.0,4.0,4.0,4.0,4.0,4.0,3.0,4.0,5.0,3.0,4.0,3.0,4.0,4.0,4.0,4.0,4.0,4.0,4.0,4.0,5.0,4.0,4.0,4.0,4.0,3.0,4.0,3.0,3.0,3.0,4.0,4.0,2.0,4.0,4.0,3.0,5.0,4.0,4.0,4.0,4.0,4.0,5.0,4.0,"美丽的小区
　　我住在一个美丽的小区，这个小区不算大有四栋高楼和一栋小楼组成，在小区的中心有一个大操场周围有健身器和棋盘，还有很多的树比如杨树、松树、银杏树还有一些不知名的树，楼房的周围有各种各样的花坛。
　　春天到了，小区里的花草树木苏醒了，它们抽出了嫩绿的枝芽，操场旁边的山坡上长出了一片又一片绿油油的小草，花儿们也争先恐后地含苞待放，万物都在忙碌着，欢快地迎接这个春天。
　　夏天到了，小区里的小草长大了，有的都到我大腿这里了，树木的枝叶长的非常茂盛，为我们遮住了阳光，我和小伙伴们就可以尽情地玩耍。花坛里的花儿都盛开了，五颜六色，非常美丽。
　　秋天到了，小区里的树叶片片飞舞，一片金黄，柿子树也结出了果实。小动物们也急忙收集果实等待冬天的到来。
　　冬天到了，下雪了，小区里白茫茫的一片什么也看不到了，我和小伙伴们打雪仗、堆雪人，可真高兴啊！这就是我生活的地方，一个美丽的小区。",《美丽的小区》
140524,4.0,4.0,5.0,4.0,4.0,4.0,4.0,4.0,5.0,4.0,3.0,3.0,3.0,4.0,4.0,4.0,4.0,4.0,4.0,4.0,4.0,3.0,3.0,3.0,4.0,4.0,4.0,4.0,5.0,4.0,4.0,3.0,3.0,4.0,5.0,4.0,5.0,3.0,5.0,4.0,5.0,4.0,5.0,4.0,4.0,3.0,4.0,4.0,4.0,4.0,5.0,3.0,4.0,3.0,4.0,2.0,4.0,4.0,2.0,2.0,4.0,3.0,2.0,4.0,5.0,4.0,3.0,4.0,3.0,3.0,"背着房子行走
　　你们是想知道背着房子行走的是谁？答对了，是蜗牛，蜗牛是爬行动物，蜗牛是很慢的，但牙齿有2万6000多颗，让我们来看看蜗牛和它的房子！
　　蜗牛它有一对触角上面长着两双小眼睛，真实来讲我不喜欢蜗牛，因为一碰头就进去了它太胆小了！它的嘴巴太小了，就它的房子还大点儿，它的房子上有各种各样的，它们的房了只能住一人，中午饭的时候我用放大镜能看见它咬什么，呀！是嫩芽它吃完嫩芽，就开始玩耍，大蜗牛让小蜗牛上去，背着小蜗牛爬到瓶的颈上，好像在比赛,一直玩到晚上。有趣的是它们在房子里休息，第二天，它们到天亮还不醒，9点了它们终于醒了！它们的头慢慢的伸出来了，它们开始拉大号，它们拉出来的都是黑黑的小豆子，还有的是长的，拉完的它们准备玩去了!它们的新玩法是一个一个挪上去,谁掉了重来！它们休息了！
　　我不是太讨厌它们了，我开始慢慢觉得它们很可爱，希望你们也喜欢它！",《背着房子行走》
250104,3.0,3.0,4.0,5.0,4.0,4.0,4.0,3.0,4.0,4.0,3.0,3.0,4.0,3.0,3.0,3.0,3.0,4.0,4.0,4.0,3.0,3.0,3.0,4.0,4.0,4.0,4.0,4.0,4.0,4.0,4.0,3.0,3.0,3.0,3.0,4.0,2.0,3.0,3.0,3.0,3.0,3.0,4.0,4.0,3.0,3.0,3.0,3.0,3.0,4.0,2.0,3.0,2.0,2.0,3.0,3.0,3.0,3.0,2.0,2.0,3.0,3.0,3.0,5.0,3.0,4.0,4.0,4.0,3.0,3.0,"坐火车
　　记得我第一次做火车是我一年级下半学期从长白山到沈阳，因为长白山到沈阳没有其它交通工具只有火车。火车上特别脏给我留下了很不好的印象。
　　今年寒假妈妈说让我体验一下做火车回四川，没上火车前我不开心，上火车我发现火车干净的多得多。把我之前坏印象都抹去了。
　　刚开始我玩了一会手机游戏。过了一会我看了一会《神奇动物在哪里》看到中间一部分隔壁铺的一个四年级的，问我看的是什么，然后我们就聊上话儿了就成朋友了，我问他叫什么。他说“就叫我何小胖吧！”然后何小胖叫来他二个朋友，一个一叫孟旗旗和他姐孟令依接着我们几个就成了朋友我几个就开始开玩笑，聊天和说笑话，时间过的飞快转眼就到6点我们说过晚饭正愁没的玩，然后何小胖说“我和孟旗旗比武董超解说！”首先何小胖先击攻孟旗旗躲过了，然后旗旗也发起击攻……过了半个小时我们觉的没意思了，然后就各回各铺睡去了。第二早上到了成都我就依依不舍的走了。
　　这次坐火车让我很难忘，在火车上的一举一动都刻在我的心中，我希望每年都能坐火车！",《坐火车》
141342,3.0,5.0,3.0,3.0,3.0,4.0,3.0,4.0,4.0,4.0,3.0,3.0,4.0,3.0,3.0,4.0,3.0,4.0,4.0,4.0,3.0,4.0,3.0,4.0,3.0,3.0,4.0,3.0,4.0,3.0,3.0,3.0,3.0,4.0,4.0,3.0,3.0,3.0,2.0,3.0,3.0,4.0,3.0,3.0,2.0,4.0,3.0,3.0,3.0,4.0,2.0,3.0,2.0,2.0,2.0,3.0,3.0,4.0,3.0,3.0,2.0,2.0,4.0,4.0,4.0,5.0,4.0,5.0,3.0,5.0,"观后感
　　圣诞节，一根又粗又大的蜡烛在不断地骚扰它身边的一根又细又小的蜡烛。大蜡烛故意把小蜡烛吹灭后偷偷地笑，看小蜡烛不高兴，就给它点上了，不一会儿又去吹灭小蜡烛，这次它笑得更厉害了，看着小蜡烛委屈地低着头，它再次点燃了小蜡烛。当小蜡烛无意中打了个喷嚏，把大蜡烛也吹灭时，大蜡烛伸头让小蜡烛给它点上，但小蜡烛没理它，大蜡烛低下了头想：我不该去欺负小蜡烛,小蜡烛看大蜡烛后悔了，就主动把大蜡烛点上了，
　　上面这个短片告诉我们，强大的人不应该欺负弱小的人，不应该把自己的快乐建立在别人的痛苦之上，要想到自己也有遇到困难需要别人帮助的时候，弱小的人可能因为受到了伤害而不肯原谅他，但如果爱欺负别人的人不是坏人，而且知道自己错了，就应该给他一个改正的机会。
　　如果以前有一个人一直在欺负我，我会很生气，但我会看他有没有悔改的意图，如果他后悔了，我会原谅他，“人非圣贤，孰能无过，”要以恕己之心恕人，但是如果他没有认错，而且没有悔改之意，我觉得不应该原谅他，应该让他受到惩罚。",《观后感》
150543,3.0,3.0,3.0,3.0,3.0,4.0,4.0,4.0,3.0,3.0,3.0,3.0,3.0,3.0,2.0,2.0,2.0,3.0,2.0,3.0,2.0,2.0,2.0,3.0,2.0,3.0,2.0,3.0,2.0,3.0,3.0,3.0,2.0,3.0,3.0,3.0,3.0,3.0,4.0,3.0,4.0,3.0,3.0,4.0,3.0,3.0,3.0,3.0,3.0,3.0,3.0,3.0,2.0,3.0,2.0,2.0,3.0,2.0,3.0,3.0,3.0,3.0,3.0,3.0,3.0,4.0,3.0,4.0,1.0,4.0,"远方的朋友
　　她很可爱，眉毛淡淡的像用那清清的墨画上似的；眼睛就像一颗钻石一样闪闪发亮，不管她生气，还是伤心，眼睛总像一个小珍珠，在灯火的照耀下显得更加明亮；她的鼻子非常小巧；不管有多开心小嘴总是莞尔一笑，不管有多难过总是像什么都没发生一样。长的很清秀，她最爱打扮了。脖子上总戴着一个小金猫，象征着招财进宝；手上戴着自己编的手链；身上穿着一件漂亮的裙子，裙子粉白相间，裙领、裙袖和裙边都有着一圈花边；脚上还穿着一双小凉鞋，在冬天里她还会戴着一条如白似雪的围巾；手上还有一双花手套；下雪时，地上像铺了一张白毯，穿着毛绒绒的小靴子在“白毯”上踩了一个个小脚印。",《远方的朋友》
240241,2.0,3.0,4.0,4.0,2.0,3.0,2.0,3.0,2.0,3.0,2.0,3.0,2.0,3.0,1.0,3.0,2.0,2.0,2.0,2.0,2.0,2.0,2.0,2.0,3.0,3.0,3.0,3.0,3.0,3.0,2.0,2.0,2.0,2.0,2.0,2.0,2.0,3.0,2.0,3.0,2.0,2.0,2.0,2.0,2.0,2.0,3.0,2.0,2.0,3.0,2.0,2.0,2.0,2.0,2.0,2.0,3.0,3.0,2.0,2.0,2.0,3.0,3.0,3.0,2.0,3.0,3.0,3.0,2.0,4.0,"去过年
　　2017年1月21日我们学校放了假。过了几周后我们就去了三亚过年，不过还要再过一关才能到三亚，那就是坐飞机！
　　我们坐上了飞机以后感觉时间过得很慢，一分钟就像一个小时！我坐到最后觉得有一些坐不住了，所以我就问了一下可不可以玩一会儿手机。回答居然是不可以玩一下。我又问了一下清楚一点的居然可以。
　　到了三亚以后我的爷爷奶奶来接我们回了家。回到家我的第一件事就是吃饭，因为那时已十二点多了。吃完了饭我们就去沙滩上去玩沙子、抓小贝壳、我们玩的很开心。第二天我们又去了沙滩，可是我的表弟中暑了！我们只好从那一天开始不去沙滩。
　　第三天大年三十。我收到了很多红包但是想要那些红包要说出祝福的一句话才行我就只好说了。
　　看着今年的收入，我好不开心。
　　在三亚天气比北京热的多。所以我们去游泳清凉一下。可是我感觉有一些冷了，就上来了。可我弟还以为水里很好玩。所以他还在玩他的。我很饿所以想上去吃饭。我就回了家，可回家的路上我想起了我的表弟他很胆小。所以一有人没有在他身边就很容易哭！所以我就回去接他了。
　　我一直想着在三亚的美好时光。我是多么想再去一次三亚啊！",《去过年》
150603,4.0,4.0,2.0,5.0,3.0,4.0,4.0,4.0,4.0,4.0,4.0,5.0,4.0,5.0,5.0,5.0,4.0,4.0,4.0,4.0,4.0,3.0,3.0,4.0,3.0,4.0,2.0,4.0,4.0,3.0,4.0,4.0,4.0,5.0,4.0,5.0,4.0,4.0,3.0,4.0,4.0,4.0,5.0,5.0,4.0,5.0,4.0,5.0,4.0,5.0,3.0,5.0,4.0,4.0,3.0,4.0,4.0,5.0,2.0,4.0,3.0,4.0,4.0,5.0,5.0,5.0,3.0,5.0,4.0,3.0,"我来到神秘的霍格沃茨
　　“叮铃铃——”刺耳的铃声把我从睡梦中叫醒了，我揉揉眼睛，咦，这好像不是我家啊？红色与金色相间的墙，一头大大的，怒吼着的狮子，床边优雅的长袍，以及根造型华丽的魔杖无不让我相信这是霍格沃茨中的格兰芬多休息室！我急忙跳下床，换上长袍。咦，有封信？我打开信，上面只交代了几句话，却让我欣喜若狂！“因你在A小学表现优异，特此允许在霍格沃茨学习一周，担任级长工作。签字：米勒娃·麦格。”从信里飘浮出来一枚银色的勋章，自动飘到了长袍上。我又看见信底下的一行小字“请于上午8:00准时去上黑魔法防御课。”完了！现在就7:40了！我冲出休息室，那一盘盘美味的食物好像在诱我过去，吉祥物们也在招“手”示意我过去。我不由自主地走过去，抓起一只正滋滋冒油珠的烤鸡，全然不顾形象地用牙去撕咬着鸡肉。又拽过一盘糖浆水果馅饼，一块块地塞进嘴中。突然间，霍格沃茨的一切都消失了：魔杖瞬间炸成碎片，长袍变回了A小学的校服，我也从霍格沃茨回到了二小。麦格教授那冷冷的声音从我耳边传来：“你没有听从我信上的要求，没克制住自己。像你这样的学生是不能来到霍格沃茨的！”我后悔万分，果然，没有自制力什么都做不成啊！",《我来到神秘的霍格沃茨》
160503,5.0,5.0,5.0,5.0,5.0,5.0,5.0,5.0,5.0,4.0,5.0,5.0,5.0,5.0,5.0,5.0,4.0,4.0,5.0,5.0,5.0,5.0,5.0,5.0,4.0,4.0,5.0,5.0,5.0,5.0,5.0,5.0,5.0,5.0,5.0,5.0,4.0,4.0,4.0,4.0,4.0,4.0,5.0,5.0,5.0,4.0,5.0,5.0,5.0,5.0,5.0,5.0,5.0,4.0,4.0,4.0,5.0,5.0,2.0,2.0,4.0,4.0,5.0,5.0,5.0,5.0,5.0,5.0,4.0,3.0,"年味中的习俗
　　春节本是个团圆的节日，但春节时有些特殊的人群无法回到家中，与家人过一个团圆年，他们要在自己的岗位上尽好自己的职责。就像我们的解放军叔叔阿姨，在大年三十的时候还要在部队值班，以防突发情况，保卫着祖国的安全。我和妈妈召集了那些过年还坚守在部队的叔叔阿姨，哥哥姐姐们，在部队中过了一个不一样的春节感到浓浓的年味。
　　大年三十的晚上，我与妈妈冒着严寒，“护送”着面粉和肉馅到了部队礼堂，平时空空荡荡的大礼堂因为有了春联与福字的点缀而充满了年味。
　　我们走进了大厅，数位军官叔叔阿姨们与战士哥哥姐姐们喜气洋洋地聚在一起，不像是领导与下属的关系，亲密得好像一家人似的。“来来来，包饺子啦！”随着妈妈的一声吆喝，大家呼啦一下拥到了餐桌边，开始包饺子。
　　包饺子是中国的传统，“饺”与“交”谐音，“子”意为“子时”，吃饺子是“更岁交子”的意思，有“喜庆团圆”与“吉祥如意”的寓意。我们通常会在饺子里包上硬币，吃到的人预示下一年会有好运气。
　　我小心翼翼地捏起一张皮，平摊在手心，又舀起一勺馅，填到面皮中。看到那些哥哥姐姐们都包得那么快，一捏就好了。我于是便心急起来，我不能让他们笑话！我使劲一捏，呀！馅露出来了。妈妈碰碰我：“不要太心急，像我这样……”她的手指上下翻飞，看得我眼花缭乱。我照着妈妈的样子，一推，一捏，一转，一挤，包好了！看来，包饺子不难，要用心去学。
　　饺子下锅喽！白色的饺子像调皮的娃娃一样在水里打滚，一会儿漂上来，一会儿沉下去。我们围着圆桌。叔叔阿姨们掐着时间；哥哥姐姐们忙着拍照；还有调皮的小妹妹踮着脚尖，不时喊道：“我闻到香味啦！”像一家人似的。
　　饺子熟喽！”随着一声吆喝，我们掀开了锅盖，热乎乎的水蒸气扑面而来，混合着饺子的清香，使人食欲大增。待到水蒸气散开时，一只只白白胖胖的饺子仿佛一个个小元宝，在向我们招手。
　　我们坐到了桌前，一个哥哥吃了一口饺子，突然停住了，我好奇地望着他。他拿筷子的手颤抖着，拿手捂住了脸，哽咽道：“这饺子，像我妈包的……”大家沉默了，时间仿佛静止了一般……
　　是啊，春节本来是和家人一起团聚的日子但他们不能回家，还要留在部队，在我们团圆的时候，他们要保卫着国家。正是因为他们牺牲了与小家在一起的机会，我们才能与自己的家人团圆。这种舍家为国的精神令我敬佩！我们这次来的目的也是让他们感受到来自不是亲人胜似亲人的战友们带来的温暖！
　　中国的习俗，使人感受到家的温暖。几千年的沉淀，中国人的智慧，家的温暖，造就了中国的习俗。中国习俗无处不在，只要你热爱中国习俗，不管你是谁，我们都是一家人！",《年味中的习俗》
240214,3.0,3.0,5.0,3.0,5.0,3.0,3.0,2.0,4.0,3.0,3.0,3.0,4.0,3.0,4.0,3.0,4.0,3.0,4.0,2.0,3.0,3.0,2.0,3.0,3.0,3.0,3.0,3.0,4.0,2.0,3.0,2.0,3.0,3.0,3.0,2.0,3.0,2.0,3.0,3.0,4.0,3.0,5.0,3.0,3.0,3.0,3.0,3.0,4.0,3.0,3.0,3.0,3.0,2.0,3.0,2.0,4.0,3.0,2.0,3.0,4.0,3.0,5.0,3.0,5.0,4.0,4.0,4.0,5.0,4.0,"话说春节
　　今天是正月二十四，爷爷在擦玻璃；奶奶在扫地；我在看电视。奶奶叫到我说：“你帮我把地擦一下吧！”好的”，我高兴得回答到。我想了一下又问道：“为什么要打扫卫生呀？”“你难道忘了吗，你小时候背的；小孩小孩你别馋，过了腊八就是年吗，那个小歌谣你忘了？”奶奶奇怪的问。我高兴的说：“我知道，小孩小孩你别馋，过了腊八儿就是年；腊八粥喝几天哩哩啦啦二十三，二十三；二十三糖瓜粘；二十四扫房日；二十五……初一初二满街走。”奶奶说：“今天是二十四你说要干什么？”“扫房子，”我大声说出。我又问奶奶。“这个小歌谣里说的我们都在做吗？”奶奶回答说：“不全是，你想想看。”二十二糖瓜儿粘，我们吃糖；二十四扫房子，我们也干；二十六买年肉这个没有了。因为以前肉非常少，要是哪家钱再多，每个月的肉也是有量的。所以说只有到过节一家才能多买几斤肉。我们现在想什么时候买肉就什么时候买所以现在就不用买年肉了。妈奶说：“没错，现在想买什么就买什么比以前好的多的多。”
　　随着时代的更变，春节也有了很大的变化，从以前只有春节才能吃到的肉现在几乎每天肉都在餐桌上出现，我们以后的生活会越来越好，科技会越来越发达，让我们的生活更加美好！",《话说春节》
130201,3.0,3.0,4.0,5.0,4.0,4.0,3.0,3.0,4.0,3.0,2.0,2.0,4.0,4.0,2.0,2.0,3.0,4.0,4.0,3.0,2.0,2.0,3.0,3.0,3.0,4.0,4.0,4.0,3.0,3.0,2.0,3.0,2.0,2.0,2.0,3.0,2.0,4.0,3.0,3.0,3.0,3.0,4.0,4.0,3.0,3.0,4.0,3.0,3.0,3.0,2.0,3.0,2.0,3.0,2.0,3.0,3.0,3.0,1.0,2.0,3.0,4.0,4.0,5.0,4.0,5.0,4.0,4.0,5.0,5.0,"我会游泳
　　我前年暑假去了A大学游泳池学游泳，我学的是蛙泳。
　　我第一次头扎进水里的时候，我一出来就呛着了，常常在家里没事就练憋，我的两手握住盆子的两边，脚站在地上头扎进水里。
　　有一天爸爸带我去上课，课上到一半的时候我的右脚划破了，爸爸带我去了医院包扎了一下，伤好了之后我把游泳学完了。学的过程中我把漂给卸了，带上了充气套在跳台上跳下来游。最后我把所有的都卸了下水游。
　　我常常去A大学游泳馆去游泳，我感觉游泳既健身又有成就，我觉得游泳非常好，这个暑假我也很充实。",《我会游泳》
130239,3.0,3.0,4.0,5.0,4.0,5.0,3.0,4.0,4.0,5.0,4.0,3.0,3.0,2.0,3.0,3.0,2.0,3.0,3.0,2.0,3.0,2.0,3.0,2.0,3.0,3.0,3.0,3.0,3.0,3.0,3.0,2.0,3.0,4.0,4.0,3.0,3.0,2.0,3.0,3.0,3.0,3.0,3.0,2.0,3.0,2.0,3.0,3.0,3.0,2.0,2.0,3.0,2.0,2.0,2.0,3.0,3.0,3.0,2.0,3.0,3.0,4.0,3.0,5.0,3.0,4.0,3.0,3.0,3.0,3.0,"我学会了煎鸡蛋
　　还记的那一天晚上我感觉我的肚子咕噜噜的在对我抗议要吃东西，于是妈妈叫我去煎一个鸡蛋。
　　开始的时候我才发现妈妈使的是电饼档。煎蛋的油，妈妈已经放好了，我把鸡蛋打进锅里，却把蛋清洒在了手上，妈妈重新给我拿了个鸡蛋，第二次却差点把蛋壳儿也打在了里面。
　　嗞啦嗞啦，总算把鸡蛋打进锅里了，我听见这声音连忙问妈妈：“油会不会溅出来吗？”妈妈说：“油不会溅出来的。”这我才放下心来煎蛋，我把鸡蛋翻了一个身，又出于好奇，我把蛋压扁了，然后又把木头锅铲压在锅上，结果差点把木头锅铲烧焦。
　　我把盐撒上，然后把鸡蛋端到餐桌上，我尝了一口，哇！太好吃啦。我一边吃一边想还是自己做的好吃呀！",《我学会了煎鸡蛋》
160239,5.0,5.0,3.0,4.0,4.0,4.0,3.0,4.0,4.0,3.0,4.0,4.0,5.0,4.0,5.0,4.0,5.0,5.0,5.0,5.0,5.0,4.0,5.0,4.0,4.0,5.0,4.0,4.0,5.0,4.0,5.0,5.0,5.0,4.0,5.0,5.0,4.0,4.0,4.0,5.0,5.0,4.0,5.0,5.0,4.0,5.0,4.0,4.0,4.0,4.0,4.0,5.0,4.0,4.0,4.0,5.0,4.0,4.0,3.0,2.0,4.0,4.0,5.0,5.0,5.0,5.0,5.0,5.0,5.0,4.0,"爱的真谛
　　爱，像冬日里的阳光，给予你温暖；爱，像在黑夜中的明灯，照亮人们前行的路；爱，像生活中的一把吉他，为你奏响欢快的音乐。爱，是我们生活中必不可少的一部分，就像我看到的那件事，使我内心温暖如春。
　　那是一个夏天，我从学校放学后走在回家的路上，太阳火辣辣的照着大地，仿佛整个世界都变成了蒸锅，要把人蒸熟似的，天气热的我只想马上回到家接受空调和风扇的“洗礼”。
　　就在我快要到家的时候，我看见路口的红绿灯明明是绿灯，可所有的车辆却都停在斑马线后面，一步也不动。“咦？这些车怎么都不动，真是奇怪。”我心里暗自想到。好奇心驱使着我一定要去看个究竟。
　　我走近仔细一看，原来是位七十多岁的老爷爷拄着一根拐杖，只见他拖着蹒跚的步子，正一步一步的往前挪着过马路，速度缓慢极了。我心里突然“咯噔”一下，这时我的心一下子被揪紧了，我皱起眉头，心想：这时有那个车主等的不耐烦了，一踩油门冲出去，万一撞到老爷爷怎么办？万一有人催促老爷爷，甚至呵斥老爷爷怎么办？我的心里就像装着十五个水桶——七上八下的，又像热锅上的蚂蚁，急的满头大汗。
　　老爷爷吃力的缓慢向前走，一步……，两步……,三步……整整三分钟过去了，就是这平时看起来微不足道的三分钟，这时候的我却觉得时间过的慢极了。在这三分钟里，没有一个人鸣笛，没有一个人抱怨，也没有人感到气愤。我相信，每一位停下车来，静候老人过马路的，每一位司机行人都是绅士，每个人都是文明有爱的模范。
　　在这件事中，我们能发现，爱的种子已经撒满我们的心田。就像但丁说的：“爱是美德的种子，又像是泰戈尔说的：“爱是理解的别名。”
　　无论你是一个怎样的人，都应该关爱身边的人。人人为爱奉献一份力量，聚集在一起时，就能奏响爱的乐章，谱写出爱的真谛。",《爱的真谛》
150410,4.0,4.0,4.0,4.0,5.0,5.0,4.0,3.0,5.0,5.0,4.0,3.0,4.0,4.0,4.0,4.0,4.0,4.0,4.0,4.0,3.0,3.0,4.0,4.0,4.0,4.0,4.0,4.0,4.0,4.0,4.0,4.0,4.0,3.0,4.0,4.0,3.0,3.0,4.0,3.0,4.0,4.0,4.0,4.0,4.0,3.0,4.0,4.0,4.0,4.0,3.0,3.0,3.0,4.0,3.0,3.0,4.0,4.0,2.0,4.0,4.0,4.0,4.0,5.0,4.0,5.0,4.0,4.0,4.0,3.0,"让我感动的一件事
　　上个寒假，我和爸爸，妈妈一起去了苏梅岛，可中途误了机，有一位小伙子来到了我们身边，做了许多让我感动的事。
　　在去苏梅岛的途中，我们得在香港转一次机，但是由于在首都机场的迟延，所以我们到香港时，我们要转的航班已经飞走了，我们既对这儿不熟悉，又不会讲粤语，所以非常着急。正当我们一家三口带着大包小包的行李四处打听转机手续台的时候，一个小伙子走了过来，“请问你们有什么需要帮忙的吗？”他说，“我们要找一个转机手续台，改一个航班。”爸爸说。“嗯……转机手续台在2层，您们一下提那么多行李，可能有些不方便，所以不如我先去看看，你们在这儿等会，我马上就来。”突出其来的善意我们不知所措，将信将疑地等了起来。七八分钟后，他来了，手里还拿着几张餐票，说：“还有三四个小时下一班才飞，不如，您们先去吃饭，2点的时候我在这等您。我们吃完了饭，已经2点多了，我们匆匆下了楼，发现他还在那等，我想“他真是一个守时，守信的人。”在我们等飞机的过程中，他一直陪我们说话，帮我们拿行李，说着说着，他一个同事看见他了，说：“哎，小梁，你不早就下班了吗？”他说：“下班了没错，但有一位旅客需要帮忙，我把他们送上飞机再下班也可以呀。”此时我们才知道他是工作人员，都工作了十几个小时，已经下班了。我们都非常感动，然后说：“你真敬业，谢谢你……”他说：“没什么，能给您们解决一些困难我非常高兴。”
　　他一直把我们送上飞机，我爸爸说：“这样敬业的年轻人真难得呀！”在一个陌生的城市，被一个陌生人帮助，是一件让人感动的事。",《让我感动的一件事》
240122,3.0,2.0,5.0,3.0,4.0,2.0,5.0,2.0,4.0,2.0,3.0,2.0,3.0,2.0,3.0,2.0,3.0,2.0,3.0,2.0,2.0,2.0,3.0,2.0,3.0,2.0,3.0,2.0,2.0,3.0,2.0,2.0,2.0,3.0,4.0,2.0,3.0,2.0,4.0,2.0,3.0,2.0,4.0,3.0,3.0,2.0,2.0,2.0,3.0,2.0,2.0,2.0,3.0,2.0,2.0,2.0,2.0,2.0,2.0,3.0,3.0,2.0,4.0,3.0,3.0,3.0,4.0,3.0,4.0,2.0,"老师进班了
　　我来上学校，
　　老师进班了，
　　我们上课了，
　　拿出数学书，
　　老师讲课了，
　　我们听课了，
　　我们学习了。",《班主任进班了》
160536,5.0,4.0,4.0,4.0,5.0,5.0,5.0,4.0,5.0,4.0,4.0,4.0,5.0,5.0,4.0,5.0,5.0,4.0,5.0,5.0,5.0,4.0,5.0,4.0,5.0,4.0,5.0,5.0,5.0,5.0,4.0,5.0,4.0,5.0,3.0,4.0,3.0,4.0,5.0,5.0,5.0,4.0,4.0,4.0,4.0,5.0,5.0,4.0,5.0,5.0,4.0,4.0,3.0,4.0,4.0,4.0,4.0,5.0,4.0,5.0,5.0,4.0,5.0,5.0,5.0,4.0,5.0,5.0,5.0,5.0,"除夕之夜——放鞭炮
　　“光阴似箭，日月如梭。”时间总在不经意间匆匆而过，转眼间，新一年的钟声即将敲响。今天，是农历一年的最后一天——除夕夜。除夕夜有许多习俗：“看春晚、守岁、发红包……但是我最喜欢的还要数放鞭炮了。
　　到了八点钟，全家人围坐在一起，包着饺子，看着春晚，当然也少不了热闹的欢声笑语——春晚上有变魔术的、演小品的、说相声的，逗得我们全家哈哈大笑，不亦乐乎。时光飞逝转眼间，午夜12点即将来临，这是一年当中最重要，也最激动人心之时。不论是走在大街上的环卫工人，还是坚守在自己岗位上的解放军战士，在这万众瞩目的一刻，大家都在静静地等待着2019年的来临：“5!4!3!2!1!新年快乐！”虽然只有短短几秒钟，但我的内心充满了快乐，这时，“噼里啪拉”，一阵鞭炮声传入耳中，烟花、爆竹的声音此起彼伏，我连忙跑到窗前，看着一道一道光升上天空，“呯”的一声，光在空中散开了，化为一颗颗小而闪亮的光点。时而琳琅满目、争芳斗艳，时而又百花齐放、各不相同，如同将一束束鲜花抛向天空“绽放最美的自己！”这也寓意着人们在新的一年里尽情绽放——大人们事业进步，孩子们学业有成。过了一会儿，天空中出现了响天雷，只听见“呯！”“啪！”“呯！”“啪！”的声音，像是在驱赶过去2018年所有的难过、生气、委屈，喜迎2019年的快乐、健康、乐观。就在这时，一盘盘香喷喷的饺子摆上桌来，我急忙跑到桌子旁边，拿起筷子，夹起元宝般白白胖胖的小饺子，嘴上香，心里满是幸福。
　　除夕之夜是团圆的喜悦；是美食的享受；是烟花的壮景；是冬日的温暖，美好的除夕夜随着辞旧迎新的钟声徐徐拉下了惟幕，但这个童充满欢声笑语、绚丽多彩的夜晚与除夕放鞭炮的习俗会深深地印在我的脑海里！",《除夕之夜——放鞭炮》
130140,3.0,3.0,4.0,4.0,3.0,3.0,3.0,3.0,4.0,3.0,3.0,3.0,3.0,3.0,2.0,3.0,2.0,2.0,3.0,4.0,3.0,3.0,3.0,3.0,3.0,3.0,2.0,2.0,2.0,3.0,2.0,3.0,3.0,3.0,2.0,2.0,2.0,2.0,2.0,2.0,3.0,3.0,3.0,3.0,2.0,2.0,2.0,2.0,3.0,3.0,2.0,3.0,2.0,3.0,2.0,2.0,3.0,3.0,3.0,3.0,3.0,4.0,3.0,3.0,3.0,4.0,3.0,4.0,2.0,4.0,"可爱的小兔子
　　昨天，我去了我姐姐家。
　　我姐姐住在门头村。我姐姐家有一只小兔子，我姐姐家的小兔子长了一对又长又机灵的小耳朵和像小火球一样的眼睛，它穿着黑色的棉衣。
　　它很可爱，也非常淘气，喜欢在大餐桌底上跳去。
　　有一次，我姐姐为了解闷就把小兔子抱了出来，然后我就问：“姐姐小兔子是公的呢？还是母的呢？”我姐姐说：“我也不知道，它好像是母的呢！”我说：噢！那小兔子几岁了？”我姐姐说，”我也不知道，我好像已经把它养了四年了！”我说：“噢”！突然，小兔子跳到我二勇爷那里去了！我二勇爷说：“看一看兔子拉屎了吧！”我姐姐一看！果然一个小黑球。我姐姐赶紧拿纸把小黑球捏走了。
　　我们这次得到了教训了！
2016年
3月16日
张敏 书",《可爱的小兔子》
130114,4.0,4.0,4.0,4.0,4.0,4.0,5.0,5.0,4.0,4.0,5.0,4.0,4.0,4.0,5.0,5.0,5.0,5.0,4.0,4.0,4.0,4.0,3.0,4.0,4.0,4.0,4.0,4.0,4.0,4.0,3.0,3.0,3.0,4.0,3.0,5.0,3.0,5.0,4.0,4.0,4.0,3.0,5.0,4.0,4.0,4.0,5.0,3.0,4.0,3.0,3.0,4.0,3.0,3.0,3.0,3.0,3.0,3.0,3.0,3.0,4.0,4.0,5.0,4.0,5.0,4.0,4.0,4.0,5.0,3.0,"大家一起筑“新家”
　　我家来了一些“新朋友”，它们头戴探测仪；身穿黑大衣；脚踏黑皮鞋，走路的时候探测仪不停的在工作，探测着路线，防范着风险，你知道它是谁吗？对，就是小蚂蚁，可是这不是一个普通的蚂蚁，他有一个学名叫弓背蚁。一般昆虫都有6只脚一对触角，一对翅膀。可是小蚂蚁只有6条腿和一对触角，没有翅膀，是特殊的昆虫吧。
　　它们住在蚂蚁“宫殿”中，宫殿是一个有机玻璃的小盒子，里面装着粉色的水晶泥，那既是蚂蚁的建筑材料，也是它们的食品。记得它们刚到我家的时候，只是在“宫殿”中跑来跑去。我猜它们是在探测地形，一边熟悉环境，一边为建新家做准备。过了两天我放学回家一看，它们还是没有挖洞，我有些生气，可是当我写完作业的时候一看，洞已经挖了一厘米了，我高兴的一蹦三尺高。我仔细的看了又看它们一只蚂蚁挖晶泥，几只蚂蚁运晶泥；几只蚂蚁在指挥；还有的蚂蚁在玩。
　　小蚂蚁好可爱呀！它们团结合作一起建造自己的家，就好像我们全班获得优秀班级体的团结合作的精神。",《大家一起筑“新家”》
160207,4.0,4.0,4.0,5.0,4.0,4.0,3.0,3.0,4.0,4.0,3.0,3.0,4.0,4.0,3.0,3.0,3.0,3.0,3.0,3.0,3.0,3.0,3.0,3.0,4.0,4.0,4.0,4.0,3.0,3.0,3.0,3.0,3.0,3.0,3.0,3.0,2.0,2.0,3.0,3.0,4.0,4.0,3.0,3.0,3.0,3.0,4.0,4.0,4.0,4.0,3.0,3.0,3.0,3.0,2.0,2.0,3.0,3.0,2.0,2.0,3.0,3.0,4.0,5.0,4.0,5.0,4.0,4.0,3.0,3.0,"雨后的温暖
　　每个人都被关爱过，那被关爱的感觉是怎样的呢？是幸福的。我也被关爱过，其中一件我至今记忆犹新、难以忘怀。它让我充分的感受到“得到他人关爱是一种幸福，关爱他人更是一种幸福。”
　　在一个阳光明媚的下午，我背着书包走出教学楼，可我刚迈出去，外面就突然下起雨来，这天气真是孙猴子的脸，说变就变。
　　我没带伞，不得不在教学楼里盼着雨停，我等了好一会儿，可雨不但没停，而且还越来越大。我看着周围的同学一个一个被接走，外面雨仍是大雨如注，我不由在大厅里来回踱步，左顾右盼，急得像只热锅上的蚂蚁。就在这时，一个长头发，和我差不多高的同学拍了拍我的肩膀，笑眯眯的问：“同学，你是没带伞吗？”
　　我说：“是呀。”
　　她又说：“我的伞大，要不咱们一块走到校门口吧！”我点了点头。虽然从楼门口到校门口连50米都不到，但我能感觉到她的伞一直向我这边倾斜，仿佛生怕我淋了雨一样。这段路不仅是从楼门口到校门口的路，更是一条充满友谊的温暖的路。这时，妈妈已经在校门口招呼我了，我和她道了谢就回家了，我看着她的背影，心里很是感动。那时，雨水是凉的，我心里却暖洋洋的。
　　我在回家的路上想到，人和人之间应当相互关爱。如果人类相互争执，世界就会再一次失去和平，人类相互关爱，过的就是幸福的生活。这让我想到了韦唯演唱的《爱的奉献》中的一句词：“啊！只要人人都献出一点爱，世界将变成美好的人间！”",《雨后的温暖》
140103,4.0,4.0,4.0,5.0,4.0,4.0,4.0,4.0,4.0,3.0,3.0,4.0,3.0,4.0,3.0,3.0,3.0,3.0,3.0,3.0,3.0,4.0,3.0,3.0,3.0,4.0,3.0,4.0,3.0,4.0,4.0,4.0,3.0,5.0,3.0,5.0,2.0,4.0,4.0,4.0,3.0,4.0,4.0,4.0,3.0,5.0,4.0,3.0,4.0,4.0,3.0,4.0,2.0,3.0,2.0,4.0,3.0,3.0,2.0,2.0,3.0,3.0,4.0,5.0,5.0,5.0,5.0,4.0,4.0,3.0,"天涯海角
　　天涯海角你们听说过吧。可你去过吗？没有？那让我给你讲讲吧。
　　天涯海角是一个风景优美的地方。那里有各种各式各样的热带植物。有椰子树，有榕树，还有鸡蛋花。
　　刚走进去，我们就看见了一棵大大大……（此处省去N个“大”）榕树。大得连六七个人也抱不过来呢。我们在树荫下又拍照，又爬树。玩得不亦乐乎。
　　接着，我们又看见了一树鸡蛋花。鸡蛋花为什么叫鸡蛋花呢？因为，它的花瓣是白色的，就像鸡蛋的蛋白。它的花心是黄色的，就像鸡蛋的蛋黄。所以才叫鸡蛋花。
　　再往里走，我们又看见了一棵棵椰子树。有棵椰子树的树干很像酒瓶。所以它叫酒瓶椰。还有一棵树的叶子很像狐狸尾巴。所以它叫狐尾椰。哈哈，这两个名字取的好形象呀。我又看见了一棵……STOP！你以为天涯海角都是植物吗？这儿可不是天涯海角的植物大战僵尸，看完植物该去看别的了。走吧。
　　我们走着走着，看见了一眼清泉。我们纷纷像下锅的饺子一样跳下去踩水、玩水、泼水。我们觉得自己像在水的天堂里尽情嬉戏。不过在别人眼里，就是水里瞎扑腾罢了。等上来的时候我们就像一只只落汤鸡。
　　天涯海角石是这个景区最有名的地方了。天涯海角石分为天涯石和海角石。说白了，就是两块大石头分别写着“天涯”“海角”这几个字。
　　如果，你已经去过天涯海角的话，不知你有没有发现：那里的地面上，有许多含羞草呢。",《天涯海角》
160716,5.0,4.0,4.0,4.0,4.0,4.0,5.0,3.0,4.0,4.0,5.0,4.0,5.0,4.0,5.0,5.0,5.0,5.0,4.0,4.0,4.0,5.0,4.0,5.0,4.0,5.0,4.0,5.0,5.0,4.0,5.0,5.0,4.0,5.0,4.0,4.0,4.0,4.0,3.0,5.0,4.0,5.0,5.0,5.0,3.0,4.0,3.0,4.0,4.0,5.0,3.0,4.0,4.0,5.0,3.0,5.0,4.0,5.0,3.0,5.0,5.0,4.0,5.0,5.0,5.0,5.0,5.0,5.0,5.0,4.0,"读《重返狼群》有感
　　李微漪写的《重返狼群》是我最喜欢的一部描写人和动物深厚情意的书，曾经在草原与狼共舞长达八个多月，根据当时的日记和珍贵的影像资料，整理成四十万字的《重返狼群》。
　　这本书讲叙了若尔盖草原一只幸存的狼崽被出生在成都是李微漪救活，她把小狼带回成都喂养，并为它起名“格林”，两个月后，格林狼性开始呈现，它在城市里既孤独又面临人类的威胁，李微漪决定带他回到草原，让他重返狼群。住在老林的藏獒时，李微漪开始教格林狩猎，捕食，并走到了扎西、南山阿爸的牧场，走到了狼山，狼洞，狼渡滩，住在她和朋友亦风搭建的庇护所里，格林找到的食物和李微漪，亦风一起吃，格林夜夜呼唤狼群，两次扑到李微漪怀中，最终重返狼群的故事，体现了人和动物的爱与付出。
　　李微漪对格林深深的爱感动了我，当格林不能继续在城市里生活下去时，李微漪不怕草原上的天气恶劣，食物缺乏，没有住所，凭着坚定的信念带着格林重返狼群。在自己随时可能生重病，饿死、冻死、被当做食物的情况下依然教格林捕猎，生存，在白皑皑的雪地里迈着艰难的脚步翻山越岭寻找狼群的痕迹。她对格林舍身忘我的精神令人潸然泪下。
　　格林对李微漪也关怀备至，在李微漪生病时，格林冒着大雨一直守在窗口，寸步不离，它听见李微漪的咳嗽声就痛苦地长啸起来，自己的肚子没埋饱，却把仅有的救命粮给了李微漪，凶残狠毒的狼也能对李微漪不离不弃，给了我极大的震撼。
　　每每看到这里，都让我想起了妈妈给我讲的一个故事，邻居阿姨用废旧的大箱子和垫子搭了一个猫的窝，用塑料布挡在最上面给它们挡风挡雨。她还给它们准备了水和食物，每天清理，看见哪只猫受伤了就给它们上药，并为每只猫取了名字，李微漪和阿姨对动物的爱和付出不带一丝杂质与污染，它像露珠一样细腻透明，像草一样搏大，这便是“不是亲情，胜似亲情”的情意吧。我愿变成一双翅膀，把人对动物的爱与付出传到更远的地方。",读《重返狼群》有感
130217,4.0,3.0,5.0,4.0,4.0,3.0,3.0,3.0,4.0,3.0,3.0,3.0,3.0,4.0,4.0,3.0,4.0,3.0,4.0,3.0,3.0,3.0,4.0,3.0,4.0,3.0,4.0,4.0,4.0,3.0,3.0,3.0,4.0,3.0,3.0,4.0,4.0,3.0,4.0,4.0,5.0,3.0,4.0,4.0,4.0,3.0,4.0,3.0,4.0,4.0,3.0,3.0,3.0,3.0,4.0,3.0,4.0,4.0,3.0,3.0,4.0,4.0,5.0,4.0,5.0,4.0,4.0,4.0,5.0,3.0,"我学会了轮滑
　　三岁的时候我开始学轮滑，我以为轮滑是在轮子上滑,又一想人怎么能在轮子上滑呢？后来我才知道轮滑是穿上一个带轮子的鞋滑行。
　　我还记得我刚刚学轮滑的样子，首先老师给我们做了个示范，我看着老师像小鸟一样轻快，飞着飞着就停了下来。我羡慕极了！老师让我们先保持平衡再住前滑，我先是扶着墙站了起来，我刚松开手我就摔了一个仰面朝天，我又站了起来然后和刚才的结果一样，经过了无数次的摔倒和我不懈的努力我终于能滑了起来。我的朋友阿龙平衡不好，刚起来就摔倒我就一步一步的告诉他方法，他也慢慢地站了起来，慢慢地滑了起来，下课时阿龙谢过我，我们就回家了。
　　我觉得只要努力什么都能学会！",《我学会了轮滑》
160529,4.0,4.0,5.0,5.0,5.0,5.0,3.0,3.0,4.0,4.0,4.0,4.0,5.0,5.0,5.0,5.0,5.0,5.0,5.0,5.0,5.0,5.0,5.0,5.0,5.0,5.0,5.0,5.0,5.0,5.0,3.0,3.0,5.0,5.0,3.0,3.0,3.0,3.0,3.0,3.0,5.0,5.0,5.0,5.0,4.0,4.0,3.0,3.0,4.0,4.0,3.0,3.0,4.0,4.0,3.0,3.0,4.0,4.0,2.0,2.0,5.0,5.0,5.0,5.0,5.0,5.0,5.0,5.0,4.0,3.0,"民风民俗
　　在我们国家有许许多的传统节日，比如：春节、中秋节、重阳节……每个节日都有传统的风俗习惯，下面我就来给大家介绍一下我是怎样过春节的。
　　除夕当晚，吃过年夜饭以后，全家都其乐融融的看着春节晚会，我就像热锅上的蚂蚁，急得团团转，时而看电视，时而“侦察”外面的气氛，时而又看看手机有没有人发红包。时而又紧紧盯的墙上的挂钟，生怕午夜“12”点悄然过去，心声随着钟声“滴答，滴答。”时间一分一秒的过去，终于盼到了响起新年的钟声。我一口气冲下了楼哇！我看见天空中开始到处燃放起了烟花，黑色的夜幕犹如晴朗的白天。天空中的烟花就像各色的星星一样，五彩缤纷的烟花在夜色中像一朵朵鲜花争先恐后的竞争绽放着，有的像流星闪耀着耀眼的色彩，有的像“仙女”散花笼罩了整个夜空，可美了！
　　回到家，姥姥说：“咱们开始包饺子啦。”妈妈和姥姥准备好了饺子馅，面团，面粉、擀面杖……姥姥说：“今天让笑笑也来包饺子吧，”我非常兴奋，心想：“终于可以让我也包一次饺子了。”姥姥说：“我先给你做个示范，先拿一张饺子皮，把饺子馅放到皮的中间，再在饺子皮边缘抹上水再一捏拢一个饺子就包好了，”我看了又看心想也不是很难吗？我慢慢地按照姥姥的步骤一步一步，小心翼翼的包，等包完一看这哪像个饺子，简直就是一个胖肚子将军。我羞愧极了，恨不得找个地缝钻进去，姥姥过来对我说：“你的馅不能放多了！”我只能尴尬的说：“哦！”我心想那第二个就少放点馅，可谁知道这次包的扁扁的，像一个瘦猴儿。唉！连包几个都一样，姥姥看我有点不高兴说：“那你来尝试尝试包钱饺子，妈妈把洗好的硬币拿了过来，姥姥跟我说：“这次馅少一点，因为里面有钱！”我说：“好”，这一次我一定可以包的很好看，果然这一次比前几次包的都好看！我心里特别的自豪。包完饺子，妈妈把她们都煮熟了，端到桌子上，我吃着自己包的饺子，别提有多高兴了。
　　这就是我家过年的风俗，不知道你们是怎样过的春节，相信一定也有自己独特的风俗习惯吧！",《民风民俗》
160801,4.0,4.0,4.0,5.0,4.0,4.0,4.0,4.0,4.0,4.0,3.0,3.0,3.0,3.0,3.0,3.0,4.0,3.0,3.0,3.0,3.0,3.0,3.0,4.0,3.0,3.0,3.0,4.0,4.0,4.0,3.0,4.0,3.0,3.0,4.0,3.0,2.0,3.0,3.0,3.0,4.0,4.0,3.0,3.0,3.0,4.0,3.0,3.0,3.0,4.0,3.0,3.0,2.0,3.0,3.0,3.0,3.0,3.0,2.0,2.0,3.0,3.0,4.0,5.0,4.0,5.0,3.0,4.0,3.0,3.0,"毕业感言
　　光阴似箭，日月如梭。一转眼就在二小渡过了这六年的时光，在这六年的时光里，我和同学们之间有过很多的事情，有过挫折、有过伤心，有过争吵，可到了最后所有的事情都化为美好的回忆，在我的记忆长河中流淌荡漾。想到老师同学，都要与我离去，我就非常不舍。我要写下的事，是我人生学习的一个转折点，如果我没有经历过那件事，就没有现在的我。
　　有一天，我在写数学作业，因为为了让我在周六，周日有一个快乐的假期，所以我打算在学校就把作业做完，突然我发现在数练的一题我竟然不会做，这可把我急坏了，因为我在学校里还从来没问过，问过别人题呢!我总觉得问别人题是一件让别人践踏自己的自尊心的事情，我想如果这题不问别人我的计划又完不成。我左思右想，就想出了一个主意，“我不请教别人，也可以偷看啊！”我从来就是想一出做一出的人，所以我没有多想，就开干了。首先，我看向了王芳的座位，因为王芳是我们班的学霸，很不幸的是王芳正坐在她的座位上呢，我再看向了李梅的座位，因为李梅的成绩仅次于王芳之下，幸好上面没人，我就平淡地走到了李梅的座位边上，就当我要看到答案的时候李梅突然就坐在了自己的座位上，我一看大事不好，马上就走了，当到了安全的方的时候我就心想好险啊！就差一点我就被别人发现了，这风险也太大了点儿吧，只好问别人了！于是我就去问王芳了。令我意外的是王芳居然没有出言嘲讽我，或说一下我，她只是把题详细地给我教会了，还鼓励我以后遇到了难题就多问问别人。我非常感动，又感叹刚才的自己实在令人哭笑不得。
　　到了现在我还没有忘记那天王芳告诉我的话，这让我在学习的道路上，踢走了一块大绊脚石，让我在学习的道上越走越远，我在这六年里不光是王芳，好多同学，老师，都为我踢走了一块又一块的绊脚石。谢谢你们！",《毕业感言》
150523,4.0,3.0,5.0,4.0,5.0,3.0,4.0,3.0,5.0,3.0,2.0,3.0,3.0,3.0,3.0,3.0,4.0,2.0,2.0,2.0,4.0,3.0,4.0,3.0,5.0,2.0,4.0,2.0,2.0,3.0,2.0,3.0,2.0,3.0,4.0,3.0,4.0,2.0,5.0,3.0,5.0,3.0,4.0,3.0,5.0,3.0,5.0,3.0,4.0,3.0,5.0,2.0,5.0,2.0,5.0,2.0,5.0,3.0,2.0,2.0,4.0,3.0,5.0,2.0,5.0,3.0,2.0,3.0,2.0,3.0,"我的姥爷
　　我的姥爷长得很好看，他有一副慈祥的面孔，总是笑嘻嘻地，让人看起来很温暖。一头白花花的头发，就像一团团棉花聚在一起，虽然有些蓬乱，但是这显得他更加慈祥。宽宽的脑门，就像抹了油一样油亮。高高的鼻梁，红润润的脸颊，他一笑起来，脸上就会有很多波纹，像梯田一样排列着。里面有很多折纹，还有皱纹，还有螺旋纹，就像往池塘里扔了一块小石子那个样子。他还有一个较尖的下巴。他头顶上经常戴一顶绿鱼的帽子，鼻梁上架着一副黑边的跟镜。怕掉了，就用一根黑色的尼龙绳系在头后面。脖子上经常挂着一个大大的照相机。他的右手被硌的凸凹不平，像一座座山川。他经常背一个登山包，一件运动衫，一条运动裤，一双运动鞋。这就是我慈祥、爱笑、温暖的姥爷。",《我的姥爷》
160427,5.0,3.0,5.0,3.0,5.0,3.0,4.0,3.0,5.0,3.0,3.0,3.0,5.0,3.0,5.0,3.0,5.0,3.0,5.0,4.0,3.0,4.0,3.0,4.0,4.0,4.0,5.0,4.0,5.0,3.0,3.0,3.0,5.0,3.0,4.0,3.0,3.0,2.0,4.0,3.0,3.0,3.0,5.0,4.0,5.0,3.0,4.0,3.0,5.0,3.0,3.0,3.0,3.0,2.0,4.0,2.0,3.0,3.0,2.0,2.0,3.0,3.0,5.0,4.0,5.0,3.0,3.0,3.0,3.0,3.0,"我与舞蹈
　　生活中处处有艺术，它离我们并不遥远，艺术就在我们的身边，而我走的艺术之路就是有着活力的舞蹈。
　　其实，我的家长对舞蹈并不是多么感兴趣我也不是很有天赋。但是当我去看舞剧的时候，那些芭蕾舞演员美丽的身姿，还是让我对舞蹈有了好感。
　　开始，我只是在学校里排舞，总是在边边角角那排练。有时候还不会轮到我。那些大姐姐也总是觉得我跳得太不好了，我因此而感到生气。后来，慢慢的，我从边边角角的位置一直往前走，四排，三排，二排，一排直到我成为主角，站在一排最中间那个。老师也开始拿我做为榜样。再后来，我也会了许多像台上那些人做的动作。
　　有一次，因为我过度疲倦，所以总是哭着对妈妈喊“不想上课”。可是妈妈却让我坚持下来，这样才能取得舞蹈上的成功。我就只好忍着痛苦，去上课。过了几周后，我现我开始喜欢上舞蹈了。也同时把一棵放弃的“苗”给杀掉了。
　　我们在学舞蹈的过程中，会遇到很多次的挫折，也会试图想去放弃，但是我只有打好坚实的地基，才能成功。我认为艺术并不只属于我们，它更属于大家，我们只有把自己的特长展现给别人，那才叫艺术。",《我与舞蹈》
240127,3.0,3.0,4.0,4.0,4.0,4.0,4.0,4.0,4.0,4.0,2.0,2.0,3.0,3.0,3.0,3.0,3.0,3.0,4.0,4.0,4.0,4.0,4.0,4.0,4.0,4.0,5.0,5.0,5.0,5.0,4.0,4.0,5.0,5.0,4.0,4.0,3.0,3.0,3.0,3.0,3.0,3.0,4.0,4.0,3.0,3.0,2.0,2.0,4.0,4.0,2.0,2.0,2.0,2.0,2.0,2.0,3.0,3.0,2.0,2.0,4.0,4.0,5.0,5.0,4.0,4.0,4.0,4.0,3.0,3.0,"老师进班了
　　老师进班了！大家都停住了嘴，安静了下来，但是有人还是吵吵嚷嚷的，所以只好被老师警告了一次。真是一个不听话的班呀！做眼操、听广播、写考试卷都是老师进班，出班，进班，出班，一点意思也没有。
　　有一天写考试卷的时候，老师走了，好多人都头探出桌子的范围，左看看，右看看也不知道老师在后门！突然有人叫到“老师来了！”全班人都把眼神回了自己的卷子上。老师进班了，一看这么好，总会说一句“非常好”，但其实心里总会带着一点不高兴（我觉得）大家都欣喜若狂的笑了起来。
　　真是呀！每次老师进班都是这，我都烦了！",《班主任进班了》
250111,3.0,3.0,4.0,5.0,4.0,4.0,3.0,3.0,4.0,4.0,3.0,3.0,3.0,3.0,3.0,4.0,3.0,3.0,2.0,2.0,2.0,2.0,3.0,3.0,2.0,2.0,2.0,4.0,3.0,3.0,3.0,4.0,2.0,2.0,3.0,3.0,2.0,2.0,3.0,4.0,3.0,3.0,4.0,4.0,3.0,3.0,3.0,3.0,3.0,4.0,2.0,3.0,3.0,3.0,3.0,3.0,3.0,3.0,2.0,2.0,3.0,3.0,2.0,5.0,3.0,5.0,3.0,4.0,2.0,3.0,"一个难忘的参观
　　一个北风呼呼的周六上午，爸爸带我去了A大学的艺术博物馆，博物馆门口正在展出的是由布德尔的一系列作品创作的。墙上有一个巨型的海报上写着回归·重塑布德尔与他的雕塑艺术。
　　走进博物馆就可以看展出一共有七个单元。
　　使我难忘的有《弓箭手赫拉克勒斯》和《战神阿波罗头像》。《弓箭手赫拉克勒斯》说起他拉双脚有力的支撑着两块巨石，全身隆如山峦般的肌肉。那如满月般弯起的弓箭，勾起的脚趾，粗壮有力的巨臂，以及连那高矗的颧骨和张大的双眼，无一不在讴歌这位英雄的力量之美。心想：他的肌肉绷的好带啊，《战神阿波罗头像》阿波罗眉头紧锁，焦虑，散发着罗丹式的忧郁紧张，但却有另一种贴近生活的悲怆之美，或者说，他更像一个现实生活中普通人的立体翻译。
　　我和爸爸出了大门之后看见《孺子牛石雕》中的寓意：要做人民大众之牛，“孺子牛”三字，摘自毛泽东主席手写鲁迅诗。",《一个难忘的参观》
141330,4.0,3.0,5.0,3.0,5.0,3.0,3.0,3.0,5.0,3.0,3.0,3.0,3.0,3.0,2.0,3.0,2.0,3.0,4.0,3.0,3.0,3.0,3.0,3.0,4.0,3.0,5.0,3.0,5.0,3.0,3.0,3.0,3.0,3.0,4.0,3.0,2.0,2.0,3.0,3.0,5.0,3.0,5.0,3.0,3.0,3.0,3.0,3.0,5.0,3.0,2.0,3.0,3.0,2.0,3.0,2.0,5.0,3.0,2.0,2.0,5.0,3.0,5.0,3.0,5.0,3.0,5.0,3.0,4.0,3.0,"观后感
　　一节语文课上老师让我们看了一个小视频。一只又粗又长的蜡烛反复吹灭一只又小又短的蜡烛，那只大蜡烛还不断的讥笑它，后来小蜡烛不小心打了个喷嚏把大蜡烛的火给吹灭了！结果大蜡烛找小蜡烛要火，小蜡烛犹豫了一会儿，最后还是帮它把火点燃了。
　　看了这个视频我觉得我们要学习小蜡烛的宽容，学会去原谅他人，不要以其人之道，还治其人之身。就像大蜡烛反复吹灭了小蜡烛，但当大蜡烛最需要小蜡烛帮助时，小蜡烛不计前嫌，帮助了大蜡烛重新恢复了光明。
　　所以不管别人对你做了什么你都不要有意的去伤害别人。要让自己的心胸变得更加宽广善待别人，这样人与人之间更加和谐，生活也会变得更加美好。",《观后感》
150107,3.0,3.0,3.0,5.0,3.0,5.0,2.0,2.0,2.0,2.0,3.0,3.0,3.0,3.0,3.0,3.0,4.0,4.0,3.0,4.0,3.0,3.0,3.0,3.0,3.0,4.0,3.0,3.0,3.0,3.0,3.0,4.0,3.0,3.0,2.0,3.0,2.0,4.0,3.0,3.0,2.0,2.0,4.0,4.0,3.0,3.0,3.0,3.0,3.0,3.0,2.0,3.0,3.0,4.0,3.0,3.0,3.0,3.0,2.0,2.0,3.0,3.0,3.0,5.0,4.0,4.0,4.0,4.0,3.0,3.0,"好书推荐
　　今天，我要向大家推荐一本好书，它的名字叫作《小王子》。它的主角是一位来自异星球的小王子和一位飞行员。
　　故事主要讲的是一位飞行员非常喜欢画画，但别人都不懂他，所以他做了飞行员。有一次他的飞机坠进了环境恶劣的撒哈拉大沙漠。第二天，他遇见了一位男孩，男孩想请飞行员画一只羊，但此时飞行员的脑子里画满了问号。通过一天的了解，飞行员了解到：“这个男孩名叫小王子，来自一个与他自己大不了多少的星球上，那里有只有膝盖那么高的小火山，被小王子当成椅子，有会导致星球灭亡的面包树，小王子必须在它长大之前砍掉，还有一朵美丽又有些羞涩的玫瑰花，小王子是因为和它吵架才来到地球的。但听完飞行员的疏导，小王子原谅了玫瑰花，并且要回去了。飞行员也要准备离开沙漠了。
　　虽然他们现在分开了，但他们以后一定会有缘再见的。我之所以推荐这本书是因为它的语言优美，又不缺失读者们的兴趣。我仿佛跟随作者一起经历了很多有趣的事。读完后好像我就是那位飞行员，刚刚遇到了小王子……，这些就像我亲身经历般浮现在我的记忆里。看完后我还想再看一遍，这就是好书的魅力——让你看完后还想再看一遍！",《好书推荐》
150112,4.0,4.0,5.0,4.0,5.0,4.0,4.0,3.0,5.0,4.0,5.0,4.0,5.0,4.0,5.0,3.0,5.0,3.0,4.0,4.0,4.0,3.0,4.0,3.0,5.0,3.0,4.0,4.0,5.0,3.0,5.0,4.0,4.0,4.0,4.0,4.0,5.0,4.0,3.0,3.0,4.0,3.0,5.0,4.0,4.0,3.0,3.0,3.0,3.0,3.0,2.0,3.0,3.0,4.0,3.0,3.0,3.0,3.0,3.0,4.0,4.0,3.0,4.0,4.0,5.0,4.0,3.0,2.0,5.0,4.0,"读《城南旧事》有感
　　这个寒假我被《城南旧事》的故事深深吸引了，所以就一口气读完了它。其中惠安馆让我印象最为深刻，既使是疯子在林海音笔下也活灵活现，令人叹为观止。
　　故事中的疯子名叫“秀贞”，是一个不断寻找自己丢失的孩子的母亲。起初我还担心秀贞会伤害自己幼时的玩伴英子，但她并没有。一波三折过后秀贞找到了女儿妞儿时，我和英子一样，万分欣慰。但结局却是秀贞母女俩在一次意外的车祸中去世了。
　　虽然我希望她们开心的活着，也希望结局是美满的。但这便是一部好书的特点吧。有着猜不中的结尾和引人深思的情节。毕竟生活不可能一直平淡下去，只有现实才是一本好书，虽然我很早就知道母爱的力量，但我依然惊叹于秀贞伟大的母爱，同时又为母女重逢而感到窃喜。其实她们无论是生是死，在死前的一刻是幸福的，这便足够了。生命中最令人珍惜的部分不是活着，而是一家人能够在一起。家人在那里，家乡便是哪。",读《城南旧事》有感
140601,4.0,4.0,4.0,5.0,4.0,4.0,4.0,4.0,4.0,4.0,3.0,3.0,4.0,4.0,3.0,3.0,4.0,3.0,4.0,4.0,3.0,3.0,4.0,4.0,4.0,4.0,4.0,4.0,4.0,4.0,4.0,3.0,4.0,4.0,4.0,4.0,3.0,3.0,3.0,4.0,3.0,3.0,4.0,3.0,3.0,3.0,3.0,3.0,3.0,4.0,3.0,4.0,2.0,2.0,3.0,3.0,3.0,3.0,2.0,2.0,3.0,4.0,4.0,5.0,4.0,4.0,4.0,4.0,3.0,3.0,"急躁陈
　　有一些人性子慢，有些人性子急躁，我爸爸就是急躁的人。
　　急躁陈身材不胖也不瘦，身高1.75米。急躁陈急躁的性子在带我学习的时候表现得淋漓尽致。当我妈妈出差的时候带我学习的任务就落到急躁陈身上。当我遇到不会的题的时候，他会非常急躁地直接告诉我答案，他不会经我细致地讲解为什么。在生字学习上他也从来不会给听写，也不督促我读课文，他总是不停地催促我写完作业。
　　急躁陈急躁的性格还表现在购物上，记得有一次跟他去超市买拖鞋，超市里的种类非常多，我打算好好挑选一番,选择一双自己喜欢的，这时急躁陈过来，拿了一双拖鞋就让我试穿，一看合适就拿上这双鞋付款去了，根本不容我去挑选其它的鞋。
　　这就是我的爸爸急躁陈。我觉得他这种急躁的性格并不好，虽然事情做得快，但容易出错。",《急躁陈》
140909,4.0,3.0,4.0,4.0,3.0,4.0,4.0,3.0,4.0,4.0,3.0,3.0,4.0,4.0,4.0,3.0,3.0,3.0,4.0,3.0,3.0,4.0,4.0,4.0,4.0,4.0,4.0,3.0,4.0,4.0,4.0,4.0,4.0,4.0,3.0,4.0,2.0,4.0,4.0,4.0,3.0,4.0,4.0,4.0,3.0,3.0,3.0,4.0,4.0,4.0,3.0,3.0,3.0,3.0,3.0,3.0,4.0,4.0,2.0,2.0,3.0,3.0,4.0,5.0,4.0,5.0,4.0,4.0,4.0,3.0,"《汤姆·索亚历险记》
　　我看了《汤姆索亚历险记》这本书。我认为汤姆是一个聪明，天真，活泼，但有时也很调皮的孩子。比如，他总是逃学去游泳，或者偷偷地抓糖块，等等。虽然他不是一个好孩子但是他很聪明，他有一次被姨妈发现他又逃学去游泳了，很生气，于是拿起棍子就打汤姆，汤姆知道姨妈又要打他了，所以用了常年用的那个招——他立刻说：“你看！那儿，在那儿！”姨妈听了后像以前那样转过身子，就在转身的时间，汤姆已经无影无踪了。
　　还有一次，汤姆因为和镇上的男孩打架，所以又被姨妈罚刷墙，这次，他有了一个很好的思维；如果想要让孩子们干活，只需要让孩子们认为刷墙是一个很难得的机会就可以了。所以，孩子们宁愿把自己心爱的东西给汤姆也要换来一次刷墙的机会。
　　等到下午，汤姆自己坐在大树下悠闲的吃着苹果，看着他们给汤姆刷墙，心里美滋滋的。
　　读完这本书，让我知道了，要乐观地对待每一件事情。",《汤姆·索亚历险记》
160426,4.0,4.0,5.0,5.0,5.0,5.0,3.0,3.0,4.0,4.0,2.0,2.0,4.0,4.0,5.0,5.0,3.0,3.0,5.0,5.0,5.0,5.0,5.0,5.0,5.0,5.0,5.0,5.0,5.0,5.0,4.0,4.0,5.0,5.0,5.0,5.0,5.0,5.0,5.0,5.0,5.0,5.0,4.0,4.0,3.0,3.0,3.0,3.0,3.0,3.0,3.0,3.0,5.0,5.0,4.0,4.0,5.0,5.0,2.0,2.0,5.0,5.0,5.0,5.0,5.0,5.0,5.0,5.0,4.0,4.0,"哎，我太骄傲了
　　“钢琴”，看起来多容易啊！不就是按几个琴键的事吗？干吗还要学啊！”这是我接触钢琴之前常常说的一句话，可到了现在那次考六级的时候，我才认识到什么叫“骄傲。”
　　冬天来了，在以“优秀”通过四级的我，已经骄傲得比玉皇大帝还要伟大了，妈妈和老师都说我不要骄傲，可我左耳进右耳出，什么也没听见。
　　冬去暑来，又到考六级的时候了，我依然自大得很。可一看六级的谱子，我顿时愣了，天啊，我从未见过这么难的曲子！我本想着这些曲子对我来说so easy,但是理想很美好，现实很残忍。我只好勉勉强强练下去，从以前骄傲自满，到现在失落至极,练了半年，终于练的有一点点起色了，可我的致命敌人又来了——骄傲！我又开始走“老路”了，结果自然是成绩直线下降，到了考试前一个月，我才突然意识到，以我现在的琴技，考六级那是狗熊摘月亮，我决定每天花六小时练琴，可还是无济于事。考级那天，我尽量弹得更好，可拿到成绩一看，“差”的大字印在证件上，我失落至极，哎，我太骄傲了！
　　对于自己的失败，我自责不已，可有什么用呢？只有自己不骄傲，勤学的精神去练琴，才能取得好成绩。
　　“骄傲碎在门口，谦虚走遍天下。”只有这样的信念才能走向成功！只可惜，我太骄傲了！",《哎，我骄傲了》
160712,4.0,3.0,4.0,3.0,4.0,3.0,5.0,3.0,5.0,4.0,5.0,4.0,4.0,3.0,5.0,4.0,5.0,4.0,4.0,3.0,4.0,3.0,3.0,3.0,4.0,4.0,4.0,3.0,4.0,4.0,3.0,3.0,4.0,3.0,4.0,3.0,4.0,3.0,4.0,4.0,4.0,4.0,5.0,3.0,4.0,3.0,4.0,4.0,3.0,3.0,3.0,3.0,4.0,3.0,4.0,3.0,4.0,4.0,4.0,4.0,5.0,3.0,4.0,4.0,5.0,4.0,4.0,4.0,5.0,4.0,"《青铜葵花》读后感
　　在这个寒假我读了《青铜葵花》这本书。里面青铜和葵花一个一个精彩的故事把我深深地吸引住了。我会跟着里面主人公的心情变化并体会到了青铜和葵花深厚的感情。
　　这本书主要讲了一个男孩和一个女孩的故事，男孩叫青铜，女孩叫葵花。一天葵花坐小船漂到了大麦地，被好心的青铜家收养了。不过青铜家不富裕，家里的钱只够供一人上学，家里人最后决定让葵花去上学，葵花很聪明，在班里成绩遥遥领先，然后还教会了青铜写字但在葵花读五年级时家里要建一座更大的房子，需要更多钱葵花听说后就不想继续上学了，可家里不同意。同后让青铜和爸爸去建一个茅草房。又过了不久城里人把葵花接回了城里。青铜一直等待着暑假回来的葵花。
　　从这个故事我深深的感到了兄妹俩深厚的感情。感动于青铜家的同情心和葵花的孝顺。从兄妹俩的感情使我想到了我和我的同学，俩个以前从来不认识的人都可以有着这么深的感情，何况是相处了6年的同学呢，以后一定要互相帮助，互相包容，要相互信任，做好姐妹。在看见葵花教青铜写字时，青铜很快就把它学会了，连一个从来没有上过学的人都是这么好学，是这么勤奋，我们就一定要好好学习，更加努力。我们在条件这么优越的地方是没有理由不勤奋的。在青铜跟葵花离别时我不禁想到了还有不到2个月我们就要分别了，以后彼此可能再也见不到了，一定要珍惜现在的时间，做永远的好朋友。
　　《青铜葵花》这本书太好看了，里面一个个精彩的故事深深的感动了我。这本书用精彩且动人的故事告诉了我们一定更珍惜现在的生活，要互相帮助，互相包容，互相信任和要勤备好学的道理，我以后一定要读更多书，懂得更多道理。",《青铜葵花》读后感
150225,3.0,2.0,4.0,3.0,4.0,3.0,4.0,3.0,4.0,2.0,2.0,2.0,4.0,2.0,4.0,2.0,2.0,2.0,4.0,2.0,4.0,2.0,3.0,2.0,3.0,2.0,3.0,2.0,3.0,2.0,3.0,2.0,4.0,2.0,3.0,2.0,3.0,2.0,3.0,2.0,4.0,2.0,3.0,2.0,2.0,2.0,3.0,2.0,4.0,2.0,2.0,2.0,3.0,2.0,2.0,2.0,4.0,2.0,2.0,2.0,4.0,2.0,3.0,2.0,4.0,2.0,3.0,2.0,2.0,2.0,"给同学的一封信
　　刘柯瑜：
　　你好！
　　好久不见！现在已经到了春天，咱们北京又变成了花海。巴基斯坦那边天气是不是和咱们的大北京一样呀？我在班里听说你六年级就回来，到时候一定要来我家，好吗？
　　哦对了，我也听说你现在在北京呢，如果他们说的是真的的话，那一定要来我家。
　　你在巴基斯坦的时候有没有受伤呀?反正我是够倒霉的。前两天被董超给踢了一脚左手无名指严重充血，现在上着支具呢。
　　你在巴基斯坦的时候有没有练篮球呀？反正你不在的时候我一直在打篮球，等你从国外回来以后咱们一对一打一场！我还代表B小学的篮队去打CEBA了呢。
　　以上说的是我成绩。我还有些不足之处比如说英语，你在巴基斯坦去了那么长的时间回国以后你一定要教教我英语，好了，就说到这吧。盼你早点回来！
　　此致
　　敬礼！

你的同学石磊
2018年3月24日",《给同学的一封信》
130402,4.0,4.0,4.0,5.0,4.0,5.0,3.0,3.0,4.0,4.0,4.0,2.0,4.0,4.0,3.0,3.0,4.0,4.0,4.0,4.0,3.0,3.0,4.0,4.0,4.0,4.0,4.0,4.0,4.0,4.0,4.0,4.0,4.0,4.0,3.0,3.0,2.0,3.0,4.0,4.0,4.0,4.0,4.0,4.0,3.0,3.0,5.0,5.0,4.0,4.0,3.0,3.0,4.0,3.0,4.0,4.0,4.0,4.0,2.0,2.0,4.0,4.0,3.0,5.0,4.0,4.0,4.0,4.0,4.0,3.0,"20周年庆典
　　我在乐团，每过20年都有一个庆典，在今年，又是一个庆典了！我早就期盼着那一天了。
　　日于过得飞快，今天就是庆典了今天，我早早的就起来了，你们猜？为什么呢？有两个原因，因为我们今天要演出,还因为今天是个特别的日子，就是圣诞节。
　　我到了学校后，我就去小亭子下排队，爸爸和妈妈和姐姐去终点等我那就是C校区，我们终于到了，我好兴奋啊！
　　我们穿着艳红色的裙子入场啦！当我们一进场,观众席上就响起了热烈的掌声,那掌声不但给了我勇气还给我了鼓励，我站在第一排中间的位置，我用力运功，敲击手指最后演出圆满结束了，我好开心呀！这将是我头脑中印象最深刻的！!!",《20周年庆典》
160215,5.0,3.0,5.0,3.0,5.0,3.0,5.0,3.0,5.0,4.0,5.0,3.0,4.0,4.0,4.0,3.0,5.0,3.0,5.0,3.0,4.0,3.0,4.0,3.0,4.0,4.0,5.0,3.0,5.0,4.0,5.0,3.0,5.0,4.0,5.0,4.0,4.0,3.0,5.0,3.0,5.0,3.0,4.0,4.0,4.0,3.0,5.0,3.0,4.0,3.0,3.0,3.0,4.0,3.0,4.0,3.0,5.0,4.0,4.0,3.0,5.0,3.0,5.0,3.0,4.0,2.0,4.0,2.0,5.0,2.0,"爸爸的爱
　　爱的种类有很多，有同学之间的，有朋友之间的，有师生之间的，还有亲人之间的，让我印象最深的还是亲人之间的爱。比如我的爸爸，爸爸是一个忙碌的人，他每天晚上都加班。但即使加班到十一点，他回家后第一件事情就是悄悄地来到了我的房间看看我，帮我盖被子。
　　有一次，爸爸出差后，妈妈也要出差了。这下可惨了，没人帮我戴眼镜了。我忐忑不安地想，一系列疑问迎面而来，要考试视力不好不行，要测视力也不行，要不把视力表背下来？一个又一个的念头在脑子中浮现，周一我的视力不会很差吧。但我一定能想出办法。我十分焦虑。
　　突然我灵光一闪，有了，我可以求爸爸回来。我便跟爸爸打电话，这是我最后一个办法了。我拨通了电话：“今晚你能回来戴眼镜吗？”我张口就问。“我还有一个会，还挺重要的，让我想想吧”爸爸犹豫地说。
　　正当我在思考对策时，有人打开了门。是谁？小偷，抢劫犯，还是强盗？我立刻紧张起来，我急忙跑过去看，是谁？竟然是爸爸，“你不是明天才回来吗？”我惊喜地问。“我调整了会议的时间，赶回来给你戴眼镜。”他有些疲惫地说，他的额头上微微渗出汗珠。
　　爸爸很忙，没时间陪我上奥数课，但也很关心我的学习。有一次，我遇一个很难的题，连上过课的妈妈也束手无策了。这时爸爸放下手中的工作，便开始认真地自学我的笔记，终于和我一起解出了它。爸爸经常对我说：“如果遇到不会的题，一定不能轻言放弃，要复习自己的笔记，寻找难题的突破点。”爸爸就是一个从来不会表达爱的人，但我需要时他总能出现。我想，爸爸的爱就像一本外表平淡无奇的书，书里却充满知识。爸爸的爱就像一块包装普通的硬糖，只有慢慢品味，才能感到它的甜。",《爸爸的爱》
150328,5.0,5.0,5.0,5.0,5.0,5.0,5.0,5.0,5.0,5.0,4.0,5.0,5.0,5.0,5.0,4.0,5.0,5.0,5.0,4.0,5.0,4.0,5.0,5.0,5.0,5.0,5.0,5.0,5.0,5.0,5.0,3.0,5.0,5.0,5.0,4.0,5.0,4.0,5.0,5.0,5.0,4.0,5.0,5.0,5.0,4.0,4.0,4.0,5.0,4.0,3.0,3.0,5.0,4.0,5.0,4.0,5.0,4.0,2.0,2.0,5.0,4.0,5.0,5.0,5.0,5.0,4.0,5.0,5.0,5.0,"平凡的同学却不凡
　　一对柳叶眉，一双善于思考的眼睛，说起话来略带羞涩的樱桃小嘴——她就是我的同学库宁。库宁在班上不算很起眼，个子不高，瘦瘦的，两条小细腿像被风刮一下就会断，她格外内向，不过不可小看。
　　那是一个特别的星期五，由于下午的家长会，中午就要放学，与其同时改变的还有发放中队日志要提前，我一边吃饭，一边思索合适的人选。但是当我热情地去找这些同学时，他们不是说没时间，就是扭头离开。就在我快要绝望的时候，一个微弱的声音让我找到了希望：“让我来写吧。”“不是还有作文要写吗？”我问，她虽柔弱却坚定：“至少我有能写完中队日志的时间。”于是我把这个重任交给了她。旁边一个路过的同学顶了顶她，小声嘀咕了两句，还把眉毛往上挑了挑，斜眼看了我一下，而库宁微微一笑，用她那饱含理想的眼睛望着远处，许久才开口道：”这是属于我的机会，我不利用，它就会为别人服务了。”窗外的阳光照在她脸上，也照进我心里，这样一位我不曾注意到的同学此时在我心中变得比平日里高大了。
　　在生活中，想象如果没有这样的人，我们的班级，我们的学校，甚至是整个社会，那一颗颗责任之心，一股股抓住机会的热情都是必不可少的。而我身边的这位同学正是懂得抓住机会的人，不要以为机会有多难找，它们就在我们身边，抓住每一次小机会，才会实现大理想，如果连小事都不认真去做，还从何谈成就大事呢？库宁用她朴素的行为，理智的眼光告诉了我鼠目寸光的行为只能得益一时，却不能得益一世。",《平凡的同学却不平凡》
130144,3.0,3.0,4.0,4.0,4.0,4.0,4.0,4.0,3.0,4.0,3.0,2.0,3.0,3.0,2.0,3.0,2.0,3.0,3.0,3.0,3.0,4.0,3.0,4.0,3.0,3.0,4.0,4.0,3.0,3.0,3.0,4.0,3.0,4.0,3.0,3.0,3.0,4.0,4.0,3.0,4.0,3.0,3.0,3.0,3.0,4.0,3.0,2.0,3.0,3.0,3.0,2.0,3.0,2.0,3.0,2.0,3.0,4.0,3.0,2.0,4.0,4.0,4.0,4.0,4.0,5.0,4.0,5.0,3.0,4.0,"仓鼠
　　我家养了一只黄色的小仓鼠，她的背上有三条白色的细线，她又胖又圆，毛茸茸的，我给她起名为黄黄。
　　她的眼睛像一双黑色的宝石，下面有一张贪吃的小嘴，小嘴鼓鼓的，因为她发现了食物可拖不回洞里，就在那里大口大口的吃起来生怕被其它动物吃了。仓鼠有脖子，可是她不伸懒腰所以平常看不到。她的后腿平常看不见，都缩在一起。
　　她喜欢睡大觉，我每天早上起床后就马上过去把她洞上面的碎碎扒拉开！她马上回头把我吓一大跳，我马上回去了。她晚上很精神，会在里面上体育课，她先爬上栏杆，再像蝙蝠一样挂在上面走动，我姐姐就把一个花生放在地上，一晃黄黄就掉了下来，正好一个黄黄发现了花生！就把它吃了。
　　妈妈说这不是老鼠吗！我不觉的她是！我家有两只！黄黄和黑斑马！他们会生很多小鼠鼠的。",《仓鼠》
130810,4.0,4.0,2.0,2.0,4.0,4.0,4.0,4.0,4.0,4.0,3.0,4.0,4.0,4.0,3.0,3.0,4.0,4.0,4.0,2.0,4.0,4.0,3.0,3.0,4.0,4.0,4.0,4.0,4.0,4.0,3.0,3.0,3.0,3.0,4.0,4.0,3.0,3.0,3.0,3.0,4.0,4.0,4.0,5.0,4.0,4.0,4.0,3.0,4.0,4.0,2.0,2.0,3.0,3.0,2.0,3.0,4.0,4.0,2.0,2.0,4.0,4.0,4.0,5.0,4.0,5.0,4.0,4.0,4.0,3.0,"老鹤和大蚌
　　从前，有一个骄傲的大蚌，它总觉得自己是最厉害的，总是欺负比它小的动物。但是还有一个老鹤，它的眼睛又尖又大，小鱼、小虾都怕它。有一天，大蚌大摇大摆地游到岸上来。张开它那巨大无比的大壳说：“我是最厉害的！”但它被老鹤看见了，老鹤冲下去吃大蚌，大蚌马上合上了自己的大壳。把老鹤的嘴夹住了，老鹤疼得乱拍翅膀，大蚌疼得乱蹦。大蚌说：“我让你三天不吃东西，让你饿死。”老鹤说：“我让你三天不沾水让你干死……一天晚上，一个渔翁把它们抓住了把大蚌放在水池里，把老鹤关进了笼子里。那天晚上，大蚌悄悄地爬出了水池，把笼子夹开了，说！“咱一起逃出去吧。”老鹤说：“好啊”。过了一会，他俩逃出来了。从此以后，大蚌和老鹤都过着幸福的生活……",《老鹤和大蚌》
250114,4.0,4.0,4.0,4.0,4.0,4.0,4.0,3.0,4.0,4.0,3.0,3.0,3.0,4.0,3.0,4.0,3.0,4.0,4.0,4.0,3.0,3.0,3.0,3.0,4.0,4.0,3.0,4.0,3.0,3.0,3.0,3.0,4.0,4.0,3.0,3.0,3.0,3.0,3.0,3.0,4.0,4.0,5.0,5.0,3.0,4.0,3.0,3.0,4.0,4.0,3.0,3.0,3.0,3.0,3.0,3.0,3.0,3.0,2.0,2.0,3.0,3.0,4.0,4.0,5.0,5.0,4.0,4.0,5.0,5.0,"庙会
　　“爆竹声中一岁除，春风送暖入屠苏。千门万户瞳瞳日，总把新桃换旧符。”读着王安石的这首元日对国人来说大年初一是一个开始，对于我家来说大年初一是个团聚的日子。我们李氏家族所有人都会到场。二三十人聚在一起别提有多热闹了。吃完丰盛的午餐老人们都回家休息了，我们小孩还意犹未尽，来到了国家雕塑公园参加首届石景山体育庙会。
　　穿过西园，我们来到了东园庙会区。一路走，一路看，我看到许多小朋友在大型机械上玩的很开心。我听见不远处有欢笑声，我和姐姐马上跑了过去。我一看，是一个小冰场，我和姐姐马上加入到他们的队伍中。一开始，我和姐姐不会滑，有时和别人撞到，有时互相相撞，有时还会摔倒在冰面上。就这样我们撞了无数次，也摔了无数次，才玩到时间的一半，吓的我都不敢再滑了，马上跑上岸，姐姐回头一看，发现我不在了，她也上拉着冰车上了岸。再往前走就到了我最喜欢的美食街有：台湾的轰炸大；香港鸡蛋仔冰淇淋；西班牙smile小油条，我最喜欢吃的是咬一口多汁的黄汤包，啊。
　　今年的大年初一与以往的不同，我既和李氏家族吃了团圆饭，还和姐姐一起去国家雕塑公园，这是我过的最开心的大年初一！",《庙会》
130341,3.0,3.0,4.0,4.0,3.0,3.0,3.0,3.0,2.0,3.0,2.0,2.0,2.0,3.0,2.0,3.0,3.0,3.0,2.0,3.0,2.0,2.0,2.0,3.0,3.0,2.0,3.0,2.0,2.0,2.0,2.0,3.0,2.0,2.0,2.0,3.0,2.0,3.0,3.0,3.0,2.0,3.0,3.0,2.0,2.0,2.0,3.0,3.0,3.0,4.0,2.0,3.0,2.0,3.0,2.0,2.0,3.0,3.0,3.0,3.0,3.0,3.0,3.0,4.0,3.0,4.0,3.0,4.0,1.0,4.0,"父母的爱
　　父母的爱和我们无处不在。是他们给了我们上小学、好中学、大学的机会，给我们买衣服、食物。我来举一个例子。
　　2014、6、8星期二是我的生日，那一天很热。我说：“今天买生日礼物”，可我爸爸说：“好”!我很惊讶这么热的天气，居然许我出去买生日礼物。我爸爸说今年的生日礼物是自行车。我欣喜若狂，欢乐不已。所以我吃完早饭就去车里待着了，他们一会儿也到了我们就出发了，刚到了一家店没有儿童可以玩的自行车，等到我不想试可是我爸爸妈妈说还可以试。我试到了一家很合适我的一家店有，一个我以为好的我问了一下多少元，他说750元我惊呆了，心想这么贵！可爸爸说：“只要你喜欢就行。”
　　父母的爱是多么的伟大啊！这只是我生活中的一件事情。这样一件一件的小事就组成了我的生活，生活就因这一件一件的事而变得有趣，有了父母你的生活会变得有趣。",《父母的爱》
160708,4.0,4.0,5.0,5.0,4.0,5.0,4.0,5.0,5.0,4.0,3.0,3.0,4.0,4.0,2.0,3.0,4.0,3.0,3.0,2.0,3.0,4.0,4.0,3.0,4.0,4.0,5.0,4.0,4.0,3.0,4.0,4.0,4.0,4.0,3.0,3.0,3.0,4.0,4.0,3.0,3.0,4.0,5.0,4.0,4.0,4.0,4.0,3.0,5.0,4.0,3.0,3.0,4.0,3.0,3.0,3.0,5.0,4.0,2.0,2.0,3.0,4.0,5.0,5.0,5.0,5.0,5.0,4.0,4.0,3.0,"读《哈利·波特与魔法石》有感
　　在上个寒假里我读了这本书，它非常吸引我，让我受益匪浅。
梗概
　　哈利·波特是本书主人公、霍格沃茨魔法学校一年级学生。迄今为止，哈利·波特的一生中没有魔法。他和一点都不友善的德思礼夫妇还有他们令人厌恶的儿子达力住在一起。哈利的房间是一个窄小的储物间，就在楼梯下面，而且十一年来他从未有过生日派对。但是有一天，猫头鹰信使突然送来一封神秘的信件，令人不敢相信的是，信里附着一张来自霍格沃茨魔法学校的录取通知书。哈利于九月一日带着他的猫头鹰乘着特快列车来到魔法学校。在学校里，他遇到了一生中最好的两个朋友罗思和赫敏，体验了骑着飞天扫帚打球的运动。从课上和生活中的所有事物里学到了魔法。不仅如此，他还得知自己将有一个伟大而不可思议的命运。不过，他要先让自己死里逃生才行。
　　《哈利·波特与魔法石》是J.K.罗琳写的超级畅销书。该书充分展示了J.K.罗琳天马行空、不拘一格的想像力。该书还运用了丰富的细节、心理、环境描写。让我看的如痴如醉。还有多个伏笔，让整本书的情节此起彼伏、一波三折，非常吸引读者。我看完这本书也想到里面的魔法学校去上学。
　　读了这本书我最喜欢的一句话是阿不思·邓不利多校长说的：“对于头脑十分清醒的人来说，死亡不过是另一场伟大的冒险。”没错！为斗争黑魔王而死就是光荣的。整天想长生不老就是轻于鸿毛的。“人固有一死或重于泰山或轻于鸿毛。”从书史我看出了哈利的勇敢和机智。从中我学到了勇敢、坚持不懈、自信和坚强的精神。在我以后的日子里我要像哈利一样面对困难，不向坏人低头。我相信在正义与邪恶的较量中，正义将会是永远的胜者！",读《哈利波特与魔法石》有感
150612,3.0,4.0,2.0,2.0,4.0,3.0,5.0,4.0,4.0,4.0,4.0,4.0,4.0,4.0,4.0,3.0,5.0,4.0,2.0,2.0,3.0,4.0,3.0,4.0,4.0,4.0,2.0,2.0,3.0,2.0,2.0,3.0,3.0,2.0,3.0,3.0,4.0,3.0,3.0,3.0,4.0,4.0,4.0,4.0,4.0,4.0,3.0,3.0,3.0,3.0,3.0,3.0,2.0,3.0,3.0,3.0,3.0,3.0,3.0,3.0,3.0,4.0,4.0,3.0,4.0,3.0,4.0,4.0,4.0,4.0,"我来到神秘的小屋
　　我来到一间水果做的小屋，小屋是拿金黄色的南瓜做的。小屋的门是拿红彤彤的苹果做的，窗户是水果糖做的晶莹透亮。走进屋里，最先看见的是一张菠萝做的小床，一张椰子壳做的桌子和一个芒果做的沙发。满屋都是水果的香气。我还看到天花板上吊着许多水果，有小西瓜、桃子、柿子，等等。我随手拽了一下那个小西瓜，没想到这些水果竟然亮了起来，原来是水果灯。我把窗帘拉了起来，这些水果灯便格外耀眼，有红的，蓝的，绿的，粉的……我看见沙发旁边有一个饮水机，饮水机有五个按钮，分别是蓝、红、黄、绿、粉五种颜色，它们是，白开水，草莓汁，柠檬汁，绿葡萄汁，粉是桃汁。我想把这座小屋送给，贫困山区的小朋友，让他们每天都能吃上新鲜的水果。",《我来到神秘的小屋》
140615,4.0,3.0,5.0,4.0,5.0,3.0,5.0,3.0,4.0,3.0,3.0,2.0,4.0,2.0,4.0,3.0,3.0,3.0,3.0,2.0,3.0,3.0,3.0,3.0,4.0,3.0,4.0,2.0,4.0,3.0,3.0,3.0,3.0,3.0,4.0,2.0,4.0,2.0,4.0,2.0,4.0,3.0,4.0,3.0,4.0,2.0,3.0,3.0,4.0,3.0,3.0,2.0,3.0,2.0,3.0,2.0,4.0,3.0,3.0,3.0,4.0,3.0,4.0,3.0,4.0,3.0,3.0,3.0,4.0,2.0,"航模刘
　　现在先让大家猜猜这个航模刘是谁？提示是我们班的。哈哈，我猜大家一定能猜出是谁了，是刘华!!!
　　我叫他航模刘是有原因的，因为他酷爱拼航模。据他说，他拼的航模里有日本的长门号，赤城号加贺号，有德国的迪士麦号.U571,还有些其它国家的船的模型。比如欧根亲王号，等等。
　　他拼的零件，有的跟大米粒一样小，有的和一个墨水瓶一样大，还有的比一支笔还要长。他拼的船模的零件数量，较少的几十个，较多的就得有上百个了！
　　他参加过一个航模比赛，他的项目是昆明号。虽然那次比赛他没有获得太好的成绩，但是这更促使他参加更多的比赛。下周日他要去参加电子制作的比赛。他有理论比赛，机器人比赛。
　　他太着迷拼航模，因此他一写完作业就约朋友来到他家拼航模。我猜要不是他知道不能把航模带到学校的话，他早就把航模带到学校来拼。
　　这就是我眼中的航模刘。",《航模刘》
150334,4.0,5.0,3.0,3.0,4.0,5.0,3.0,3.0,3.0,5.0,4.0,3.0,4.0,3.0,5.0,5.0,5.0,4.0,5.0,4.0,5.0,4.0,5.0,4.0,5.0,5.0,5.0,4.0,5.0,5.0,4.0,5.0,5.0,5.0,5.0,4.0,5.0,4.0,5.0,4.0,5.0,5.0,4.0,4.0,4.0,5.0,4.0,5.0,5.0,5.0,4.0,4.0,4.0,3.0,4.0,3.0,5.0,4.0,4.0,4.0,5.0,4.0,5.0,5.0,5.0,5.0,5.0,5.0,5.0,4.0,"我初见依依
　　一对弯弯的眉毛，一双圆圆的大眼睛，说起话来毫不留情的樱桃小嘴——她就是我在课外班最好的朋友，依依。至今我还记得，正是因为这个让我注意到她，当时的我并不知道，她可爱的脸，是那个“最可爱”的她。
　　记得那天，我因为路上堵车，迟到了。我打量了一下四周，找了一个有人的地方坐下了。而我左边的女孩，正是依依。只见她头上扎着长长的马尾辫，身上穿着一件淡蓝色的短裙。苗条的身材配上标致的脸，既有属于孩子的那份纯真，看上去又是那样亭亭玉立。她拿手在我眼前一晃，樱桃似的小嘴一张一合。只听她说：“看什么呐？是看倾国倾城的美女呢，还是怎么着了？莫非——你是在看我？”她边说着，边用手捂住嘴，说完竟笑了起来。我不由眉心一皱，边说道“美人儿当然多看看，况且你这般伶牙俐齿，倒是把我的语调带偏了。”我冷笑道。只看她有些错愕，却有些“满意”的看着我，却没说话。
　　过了一会，我摸摸书包，竟没带笔袋。我刚想问她借笔，还没张口，只见她拿了一支笔和一个涂改带放在了我手上，并说道：我挺喜欢你的，可不可以交个朋友？”“好啊好啊，谢谢你的笔。”我微微一笑。我们聊了一个课间，可是在我准备把笔还回去的时候，笔尖露在外面，只顾着聊天的我丝毫没有察觉到尖锐的笔尖。她一把抓住我的手，脸上流露出了惊恐的表情。此时的我刚发现尖锐的笔尖，也不由流下了冷汗。她说“：你还真是大大咧咧又健忘的啊！”说着，她松开了我的手，惊恐的表情也慢慢退去。窗外耀眼的阳光映在她脸上，更映在了我心田。而我们的友情，也从此拉开序幕。
　　时间总是飞快的跑着，感谢时光让四年前的我们相遇。现在想到，能有这么好的朋友是我的幸运。或许，我们的相遇都是冥冥中的天意。能有这样一段友情，我很快乐。我不会忘记我们的相遇、相识、相知、以及未来我们将要遇见的。",《我初见依依》
140742,4.0,5.0,4.0,5.0,4.0,4.0,3.0,4.0,3.0,5.0,4.0,5.0,3.0,4.0,4.0,4.0,4.0,3.0,4.0,4.0,4.0,5.0,4.0,5.0,4.0,4.0,4.0,5.0,4.0,4.0,3.0,3.0,4.0,3.0,4.0,5.0,4.0,3.0,4.0,4.0,4.0,5.0,4.0,5.0,3.0,4.0,4.0,4.0,4.0,4.0,4.0,3.0,3.0,3.0,3.0,2.0,4.0,3.0,4.0,4.0,4.0,3.0,5.0,5.0,4.0,4.0,4.0,4.0,3.0,4.0,"校园一景
　　当我每天上学，走到楼门口的时候，总有一棵大树迎接我，我的心情一下子就变得很欢快。
　　这棵大树在北楼门口,正对着操场，它以前被破坏过，到现在还带着支架，但是它依然郁郁葱葱地生长着。
　　一眼望去，树很高，足足有四层楼高，主干很粗，至少得两个人才能抱住。棕色的树皮是一块一块的，摸上去很粗糙，树叶绿绿的，细细的，树枝向四面伸展着，枝繁叶茂，像把撑开的大伞。
　　春天来了，大树发芽了，嫩绿的小芽从树枝上钻出来，细细长长的，像超小号的笋一样，满树的绿芽，让我们的校园生机勃勃。夏天到了，我们都喜欢到这把绿油油的大伞下乘凉，一阵风刮起，树叶哗啦啦地响，好像大树爷爷在问：“凉快吗？”秋风刮起，别的树的叶子都一片一片地随风飘落，唯有这棵大树仍然枝繁叶茂，只是叶子的颜色变深了。冬天到了，北风呼呼地刮着，这棵大树仍然在寒风中屹立着，它仿佛在为来年春天积xu4力量。
　　我几乎每天下课时都会跑到树下玩，大树可以给我们遮阳，玩累了，我们还可以坐在大树下乘凉，有时还可以躲在粗壮的树干后面玩捉迷藏呢。
　　这棵大树一直默默地站在校园里，它就像我的好朋友一样陪伴着我，在我心里它是校园里最美的一处风景。",《校园一景》
141437,3.0,3.0,4.0,5.0,3.0,3.0,2.0,4.0,2.0,4.0,2.0,3.0,2.0,2.0,2.0,2.0,2.0,3.0,3.0,3.0,2.0,3.0,2.0,3.0,3.0,3.0,2.0,2.0,2.0,3.0,2.0,3.0,3.0,3.0,2.0,2.0,2.0,3.0,2.0,4.0,2.0,4.0,3.0,4.0,2.0,3.0,2.0,3.0,2.0,3.0,2.0,3.0,2.0,2.0,2.0,2.0,2.0,2.0,2.0,3.0,3.0,4.0,2.0,5.0,3.0,4.0,3.0,4.0,2.0,3.0,"我敬佩的围棋老师
　　我敬佩的一个人就是我的围棋老师，我的围棋老师姓尹，看上去和我爸爸差不多的年龄。长得不高不矮，大概一米七；身材不胖不瘦，他的发型很平常，头上带着一个方框眼镜，他身上穿着T恤，穿的很悠闲，就是普通人的样子。
　　我从几年前开始跟着尹老师学围棋。那时只有几位同学，现在同学越来越多了。大家都爱上尹老师的课，也取得了很好的成绩，好几人通过了一段，有的正在冲二段。
　　有一次上课，尹老师让我们下棋。有一个小孩躲在柜子那玩儿，尹老师就说“别在那儿像猴子一样躲着啦，赶紧去下棋。”老师的语气很逗，大家都笑了起来。有一个同学笑得特别厉害，停不下来，尹老师就对他说：“你现在还笑。你现在笑，等上了战场就哭去吧！”另一个同学刚好下完一局棋，听到老师训他，就捂着嘴偷偷笑，却被老师看到了。尹老师说：“我说他，不也是对你的警告吗。你也别呆在那什么事都不干，下棋、看棋、做题、看题，你自己选一样。这个同学想了想，去看别人下棋了。
　　下完棋，尹老师说：“看会片儿吧。”我们齐声欢呼：“耶……!我们看《棋魂》，一边看，尹老师一边解说。
　　“看，最美的一局，这是我给你们看的原因之一。”
　　“看。‘尹老师’——我也上电视了。”
　　“听，‘请多指教’，多有礼貌！”尹老师的课有趣又不枯燥。
　　我很敬佩他！",《我敬佩的围棋老师》
160118,5.0,4.0,5.0,4.0,5.0,4.0,5.0,3.0,5.0,3.0,3.0,4.0,4.0,4.0,5.0,3.0,5.0,3.0,4.0,4.0,4.0,4.0,4.0,4.0,5.0,3.0,4.0,4.0,4.0,4.0,4.0,4.0,4.0,4.0,4.0,3.0,4.0,3.0,5.0,3.0,5.0,3.0,5.0,4.0,4.0,3.0,4.0,3.0,4.0,3.0,3.0,3.0,4.0,2.0,4.0,2.0,4.0,2.0,3.0,3.0,5.0,3.0,5.0,4.0,5.0,4.0,5.0,4.0,5.0,3.0,"第五名
　　伴着朝霞，我们踏上了去上海比赛的征途。这是我第二次参加全国航海模型锦标赛，但这次比赛使我终身难忘，收获颇丰。
　　我比赛的船是德国海军欧根亲王号，这艘船有很多小零件，为此，我们准备了三种镊子、水口钳、剪刀等。
　　时间过的飞快，很快就到了比赛日，我参加的是18个小是的C4组，分成3天完成，第一天只需细心把甲板和甲板上的零件做好做细就可以了。可老天偏不让我做好它，当天我吃坏了肚子，甲板又像一根麻花一样拧了起来，每次粘墙的时候都是这一边粘上了，那一边开了，好像专门和我对着干似的，刚把甲板解决了，防空炮又出问题了，由于我当时的注意力没有全在船上，所以刚剪下来的炮管嘣飞了，我正准备找它的时候发现地上都是间隔至少1厘米的地板缝，我心想：这下完了，没有备件，要怎么办啊！我急中生智，可以用两根没用的小短棍把它接上，可是，一根太粗了，我的工具没法把它做细，只得把头做细一点。第二天把舰岛做好，第三天我在船上安了一架Ar196水上飞机，由于船是灰的，而飞机是绿的，可能达到了画龙点睛的作用。
　　这次拿到第五之后先是激动，后来感到可惜，但人生不是一次彩排，你只有一次机会。我这次如果用心一点，名次可能就会更高一些，而我们在学习上也要一心一意全力以赴，这样什么题都能解决。",《第五名》
160138,4.0,5.0,4.0,4.0,4.0,4.0,3.0,4.0,3.0,4.0,2.0,3.0,3.0,3.0,2.0,3.0,2.0,3.0,4.0,4.0,4.0,5.0,4.0,5.0,4.0,4.0,4.0,4.0,4.0,3.0,3.0,4.0,4.0,4.0,4.0,3.0,3.0,3.0,3.0,4.0,3.0,4.0,4.0,4.0,3.0,3.0,3.0,3.0,3.0,3.0,3.0,2.0,2.0,2.0,2.0,2.0,3.0,3.0,3.0,4.0,3.0,4.0,3.0,5.0,3.0,5.0,3.0,5.0,3.0,4.0,"那时
　　想着、想着我就被回忆带到了四年前。那时我还是一个懵懂无知的一个小豆儿包。
　　那天我就要从香港回北京了。但是我梦想的礼物还没买到。妈妈把我带到离机场最近的商场。我们直奔玩具区。那里有好多玩具，各种系列都有。有我爱的变形金刚，乐高，各种枪……到底哪个会成为我梦寐以求的生日礼物呢？我的选择困难症瞬间爆发。天啊！那不是最新限量版的X—box吗？我的选择困难症立刻治愈。就是它了，这就是我梦麻以求的礼物。等等，它价签上标的是多少钱？3000多？这么贵！我怎么跟妈妈开口。我那颗激动的心被它昂贵的价钱浇得透心凉。来回踱步不舍离去又不敢开口。
　　妈妈看着表着急地催促我！“赶飞机快来不急了，你怎么还没选好？“我看看X—box还是依依不舍。最后终于鼓起勇气跟妈妈说我想要X—box,但是有点儿贵，我保证三年不要生日礼物了。您能给我买吗。”妈妈看完价签犹豫了片刻还是答应了我。并且快速的带我去结帐。我开心极了心想最爱的礼物要到手了太好了。谁知营业员说机场免税店同款要便宜300块，还多送两张盘。妈妈谢过营业员带我飞奔去了机场。结果因为X—box太畅销，卖完了！我哭了起来！埋怨妈妈为了省钱害我失去了心爱的礼物。我越说越委屈都没有注意到妈妈也委屈地流起泪来。
　　四年了，我长大了想起当时自己的任性很是懊悔。妈妈的爱胜过一切，而我却到今天才体会到。可谓是可怜天下父母心呀！
　　尤其是读了季羡林先生的文章，我就更加后悔了。“我怀着不全的灵魂，抱终天之恨。”这句话深深地烙在了我心里，可人生没有后悔药呀？所以我决定从现在起好好地爱我的亲人。我想一切帮来得及，我比季老幸运多了。我也感谢这个没有买到的礼物，我虽“失去”了它，但我却“得”到更多。",《那时》
150243,2.0,3.0,3.0,4.0,2.0,2.0,2.0,3.0,3.0,3.0,2.0,2.0,3.0,4.0,2.0,2.0,3.0,4.0,3.0,2.0,2.0,2.0,3.0,2.0,3.0,3.0,2.0,3.0,3.0,3.0,2.0,3.0,3.0,4.0,3.0,3.0,3.0,4.0,2.0,4.0,2.0,4.0,2.0,3.0,2.0,2.0,2.0,3.0,2.0,3.0,2.0,3.0,2.0,2.0,2.0,2.0,2.0,3.0,3.0,2.0,2.0,2.0,2.0,3.0,2.0,3.0,1.0,3.0,1.0,3.0,"一封送给妈妈的信
　　亲爱的妈妈：
　　您好！
　　时光飞逝，转眼间六年过去了，我已经不是那个总是被人照顾的小孩了。
　　记得六年前的一天晚上我发烧了，那天非常的冷，冰寒刺骨，大雪纷飞，让人有种说不出来的滋味。墙壁很冰像冬天的雪，像一块碧绿的翠玉。我觉得所有的东西都是冰冷无情，突然，感觉前面有一束光，我走到前，睁开眼睛，一看，是您，您知道我发烧了马上把我送到医院。
　　于是您每天都陪着我，白天别人没起您都已经给我准备东西，上午陪我到处走，无聊就给我讲有趣的寓言故事，饿了就买几个包子，随便充饥，晚上您也不睡觉，有时就是在旁边陪着我，就像一只小蜜蜂一样。不辞辛苦的照顾我。白天您总是打着哈欠，十分困倦的样子，我心里很担心，您会不会熬出病来？我是多么想让您休息一会。我很自责，这场病让您如此辛苦。
　　人们常说母爱是无私的。母爱如同一条河永远流不尽，不管我们怎样妈妈都一直爱护着我们，孟郊有一句说的好。“谁言寸草心，报得三春晖”。做儿女的这颗像小草一样稚弱的心，哪能报答得了母亲像春天阳光一样的慈爱呢？您的爱是我们不能报答完的，妈妈我爱您！
　　此致
　　敬礼！
周子曦
2018年4月2日",《一封送给妈妈的信》
160740,3.0,4.0,3.0,3.0,2.0,3.0,3.0,4.0,3.0,4.0,2.0,3.0,2.0,3.0,3.0,3.0,2.0,3.0,3.0,4.0,2.0,3.0,2.0,3.0,3.0,3.0,2.0,3.0,3.0,4.0,2.0,3.0,2.0,3.0,3.0,3.0,2.0,3.0,2.0,2.0,2.0,4.0,3.0,4.0,2.0,3.0,2.0,2.0,2.0,3.0,2.0,2.0,2.0,2.0,2.0,3.0,2.0,2.0,2.0,3.0,2.0,3.0,3.0,4.0,2.0,4.0,2.0,3.0,3.0,4.0,"读《佐贺的超级阿嬷》有感
　　我买了一本书叫《佐贺的超级阿嬷》分享给大家。
　　1945年时，佐贺因为在家中父亲不在家中，母亲无力养活佐贺，加上那时广岛原子弹爆炸，核辐射的区域连上了佐贺和妈妈生活区域，在小姨要离开时，妈妈把佐贺推上了火车，他被送到了阿嬷家里。想不到阿嬷家里更加贫穷，每天吃“白菜枯叶”“豆腐渣”，但是阿嬷却让佐贺变优秀了，每一次，佐贺考试都老是很差，但是阿嬷却告诉他：“1分2分的，加起来一样也是有5分的呀！”阿嬷的精神，让佐贺敬佩，让他受益无穷。阿嬷为佐贺做的一切，佐贺铭记于心，到了高中，妈妈把佐贺接回了家，他对阿嬷的情感似乎比对妈妈的爱更深一些，阿嬷是他的启蒙老师。
　　我从中感受到了佐贺的心情从低落，到开心，低落是因为生活环境，开心是因为阿嬷幽默，生活的乐趣。他以前从未感受过的喜悦，虽然只能吃枯菜，“豆腐碎渣”但是他依旧以开心的，阳光的一面去面对那里的一切。
　　同时，我也能感受到佐贺对阿嬷的感情的深，他令我最有感受的是就算父母不在家，不再去管他，生活在一间小茅房里，他依旧能自立，照顾自己，也同时照顾到他人，他有勇气为家打工，也能完成。
　　阿嬷她一直都在鼓励着佐贺，让他不断进步，同时也在告诉佐贺穷不能说明任何的一切，虽然完不成梦想，但以它转为动力走向成功。
　　这本书的作者是为了说他以前的处境，阿嬷支持，完成梦想的过程，和小时候的经历。
　　它教了我很多，自立，乐观，要保持开心，不要放弃，要向前，穷不能说明一切，不能代表着你的精神，内心，要像阿嬷一样不怕苦，就算环境不好，处境不妙，都要乐观的对待你的生活，不放弃，不沮丧，同时也要像佐贺一样，学会自立，阳光向上，不退缩，正直向上，好好努力。",读《佐贺的超级阿嬷》有感
140437,3.0,3.0,4.0,4.0,4.0,3.0,3.0,2.0,3.0,3.0,3.0,2.0,3.0,2.0,2.0,2.0,3.0,3.0,3.0,2.0,2.0,2.0,2.0,3.0,3.0,2.0,2.0,2.0,2.0,3.0,2.0,3.0,2.0,3.0,2.0,2.0,2.0,3.0,2.0,2.0,2.0,3.0,3.0,2.0,2.0,3.0,2.0,3.0,3.0,3.0,2.0,3.0,2.0,2.0,2.0,3.0,3.0,2.0,2.0,2.0,3.0,3.0,2.0,4.0,2.0,3.0,2.0,4.0,1.0,3.0,"可爱的多肉
　　寒假去姥姥家的时候，表姐送我一盆小多肉植物，它像一朵绽放的绿色的小荷花，花盆是凯蒂猫的造型，十分可爱。我一看到就很喜欢，将它带回了家。
　　妈妈说那像花瓣一样的东西，实际上是这种多肉的叶子。我感到太惊奇了，那明明很像花瓣呀！后来想想，觉得妈妈说的很道理，不然为什么它是绿色的呢？一般植物的叶子才是绿色的。
　　开始多肉还很小，叶子也小小的、特别短，但是它的叶子特饱满、肉嘟嘟的，还重叠在一块儿，挤的都快没地方了，好像马上就要炸开一样。
　　于是我天天给它浇水，好好照顾它，希望它快快长大。就这样，日复一日，直到有一天，我发现下面的根有点烂。我去问妈妈怎么回事，妈妈没有回答我，而是和我一起上网查了查，原来姐姐送我的这种多肉植物学名叫“黄丽”，喜欢阳光，害怕潮湿。它肥厚的叶子能够储存水分，所以十分抗干旱。原来它生病是因为我天天浇水，太湿了。
　　我马上把小多肉放到阳光下，以后也不再那么频繁地给它浇水了，而是一周浇一次水。过了几天我的小多肉恢复了健康。在阳光下它茁壮成长。几个月过去了，小多肉已经长的很高了。只有最上面还像一开始荷花的样子。下面的部分每隔一大截长一片叶子。而且叶子还长的特别大，特厚。一层一层的，好像旋转的楼梯。小多肉真的很喜欢阳光，叶子都是朝阳光的方向生长的，绿绿的叶子边缘和背面有些泛红，漂亮极了！",《可爱的多肉》
140536,4.0,4.0,4.0,5.0,4.0,5.0,3.0,4.0,4.0,4.0,3.0,4.0,4.0,4.0,2.0,4.0,4.0,4.0,4.0,3.0,4.0,4.0,4.0,5.0,3.0,4.0,3.0,3.0,3.0,3.0,4.0,5.0,4.0,4.0,3.0,3.0,3.0,3.0,4.0,4.0,4.0,4.0,4.0,4.0,4.0,5.0,4.0,4.0,4.0,4.0,4.0,4.0,3.0,4.0,3.0,3.0,4.0,3.0,3.0,3.0,4.0,4.0,4.0,5.0,5.0,5.0,5.0,5.0,3.0,4.0,"观察日记——蚕宝宝
　　春天到了，天气逐渐暖和了，我养的许多可爱的蚕宝宝由一个个小黑点变成了比蚂蚁还小的蚕宝宝，它们开始要吃的了，于是我赶紧下楼给它们采桑叶，每当我把桑叶放到它们身边，蚕宝宝们立刻大口大口的吃起来，不一会儿，一片桑叶就被它们抢光了，它们越吃越多，每天放学我都得给它们采桑叶。
　　蚕宝宝们一天天长大，一次脱皮，每当它们酒足饭饱后就会爬到桑叶上休息，这时我终于可以看看它们长的什么样子了，它们长着白色的身子，一个圆圆的头上有一个小黑点，那大概是它的鼻子吧。把蚕放在手里感觉凉凉的，用手摸滑滑的。
　　快一个月了，它们就不吃不喝开始吐丝了，蚕吐的丝又细又长，一会儿就吐出薄薄的一层，第二天早晨，我发现已经有一小部分蚕把自己给包裹住，但是我还能看到蚕在里面编织着它们的小家，放学回到家我看到已经有蚕把自己的家编好了，第三天一早我就看到所有的蚕都吐完丝了，茧子是椭圆形的，站在阳光下还可以看到蚕丝在闪闪发光呢。
　　蚕满身是宝，蚕丝可以为人们做蚕丝被和衣服，蚕屎可以为人们做枕头，因此有一句话叫：春蚕到死丝方尽，多么可爱的小蚕啊！",《观察日记——蚕宝宝》
130129,3.0,3.0,5.0,5.0,5.0,5.0,3.0,3.0,4.0,4.0,2.0,2.0,4.0,4.0,3.0,3.0,4.0,4.0,3.0,3.0,3.0,3.0,4.0,4.0,5.0,5.0,5.0,5.0,4.0,4.0,3.0,3.0,4.0,4.0,5.0,5.0,3.0,3.0,5.0,5.0,5.0,5.0,5.0,5.0,4.0,4.0,5.0,5.0,3.0,3.0,3.0,3.0,4.0,4.0,3.0,3.0,5.0,5.0,2.0,2.0,4.0,4.0,5.0,5.0,5.0,5.0,4.0,4.0,4.0,4.0,"我的小仓鼠
　　以前我家养了三只可爱的小仓鼠，它们住在妈妈给它们买的复式“小洋楼”里，底下一层铺着木屑。小仓鼠很爱干净，它们还有自己的小浴室，但它们不是用水洗而是用专用的洗澡沙子，它们每次洗澡都会在里面不停的翻跟头，可好玩了。妈妈说小仓鼠喜欢运动，我们还给它配了一个“小跑步机”。它们每天在房子里生活的很快乐。
　　我的小仓鼠它很可爱，它有两只黑色的眼睛，像两颗黑宝石。它的嘴尖尖的，脸胖嘟嘟的，小仓鼠的毛是黄色的，背上长着一条黑色的线，好像画上去的一样。
　　记得有一次发生了一件非常可怕的事情，仓鼠妈妈生了三只小仓鼠，我们都很高兴，小仓鼠长得跟它们的妈妈一点也不像，小仓鼠是红色的，身上也没有毛，眼睛也没有睁开，第二天，我看小洋楼里少了一只小仓鼠，就叫来了妈妈，我们在一个角落里发现了一只小仓鼠的尸体，我们很吃惊,小仓鼠怎么死了呢？后来妈妈告诉我，可能因为昨天小仓鼠掉到窝外面,妈妈用手把它放了进去，因为有了我们人类的味道，所以小仓鼠才会被吃掉，我很伤心。
　　小仓鼠现在已经不在我家了，它们现在去了另外一个新家，我很想念它们，希望它们在新家里能开心。",《我的小仓鼠》
130337,2.0,3.0,4.0,5.0,2.0,3.0,3.0,3.0,2.0,3.0,2.0,3.0,3.0,3.0,1.0,3.0,1.0,3.0,2.0,3.0,2.0,3.0,2.0,4.0,2.0,3.0,2.0,3.0,3.0,3.0,2.0,3.0,2.0,3.0,2.0,3.0,2.0,4.0,2.0,3.0,2.0,3.0,3.0,2.0,2.0,3.0,2.0,2.0,3.0,2.0,2.0,2.0,2.0,3.0,2.0,3.0,3.0,2.0,2.0,2.0,3.0,3.0,3.0,4.0,3.0,4.0,3.0,3.0,2.0,4.0,"妈妈教我学英语
　　我很小的时候就开始学英语了。上幼儿园的时候，妈妈在接我回家的路上教我说英语。
　　Apple,Orange,Banana。
　　Good morning。
　　那时我还不是小学生，是小小学生。
　　后来我上小学了。现在我上三年级。妈妈一直坚持让我学英语。她给我挑选好玩有趣的教材。例如迪士尼英语。我在电脑上看动画片，小鹿、小熊、米老鼠、唐老鸭、都说的是英语。然后做练习，我要用前面动画片里学到的英语词儿，句子回答问题。
　　我看动画片时挺高兴的。可是回答问题时我就快忘光了，妈妈就耐心的一个词，一句话地再教我。
　　妈妈工作挺忙的，很辛苦。有时也会不耐心，就批评我一顿。可是，她还是一直坚持我学英语。
　　这就是妈妈对我的爱呀。多忙、多累，也没有一点点放松对我的关怀和教育！",《妈妈教我学英语》
240235,3.0,4.0,4.0,4.0,3.0,3.0,3.0,3.0,3.0,3.0,3.0,3.0,3.0,3.0,2.0,2.0,2.0,3.0,1.0,3.0,2.0,3.0,2.0,3.0,3.0,3.0,3.0,3.0,2.0,4.0,2.0,3.0,2.0,2.0,3.0,3.0,3.0,4.0,3.0,4.0,3.0,3.0,3.0,3.0,3.0,3.0,3.0,3.0,3.0,3.0,3.0,4.0,2.0,3.0,2.0,3.0,3.0,3.0,3.0,4.0,3.0,3.0,2.0,3.0,3.0,3.0,2.0,3.0,2.0,3.0,"一件难忘的事
　　今天我和爸爸妈妈去花市。走进花市，一阵香味扑鼻而来,花市里的花五彩缤纷，让人看得眼花缭乱。红红的玫瑰像一片片神奇的小星星。你一进到花市就好像来到一个花的世界。我们继续向前走，一边走，一边看，一边问，一边说，爸爸给我讲述着花的来历和含意，使我知道了许多花的知识。我们买的第一盆花是爸爸喜欢的兰花。我好奇的问爸爸？爸爸说人们把兰花比作君子，象征高洁清雅。兰花在我们的国家已有两千多年的生长历史，如果按季节分，分为春兰、夏兰、秋兰、冬兰。多数人买兰花，是买喻意。然后我们又买了水仙花，买完水仙花我们继续向前走，我们走到了卖鱼的地方，我们看到很多卖鱼的摊位，我们看了很多鱼比如有：孔雀鱼、红绿灯鱼，这些鱼都是热带鱼，我最喜欢的鱼是金龙和红龙，这两种鱼是食肉鱼，但是它们太大我们没有买这种鱼，我们来到了一家店，我们看见外面有很多红色、黑色鱼，我们一共买了5条小鱼，这些小鱼很小，我家的缸正好能放下，我们买的金鱼的颜色有红的、黑的，两种颜色。
　　我喜欢我买的金鱼，我会很好的照顾我的金鱼！我的爸爸说，我的金鱼能活6个月就给我买别的品种的鱼。",《一件难忘的事》
150303,4.0,4.0,4.0,3.0,3.0,4.0,4.0,4.0,3.0,3.0,3.0,4.0,4.0,4.0,4.0,5.0,4.0,4.0,3.0,3.0,3.0,4.0,4.0,4.0,4.0,3.0,4.0,5.0,4.0,5.0,4.0,5.0,4.0,4.0,3.0,5.0,3.0,4.0,3.0,3.0,4.0,4.0,5.0,3.0,4.0,4.0,4.0,4.0,4.0,5.0,3.0,4.0,3.0,3.0,2.0,4.0,3.0,4.0,2.0,2.0,3.0,4.0,4.0,5.0,4.0,5.0,4.0,5.0,4.0,3.0,"我的“奇葩”老师
　　我们眼中的数学老师大多数都是这样的吗？严厉，刻板，不苟言笑？并不全是，如果你在寒冬腊月还看到一位老师穿着一件白T恤，在讲台上又蹦又跳，累得汗流浃背，不要奇怪，那一定是我们敬业的韩老师。
　　韩老师的脸圆圆的，有两层双下巴，像小熊猫一样。宽宽的嘴巴无时不刻地挂着笑容。一双圆圆的杏眼调皮地向我们眨着，头上的一根根头发也毫不服输地立起。说起韩老师来，形容他的词语数不胜数！可最突出的还是“敬业”二字。
　　在我刚转进韩老师的班级时，因为不清楚时间早到了一小时。我看见一些老师在教室里静静地备课，安静地看书。正当我接近我的教室时，一阵大声的说话声吓了我一大跳！我从窗里看到一位老师穿着白T恤，正慷慨激昂地对空无一人的座位大声讲到：“这道题有没有第三种解法？其实有，先用S△abc……我被吓了一跳，心想：这老师可真奇特，大冷天还穿件白T恤。这备课方式也真奇特，不像备课而像彩排！如果我是这老师的学生就好了！听着听着，我就入迷了。直到40多分钟过去，同学们渐渐来了，我还沉浸在老师的课堂里。
　　上课了，这位老师依然站在讲台上。啊，原来他真是我的老师呀！我感到一阵被幸运之神抽中的感觉。老师的讲课真是幽默风趣，通俗易懂。我明白了老师的奇特是因为他可以为了数学甘愿痴迷！学某件事情，只有入迷了，才算学透了。
　　韩老师不仅很敬业，还很会坚持。每天都坚持给我们发一道数学题。日复一日，年复一年，从不间断。虽然这事很小，不过坚持下来也很不易。古人云：“不积跬步，无以至千里；不积小流，无以成江海。”我敬佩韩老师的这种品质。
　　在韩老师的身上，我不止学到了知识，更让我学到两种可贵的品质：敬业和坚持。我也要学习这两种品质，争取以后也要做韩老师一样的人！",《我的“奇葩”老师》
160126,4.0,4.0,5.0,5.0,5.0,4.0,5.0,5.0,5.0,5.0,3.0,4.0,5.0,5.0,4.0,4.0,3.0,3.0,5.0,5.0,4.0,4.0,4.0,4.0,5.0,5.0,5.0,5.0,5.0,5.0,5.0,5.0,4.0,4.0,5.0,5.0,5.0,4.0,4.0,4.0,4.0,4.0,3.0,3.0,3.0,3.0,4.0,4.0,4.0,4.0,3.0,3.0,4.0,4.0,3.0,3.0,4.0,4.0,2.0,2.0,4.0,4.0,5.0,5.0,5.0,5.0,5.0,5.0,4.0,4.0,"我是小小解说员
　　“名胜之都，山水海淀”。这个暑假，我为了加强我的介绍能力，参加了小小解说员活动，令我从中收获了不少的道理。
　　此次活动为三部分，第一部分是老师们给我们介绍了海淀的历史文化，让我们体验和了解海淀科技文化发展，第二环节是练习进，出场，对我们的站姿，手势要求的既严格又到位。
　　最令激动的是第三环书的讲解了，虽然我已经背的张口就来，张嘴就说的程度，但是在这么多人的面前背一段话真的是心快要到嗓子眼了，我的心一直到超高速地跳着，轮到我上场了，我使出浑身解数让自己冷静下来，边向展台走我还边背台词。开始说了，我以超水平发挥背完前半部分，后部分也是顺利的读完了，但可惜老天爷非要让我的演讲出点问题——扩音器不出声了，我的声音一下子下滑两三倍！我赶紧提高声音。还好，我侥幸逃过一劫，迎来了热烈的掌声。
　　这次我的表现总体来说是比较不错的，但我还有很多地方要改正。这件事也让我明白干一件事不管什么都要专心对待。学习也是，只要你努力学习，它一定会给你无穷的力量去干好一件事！这次锻炼，虽一波三折，但收获颇丰！",《我是小小解说员》
150327,5.0,4.0,5.0,4.0,5.0,4.0,3.0,4.0,5.0,4.0,3.0,4.0,4.0,4.0,4.0,5.0,4.0,4.0,5.0,4.0,4.0,4.0,4.0,4.0,4.0,4.0,5.0,4.0,5.0,4.0,3.0,4.0,5.0,4.0,3.0,4.0,4.0,4.0,5.0,4.0,4.0,3.0,3.0,4.0,4.0,3.0,5.0,4.0,5.0,4.0,3.0,3.0,5.0,3.0,5.0,3.0,5.0,4.0,2.0,2.0,5.0,4.0,5.0,4.0,3.0,4.0,5.0,4.0,3.0,3.0,"初见“库兜”
　　一年级，在教室里见她第一眼，心里觉得她是一个很不好相处的人，我跟她小心翼翼打个招呼却不理我，看了她全身之后，想这是哪家富贵人？!
　　她很在乎自己的美貌。头上戴着一个黄色发圈，眼睛瞪得像颗星星，嘴角稍微有些？起，身上穿着带着一颗大星星的灰衬衫，下面穿着深蓝色牛仔裤，她很瘦，像一根木头稳稳地坐在椅子上，她经常是冷静的神情。脚上穿着一双带着玫瑰的皮鞋。
　　我胆小地说了一声“你好，你叫什么名字？”手上积满了汗。她却温柔地回答了一声“库宁，你呢？”“田雨！”我很放松地说。我们俩互相对对方可爱得笑了一下。接着，有一个同学问另一个同学要尺子，可是另一个人却不给。那个同学只好问库宁，“兜兜，借我一下尺子呗！”库宁毫不犹豫地把尺子从她神秘铅笔袋里摇出来。我反复地念到“兜兜，兜兜？?”“哦，我爸爸给我起的，从字典里翻出来的，有时叫我“库兜”。我恍然大悟！当过了十几天后，她成为了我最好的朋友！她还送我了一个铅笔袋和餐布！
　　一晃眼，过去了五年，却跟现在认识的她和初见时的感觉不一样了。库宁是我最好的朋友，她也是一个既友善又冷漠的好朋友，可能是外冷内热吧！也可能因为她是天蝎座的关系吧！",《初见“裤兜”》
140716,5.0,5.0,5.0,4.0,5.0,4.0,5.0,4.0,5.0,5.0,3.0,5.0,5.0,5.0,5.0,5.0,5.0,5.0,5.0,5.0,5.0,4.0,5.0,4.0,5.0,5.0,4.0,5.0,4.0,4.0,4.0,4.0,5.0,4.0,4.0,5.0,5.0,5.0,5.0,5.0,5.0,5.0,5.0,5.0,5.0,5.0,5.0,5.0,5.0,4.0,4.0,4.0,4.0,4.0,4.0,4.0,5.0,5.0,4.0,4.0,4.0,5.0,5.0,5.0,5.0,5.0,5.0,5.0,5.0,5.0,"美丽的紫藤架
　　在学校里，我最喜欢的一个地方就是紫藤架了。它一年四季都那么美丽，不仅美丽，它也是我们的乐园。
　　在春天温暖的阳光下，紫藤架显得格外漂亮。冬天的雪融化了，嫩嫩的绿芽上出来了。那绿芽的颜色有的是有点黄有点绿，有的是嫩黄的、有的是嫩绿的。天气越来越暖和，紫藤架上已经长了小花苞，那些花苞那么小，你不仔细看，都看不着！而紫藤架下，早起成了孩子们的乐园。他们在那儿嬉戏，打闹，玩跳格子、扔飞盘……校园里到处都是孩子们的笑声。
　　春天走了，夏天来了。仿佛一夜之间就来了滚滚涌动的热气。这时的紫藤架是一年中最美的时候。春天的花苞变成了鲜艳的花朵，春天的嫩芽变成了绿叶，夏日的阳光晒得刺眼，孩子们都躲在紫藤架下乘凉。绿叶密密麻麻，郁郁葱葱，好像给紫藤架带上了一顶大帽子，又好似给紫藤架盖了一把太阳伞。孩子们不光在那乘京，也在那玩耍。
　　夏末初秋时，紫藤架上的花谢了，长出来的是一种豆角。它很扁，很宽。有的长，有的短，有的大，有的小，挂在树上可好看了。
　　秋天来了。世界万物，从暑热造成的大喘气中，慢慢平静下来一秋天的呼吸是均匀而细声细气的。现在已是丰收季节，紫藤架上也结满了果实。孩子们一下课，就去捡果实。他们怕都被捡光了，所以还没等下课就已经站在门口了。他们捡豆角不光为了好玩，也当个礼物送给朋友，他们还比谁捡得多，大家都喜欢这丰收的季节。
　　冬天是孩子们最喜欢的季节。冬天雪花飞舞，大雪纷飞，雪花给所有的东西都披上一层厚厚的被子。雪花对紫藤架也不例外，它就成了孩子们唯一可以玩雪的地方，因为其它地方的雪都被清理了，只有紫藤下，种两树的花坛里有雪。孩子们在那儿打雪仗、做雪球、堆雪人……都是很常见的现象。这儿的欢声笑语早已传遍校园的每一个角落，虽然紫藤架的枝条已经枯黄,但它还是很美丽，因为我们的欢笑声把它给染绿了！
　　我喜欢紫藤架，因为它一年四季都那么美丽，更因为那有我们最美好的回忆！",《美丽的紫藤架》
250103,4.0,4.0,4.0,4.0,4.0,3.0,4.0,4.0,4.0,4.0,4.0,3.0,4.0,4.0,5.0,4.0,4.0,4.0,4.0,4.0,4.0,4.0,4.0,4.0,5.0,5.0,4.0,4.0,5.0,3.0,4.0,4.0,4.0,3.0,4.0,4.0,3.0,4.0,4.0,4.0,5.0,5.0,5.0,3.0,4.0,4.0,4.0,4.0,4.0,5.0,3.0,4.0,4.0,4.0,3.0,3.0,4.0,4.0,3.0,3.0,4.0,4.0,5.0,5.0,5.0,5.0,5.0,5.0,4.0,4.0,"令人幸福的饼干
　　饼干有许多种类：奶油的，草莓的，抹茶的……可这块最普通的饼干却是我心中最特别的，因为它浓缩着妈妈的爱。
　　那天，我的肚子莫名疼起来了，起先只是轻微的不适，后来竟像被人狠狠地绞一样！痛得我吃不下饭，倒在床上，冷汗涔涔。妈妈见我这样，走过来关切地问我：“吃不吃饼干？”我想，吃饼干又不会肚子疼，就点点头。不一会，我听见打蛋器转动的声音。妈妈从厨房里探出头：“睡一会吧，一会就烤好了。”我听着打蛋器转动的声音，慢慢进入了梦乡。
　　“叮——”烤箱响了，我也醒了。妈妈把饼干一个个码在盘子里，轻轻端过来。脸上的笑容像要溢出来似的。我看着妈妈，心里甜甜的。我拿起一块饼干，轻轻咬了一口。“太好吃了！妈妈最棒了！”妈妈听了我的话，虽然疲惫但也开心地笑了。平时，妈妈会给我做很多好吃的在我不开心时劝我，在我不会的时候给我讲题，不管别人的妈妈可能有多好，在我心里，我的妈妈才是最棒的！
　　母亲的爱是无私的。她从我出生，到长大成人，一直在背后默默付出。不管自己有多疲惫，只要孩子高兴，她也就满足了。世界上，你永远还不清母亲对你的付出。“谁言寸草心，报得三春辉。”看，连寸草都要用微薄的力量回报太阳，我们一定也可以！
　　这块饼干告诉了我一定要做一个有孝心的孩子。它不仅仅是一块普通的饼干，还浓缩着妈妈对我深深的爱。拥有这样的妈妈，真是令人幸福。",《令人幸福的饼干》
150125,3.0,2.0,4.0,3.0,4.0,2.0,3.0,2.0,4.0,2.0,2.0,2.0,3.0,2.0,3.0,2.0,3.0,2.0,2.0,2.0,3.0,2.0,3.0,2.0,4.0,3.0,4.0,2.0,4.0,2.0,3.0,2.0,4.0,2.0,3.0,2.0,3.0,2.0,3.0,2.0,5.0,2.0,2.0,3.0,3.0,2.0,3.0,2.0,4.0,2.0,3.0,2.0,3.0,2.0,3.0,2.0,5.0,3.0,2.0,2.0,5.0,2.0,5.0,2.0,5.0,2.0,3.0,2.0,3.0,2.0,"读《不老泉有感》有感
　　《不老泉》这本书是位十分要好的朋友赠送于我的，书中丰富、精彩的内容令我对它爱不释手，
　　《不老泉》讲述的是这样的一个故事：在喝了有魔力的水之后，塔克一家获得了永恒的生命，但他们总是想方设法地和普通人一样的生活，不引人注目。某一天，小女孩偶然撞见了塔克一家的秘密，他们把她带回了家，向她解释了他们为什么永远停留在一个年龄，而这情况可不如别人想象的那么好。可温妮被一个陌生人怀着发财的邪恶想法，想把说卖给有钱人。
　　这个唯美而又可怕的故事的确令人永世难忘。它让我感受到塔克一家的正义感。
　　让我们想一想20世纪初来说，的的确确少了那些战争的硝烟，但不是要时刻保持警惕。正义时时刻刻都在与邪恶进行着斗争，那这场输赢就掌握在我们的手中，只要人人都想觉悟点，那连我就稳占上风了。
　　我们要像塔克一家学习优点，那种精神。",读《不老泉》有感
160110,5.0,5.0,5.0,5.0,4.0,4.0,5.0,5.0,4.0,4.0,5.0,4.0,4.0,4.0,5.0,5.0,5.0,5.0,4.0,4.0,4.0,4.0,4.0,4.0,5.0,5.0,5.0,5.0,5.0,5.0,5.0,5.0,4.0,4.0,5.0,5.0,4.0,4.0,5.0,4.0,5.0,4.0,5.0,5.0,4.0,5.0,5.0,5.0,4.0,4.0,3.0,3.0,4.0,4.0,4.0,4.0,4.0,5.0,4.0,4.0,5.0,5.0,5.0,5.0,5.0,5.0,3.0,4.0,5.0,3.0,"指路
　　赠人玫瑰，手留余香。有时帮别人一个小忙，即能让自己收获极大的快乐，也能让别人受益匪浅，甚至能让人终身难忘。想起那天为人指路，虽然是小事，可我认为我不单为他们指到了清华，还为那人小男孩指向了人生的路。
　　记得有一次，天气炎热，我上完了课外班，正要与妈妈回家，这时后面有一个人问我：“小朋友，可不可以告诉我A大学怎么走呢？”我与妈妈回头一看，原来是一对母子。“我们想去清华参观，请问哪条路能走过去？”那位母亲说着，脸上露出了期盼的神色。我想了想说：左边能过去，不过，从知春路过去要一个多小时，打车会快一点，我认为打车好一点。她听后，犹豫了一会，对我说：“我和儿子都晕车，那该怎么办呢？”她在那站了好一会儿，小声对男孩说：嗯，不如咱们别去了……换个地方吧。”男孩脸色暗了，眼中也流露出了失望的神色。他犹豫了一下，没说话。“不如你们骑共享单车吧，”我说。她将手机给了我，让我帮忙开两辆，看着我慢慢地开了车，她笑了，男孩也开心了，那位母亲问我：“那么热，你去干什么了呀？”我说：“我上课去了，语文，数学，英语课。”她想了一会，对儿子说：“你看，北京科技那么发达，又有那么多好学的人，所以你一定好好学习，将来在北京考个好大学。”我们聊了一会才知道，他们来自贵州的一个小县，到北京参观A大学，为了让男孩更积极上进。想到这，我认为我也要好好学习让我的人生变得更好！
　　通过这次助人的经历，我收获了快乐，同时，我一定会更努力学习，将来为更多人“指路。”",《指路》
141136,4.0,4.0,4.0,5.0,4.0,4.0,5.0,4.0,4.0,4.0,4.0,5.0,4.0,5.0,2.0,4.0,3.0,3.0,4.0,4.0,4.0,5.0,4.0,3.0,4.0,5.0,4.0,4.0,3.0,4.0,3.0,3.0,4.0,3.0,4.0,3.0,3.0,4.0,4.0,5.0,4.0,4.0,4.0,4.0,3.0,4.0,3.0,4.0,3.0,3.0,3.0,3.0,2.0,3.0,2.0,3.0,4.0,4.0,3.0,5.0,4.0,4.0,4.0,5.0,5.0,5.0,5.0,4.0,4.0,5.0,"一次课上活动
　　今天老师给我们上了一节以“听写”为主题的活动课，它与以往不同的是，以前老师听写都是简单明了，听完一个词接着听下一个词，可是这节课老师把重点词隐藏在一句话里，混淆我们的视听，并且结合倒计时的方式来增加紧迫感，弄得我们都不知道写什么了。当时，我的内心是崩溃的，因为老师还没说听写什么词呢，就倒计时了，可是后来我又细细回想了几遍，我恍然大悟！原来老师听写的词是“开始”。
　　第二个例子与第一个例子相似，但是以提问的形式出现的词语，这就更增加了问题的难度，所以我判断失误。我在想老师这么做的用意是什么呢？我猜想因为我们已经具备了听从指令完成作业的能力，所以老师要锻炼我们的专注力和分析判断力。
　　经过这次活动课，我知道了：以后听课除了要认真听讲，还要听清楚老师所说的重点，灵活运用所学知识，综合分析判断，找出正确答案。延伸到生活当中，我们做人做事要踏实认真、思考周全、灵活多变，这样才能成为一个有用的人。",《一次课上活动》
160134,4.0,5.0,3.0,4.0,4.0,4.0,3.0,4.0,3.0,4.0,3.0,3.0,4.0,3.0,3.0,5.0,4.0,4.0,4.0,3.0,4.0,4.0,4.0,4.0,4.0,3.0,4.0,3.0,4.0,4.0,4.0,4.0,4.0,5.0,5.0,5.0,5.0,5.0,5.0,5.0,4.0,5.0,4.0,5.0,3.0,4.0,4.0,5.0,4.0,4.0,3.0,3.0,4.0,4.0,4.0,3.0,4.0,4.0,5.0,4.0,5.0,4.0,5.0,5.0,5.0,4.0,5.0,5.0,5.0,5.0,"为自己的行为买单
　　父母常说“吃一堑，长一智。”这句老话的意思自然容易理解。可往往也有那么些人，要吃两堑才长一智。我，就犯了这么个错。
　　在我钢琴考七级时，便是最后几天冲刺才考过。我的钢琴老师因此还让我写了篇作文。可偏偏，现在我准备考八级时，又重蹈覆辙。考之前，考试，加排，演出，受伤各种事情就纷纷涌来。好不容易考完了，可事情非但没有减少，反而增多了。日复一日，时间越来越紧，一天，二天，三天……尽管时间越来越紧，可我依然做着无用的事。直到考前14天，老师被我气走时我才发觉。我的心如刀绞，很痛却无比冰凉，我呆呆的望着钢琴，说不出一个字，唱不出一个音。“为什么不努力呢，考不过的话，怎么对的起妈妈呢？”我一遍遍质问自己。之后，我开始每天10小时的练。不幸，又一次到来，让本就短暂的时期更加紧迫。
　　只剩4天时，我的小妹妹突然生病了，全身上下都异样的滚烫。她明明那么难受，却依然为我露出笑容。待她走后，我坐在钢琴边。可以的话，我多么想时光倒流，这样，老师就不会失望，我就不会让妈妈的厚望变成“希望”或“奇迹”……说不好，妹妹生病也是因为我才会的……我想了一切，可……这又怎么可能呢？听到她的哭声，我也发现眼角有眼角有泪水流出。我再也控制不住，“为什么，为什么，为什么……”我反问着自己。泪水冷酷无情的拍打着琴键。哭，不能改变什么，但被寄予厚望却无法实现的感觉，沉重而又压抑。到底，也只是放手一搏，起码，不负他们。我错两次，我就要为自己的行为买加倍的“单”。
　　我也不知结果如何，但起码我尽力了。不知这次经历是福是祸。福是让我学会珍惜时间，祸便是整个经历。我不敌时光，只能一直向前，我定会铭记于心这整个经历。无论将来发生什么，我会为自己的行为，作为“买单”。",《为自己的行为买单》
160609,4.0,5.0,4.0,5.0,4.0,5.0,5.0,3.0,4.0,4.0,4.0,4.0,5.0,4.0,5.0,5.0,4.0,5.0,5.0,5.0,4.0,4.0,4.0,4.0,5.0,5.0,5.0,5.0,4.0,4.0,4.0,4.0,4.0,5.0,4.0,5.0,5.0,5.0,4.0,4.0,4.0,4.0,5.0,4.0,5.0,4.0,4.0,4.0,4.0,5.0,4.0,4.0,3.0,3.0,3.0,5.0,3.0,3.0,2.0,2.0,4.0,4.0,4.0,5.0,5.0,5.0,4.0,3.0,4.0,3.0,"我的理想
　　每个人的心中都有许许多多属于自己的理想。理想好似黑夜里的一盏明灯，指明我前进的道路，给予我方向；理想仿佛是一团火，点亮熄灭的灯，给予我希望；理想犹如一盆水，滋润枯萎的花儿。而我的理想是考取心仪的初中。
　　尽管我知道实现我的理想并不简单，但我认为只有经历过风风雨雨才能看到彩虹。就像古代陆游所写的“宝剑锋石磨砺出，梅花香自苦寒来。”在最后几个月的小学生活中，我会像陆游写的一样，把握每一次机会，认真对待每一项作业，每一回上课发言，让我离理想更近一步。
　　可是，在我“追逐”理想时，也遇到过失败，挫折。记得在三年级的一次期末考试，我信心满满的走进考场。我从容不迫的做着题，心中不免有些得意……
　　不一会儿，我写完了一大半的题目，只剩下作作文了，心中多了一丝欣喜。但当我看到作文题目时，心底一沉：我从来没有写过，我不会写，怎么办啊！我完了。我抱着担心，害怕的心情，写到一半时，铃打响了……
　　发下卷子时，我没有得到优。心里十分伤心，想要放弃。但当我看完那个视pin2后，我重新“捡”起我的理想，要继续为理想而努力。也对我的理想更加坚定了。
　　那个视频是这样的：鸭妈妈在台阶上，等着刚出生几周的小鸭子跳上台阶，只见，小鸭子们一次次往上跳都失败了，我认为小鸭子们不会跳上去。但不可思议的是：在它们无数次的努力下，竟然一个接一个的跳了上去。
　　我看完后，心中十分感动。我认为我们在实现理想时遇到的挫折就好比小鸭子们的一次又一次的失败。有一句话说的好：“失败是成功的母亲。”我们应该从失败中汲取教训，并向小鸭子们一样坚韧不拔的，坚持不懈的为自己的目标、理想而努力。
　　只要有了目标，理想，才能去实现它们，才能为它而努力。一棵树都有自己生存目标，小鸭子们都能够面对失败，坚持不懈的为理想而努力，更何况我们呢？所以，我们应该向它们一样，为我们的梦想，理想而奋斗。
　　理想如海上的灯塔，为在黑夜里迷失方向的小船，朝着目标，扬帆起航！",《我的理想》
160132,4.0,3.0,5.0,4.0,5.0,4.0,5.0,4.0,5.0,2.0,3.0,3.0,5.0,2.0,3.0,3.0,3.0,3.0,5.0,3.0,4.0,3.0,4.0,3.0,5.0,2.0,5.0,3.0,5.0,2.0,5.0,3.0,4.0,3.0,5.0,3.0,3.0,3.0,4.0,3.0,4.0,3.0,3.0,3.0,3.0,3.0,4.0,3.0,4.0,3.0,3.0,2.0,4.0,3.0,3.0,3.0,4.0,3.0,2.0,2.0,4.0,3.0,5.0,3.0,5.0,3.0,5.0,4.0,3.0,2.0,"微笑是什么
　　微笑，是一个表情，又不仅仅是一个表情，这表情的背后蕴含着更深的含义，那是一种沟通更是一种理解，微笑的魅力让我定格在那年的暑期。
　　流逝的时光冲不淡记忆，这微笑使我倍感亲切。那是一个阳光明媚的早晨，我去帮妈妈买早餐，从口袋里拿钱时，却摸了个空。这时，我才想起钱放在家里的茶几上了没有拿来。我的心紧张起来，要是卖早餐的人知道我没有钱，她会怎么处置呢？是把早餐抢回去还是骂我一顿呢？如果我直接告诉她我没带钱来，等下一次再还给她，她会相信吗？我该怎么办呀！正在我正不知如何是好的时候，老板娘似乎看出了我的心思，对我说：“小妹妹是没带钱吗？”我脸红着点头。“没关系，下次再还也可以嘛。”“但……”还没等说完，她便笑朗朗地说：“什么可是，你经常光顾我的店，这一顿就算我请你的吧！”我的心顿时涌出一股感激之情，“谢谢”两个字不由得从嘴里吐出。老板娘望着我微微一笑，本来就小的眼睛眯成了一条缝，在阳光下显得那么慈祥。
　　微笑是什么？微笑是良药，让人走出痛苦；微笑是春风，让人倍感温暖；微笑是阳光，让人走出阴霾。是卖早点的阿姨使我明白了微笑的力量。这以后；我也要微笑对人，让世界多一点温暖。",《微笑是什么》
140137,2.0,3.0,4.0,4.0,2.0,3.0,2.0,3.0,2.0,3.0,2.0,3.0,2.0,3.0,1.0,4.0,1.0,3.0,3.0,3.0,3.0,3.0,3.0,4.0,2.0,3.0,3.0,4.0,3.0,4.0,2.0,3.0,2.0,3.0,2.0,3.0,2.0,3.0,3.0,3.0,2.0,3.0,3.0,3.0,2.0,3.0,2.0,3.0,3.0,3.0,2.0,3.0,2.0,3.0,2.0,2.0,2.0,2.0,3.0,2.0,2.0,2.0,3.0,4.0,3.0,4.0,3.0,3.0,2.0,4.0,"响沙湾之行
　　今年暑假我和妈妈、姥姥去了内蒙古自治区的响沙湾。
　　到了响沙湾，我们先坐三号索道去仙沙休闲岛。然后我们又坐冲浪车去仙沙岛。冲浪车像一条船，在沙漠中行驶又快又稳，随着沙丘起伏，像在大海中冲浪。
　　在仙沙岛，我们穿上了长长的沙袜，以防细沙钻进鞋里。我去驼苑骑了骆驼。内蒙古的骆驼是双峰驼，骑骆驼时要坐在两个驼峰中间。我骑上去的时候，骆驼趴在地上，我还不害怕。它一站起来，一下子高了很多，我就害怕了。骑着骆驼转了一会儿，我就不害怕了。
　　然后我们依次玩了儿童乐园、沙漠探险车、轨道自行车、高空滑索、走钢丝、沙漠排球、沙漠足球、沙漠摩托。
　　我们玩得非常开心！",《响沙旁之行》
160119,4.0,3.0,5.0,4.0,5.0,3.0,4.0,3.0,4.0,3.0,5.0,3.0,4.0,3.0,5.0,3.0,5.0,3.0,4.0,4.0,3.0,3.0,3.0,3.0,5.0,3.0,4.0,3.0,4.0,3.0,4.0,3.0,3.0,2.0,4.0,3.0,4.0,3.0,4.0,3.0,5.0,3.0,5.0,3.0,4.0,3.0,4.0,3.0,5.0,2.0,3.0,2.0,4.0,2.0,3.0,2.0,4.0,3.0,3.0,3.0,4.0,2.0,5.0,3.0,5.0,3.0,4.0,3.0,5.0,2.0,"“牛排”
　　提到牛排，大家第一时间想到的一定是烤牛排。但我今天要说的这个牛排和烤牛排差别很大。
　　暑假最后几天，我每天都出去打篮球。尽管篮球场离家不算太远，我还是喜欢骑着平衡车去。一次，快到篮球场的时候我发现路上有好多小石子，不过也没太在意。可是就那一颗不起眼的小石子，差点让我下不了床。我骑的飞快，突然被小石子绊倒。直接从前面摔了下来。双腿狠狠地摔到地面。我大吼一声，腿部如同被一刀刀割着般的疼痛。我使劲地想爬起来，可是腿仍血流不止，使我不得不放弃这个念头。一个个念头在我心里一一闪过。我会不会血流过多而亡？我有没有可能再也站不起来？不行，我要坚强。我非常吃力地爬了起来，用尽全身力气骑上车并往家走。到了家，我一下瘫倒在沙发上。我妈看到我的腿也吓一跳，我匆忙跟她解释了一遍。我妈给我检查了一下伤口，发现伤得很重，只好去药店给我买专业的药来清理伤口。因为伤口太大，只好拿碘酒直接往上倒。疼得我都“欲哭无泪”。好不容易熬过去，发现擦完后更疼。
　　第二天，我依旧去打篮球，不过是负伤打。因此，其它人还嘲笑了我。不过用我的实力向他们证明我虽然受伤，但我依然不比以前差！
　　伤好以后，我突发奇想，这件事和学习不是有点相似吗？当你倒下的时候，你必须坚强地爬起来，当别人嘲笑你时，你必须视而不理或静静地走开。这样你才能比别人更进一步。一个跟头，栽了伤疤，也栽下一棵拼搏的大树。",《“牛排”》
130141,3.0,3.0,4.0,4.0,3.0,3.0,3.0,4.0,3.0,3.0,2.0,3.0,2.0,4.0,2.0,2.0,2.0,3.0,3.0,4.0,2.0,3.0,2.0,3.0,3.0,3.0,3.0,3.0,3.0,3.0,3.0,2.0,3.0,2.0,2.0,4.0,2.0,3.0,3.0,4.0,3.0,3.0,3.0,2.0,2.0,3.0,2.0,3.0,3.0,2.0,2.0,2.0,2.0,2.0,2.0,3.0,3.0,3.0,3.0,2.0,2.0,2.0,3.0,4.0,2.0,3.0,3.0,3.0,2.0,4.0,"我的小乌龟
　　我有一只可爱的小乌龟。
　　它有一个小小的鼻子，翠绿色的眼睛，尖尖的爪子，椭圆形的龟壳，凑成了活泼可爱的小乌龟。
　　它喜欢吃小鱼，小鱼很难逃它锐利的眼睛。它还喜欢在石头上晒太阳。我的手指放在那里，它就跟到那里。所以我就管它叫“人者神龟”。有次我去抓了一条罗非鱼，它和乌龟关系太好，所以我把罗非鱼送给了我朋友。
　　我很喜欢我的小乌龟。",《我的小乌龟》
250123,4.0,4.0,5.0,5.0,5.0,5.0,4.0,4.0,5.0,5.0,3.0,3.0,4.0,4.0,3.0,3.0,4.0,4.0,5.0,5.0,4.0,4.0,4.0,4.0,5.0,5.0,5.0,5.0,4.0,4.0,3.0,3.0,5.0,5.0,5.0,5.0,3.0,3.0,5.0,5.0,4.0,4.0,5.0,5.0,5.0,5.0,4.0,4.0,5.0,5.0,4.0,4.0,4.0,4.0,3.0,3.0,5.0,5.0,2.0,2.0,4.0,4.0,5.0,5.0,5.0,5.0,4.0,4.0,3.0,3.0,"去泰国浮潜
　　今年寒假，我们买了两个呼吸管和两个潜水镜。我们坐着飞机，带着这四件东西坐飞机去了泰国的普吉岛，我们在那里玩了两天，就坐船去了皮皮岛，皮皮岛很小，连机场都没有，只有两个很小的码头，可这到底是个多小地岛呢？它的面积不到北京的一半，人口不到一万人。但这为皮皮岛创造了一个非常好的野生环境。
　　我们下船时已经五点了，我们去酒店办好了手续，吃完晚饭，就去房间里睡觉了。第二天，我们吃完早饭，体息了一会儿，就带好了东西，去酒店大堂门口旁边交了钱，租了条小船去浮潜了。
　　半小时后，我们到了竹子岛边上的一片海域，我们把船停住，从船上往下看，海水非常的蓝，海底和我们的距离不到十米，海底的砂石都能看的很清楚；那里的鱼都不怕人，教练先往水里扔了几块面包，然后“扑通”一声下去，接着，他帮我也下了船，我一进水，我就被眼前的影像惊呆了，大大小小的鱼在眼前穿梭着，五颜六色，太阳一照，鳞片变的更加光彩夺目。再往里看，海底上布满了大小不一的珊瑚，奇形怪状，各式各样。海胆、海葵在海底分布着，还有三只小丑鱼在海葵中欢快地游动着，浮游生物，植物在眼前漂浮着，五种不同的鱼在海面、海底游动着，真像在梦中的一样。
　　一个小时很快地过去了，我们依依不舍地回到了船上，坐船回了皮皮岛，这次浮潜可真令我难望啊。",《去泰国浮潜》
160840,3.0,4.0,4.0,4.0,4.0,3.0,3.0,3.0,3.0,4.0,3.0,3.0,4.0,4.0,2.0,3.0,3.0,3.0,3.0,4.0,3.0,3.0,3.0,4.0,2.0,2.0,3.0,3.0,3.0,3.0,2.0,3.0,3.0,3.0,2.0,2.0,2.0,2.0,3.0,4.0,2.0,3.0,3.0,2.0,2.0,2.0,2.0,3.0,2.0,2.0,2.0,2.0,2.0,3.0,2.0,2.0,3.0,3.0,2.0,2.0,3.0,4.0,3.0,4.0,3.0,4.0,3.0,5.0,3.0,4.0,"难忘的合唱旅行
　　每一次在学校看到五六年级大哥哥大姐姐们去比赛，表演什么的我都特别想和他们一样，上台去表演，直到3年级，我上了野斑马，当然在去年，我们走到了欧洲，那里是音乐的地带，随便一个人都能唱出一首首动听的歌曲。
　　我第一次出国在美国，但只在美国型的合唱节，而在奥地利这次，是世界型的，那是11个国家有百个合唱团，歌曲都非常好，唱的也很好，那一次比赛特别激动人心，都是有名的合唱团。
　　那天的时候，背台的时候，老师们匆匆忙忙的练习，开声，生怕出了一点点的差错，团员们也都努力的练习，也是都有望得到宝贵的金奖，得金奖只有四三～四个团，想一想几率几乎可以说没有多大，而我们所有人都信心饱满，但我们上台之前都非常非常的紧张，生怕有错，就从名单上掉下来了，所以我们也尽我们的所能去压，克制自己紧张的心情。
　　要上场唱了，我的心情又开始紧张了起来，心里有2种想法，会唱好吗，不会唱错吧？如果唱错了的话，那还会有机会得到金奖吗？我不禁开始有了各种的问题，有人说：“A小学合唱团上台！”的时候，我最后鼓起了勇气，我，一定要拿金奖，回到中国！拿不到就不回国了，老师叫我们说：“不用紧张，只要加油，努力了就好，咱们的声音很好，一定要努力努力再努力！”我们上了台，当唱了的时候我们也开始不紧张了，慢慢的开始不紧张，反而又变的轻松了很多，我们唱完了之后，又要唱大合唱也就是齐唱，后面就开始了发奖，老师说完了银奖，铜奖，就都没有我们，我心想，只要金奖！后来，老师说：“金奖获得者是——A小学合唱团！”我有说不出的喜悦，也同样非常惊讶。
　　我感谢老师学校，他们让我有了信心，有了足够的力量，我也感谢同学，他们给了我无限的机会，让我绽放自己，做最好的自己！",《难忘的合唱旅行》
130412,4.0,3.0,4.0,4.0,5.0,4.0,5.0,3.0,4.0,3.0,4.0,3.0,5.0,2.0,4.0,3.0,3.0,2.0,4.0,3.0,4.0,3.0,4.0,3.0,4.0,3.0,5.0,2.0,5.0,3.0,4.0,2.0,4.0,3.0,4.0,2.0,4.0,2.0,3.0,3.0,4.0,3.0,4.0,4.0,4.0,3.0,3.0,2.0,3.0,3.0,3.0,2.0,4.0,2.0,3.0,2.0,4.0,3.0,3.0,3.0,4.0,3.0,4.0,3.0,5.0,3.0,4.0,3.0,5.0,2.0,"一件难忘的事
　　今年六一儿童节与以前不同。在我和爸爸妈妈的努力下有一名新疆小伙伴要来我们家住，我等啊等啊终于等到了六一儿童节。我怀着兴奋的心情迎接她。爸爸对我说：”你找找谁是申明”我刚要去找就听见一个声说：”我就是申明呀”！她告诉我她在学校也是3.(2)的而且我们的梓也一样，我觉得我们真有缘。
　　回到家里我们说说笑笑，一会看笑话一会玩乐高。晚上我们用被子搭了个小帐篷，只有一个灯和一个手动风扇但是我们很高兴。夜晚活动除了在帐篷里玩把吊灯放在贴画墙上就好了。
　　学校给她们安排了很多活动，我们没有多常时间一起玩但周六上午我们还可以一起玩我们去看电影了！电影说了胖红、飞镖黄、炸弹黑对猪猪王的故事为了鸟蛋安全它千辛万苦！
　　快乐的时间总是短暂的,周二早上五点多她就走了。想想和她在一起的时候是多么难忘啊！",《一件难忘的事》
160624,4.0,4.0,5.0,4.0,5.0,4.0,4.0,4.0,5.0,4.0,3.0,4.0,4.0,4.0,4.0,4.0,5.0,4.0,4.0,4.0,3.0,4.0,5.0,4.0,4.0,4.0,5.0,4.0,4.0,4.0,3.0,4.0,4.0,4.0,4.0,4.0,3.0,4.0,3.0,4.0,4.0,4.0,4.0,4.0,5.0,3.0,3.0,4.0,4.0,4.0,3.0,3.0,4.0,2.0,3.0,3.0,4.0,4.0,2.0,2.0,4.0,4.0,5.0,4.0,5.0,4.0,4.0,4.0,4.0,3.0,"我的理想
　　理想是黑暗中的一盏明灯，指引你前进的方向！理想是闪亮的星，引导着我们走向黎明！理想是每个人心中的梦，你会带着它奔向明天！
　　我的理想是教留守儿童绘画。为什么我会有这样的理想呢？因为我在书上看过一张灰白图片，有一位小姑娘，穿着比自己还要大的衣服，孤独地坐在家门口望着远方的路，看着来来往住的游客，兴奋的盼着父母的归来！看到这里我想：“我要努力学习美术，长大后去山区支教！
　　塞内加曾说过：“只要持续地努力，不懈地奋斗，就没有征服不了的东西。”果真如此，我通过这几年的努力，我收获了许多关于美术的荣誉，当然，收获的背后也有不为人知的汗水，比如：休息时间变少，休息时间变少……可是，我也会从荣誉中感受到付出的快乐。当我想起一个个可爱的小朋友，在我累了的时候就有了动力我希望我能给他们的生活带去的色彩，带去世界的美好，让他们开心快乐的生活，也让人们一起去帮助留守儿童，让爱心筑起梦想的高楼，让奉献变为世界的快乐和美好！我也会转告他们：“你们的父母正在辛苦的工作，不管流汗、流血都努力的工作！请你们也好好学习，不要浪费你们父母的血汗钱，等着你们父母回家！”
　　每个孩子都应该公平对待。我一定要成为他们的画画老师。从这以后我迈进了美术班的大门！我不管被同学嘲笑还是手练的时不时抖下斗哪怕手上的汗珠一直不停的往下流……我也依旧不会放弃我的理想，我坚信有一天我会见到那一张张可爱的小脸！
　　仰望星空，脚踏实地，埋下理想的种子，向着它生长的方向不断努力，帮助可爱的留守儿童！我坚信小种子也会长成参天大树，我会在人生道路上，点亮属于我的那盏灯！",《我的理想》
130209,4.0,4.0,4.0,5.0,4.0,5.0,4.0,3.0,4.0,4.0,3.0,3.0,3.0,4.0,3.0,4.0,4.0,4.0,4.0,3.0,4.0,4.0,4.0,4.0,4.0,3.0,4.0,4.0,4.0,4.0,5.0,3.0,4.0,4.0,4.0,3.0,3.0,3.0,4.0,4.0,4.0,4.0,4.0,3.0,3.0,4.0,2.0,4.0,4.0,3.0,2.0,3.0,3.0,3.0,2.0,3.0,4.0,4.0,2.0,2.0,3.0,3.0,4.0,5.0,4.0,4.0,3.0,5.0,4.0,3.0,"弹钢琴
　　我的本领有很多。例如，围棋，画画，乒乓球，好多好多。不过我最喜欢的就是弹钢琴了，弹钢琴这个本领是韩老师教我的。韩老师长着短短的卷发。虽然韩老师很严厉，但是我知道一个谚语，谚语是：“严师出高徒”。（而且长的也很有气质)所以我还是挺喜欢她的。
　　我还记得，我刚刚开始学钢琴的时候，手指不听我的使唤。弹的也很慢。不过我非常认真，每次都按老师的要求去做。
　　功夫不负有心人。经过长时间的练习。我的手指灵活了！现在我的手都能在钢琴键上像著名的芭蕾舞演员一样在舞台上表演舞蹈呢！
　　过了一段时间。韩老师用手机给妈妈发了一条微信上说：“你们有时间去音乐会上表演吗？”妈妈收到微信后,立刻把这件事告诉了我。当我知道的那一瞬间。我跳了起来！然后说了一声：“去”。妈妈听完我的回答。然后就给韩老师回话说：“有时间，去。”
　　时间过的真快！我终于盼到了音乐会那天了！那天早上，天蒙蒙亮。我急急忙忙的穿上了衣服吃了早点就去音乐会的地点。到了那里我既兴奋又jin3张！过了一会轮到我了。我开始演奏了（我弹了三首曲子）我弹第一首的时候心情非常紧张。我弹第二首的时候我就没那么紧张了。第三首的时候，我完全投入了。我感觉我到了“音乐之城”。
　　这就是让我感到骄傲的钢琴！!我爱弹钢琴！!!",《弹钢琴》
150418,5.0,5.0,5.0,4.0,5.0,4.0,5.0,3.0,4.0,4.0,3.0,4.0,3.0,4.0,5.0,5.0,4.0,5.0,4.0,5.0,4.0,4.0,4.0,4.0,4.0,4.0,4.0,5.0,4.0,4.0,4.0,4.0,4.0,4.0,4.0,5.0,4.0,5.0,5.0,4.0,5.0,4.0,5.0,5.0,4.0,4.0,4.0,4.0,4.0,4.0,3.0,4.0,4.0,4.0,3.0,4.0,4.0,5.0,3.0,5.0,4.0,4.0,5.0,5.0,5.0,5.0,5.0,5.0,5.0,4.0,"体育节的幕后故事
　　在五一劳动节的前一天，我们盼望已久的体育节终于开幕了！原本平常的体育节还发生了一件事，让这次体育节十分难忘。
　　我们班的体育成绩一直在年级里名列前茅，我们也想多拿几个第一，班老师为了涨士气，还说：“如果你们拿两个第一，就不留作业！”为了不写作业，我们一定要赢。
　　第一个项目是双人带排球，排球在两人中间，不可以掉下来。这个项目我们练了很多次，胸有成竹，果然，竟无悬念地拿了第一名。第二个项目是单人拖轮胎，这个项目5个班都很快，而我们班因为有人体力不足慢了下来，所幸我们后面的人力气大，追了上来，但还是落了一点，拿了个第三。
　　我们离不写作业只有一点点距离了，就是最后一个项目拿第一就可以了！
　　最后一个项目是双人滑板，它需要两个人的配合，也是一个我们班很有可能拿第一的项目，因为班老师说有两个项目第一就不留作业，所以我们打算拼一场。前面几组发挥不错，领先其他班4-5个身位，但是可以看出5班也练了，也想拿第一，比赛进入白热化，就在这时，杜明的手卡在了轮子里，毒辣的阳光和手上的疼痛使她皱紧了眉头，但她坚持滑到终点。我们班的倒数第二组和5班的倒数第二组齐头并进，同时交给最后一棒，石磊和秦波这一组像离弦的箭一样冲出起点超过5班，我们欢呼起来喊着：“加油，加油”！就在他们离终点还有5米的时候，意外发生了，我们的心提到了嗓子眼儿，突然，石磊不知怎地从滑板上滑了下来，5班乘机反超，心想：哎呀，没事吧，第一还能拿到吗？只见秦波一个滑向终点……只见石磊毫不犹豫地站起身，冲上滑板，两腿一蹬冲到终点，但还是晚了一步，只拿了个第二。
　　虽然这个项目没拿第一，但是他们面对困难、挫折、意外不退缩，不畏惧的精神让我们有信心下届体育节一定拿第一。",《体育节的幕后故事》
160830,5.0,4.0,5.0,4.0,5.0,4.0,5.0,4.0,5.0,4.0,2.0,4.0,5.0,4.0,5.0,3.0,4.0,3.0,5.0,4.0,5.0,3.0,5.0,3.0,5.0,3.0,5.0,4.0,5.0,3.0,5.0,3.0,5.0,3.0,4.0,3.0,4.0,3.0,5.0,3.0,5.0,3.0,5.0,4.0,5.0,3.0,5.0,3.0,5.0,3.0,4.0,3.0,5.0,2.0,5.0,3.0,5.0,3.0,2.0,2.0,5.0,3.0,5.0,3.0,5.0,3.0,5.0,4.0,3.0,3.0,"难忘的小学生活——精彩的音乐之行
　　在六年的时光里，我跟同学们一起玩耍，一起生活，一起说话,他们跟我是不可分离的一部分，我们有着不同的爱好：唱歌，跳舞，拉琴。然而我在合唱团里也有许多难忘的时光，在2018年的暑假，我校合唱前往奥地利，开始一段精彩的音乐之行，在旅行中，有几件事让我久久不能忘怀。
　　记得我们走在繁华的维也纳街头，作为音乐之都的维也钠的人们是多么欣赏音乐呀！我们吃着冰淇淋，望着美丽的景色，简直妙不可言。宛然老师即兴让我们在街头上唱歌，我们一张嘴就一发不可收拾，我们要么边走边唱；要么伫足演唱。而欣赏音乐的人呢，一会儿给我们拍照，一会儿给我们掌声。我们唱着唱着感觉自己就像一只小鸟，在天上的由地飞呀飞。
　　然而随着几天快乐的游玩，终于我们期盼已久的比赛到来了，也是本次旅行最重要的一部分。经过在学校刻苦的训练，我们准备的非常充分。但是对手也很厉害，有很多外国团队，也有一些中国有名的队伍。在紧张的气氛中，终于迎来了我们，我们穿着洁白的两服路上舞台，我们演唱的歌曲的《摇篮曲》，《巴朗请你来新疆》还有指定歌曲《Duo SERAPAIN》。我们唱得非常有感情，对于呼吸,还有音符的强弱都把握的非常好，我们出色的演绎了这三首歌，并且我们信心十足，而等待我们的是几天后在金色大厅进行的闭幕式，演出以及最终的颁奖典礼。
　　在经过演出前的几次排练，这次震撼的演出开始了，我们在这样隆重的音乐殿堂上表演，简直让人永生难忘！我们走上舞台，感觉金色大厅是那么金碧辉煌，金光灿灿。而这场精彩的演出结束，迎来我们的是颁奖典礼，我们都非常紧张，期待获得金奖，最终主持人宣布我校合唱团得到了最高奖项金奖。我们非常开心，并且我们也是所有参赛队伍唱得最好的一个。
　　我们开开心心回家，而这个金奖是每个人的付出，是每个人在比赛场上拼搏才得到的，并且这个奖项也是我们在之前刻苦训练的一种证明。六年的时光转瞬即逝，我们这个大家庭也将会分别，我们将各奔东西，前往新的学校认识新同学。走向自己八生的新起点！坚持自己的特长，梦想！加油！",《难忘的小学生活——精彩的音乐之行》
160213,5.0,5.0,5.0,4.0,5.0,5.0,5.0,5.0,5.0,5.0,4.0,4.0,5.0,5.0,4.0,5.0,4.0,5.0,4.0,4.0,4.0,5.0,4.0,5.0,5.0,5.0,4.0,5.0,4.0,4.0,4.0,5.0,4.0,5.0,5.0,4.0,5.0,5.0,5.0,5.0,5.0,5.0,5.0,5.0,5.0,4.0,5.0,5.0,5.0,5.0,4.0,5.0,3.0,4.0,4.0,4.0,4.0,5.0,3.0,5.0,5.0,4.0,5.0,5.0,5.0,5.0,5.0,5.0,5.0,5.0,"心关爱
　　“人人为我，我为人人”是我一直十分笃信的一句话，并坚定认为我只要对别人好，就会得到回报。直到那件事的发生让我意识到人与人之间的关爱不完全是这样。
　　还记得那是一个入秋的下午，太阳躲到云朵身后，脸被冻得没有一点血色的我挤不出一点笑容，渴望能找到什么有趣的事干。
　　这时，一个和我非常要好的同学面露喜色地走进了班——她接到老师的任务在黑板上抄几个字，我也露出了羡慕与期待的神情，静静地望着她。“哎呀……”那位同学把那些大小不一歪歪扭扭的字体写了又擦，阴冷的空气中她的额头上竟冒出了豆大的汗珠，微微颤抖的手一遍遍拿起板擦。“没事的，我来吧，这样太慢啦，”为了帮她化解尴尬我三步并作两步奔向讲台，从她手中拿过粉笔，她本因为紧张和尴尬涨得通红的脸“唰”的一下变得更红了，眼眶里的泪水摇摇欲坠。“用不着！”僵了好一会后她一字一顿地说道，迅速转过头，脑袋一片空白的我并未注意到一滴泪水悄然滑过她的脸颊。
　　“我怎么惹她了，同学之间不就应该互相帮助吗？”带着这种不解的感觉我心中出现了一丝委屈，像江南阴绵的小雨，也有一丝理解，像我们心中架起的那座充满阳光的大桥。
　　“人人为我，我为人人”这句话并没有错，是我误解了它的意思。我的关爱太鲁莽，也太欠考虑，我在无形中便伤害了她的自尊。关爱别人需要用心关爱，也相信用心的关爱能让阳光充满世界。",《用心关爱》
150301,3.0,4.0,4.0,5.0,3.0,3.0,3.0,3.0,3.0,4.0,2.0,2.0,3.0,4.0,3.0,3.0,3.0,3.0,3.0,3.0,2.0,2.0,3.0,4.0,3.0,3.0,4.0,3.0,3.0,3.0,3.0,4.0,3.0,3.0,3.0,3.0,2.0,4.0,3.0,3.0,3.0,3.0,3.0,3.0,2.0,2.0,3.0,4.0,3.0,3.0,2.0,2.0,2.0,3.0,2.0,2.0,3.0,3.0,2.0,2.0,3.0,3.0,4.0,5.0,4.0,4.0,4.0,3.0,3.0,3.0,"我尊敬的班老师
　　光阴似箭，日月如梭，转眼班老师带我们快五年了，在这近五年中，班老师给我们留下了非常深刻的印象，十分面善；脸上总是带着抹不掉的微笑，一双亮晶的眼睛好似一汪清澈的泉水，一副金光闪闪的眼镜。记得深秋的一天班老师穿着深蓝色的大衣，戴着一条棕色的围巾，脚穿一双擦得发亮的皮鞋。披着一头乌黑的长发。
　　班老师是一位和蔼可亲而且特别善于解决同学间矛盾的老师。记得有一次早读期间，两个英语课代表因收作业发生了矛盾，两人争执不下，吵得面红耳赤不可开交，都觉得自己受了委屈，两人都哭了。班老师这时来到班级，正好看到了两人哭泣的一幕，班老师向两名课代表了解了事情发生的经过，然后班老师问他俩：“你们两个课代表在一起是不是相互信任？如果连起码的信任都没有的话，你俩怎么能合作把这个职位做好呢？”这两位同学听班老师的一番开导后，她们都觉得自己做得不对，并保证以后相互信任，并共同合作做好这个课代表职责。班老师最后对两位课代表说：“课代表是为大家服务的光荣职责，是对你们自身的锻炼和提高。”两个课代表听了班老师的活，以后每次都积极认真地为大家收作业，得到了老师和同学的好评。从这件事中，可以看到班老师能抓住问题开导和解决同学间矛盾，使我们受益匪浅。
　　这只是我们生活中的一件小事，我们觉得班老师是一位有爱公正严明的好老师，班老师很爱我们，我们也非常爱戴和尊敬班老师。",《我尊敬的班老师》
140736,5.0,4.0,4.0,5.0,4.0,5.0,4.0,5.0,4.0,5.0,3.0,3.0,4.0,5.0,3.0,4.0,4.0,4.0,4.0,4.0,4.0,3.0,4.0,3.0,4.0,4.0,4.0,3.0,4.0,4.0,4.0,4.0,4.0,5.0,3.0,4.0,3.0,4.0,5.0,5.0,5.0,4.0,4.0,5.0,4.0,4.0,4.0,4.0,4.0,5.0,5.0,5.0,3.0,3.0,4.0,5.0,4.0,4.0,3.0,4.0,5.0,5.0,4.0,4.0,5.0,5.0,5.0,5.0,4.0,5.0,"我的校园
　　我们的学校是A小学，紧挨着B大学和A大学，是教育的圣地。
　　春天，万物复苏，校园里的植物、动物，全都有了新生命。柳树发芽了，小草露出了尖尖角，它们已经迫不及待的要出来看看外面的世界了。小鸟在树枝上叽叽喳喳的，好像在说什么，接着，又来了几只小鸟喳喳叫，校园里又多了一份欢乐。
　　夏天下雨的时候，地面上湿漉漉的，小雨淅淅沥沥地下着，仿佛在跟大家打招呼，同学们一个个打着花花绿绿的小伞陆陆续续地走进了校园，两边小草的身上就像穿了一件用雨水做的衣服，柳树在雨中轻轻地摇摆，迎接同学们走进教学楼。
　　秋天，校园里的树叶非常美丽动人，有红色的、黄色的、菊色的、还有绿色的，它们组合在一起就像五颜六色的花一样好看，这儿一丛，那儿一簇，还带有秋收的香味。
　　冬天下雪的时候，教学楼上，操场上、松树上，仿佛都穿上了一层层又白又厚的小棉袄，下课了，同学们看见外边在下大雪，忍不住跑下去玩，我趴在窗前，看着那些同学在外边欢声笑语的。心里不由的想：白茫茫的雪中增添了同学们的笑声后，变得更加美了！
　　我们的校园真美啊，我爱我们的校园！",《我的校园》
140109,3.0,4.0,4.0,4.0,3.0,5.0,4.0,3.0,3.0,3.0,2.0,4.0,3.0,4.0,3.0,3.0,3.0,3.0,3.0,4.0,3.0,3.0,3.0,3.0,3.0,4.0,4.0,3.0,4.0,3.0,3.0,4.0,4.0,4.0,4.0,3.0,2.0,4.0,4.0,3.0,3.0,4.0,4.0,5.0,3.0,4.0,4.0,4.0,4.0,5.0,4.0,3.0,4.0,3.0,3.0,3.0,4.0,4.0,2.0,2.0,4.0,4.0,4.0,5.0,4.0,5.0,4.0,4.0,4.0,3.0,"游圆明园
　　清早，我和爸爸去圆明园玩儿。一进门就闻到了香气扑鼻的味道，我顺着香气向前走去。过了一会儿，我走到一朵朵让人们感觉幸福、美满的花朵前。花朵的颜色有红色的、紫色的、黄色的、蓝色的和淡粉色的。这些花朵缠绕在雕像的旁边。看上去光彩夺目，美丽极了！
　　我们看了一会儿，就又继续向前走，走着走着我和爸爸看到了去往“大水法”的船，所以我们就买了票就坐船去“大水法”了。沿途我们看到大树的枝干弯着仿佛是在弯腰给游客们鞠躬。过了一会儿。我们又看到一朵朵洁白如玉的白荷花。有的花瓣儿全展开了露出嫩黄色的小莲蓬。有的才展开两三片花瓣儿,有的还是花骨朵，看起来饱胀的马上就要破裂似的。这么多的白荷花一朵一朵的姿势。看看这一朵、很美。看看那一朵也很美。如果把眼前的一大池荷花看做一大幅活的画，那画家的本领可真了不起！
　　过了一会儿，我们下了船，看到了“大水法”的门口。然后，我们买了票就进去了。到了那里，我第一眼看到了，八国联军拿火烧完之后的遗产。这让我想起一句名言是：为中华之崛起而读书！!
　　我和爸爸出来的时候，我又想起那句名言。所以，我们要，好好学习天天向上！
　　快乐的时光总是短暂的！我和爸爸有些恋恋不舍的回家了！",《游圆明园》
150527,5.0,4.0,5.0,4.0,5.0,4.0,5.0,4.0,5.0,4.0,3.0,3.0,4.0,4.0,4.0,4.0,4.0,4.0,2.0,2.0,2.0,2.0,2.0,2.0,4.0,2.0,5.0,2.0,4.0,4.0,2.0,4.0,2.0,2.0,5.0,4.0,5.0,3.0,4.0,4.0,5.0,4.0,3.0,4.0,4.0,3.0,5.0,4.0,4.0,4.0,5.0,3.0,5.0,3.0,4.0,2.0,5.0,4.0,2.0,2.0,5.0,4.0,5.0,4.0,4.0,4.0,5.0,4.0,3.0,3.0,"表情包妈妈
　　我妈妈有一张圆圆的大脸，还有一团乱糟糟的头发。从远看去，不瘦也不胖，还有一个又粗又长的腿，稳稳地走过来，看她像什么？有时候她的手臂会情不自禁地动起来，像一只用手臂走路的企鹅！平常，她会穿一个已经皱了的蓝色裙子，还穿着一双带有粉白色条纹的鞋子。她穿的很普通，但却很好看！妈妈脸上长满了小豆豆，像一个放大的草莓。妈妈严肃的时候眉毛慢慢地向下，变成了一个“Ｖ”字。笑起来时，眼睛好像只有一片叶子那么厚。鼻梁不矮也不高，有时候，笑起来时，两腮鼓地像个刚出锅的大馒头！每次我看她的时候，他总是在厨房看手机，把左臂放在桌子上，右臂靠在椅子上。背躺在墙上，不受任何外界影响，专心致志地在手机上看电子书。这就是一直陪伴着我的善良妈妈。",《表情包妈妈》
150124,4.0,4.0,5.0,4.0,3.0,4.0,3.0,4.0,4.0,4.0,3.0,4.0,4.0,4.0,2.0,4.0,4.0,4.0,4.0,3.0,3.0,4.0,3.0,3.0,4.0,3.0,5.0,4.0,5.0,4.0,3.0,4.0,3.0,3.0,4.0,4.0,2.0,3.0,4.0,4.0,4.0,3.0,4.0,4.0,3.0,4.0,2.0,3.0,4.0,4.0,4.0,2.0,2.0,3.0,2.0,2.0,3.0,4.0,2.0,2.0,3.0,4.0,5.0,3.0,4.0,4.0,3.0,3.0,4.0,4.0,"读后感
　　我读的是《鲁道夫和可多乐》这本书，它是日本作家奇藤洋先生所写的，奇藤洋出生于日本东京，代表作有《鲁道夫和可多乐》、《鲁道夫一个人的冒险》等。
　　这本书的主人公鲁道夫无意中坐上了开往江户川区的货车，结果，到了江户川区。它也不知道如何回到三丁目，刚好遇上了可多乐——一只虎斑猫。它们两个经过风风雨雨终于找到了鲁道夫的家！就在这个晚上可多乐却被打了！心急如焚鲁道夫到底会选择什么呢？那我就不能告诉你了！
　　这本书让我明白了不要向任何事情低头！就像五年级的课文“精彩极了”和“糟糕透”，其实回还是不回就像两股风想吹倒我生活的小船，而我要握住我生活的小船，不要让它被那股风吹倒。我还明白了要珍惜现在，因为不知道哪一天鲁道夫就会离开可多乐。就像我们不知道在六年级的那一天，某一个同学就会离我们去走他的人生道路，但是，我们只要一天在这里，五（2)班就还是我们第二个家，班老师就还是我们永远喜欢的班老师！那怕走了、分开了，但，总有天我们还会回到这个家！",《读后感》
160804,4.0,4.0,2.0,4.0,4.0,5.0,2.0,2.0,4.0,4.0,2.0,3.0,4.0,4.0,4.0,4.0,3.0,3.0,4.0,4.0,3.0,3.0,3.0,3.0,3.0,3.0,4.0,4.0,4.0,4.0,2.0,4.0,3.0,3.0,4.0,3.0,2.0,5.0,4.0,4.0,4.0,4.0,4.0,4.0,3.0,3.0,4.0,4.0,4.0,3.0,4.0,4.0,4.0,3.0,3.0,3.0,4.0,5.0,2.0,2.0,4.0,5.0,4.0,5.0,4.0,5.0,3.0,3.0,3.0,3.0,"难忘的同学情
　　光阴似箭，日月如梭。陪伴我六年的小学生活很快就要离别。在这六年有一位同学虽然他很是就跟分开了，但我依然记得这位同学，每一次看到这个小木船我都会想他。
　　我和施翔的关系非常要好，我们俩几乎每一天都在楼底下玩，有一天，我和施翔像往常一样在小花园里玩，这时我们俩拿出科学课的小木船比谁做的有特色，施翔见我的小木船别具匠心，借来欣赏，只听“啪！”的一声我辛辛苦苦花了三天时间做的小木船摔在了地上，我的心里犹如一百万个火山爆发一样，施翔见到我脸上的愤怒，他不知所措的退了一步正好一脚踩在了我小木船上，真是雪上加霜！这时我心态崩了。我一把抓起施翔的小木船，摆得要往地上摔的样子，大叫道！“不修好我就撕票”！施翔也不敢抢回来，就只是沮丧的回家去了，我也回家去了，我顺手把施翔的小木船扔了我放物品的纸箱子里了。
　　过了几天我渐渐把这事给忘了，但在学校我俩还是谁也不理谁，我们的友谊淡泊了。
　　两个星期后在回家的路上我走在前面他走在后面，我回头看了一眼他，他也在看我，但我们都没先开口，这时他从书包里拿出两个小木船和一个小木雕这时我叫道：“我的天啊！这不是我的小木船吗？你怎么找到的”？他说“你忘了吗？上次你让我修的。第二个小木船是我觉得我修的不好，我又做了一个给你，你自己改造吧！这个小木雕是我和我爷爷一起做的，这个暑假我就要离开北京去外地读书了，这个小木雕就当我们的离别礼物吧！”说着就把这些东西放在了我的手中。虽然这些东西只有几两但比世上一切的东西都重，放完他就匆匆的跑回家了，到了离别的那一天我还是忘了把小木船还给施翔，每当想起这事都让我无比难忘。
　　光阴似箭，日月如梭，我的同学施翔让我懂得了一个人生道理：人一定要珍惜当下的每一份友谊，是给了我前进的力量，谢谢你，难忘的同学。",《难忘的同学情》
160337,3.0,4.0,2.0,3.0,3.0,3.0,3.0,4.0,3.0,4.0,3.0,3.0,2.0,3.0,2.0,3.0,1.0,3.0,3.0,4.0,2.0,2.0,3.0,3.0,3.0,3.0,3.0,4.0,3.0,4.0,2.0,2.0,2.0,3.0,3.0,3.0,2.0,3.0,3.0,4.0,3.0,3.0,3.0,3.0,2.0,3.0,2.0,2.0,3.0,4.0,2.0,2.0,2.0,3.0,2.0,3.0,3.0,4.0,2.0,2.0,3.0,4.0,3.0,4.0,3.0,4.0,3.0,4.0,2.0,4.0,"友谊的小船
　　我和陈华是好朋友。一天，我们把在手工小组做的小木船拿出来玩，陈华一不小心把我的小木船摔坏了。争执中，陈华又把它踩坏了，我非常生气，一把夺过他的小木船摔在地上，又踩了两脚。
　　他非常生气，说：“我弄坏你的船只是不小心的，但你却故意把我的船也给弄坏了，我以后再也不跟你玩了！”说着，他把他的零件一个一个的捡起来，抱着走了，我还生气，就冲他大喊：“你还不跟我玩了，明明是我不跟你玩了吧！”我边说边生气的跺脚，我蹲了下去边捡边想：明明是他先干的，他还生气！
　　我把东西都捡起来之后，放到了桌子上摆弄着，我开始感觉有些无趣，便开始回想刚才的事情，我想着想着，觉得自己做得有些不对，其实他把我的船弄坏只是不小心的，但我把他的船给故意弄坏可就不对了。
　　我决定去给他道歉，我走着走着发现他也向我走了过来，我们俩不约而同地停了下来，他主动的跟我说：“对不起，我不应该把你的船摔坏之后不但不向你道歉，反而还跟你争执，又把你的小木船也给弄坏了。”我也对他说：“对不起，我不应该把你的小木船也给弄坏了。”我们相互鞠了个躬，说了声没关系，开心的笑了。",《友谊的小船》
160319,5.0,5.0,5.0,3.0,5.0,4.0,4.0,4.0,5.0,4.0,5.0,4.0,5.0,4.0,5.0,3.0,5.0,5.0,4.0,4.0,5.0,3.0,5.0,4.0,5.0,4.0,4.0,4.0,5.0,4.0,5.0,4.0,3.0,4.0,5.0,4.0,4.0,4.0,5.0,4.0,4.0,4.0,5.0,4.0,4.0,5.0,5.0,5.0,5.0,4.0,3.0,5.0,4.0,4.0,4.0,4.0,5.0,4.0,4.0,4.0,5.0,5.0,5.0,5.0,5.0,5.0,5.0,5.0,5.0,4.0,"学会包容
　　我一把夺过陈华的小木船，把它高举起，并看了陈华一眼，他面色发白，手和腿都在颤抖。“求求你别摔我的小木船，那是我辛辛苦苦做的。你要什么我都可以给你，只求你别摔我的小木船”。我高高在上地看了他一眼，哼了一声，满脸的不屑。“赔？你赔得起吗？就算你做出来了，能跟我一样吗？痴人说梦！”骂完我好像不解气，狠狠地把他的小船扔下楼去，只听“砰”的一声。这声音里带着我对陈华的怨恨和不屑，所以声音听起来格外的刺耳。听到这个声音，我心里的大石头像被融化了一样，格外的舒适。可陈华恰恰相反，他如同一只失去母亲的小熊猫，跪在地上。嚎啕大哭。嘴里嘟嚷着：“我的小木船……”他两边的脸颊都被泪水打湿。他望着小木船摔下去的方向，像是在思考着什么，久久不肯离去。看到他这副模样，我有点后悔了。我后悔我不应该出言讽刺他，我后悔我不应该摔他的小木船，我更后悔我不应该这样蛮横不讲理。我走上去，向他说了一声：“对不起”陈华转过头来看了我一眼，眼神中好似充满了寒气，我看到了他的愤怒和伤心之情，就这一个眼神，就让我冷得直发颤。“我永远都不想再见到你？”丢下这句话，他转身就走。我有种不祥的预感，他这句话是什么意思？泪水打湿了我的眼眶，我心想明天再见到他一定要好好向他道个歉。
　　第二天，当我来到学校时，陈华还没来。“他平时都是比我早到啊，怎么今天还没来”？我一上午都在惦记着他，老师讲的课一点儿也没听进去。心里也很忐忑不安，“他该不会出事了吧？”我越等越急，早已按捺不住，起身向校长办公室跑去。俗话说得好，“不问不知道，一问吓一跳。”我这才得知陈华今天早上已经转走了。校长还说：走时问他原因，他说：“我最亲近的朋友已经和我一刀两断，我在这里还有什么意思？”再问他时，他死都不肯说。我瞬间百感交集，他就这么走了？我以后再也见不到他了？想着想着，我就潸然泪下。我哭得撕心裂肺，一想到再也见不到他，我哭得更加伤心。手不停地捶着胸口……
　　校长张大了嘴巴，但什么也没说。待我慢慢地安静下来时，他已经猜到了个八分。
　　“我觉得你们之间或许只需要一点包容。”
　　“包容？”我沉默了。“那是什么？”
　　“包容如同一片浩瀚的宇宙，它能承载万物。它很神奇，也很微妙。它能促使人和人之间的关系接近，使世界变得更加美丽，使天空变得更加湛蓝，使海洋变得更加宽阔，使人类变得更加善良，和蔼可亲……”",《学会包容》
250130,4.0,4.0,5.0,5.0,5.0,5.0,4.0,4.0,5.0,5.0,3.0,3.0,4.0,4.0,3.0,3.0,3.0,3.0,5.0,5.0,5.0,5.0,5.0,5.0,5.0,5.0,4.0,4.0,5.0,5.0,5.0,5.0,5.0,5.0,5.0,5.0,4.0,4.0,4.0,4.0,4.0,4.0,5.0,5.0,4.0,4.0,4.0,4.0,5.0,5.0,3.0,3.0,2.0,2.0,2.0,2.0,4.0,4.0,2.0,2.0,3.0,3.0,5.0,5.0,5.0,5.0,5.0,5.0,3.0,3.0,"一次足球旅行
　　在寒假期间，我和A小学各校区各年级的35位同学参加了广东佛山市举办的“青训杯”全国青少年足球邀请赛，我们分了U11、U13两队，年龄小于11岁的在U11，年龄大于11岁且小于13为参加U13。这是我第一次离家参加全国性的足球比累，作为以队员非常希望能代表学校取得好成绩，我非常期待这场比赛。在临走那天校长给我们开了动员会，于是我们乘坐大巴车到达机场飞往广州,开始了这次足球旅行。
　　当天我们先到达了酒店办理入住，在酒店休息一晚，明天激烈的比赛就开始了。我们这七天一共踢了7场比赛，其中有两场比赛让我终身难忘，一场是惜败、一场是大胜也是第一场胜利。在前几场赛中我们以1平4负的战绩排名小组末位，后来我们进行了排位赛，对手和我们都实力相当。
　　第一场比赛我们对战上海竞达，终场结束双方都没有取得进球，随后就开始最紧张的点球大战了。规则是4+1,就是如果前四个是平局的话，就开始死亡模式。我们前四个以1-1的比分站成平局，进入死亡模式第五个都罚丢了，第六个轮到了我，对方罚进了，我必须进才能接着进行比赛，否则对方就赢了。当时感觉整个球队的命运都压在了我身上，虽然我打到了死角，但是对方门将反应速度很快还是给扑了出去，当时我崩溃了，我痛哭流泪，感觉全队的人都在安慰我。最后一场比赛我们终于胜利了，面对少一人的深圳cocc以6-0的比分大胜，这场我校是环队队史上在全国比赛的第一场胜利。我们非常兴奋。在最后一天进行闭幕式，我们是终获得二等奖，我们非常高兴、开心。于是我们飞回北京，结束了这次旅行。
　　在这次旅行中我交到了许多朋友，也认识到了其他省、市队伍的实力和我们的不足，我们以后要多加练习，希望下次能取得更好的成绩！",《一次足球旅行》
130128,5.0,4.0,5.0,4.0,5.0,4.0,4.0,5.0,5.0,4.0,3.0,4.0,4.0,4.0,5.0,4.0,5.0,5.0,5.0,3.0,5.0,4.0,4.0,4.0,5.0,4.0,5.0,4.0,5.0,4.0,4.0,4.0,3.0,4.0,5.0,3.0,5.0,3.0,5.0,4.0,5.0,4.0,5.0,4.0,5.0,4.0,5.0,4.0,5.0,4.0,5.0,3.0,5.0,3.0,4.0,3.0,5.0,4.0,2.0,2.0,5.0,3.0,5.0,4.0,5.0,4.0,4.0,3.0,5.0,3.0,"我的宠物“三角灯”
　　鳞片金灿灿，肚子黑乎乎，鱼鳍黄澄澄，猜一猜这是什么？啊哈！答对了，那就是小巧玲珑的三角灯。
　　三角灯是一种具有观赏价值的淡水小形鱼，体长才2、3厘米，自从去年四月起我家便多了这些新成员三角灯。三角灯那双小巧的眼睛和尖尖的嘴凑成那个三角形的头。三角迷你的身形泛着金黄的光芒，腹部有时还反射出淡淡的蓝色。
　　三角灯游来灵活机动，尤其是给它们喂食的时候。它们像一道道小闪电一样，游到水面上叼起一粒食物，再游回水中好好享受它们的美味，这样就完成了一次吃食，三角灯会反复好几次这样的过程，这样就算是一次完整的进食了。别看三角灯看起来机灵，其实也中过我的计。比如有一次，本应每天开了鱼缸上方的灯我就会给三角灯喂食的，但是那天我故意不给它们喂食看看它们会怎么做，结果如我所料它们果然中了我的计，到水面上来抢食物，没有抢到食的三角灯是不会罢休的，它们反反复复试了好几次结果都一样，这回它们可算死了心了。在旁边偷看的我，看的捧腹大笑。你们说三角灯是不是很有意思呢？
　　通过养了三角灯让我知道了我们身边的每一个小生命都是上天的恩赐,它们的每一点生机都值得我们去爱护，关怀，它们的生命和我们同样重要，我们应该去保护比我们弱小的生命，让它们生活的无忧无虑。",《小动物》
150140,3.0,3.0,3.0,3.0,3.0,3.0,3.0,3.0,3.0,4.0,2.0,3.0,3.0,4.0,2.0,2.0,2.0,3.0,2.0,2.0,2.0,3.0,2.0,3.0,2.0,2.0,2.0,3.0,2.0,2.0,3.0,2.0,2.0,2.0,2.0,3.0,2.0,3.0,3.0,2.0,3.0,3.0,3.0,3.0,2.0,2.0,3.0,2.0,3.0,3.0,2.0,2.0,2.0,3.0,2.0,2.0,3.0,3.0,2.0,3.0,3.0,2.0,3.0,4.0,3.0,3.0,2.0,2.0,4.0,4.0,"读《居里夫人》有感
　　在过得飞快的寒假中，我读了一本感人的书，这一本书的名字是《居里夫人》，这本书中一位女人，叫居里夫人，她强大，不畏惧所有事。
　　居里夫人这一个名字是她和皮埃尔·居里结了婚之后的名字，她的原名是玛尼娅，昵称是安秀佩斯欧。
　　这本书里我喜欢玛尼娅的老师。
　　“我抓住太阳，再扔向远方，”每当她想到这句话就很想大笑，我觉得是想要激发这一些学生们，就像在给没开花的种子洒水一般。我就一直想，如果是我，或许应该是慢慢激发他们，我对这句话的理解是我们现在如果是普通的学生们，只有抓到了重点，才可以成为成绩很好很好的人，然后，到你老了，一点点到20岁的时候，你就能利用到这一个像太阳精细又微妙的一些知识。就说我们吧，要好好学习，天天向上！
　　我们一定要有坚强不屈的精神，希望大家也去看一看！",读《居里夫人》有感
250128,5.0,5.0,5.0,5.0,5.0,5.0,5.0,5.0,5.0,5.0,4.0,4.0,5.0,5.0,4.0,4.0,5.0,5.0,5.0,5.0,5.0,5.0,5.0,5.0,5.0,5.0,5.0,5.0,5.0,5.0,5.0,5.0,5.0,5.0,5.0,5.0,5.0,5.0,5.0,5.0,5.0,5.0,5.0,5.0,5.0,5.0,5.0,5.0,5.0,5.0,4.0,4.0,4.0,4.0,5.0,5.0,5.0,5.0,2.0,2.0,5.0,5.0,5.0,5.0,5.0,5.0,5.0,5.0,5.0,5.0,"惊心动魄的考试
　　在一个学期结束的时候，总会有一个检验同学们学习成果的测试，也每次都让大家高兴或失望。我在寒假语文班的期末测试让我记忆犹心，它都可以用惊心动魄来形容，这次考试可是让我喜出望外了！
　　在离最后一节课的2天前，我就开始复习，但突然听说期末测试是默写和理解诗词，我就怎么也不想去考试，要背的诗词让人望而生畏，我晚上睡觉梦到的还是诗句。这一天终归是来了，我特意早点去，在课前做最后的复习，门把被转动了，随着两只大脚的步伐，老师严肃地走到讲台前，她说：“一会儿考试要考10道题。”这下我放心了，更有了信心和渴望，我对前几名产生了兴趣。终于开考了，前3题都是较短古诗的理解，我看左右同学也自信满满，我心想：“这算什么，说不定我还能拿满分呢！”老师边围着大家巡视，边念着下一题：“请依次写出李白杜牧，白居易的号。”我怕是自己听错了，还确认了1遍，证实以后我的脸立刻就发烫了，有种喘不过来气的感觉。后来的第8题我也不是很确定。有些题是凭着每次复习的记忆写的。收上卷子以后我赶紧察看书上的知识，仿佛周围人的动作都跟我没关系，书本飞速翻动着，突然，跑来了一个错别字，直直扎进了我心里。这时，过山车已经足足从山峰滑到了谷底，我只能静静地一人发呆，生怕被同学看到我脸上的失望。最终我还是要知道结果，老师宣布：“第1名……、第2名王芳……”此时此刻我恨不能让全世界都知道我的成绩，这种激动是只有我自己才能体会的。
　　这次考试虽然经历了一波三折，但是最终还是有了一个让人满意的结果。其实知道成绩后我只是极其兴奋，并没有仔细思考，后来我才发现这并不只是一次惊心动魄的考试，它更是隐藏着一个学习方式：学习就要全面复习，及时复习，而不是到最后才针对个别复习，或者不复习，那样不能达到记牢知识的效果。这也应了孔子的名言：“温故而知新，可以为师矣。”",《惊心动魄的考试》
160543,4.0,4.0,4.0,4.0,4.0,5.0,5.0,4.0,4.0,4.0,4.0,3.0,5.0,4.0,4.0,4.0,3.0,3.0,4.0,4.0,4.0,3.0,4.0,3.0,4.0,4.0,4.0,3.0,4.0,5.0,4.0,5.0,5.0,5.0,5.0,4.0,5.0,4.0,4.0,3.0,4.0,4.0,4.0,4.0,4.0,5.0,4.0,3.0,4.0,3.0,3.0,3.0,3.0,4.0,4.0,4.0,4.0,5.0,4.0,4.0,4.0,5.0,5.0,4.0,5.0,5.0,4.0,5.0,3.0,4.0,"春节里的节日习俗
　　“二十三，糖瓜粘；二十四，扫房子；二十五，蒸馒头……”听这一声声童谣，就知道春节已经来到，除夕的钟声开始敲响，在除夕当天我体会了节日的习俗，感受到了浓浓的节日气氛。
　　今天是除夕，妈妈一早就出去采购了，我的和爸爸一起在家中贴福字和对联。家中已有的福字分为两种一个是贴在门上的，另一个是我要贴在窗户上的。我和爸爸开始分头行动，我的是静电福字，这种不同材质的福字完全不需要胶水、胶囊。所以贴起来要方便的多。我先拿起一张福字，照准窗户就贴了上去，可福字就像玩皮的小孩，怎样都不能如我所愿，轻轻的飘落了，最后我试了很多次都没有成功。正当我准备放弃时，“对啊！我怎么把这事忘了呢？没有静电怎么贴啊！”我自言自语道。于是，我把福字和头发磨擦，因为老师上课讲过，磨擦起电。这次我再贴了一次，果然一下就贴住了。这时刚好妈妈也回来了。正在包午夜饭的饺子呢，我想爸爸贴的差不多了，就过去看了看。
　　看到爸爸贴的以后，我连忙说“爸爸！爸爸！你贴的福字都贴反了！”爸爸却不慌不忙的回答：“我是故意的，因为福倒着贴，“倒”和“到”谐音。也就寓意着，福到了！”我想了想对爸爸说：“爸爸，福倒着贴，难道不是有福到头的意思吗？”爸爸答道：“说的也对，那就把福字正着贴吧！让我们在新的一年里顺顺利利！”接着我就和爸爸一起把剩下的福字和对联一起贴到了门上。
　　晚上，妈妈把饺子拿上了饭桌。我吃过饭后又看了春晚，欣赏了烟花，外面的烟花一个接着一个，开满了“花朵”。非常优美华丽，最后我和爸爸，妈妈一起熬到十二点，因为有一个习俗就是一直到十二点钟，第二年才能幸福美满。这个春节我过的很开心，因为我帮爸爸贴了春联福，而且还帮妈妈包了几个饺子呢。",《春节里的节日风俗》
240218,3.0,3.0,4.0,4.0,5.0,4.0,4.0,4.0,4.0,3.0,3.0,3.0,3.0,3.0,5.0,4.0,4.0,3.0,3.0,3.0,2.0,3.0,3.0,3.0,3.0,4.0,3.0,3.0,4.0,3.0,3.0,3.0,2.0,3.0,4.0,3.0,4.0,3.0,3.0,3.0,4.0,3.0,4.0,3.0,3.0,3.0,3.0,3.0,3.0,3.0,3.0,2.0,4.0,2.0,4.0,2.0,3.0,3.0,3.0,3.0,3.0,3.0,5.0,4.0,4.0,4.0,5.0,4.0,5.0,3.0,"坚持就是胜利
　　寒假，过了春节之后，我才想起英语老师给我们留了15个配音作业，我一看日历天啊，就10天了！我决定一天配两个，我想粉红猪小妹我在学校和家都看过，也简单，我下了决心配它。
　　我那天晚上要求配音，打开一看，心情咚一下就跌入了谷底，好快，我一配一下就疯了，刚配一半就没时间了，还有很多生词，我眼泪都快出来了，妈妈鼓励说：“你多读两遍配的话会好的多。”我照着妈妈说的试了几遍之后去配音，效果好多了，但是有点蹦词，妈妈又说：你学它的语调读。”我又学它的语调读了一遍，一下了就不蹦词了，后来，我妈妈给我用了VIP会员，能把好，一般和错分开，我看到生词后，有的直接读，结果一句话都红了，就是错了，后来，读了两遍配的结果就有几个一般，黑，50%以上的都绿了，最好，我很激动，后面的我都读至少两遍才配，有一部分一下就绿了，都95分了，我特别高兴，一口气把配音作业都做了，我特别激动，心想：终于配完了！
　　通过这次作业我知道了两点，第一：英语多读才好，最重要的是，我知道了坚持就能成功。",《坚持就是胜利》
240222,5.0,4.0,4.0,4.0,4.0,3.0,4.0,3.0,4.0,4.0,3.0,3.0,4.0,3.0,5.0,4.0,5.0,4.0,3.0,3.0,3.0,3.0,3.0,3.0,4.0,4.0,5.0,4.0,5.0,4.0,5.0,4.0,4.0,3.0,5.0,4.0,4.0,3.0,4.0,4.0,5.0,4.0,5.0,3.0,5.0,3.0,5.0,3.0,5.0,3.0,3.0,3.0,4.0,4.0,3.0,3.0,5.0,4.0,2.0,3.0,4.0,4.0,5.0,4.0,5.0,4.0,5.0,4.0,5.0,4.0,"旅游中的一件事
　　寒假我和爸爸妈妈一起去云南大理旅游，那里的景色优美气候宜人，有许多著名的景点其中美丽的蝴蝶泉让我留下了深刻的印象。
　　那天我来到蝴蝶泉，一进大门就看见茂密竹林郁郁葱葱，吸引了许多美丽的小鸟。我们沿着竹林大道迫不及待地往蝴蝶泉走去。约有百米，泉池二三丈见方，四周用透亮的大理石砌成扩栏。泉水清澈见底，泛起片片水花。泉边生长木棵百年古树，枝繁叶茂倒悬而下及泉面，缤纷络绎，五色焕然，每年农历三四月间，成千上万的蝴蝶前来聚会。蝴蝶泉美丽的景色让我留恋忘返。
　　参观完美丽的蝴蝶泉往回走，看见竹竿上刻了许多字，有的刻“罗倩到此一游”，有的刻“老卫来了”，还有刻“河兆王晨到此一游。一刀一刀刻到竹身上却疼在我心上。这种不文明行为，和蝴蝶泉美丽的景色形成了巨大的反差。
　　文明旅游从我做起从每一个小朋友做起，这样美丽的景色让世人看到。",《旅游中的一件事》
140306,4.0,3.0,2.0,3.0,3.0,4.0,4.0,4.0,4.0,4.0,4.0,3.0,2.0,4.0,4.0,3.0,3.0,4.0,3.0,3.0,3.0,3.0,3.0,3.0,4.0,4.0,5.0,4.0,4.0,3.0,4.0,4.0,4.0,3.0,4.0,4.0,2.0,4.0,3.0,3.0,3.0,4.0,4.0,2.0,3.0,3.0,2.0,3.0,4.0,4.0,2.0,3.0,3.0,3.0,3.0,3.0,4.0,4.0,2.0,2.0,3.0,3.0,4.0,5.0,4.0,5.0,4.0,5.0,4.0,4.0,"争主
　　在小明的脸上，有一双明亮的眼睛和一个小小的鼻子，它们很爱吵架。
　　一天，它们又在正在睡觉的小明的脸上吵起来了。眼睛对鼻子吼：“你能看见什么东西吗？破鼻子！”“你能闻到什么吗？傻眼睛！”这一吼二吼的，把正在美梦中的小明给吼醒了。小明迷迷糊糊的问：“你们在吵啥呀？”“我们在吵鼻子和眼睛那个最重要！”鼻子说道“餐桌上的酸甜苦辣咸都是我给你闻出来的吧！”“哦！的确是！”小明明白了很多，“我最重要！”眼睛吼。
　　行了，别争了，大家都别争了，大家都很重要，一个帮人看世界，一个帮人呼吸。多么美妙。而且，你们俩是不能比的。",《争主》
150217,4.0,3.0,4.0,3.0,4.0,3.0,4.0,4.0,4.0,3.0,3.0,4.0,4.0,3.0,3.0,2.0,3.0,3.0,3.0,4.0,3.0,3.0,3.0,3.0,4.0,4.0,4.0,3.0,3.0,3.0,3.0,3.0,4.0,3.0,4.0,3.0,3.0,3.0,4.0,3.0,4.0,4.0,4.0,3.0,3.0,3.0,3.0,3.0,4.0,3.0,3.0,3.0,3.0,3.0,3.0,3.0,4.0,4.0,2.0,4.0,3.0,3.0,4.0,4.0,4.0,4.0,4.0,4.0,4.0,3.0,"写给远方朋友的一封信
亲爱的瑶瑶：
　　你好！
　　还记得去年我回老家时，我们一起玩游戏、一起玩耍时的情景吗？你现在还好吗？我很想念你，我还可以，所以你不用担心我了。
　　我在学校里与我的同学们玩得可欢了呢，比如前几周，我们在玩一种叫烟牌的游戏，吹起来，一直到我压到另一个人的烟牌上，就赢了。它的制作方法也特别简单，拿一个烟盒的盖子一折，就好了。下课的时候，我们都玩的热火朝天，一起吹个没完没了，班里好像好多人都在吐痰一样噗噗噗的，有些还很好看，而且它们还有很多品牌。有的同学说这样收集各国的烟盒，可以当作各国的纪念品，而且是独有的。
　　不过它也有很多不好的地方。我们要折烟牌就需要烟盒，但有的同学去捡烟盒就极不卫生，还有，噗噗噗的也很不卫生，还会让我们尽早的接触烟盒，万一好奇心一强就想抽一根呢？所以已经被禁止了，我觉得也应该停止，对我们的身心和健康不是很好，你千万不要学我们玩烟牌，你有什么健康的游戏也要写信告诉我呀！
　　你最近学习怎么样呀，我还可以，英语听写得了个98分，我还是有一些不满意的，居然class room错了，我下一次一定要多抄几遍，就能得100分了，希望你也能取得好成绩，加油!
　　此致
　　敬礼
你远方的朋友 刘平
2018年4月2日",《给远方朋友的一封信》
150343,3.0,3.0,3.0,3.0,2.0,2.0,2.0,3.0,3.0,2.0,2.0,2.0,3.0,2.0,2.0,2.0,2.0,3.0,3.0,3.0,3.0,4.0,3.0,4.0,3.0,2.0,3.0,2.0,3.0,2.0,2.0,2.0,3.0,2.0,3.0,2.0,3.0,3.0,2.0,2.0,2.0,3.0,2.0,2.0,2.0,3.0,3.0,2.0,3.0,2.0,2.0,3.0,2.0,2.0,2.0,3.0,3.0,3.0,3.0,3.0,2.0,3.0,2.0,3.0,2.0,2.0,2.0,3.0,1.0,3.0,"“可爱”的同学——程伟
　　我们班有一名同学，大家都很拥戴她，她就是我们班大队委——程伟。她的额头前挂着一层薄薄的刘海，头上梳着一条不长不短的马尾辫，身上穿着一套整洁的校服，脚上踩着一双黑色高底靴。一双水汪汪的大眼睛刻在黑黑的眉毛下面，一个精制的鼻子和一张能说会道的小嘴。有时严肃，有时笑嘻嘻的，有时把头往上一抬很自信，大家都很好奇，总是问：“你怎么这么高兴。”她摇摇头说：“没什么。”其实就是因为她的付出让大家喜欢她。
　　去年春天的一个课间，湛蓝的天空中飘着几朵白云，天气格外晴朗。我出来晒晒太阳，正好碰见了程伟，我向她打了个招呼，她对我笑了一下。我看见了她眼睛红了，脸上还有泪痕，我想她一定是哭过了。就问她怎么了。她装作什么事都没有的样子说：“没事。”我又问了她好几次，最后她无耐的告诉：“这周我来训练升旗手，可是他们觉得我什么。我说什么他们什么他们也不听。”说完又揉了揉眼睛。我关心的说：“没关系，回去我们再想想办法。”第一次她试着和他们解释，可是没人听。第二次她坚定的说：“也许你们觉得我干不了什么，但请你们相信我！”大家听出了她的决心，纷纷表示愿意。第二天她早早的来了，同学读的声音小她来提建议，同学读错了她就帮他们订正。
　　一周后操场上空升起了五星红旗，通过这件事也让我想起“世上无难事，只怕有心人”。这句格言，世界上没有难事，遇见了挫折不要害怕，只要相信自己就能成功。",《“可爱”的同学——程伟》
150641,3.0,3.0,2.0,3.0,3.0,3.0,3.0,4.0,3.0,4.0,4.0,3.0,3.0,2.0,2.0,2.0,3.0,2.0,4.0,4.0,3.0,2.0,3.0,2.0,3.0,2.0,3.0,3.0,2.0,3.0,2.0,2.0,2.0,3.0,3.0,2.0,2.0,2.0,3.0,3.0,3.0,3.0,3.0,4.0,2.0,3.0,3.0,3.0,3.0,3.0,2.0,2.0,2.0,3.0,2.0,3.0,3.0,3.0,3.0,2.0,2.0,2.0,2.0,2.0,2.0,3.0,2.0,4.0,2.0,4.0,"我来到神秘的太平星
　　3928年地球大战，把地球打得不成样子。地球没了，太阳系也不存在了。于是我们打算去别的星球寄居。经过了320光年，我们来到了一个名为太平星的一个星球。我们一听到太平二字马上激动的跳了起来。我们渴望太平，可能是过去的硝烟把地球搞的乌烟气瘴气。于是我们造访了太平星，太平星顾名思义这个星球没有战乱，到了那里，我们发现。那里的花比别处的更鲜艳，各个争着比谁更美丽；那里的树比别处更高大，个个像健壮的小伙子；那里的人比别处更优雅；那里的人不打仗，人人相处和平。世界上还有战乱，但有没有战乱是自己说着算的。太平星世界是我们的榜样，我们要去学习他。要像太平星一样人人和气，世界和平。",《我来到神秘的太平星》
140331,4.0,4.0,3.0,2.0,4.0,4.0,4.0,5.0,3.0,4.0,2.0,5.0,4.0,4.0,3.0,4.0,4.0,4.0,3.0,4.0,4.0,4.0,4.0,3.0,4.0,4.0,4.0,4.0,4.0,4.0,3.0,3.0,4.0,4.0,5.0,4.0,5.0,3.0,4.0,4.0,4.0,4.0,5.0,4.0,3.0,4.0,4.0,4.0,4.0,4.0,2.0,3.0,3.0,2.0,2.0,2.0,4.0,4.0,2.0,2.0,4.0,4.0,5.0,4.0,5.0,5.0,5.0,5.0,5.0,4.0,"面条争功
　　晚上，喜乐和爸爸妈妈一起进入了甜美的梦乡。
　　突然喜乐被厨房说话的声音吵醒了，仔细一听，原来是面条在争功啊！方便面说:“要说面条中的老大，那得是我方便面了，因为我熟得快，又美味，喜乐的爸爸妈妈不在家的时候中午饭就靠我了……”“住嘴！你个垃圾食品，敢跟我，炸酱面抢老大，每次喜乐吃炸酱面都吃一大碗，喜乐的爸爸能吃三大碗呢……”喜乐听了偷偷笑了一下。这时听见了一个温柔的声音，西红柿鸡蛋面发话了：“我既美味又健康，我就是面条中的‘小公举’。”这时方便面又说：“我的兄弟众多，全世界都有我的兄弟姐妹……”炸酱面冷笑一声说：“我还很出名呢！全世界都知道老北京炸酱面……”争吵声越来越响，把西红柿鸡蛋面都吓哭，妈妈一听到哭声就来到了厨房，厨房立刻恢复了原来的平静。
　　这个故事让我们懂得了，每个同学都有自己的优点和缺点，每个人都是自己的小巨人。",《面条争工》
130212,5.0,4.0,5.0,4.0,5.0,4.0,5.0,4.0,4.0,3.0,4.0,3.0,5.0,3.0,5.0,3.0,4.0,3.0,5.0,4.0,4.0,4.0,4.0,4.0,4.0,4.0,5.0,4.0,5.0,4.0,5.0,4.0,5.0,4.0,4.0,4.0,4.0,4.0,4.0,3.0,4.0,3.0,4.0,3.0,4.0,2.0,3.0,2.0,3.0,3.0,3.0,3.0,4.0,3.0,4.0,3.0,4.0,4.0,3.0,3.0,4.0,3.0,4.0,4.0,5.0,3.0,4.0,2.0,5.0,3.0,"我的本领
　　我有一个本领，跳拉丁舞。有一次上体育课的时候，老师说谁站的直谁就可以上拉丁舞，我被选中了，事情从现在开始。
　　我和我们班的两名同学都被选上了。上课了，老师先教我们动作要领，头抬高胳腰抻直。然后教我们基本步，比如立动步、移动步、方步、定点转、手接手……老师先教我们立动步，一开始我们都不会，因为这个动作很容易绊倒，不过我们有规律的做就会了。然后我又学了移动步，先做两个立动步，把脚向外移，再做两个立动步就好了。
　　经过半年的不懈努力，我们终于有了去比赛的机会。天没亮我们就到达了体育场，体育场里人山人海，到我们上场了，我的心情又紧张又兴奋，我们出色的完成了比赛。虽然得的是三等奖，但是我们都很快乐。
　　从跳拉丁舞中我学到了：做好一件事情最难的就是坚持，只要坚持不懈，一定会取得成功！",《我的本领》
141230,3.0,4.0,5.0,4.0,5.0,4.0,3.0,3.0,5.0,3.0,3.0,3.0,3.0,3.0,4.0,3.0,4.0,3.0,4.0,3.0,3.0,3.0,3.0,3.0,4.0,3.0,5.0,3.0,5.0,3.0,4.0,3.0,4.0,3.0,5.0,3.0,5.0,3.0,5.0,3.0,5.0,3.0,5.0,4.0,5.0,3.0,5.0,3.0,5.0,3.0,2.0,2.0,3.0,2.0,3.0,2.0,5.0,3.0,2.0,2.0,4.0,3.0,5.0,4.0,5.0,4.0,5.0,4.0,4.0,3.0,"我的乡村生活
　　某个假期，我去了一个农庄，农庄非常非常大，里面有许多区域，景色也十分美丽，我在这里体验了丰富多彩的农村生活。
　　首先，跟着农民伯伯来到了农庄旁边的田地里，看到田地里的萝卜又肥又大，一定是农民伯伯用汗水浇灌了它。这时农民伯伯开始带我们拔萝卜，他首失示范了一个拔萝卜的动作，然后我就有模有样的做了一遍，但是拔出来的时候发现萝卜断了，我便问农民伯伯这是为什么？农民伯伯说：“你用的劲太大了，萝卜肯定会断的”。后来我又做了几遍，但是还是有些损伤，没有农民的那么完好。没有想到这么简单的拔萝卜，想拔好，也需要很多的技巧。
　　随后我们又跟农民伯伯去喂羊和兔子了，农民伯伯让我拔田地里的草给它们吃，于是我拔了一把草，走到了它们的身边，农民伯伯告诉我：“喂完就赶紧伸回手否则你就会被它们咬到。”我缓慢地伸出手，等它咬到草时我就赶紧伸回了手。我特别喜欢喂动物们吃草，在那里我呆了很久。
　　我们还去果树下去采摘了樱桃，杏等好多水果还在菜地里摘了西红柿、黄瓜等好几样蔬菜，农民伯伯说这些都是无污染的。冲冲水就可以吃了，当时我就拿了个杏儿。去吃了一口，味道好极了，很甜很香。到了中午，农民伯伯带我们去吃饭了，农民伯伯指着满满一桌子的菜对我们说：“这些都是我们今天采摘的绿色无污染的菜。”于是我吃了好多菜。经过了一天的劳累，我觉得今天很快乐，也体会到了农民伯伯的辛苦，农民伯伯为我们每天的粮食辛勤工作，所以我们以后要珍惜粮食，不要浪费了农民伯伯的辛苦。",《我的乡村生活》
140223,3.0,3.0,4.0,4.0,2.0,3.0,3.0,3.0,3.0,3.0,3.0,3.0,2.0,3.0,4.0,3.0,2.0,3.0,4.0,3.0,3.0,3.0,2.0,3.0,4.0,3.0,4.0,3.0,5.0,3.0,3.0,3.0,3.0,3.0,2.0,3.0,2.0,2.0,4.0,3.0,4.0,3.0,3.0,3.0,2.0,3.0,3.0,3.0,4.0,3.0,2.0,2.0,3.0,2.0,3.0,2.0,4.0,3.0,2.0,2.0,3.0,3.0,5.0,3.0,5.0,3.0,4.0,4.0,3.0,3.0,"去踢足球
　　我上完了课外班，我妈妈来接我了，当我一开车门，我发现车后座上有一个又大又鼓的袋子，咦？这是什么？原来这是球衣球裤，我妈妈说：“我们要去踢足球。”
　　但我找来找去，就是找不到足球鞋原来我妈妈忘带球鞋了，所以我们又回家了。
　　可是路上有点堵，所以我妈妈让我把衣服在车上换了，还问了一下哪里离我家最近，而且还让爸爸把球鞋送到门口。
　　我飞快地换好了衣服，爸爸也把车开到了场地门口，但是在哪一个区呢？我爸爸给也在这里上课的同事的儿子打了个电话，问他在哪里上课。我们按照他说的地址找到球场。结果只有上午有课，但与其我们回去，还不如跟其它球队上课。所以我们就跟他们队的老师说了一下，老师愉快地答应了。因为我把衣服倒过来穿，所以他们没有认出来我是优贝的球员。
　　于是我高高兴兴地踢了一节课，这节足球课真是来之不易呀！",《去踢足球》
130836,3.0,3.0,2.0,2.0,4.0,4.0,3.0,3.0,3.0,4.0,3.0,3.0,3.0,4.0,2.0,3.0,3.0,4.0,4.0,3.0,3.0,3.0,5.0,3.0,5.0,4.0,4.0,3.0,4.0,5.0,3.0,3.0,4.0,4.0,2.0,3.0,2.0,2.0,3.0,3.0,3.0,4.0,4.0,4.0,2.0,3.0,2.0,2.0,3.0,3.0,2.0,2.0,2.0,2.0,2.0,2.0,3.0,4.0,2.0,3.0,3.0,3.0,4.0,3.0,5.0,5.0,5.0,4.0,5.0,4.0,"小猴学本领
　　从前有一只小猴子，它想学本领。
　　于是，小猴去找小熊，小熊教它写字，小猴写了三天，心想：“天天都坐着，太没意思了。”于是小猴就放弃了写字。
　　小猴又去找小鸟，小鸟教它唱歌，它学了两天，心想：“每天都叽叽喳喳的，我都听烦了。”于是它放弃了唱歌。
　　小猴又去我小鹿，小鹿教它跑步，小猴学了三天，心想：“天天都跑步，我都快累死了。”于是它放弃了跑步。
　　小猴又去找了小狗，小狗教它给主人看家，小猴看两天，心想：“天天都看家，都不能到外面去玩。”于是它放弃了看家。
　　最后，小猴去找小猫，小猫教它钓鱼，它只钓了一天，心想：“半天钓不上一条鱼来，真烦人。”于是小猴放弃了钓鱼。
　　因为小猴怕吃苦，所以一事无成，一个本领也没学到。",《小猴学本领》
160509,4.0,4.0,4.0,4.0,5.0,5.0,4.0,4.0,4.0,4.0,4.0,4.0,4.0,4.0,5.0,5.0,4.0,4.0,4.0,4.0,4.0,4.0,5.0,5.0,4.0,4.0,5.0,5.0,4.0,5.0,4.0,4.0,4.0,5.0,4.0,5.0,3.0,5.0,4.0,4.0,4.0,4.0,5.0,5.0,4.0,4.0,4.0,4.0,4.0,4.0,3.0,3.0,4.0,4.0,4.0,3.0,4.0,4.0,2.0,2.0,4.0,4.0,4.0,5.0,5.0,5.0,4.0,4.0,4.0,3.0,"内蒙古的除夕
　　“百里不同风，千里不同俗。”不同的地区，不同的民族，都有着别具一格的春节除夕的民风，习俗。在我一天天的盼望中，春节终于来临。家家户户换上新衣，贴上喜庆的春联，街道上挂上了火红色的灯笼，人们脸上都荡漾着快乐的笑容。
　　除夕到了，人们都奔在一条条挂满小灯笼的街道上买着年货。我也不例外，早上就随着爸爸，妈妈去购买年夜饭的食材。
　　回到家时，差不多已是黄昏。大家都忙碌起来，准备年夜饭中重中之重的饺子。我也学着妈妈的样子包了起来：把饺子皮放在手中，再用筷子将肉馅放进那雪白的皮里，最后轻轻按起好看的花边，就这样一个胖乎乎的饺子就做成了。一个个饺子如元宝，仿佛祝愿我们财源滚滚又如晶莹剔透的小船，好似预示着我们一帆风顺。
　　后来，看到妈妈放进硬币时，好奇的问道：“为什么是硬币？”妈妈笑着说：“实际上放硬币是一种北方的风俗习惯，而吃到硬币的人则会招财进宝。”我听后更加期盼吃饺子了。妈妈又说道：“不止包硬币，更多的却是包红糖，预示的是生活美好，每一天如糖块般甜甜蜜蜜。”
　　饺子已经在锅中如白色的船一样翻滚起来。饺子端了上来，颜色如银子一样白。空中弥漫着饺子的股股热气，让人垂涎欲滴。我慢慢咬下一口饺子，“嘣”的一声，浓浓的汤汁和一颗糖果塞满了我的嘴，好吃极了。我们一起吃着亲手包的饺子，团圆在一起，脸上洋溢起幸福的笑容。
　　随着我们吃饺子的同时，外面也响起震耳欲聋却五光十色，各种各样的炮响，空中闪烁着耀眼的火花……
　　“爆竹声中一岁除，春风送暖入屠苏，千门万户瞳瞳日，总把新桃换旧符。”今年的除夕夜，我不仅吃到了自己包的饺子，更让我体验了内蒙古的春节习俗，感受了内蒙古别具一格的民风，风情。真是一个让人难忘的除夕。",《内蒙古的除夕》
150421,3.0,4.0,4.0,3.0,3.0,4.0,3.0,3.0,4.0,3.0,4.0,3.0,3.0,3.0,5.0,3.0,4.0,3.0,4.0,3.0,4.0,4.0,5.0,4.0,4.0,3.0,4.0,3.0,4.0,4.0,3.0,4.0,3.0,3.0,4.0,3.0,3.0,4.0,3.0,4.0,4.0,4.0,5.0,3.0,4.0,3.0,3.0,2.0,4.0,2.0,3.0,2.0,3.0,3.0,3.0,3.0,3.0,3.0,2.0,3.0,3.0,3.0,5.0,3.0,4.0,3.0,4.0,3.0,4.0,2.0,"生活中难忘的事
　　生活中的点点滴滴，相信都有值得我们回味和让我们感动的事。
　　人生的道路是坎坷的，发生的事如满天的星星多得数也数不完，但我最忘不了的还是那件事。
　　去年夏天，乌云密布，蝉鸣叫得格外响亮，我坐在窗边，望着窗外那仅剩下的几丝光亮，心中担忧起来，要下雨了，什么也遮我的东西都没有，哎，我没法回家了。
　　随着一阵铃声响起，预示着一天的课程结束了，但此时，却有人欢喜，有人愁。我站在楼梯口，目送着一个又一个的同学回家，感觉像雨丝打在身上的冰凉感。内心里一阵沮丧和悲哀，还不断诅骂着老天。这时，一只温暖的手搭在我肩上，才发现原来还有一名同学还没有走，他一手拿着伞，一手搭着我的肩。对我说：“我来送你一程吧！”我心里一阵莫名忐忑的情绪，因为我知道，我和他家几乎是天南地北。可那密密麻麻的雨水，像断了线的珠子一样，织出一道又一道的透明的雨帘子，让我别无选择。到了家，我还没来得及感谢，他就已经走了。
　　那一幕幕瞬间，如今我还是记忆犹新。因为触及到我心中最柔软的角落，勾起我无限的回忆……",《生活中难忘的事》
130313,4.0,3.0,4.0,3.0,4.0,3.0,3.0,3.0,3.0,2.0,3.0,3.0,3.0,3.0,3.0,3.0,3.0,3.0,3.0,3.0,3.0,3.0,4.0,3.0,3.0,3.0,4.0,3.0,3.0,2.0,4.0,3.0,4.0,3.0,4.0,3.0,4.0,3.0,4.0,3.0,3.0,3.0,4.0,3.0,4.0,3.0,4.0,2.0,5.0,3.0,4.0,2.0,3.0,2.0,3.0,2.0,3.0,3.0,3.0,3.0,4.0,3.0,4.0,3.0,4.0,3.0,4.0,3.0,5.0,3.0,"爸爸妈妈帮助我长大
　　从前，我一直以为爸爸妈妈给我买好吃的，好玩的是对我的爱。后来发生了一件事，我才明白原来爸爸妈妈对我的爱还另一种方式。
　　有一次，爸爸妈妈带我去奥森公园玩。我们一开始在看盛开的桃花。后来我们又去骑滑板的地方做游戏，玩得很开心。到后来，我有一点儿想吃冰棍了，爸爸妈就带我去找卖冰棍的地方。好不容易找到了，却没有人。我很不高兴。我们几乎把公园里的小卖部都走遍了，还是没有买到冰棍，这下我更不高兴了。于是，在回家的路上，我开始大发脾气。爸爸看见了以后很生气，说我不应该因为这点小事就发脾气，因为我是个大孩子了，要学会控制住自己的情绪。到了家，爸爸带我去小卖部买到了我喜欢的冰棍，我很开心。
　　现在我才明白，原来爸爸说我都是为了我好。爸爸想让我知道，我就算发再大的脾气，也不一定能得到自己想要的东西，而且世界上的东西也不是想要就可以得到的。如果付出了努力还是没有得到的话，也没关系，要坦然地接受，或者换个方式尝试一下。我感觉通过这件事，爸爸妈妈又帮助我长大了一些。",《爸爸妈妈帮助我长大》
150507,3.0,4.0,4.0,5.0,4.0,5.0,4.0,4.0,3.0,3.0,3.0,3.0,3.0,4.0,2.0,4.0,2.0,4.0,2.0,2.0,2.0,3.0,2.0,3.0,3.0,4.0,3.0,4.0,3.0,3.0,2.0,3.0,2.0,2.0,3.0,4.0,2.0,3.0,3.0,3.0,2.0,3.0,4.0,3.0,3.0,4.0,4.0,5.0,3.0,3.0,3.0,4.0,3.0,4.0,3.0,3.0,3.0,4.0,2.0,2.0,3.0,3.0,3.0,5.0,4.0,5.0,4.0,4.0,3.0,3.0,"班老师
　　她长着一双水灵的大眼睛，像夜空中的星星，一眨一眨，好像在说话似的，她还长着一双可以传递情感的眉毛，开心时形成一条优美的弧线，很阳光开朗的样子；生气时眉角微微上翘，你会感觉到她在生气，让你想立刻把自己的行为改正过来。当你犯错时，她就会用生气的眼神盯你好一会儿，直到你愿意实话实说为止；当你表现好的时候，她就会嘴角上扬，并用微笑和开心的眼神看你足足2分钟。她平时喜欢穿裙子，几乎每周都不重样，配的鞋子也和穿的裙子很搭，可以说她的眼光很好。她的头发比披肩发长一点，发色微微发棕，梳的很顺，还有着刘海儿，体现出她优雅的气质。这位会眉目传情、眼神附有灵气的老师就是我敬爱的班主任——班老师。",《班老师》
160425,3.0,2.0,4.0,2.0,3.0,2.0,4.0,2.0,4.0,2.0,3.0,2.0,4.0,2.0,4.0,2.0,3.0,2.0,3.0,2.0,3.0,2.0,3.0,2.0,3.0,2.0,4.0,2.0,3.0,2.0,3.0,2.0,3.0,2.0,3.0,3.0,3.0,2.0,4.0,2.0,3.0,2.0,4.0,2.0,3.0,2.0,4.0,2.0,4.0,2.0,3.0,2.0,3.0,2.0,2.0,2.0,4.0,2.0,2.0,2.0,3.0,2.0,5.0,2.0,5.0,2.0,2.0,2.0,3.0,2.0,"懂得欣赏艺术
　　小的时候我还不知道怎么去与人交往就已经去开始欣赏艺术了。
　　那年冬天我正在舒适的家里面看着电视，我不知怎么就和爸爸聊上了艺术的魅力，我说我这人不喜欢那种缺胳膊少腿儿的艺术，或者说我觉得。那就不是艺术，而爸爸却说:“儿子你要懂得欣赏艺术的魅力，欣赏艺术可不是用眼睛去欣赏的，儿子你要用心感受”，爸爸说的话我一句都没听懂，但爸爸说，等你长大了你也就懂了。
　　那时爸爸说的话我仍然铭记在心！
　　2018年我上了六年级，但爸爸说的话我还记得，有一天老师说要我们查蒙娜丽莎的资料，我看了看语文书也看了看那幅画，我并不觉得这幅有多好看。换句话说达·芬奇的画一点也不好看，但听完老师的讲解，我恍然大悟，因为我终于懂得如何去欣赏艺术了，爸爸那句话如货船一样把我拉了回来，老师说蒙娜丽莎的脸部有七个彩蛋，到现在人们只发现了一个达芬奇的彩蛋，剩下的要靠你们去发现了，这也更加让我对艺术产生了热爱！",《懂得欣赏艺术》
160111,3.0,2.0,4.0,5.0,3.0,5.0,3.0,3.0,3.0,2.0,3.0,2.0,3.0,3.0,3.0,2.0,3.0,2.0,3.0,2.0,2.0,3.0,2.0,3.0,3.0,4.0,2.0,4.0,3.0,3.0,3.0,3.0,3.0,4.0,3.0,2.0,2.0,2.0,3.0,3.0,3.0,3.0,4.0,2.0,3.0,3.0,2.0,3.0,3.0,4.0,2.0,3.0,2.0,2.0,2.0,3.0,3.0,3.0,2.0,2.0,3.0,3.0,3.0,5.0,4.0,5.0,3.0,2.0,2.0,3.0,"白“芽”天使
　　早上吃饭的时候，我突然发现下牙乳牙里有一个小“包”，妈妈看了看说：“我们可以去看白“芽”天使了！”
　　我外婆和外公去了A医院，挂了号。一进入5诊室，一股消毒水的味扑鼻而来。医生说让我坐下时我的心惴惴不安，护士给他拿钳子的时候我惊恐万状，心中有一点不安，当他让我张开嘴看看的时候他说：“去，拍个片子吧，看看能不能拔。”那时我松了口气去了拍x光的医生，他在我嘴里放一个正方形的铁片，只听“咔”一声拍好了，那个机器像一个火箭桶一样的东西发出咔的一声我吓了一跳，他给我了个单子，回去时我看到隔壁的小女孩因为有一颗蛀牙要把它拔掉时毛骨悚然惊恐万状，胆颤心惊。我把片子给医生时手是颤的。当医生意味深长的说：“嗯，你的牙可以拔。”我的脸如同谈虎色变，担惊受怕，张口结舌，护士问她要不要打麻药，那医生看了看我和护士回头说：“不要，不疼的。”当时我就相信了他，等他用锥子抓住我的牙时，一震七上八下的疼扑面而来。拔到一半时我的泪如泉水一般涌了出来，只听“be”的一声牙拔出来了。他在我嘴里塞了个棉花，我看了看我的牙说发现一个鼓点。
　　白“芽”天使把我的牙拔了，虽然非常的疼！但是我还是忍了下去。",《白“芽”天使》
150103,4.0,4.0,4.0,5.0,3.0,4.0,4.0,3.0,4.0,4.0,3.0,4.0,4.0,3.0,4.0,4.0,5.0,4.0,4.0,4.0,4.0,4.0,4.0,4.0,4.0,3.0,4.0,4.0,4.0,4.0,4.0,3.0,4.0,4.0,4.0,4.0,4.0,3.0,3.0,3.0,3.0,4.0,5.0,4.0,4.0,3.0,4.0,4.0,4.0,4.0,3.0,3.0,2.0,3.0,3.0,4.0,4.0,3.0,2.0,2.0,3.0,4.0,4.0,5.0,4.0,5.0,4.0,5.0,5.0,3.0,"母亲的恩泽——读《城南旧事》有感
　　假期里我读了一本好书，它是众多书中最特别的那一本，我读它一百遍也不厌其烦，因为它告诉我母亲对我们的恩泽是多伟大。没错，它就是《城南旧事》。
　　《城南旧事》是林海音的代表作，它通过小主人公英子稚嫩的心灵对童年往事的回忆，反映了作者对童年的怀念和对北京城南的向往。
　　《城南旧事》中有十个故事让我感受颇深，那就是“惠安馆”。故事是这样的：主人公英子住的胡同里有一个疯子，孩子们一见她就跑，只有英子不怕她，还和她一起玩。从疯子口中得知她叫秀贞，有一个孩子叫小桂子，可小时候被扔掉了。她说小桂子生的白净，小尖脸。笑起来有泪坑在眼边。脖子后有一块青记，人们说这是被阎王爷用指头戳到人间来的，所以才被扔掉。英子听完总觉得自己见过小桂子，可就想不起来是谁。她去找朋友，突然看见好朋友妞儿竟和小桂子长得一模一样！她急忙拉着妞儿去找秀贞。妞儿也知道她父母是养父母。秀贞见到妞儿先是呆住了，接着一把楼住她，放声大哭。后来两人相认了，消失去找小桂子的父亲。英子因此还生了一场大病。
　　读了这个故事，我颇受感动。是啊，连秀贞那样的人都记着小桂子，念着小桂子，爱着小桂子，我们的母亲一定比秀贞更爱自己的孩子啊！有一次下雪，我非常想玩雪，可又不能出去，妈妈就用一个大澡盘来来回回地跑，就为了让我玩雪。那雪是冰凉的，我心却是滚热的。
　　母亲对我们的恩泽是数也数不清的。《劝孝歌》中有一句话：”十月胎恩重，三生报答轻。”所以我们要尽孝心，以报答母亲对我们的恩泽，尽管这微不足道。",母亲的恩泽——读《城南旧事》有感
130237,3.0,3.0,4.0,4.0,3.0,4.0,3.0,4.0,3.0,4.0,2.0,3.0,2.0,3.0,2.0,2.0,2.0,3.0,3.0,3.0,3.0,4.0,3.0,3.0,3.0,4.0,3.0,3.0,3.0,2.0,3.0,2.0,3.0,3.0,2.0,2.0,2.0,3.0,3.0,3.0,3.0,2.0,3.0,2.0,2.0,2.0,2.0,3.0,3.0,3.0,2.0,3.0,2.0,2.0,2.0,3.0,3.0,3.0,2.0,2.0,3.0,2.0,3.0,4.0,2.0,4.0,3.0,3.0,2.0,3.0,"我学游泳
　　我会游泳，游泳是一项很有趣的运动。
　　我从五岁开始学的。一开始我还很害怕，老师鼓励我带着漂儿游，我还觉得水冰凉冰凉的，老师一开始教我蛙泳腿，我觉得很简单。可是一教我蛙泳，我就游不起来了。还好我练了一会，才会游的。在学最后一个泳姿蝶泳的时候，我被其他人落后了好几次，还好我辛辛苦苦练了好几天，终于会游蝶泳了。可是怎么游都游不快。还有，好玩儿的事就是我游仰泳的时候总是撞墙。
　　我去过水立方比赛，我不会跳水，所以直接在水里，枪声一响我被吓了一跳，犹豫了一会儿，我就落后了。我奋力游啊游，超越了三个人，得了第三名，我非常高兴！还有特别好玩儿的事情，很多游仰泳比赛的人也都撞墙了。之后就是我爷爷带我游泳。
　　我学到勇敢，不放弃，游泳是一项非常有趣的运动，我非常喜欢游泳！",《我学游泳》
130213,3.0,3.0,3.0,4.0,4.0,3.0,3.0,3.0,4.0,3.0,3.0,3.0,4.0,3.0,3.0,2.0,4.0,2.0,3.0,3.0,3.0,3.0,3.0,3.0,5.0,3.0,5.0,3.0,3.0,3.0,4.0,2.0,3.0,3.0,4.0,2.0,3.0,2.0,3.0,3.0,4.0,3.0,4.0,3.0,3.0,2.0,4.0,3.0,5.0,3.0,3.0,2.0,3.0,2.0,4.0,2.0,4.0,3.0,3.0,3.0,4.0,3.0,4.0,3.0,4.0,3.0,5.0,3.0,5.0,2.0,"我爱弹古筝
　　我的兴趣爱好很多，有画画、游泳、古筝和拉丁舞。其中让我印象最深的是古筝。弹古筝不是妈妈让我学的，是我自己跟妈妈提出我要学古筝，因为我在电视上看到弹古筝的都是些很漂亮的姐姐，我也想和她们一样，并且古筝的声音还很好听。但是开始学了以后我才知道，古筝实在太难了！不仅要记住每根弦的位置,而且还要弹得流唱,到快的部分还要弹得很快，最后还要左右手配合弹。每天练琴我也觉得很枯燥,每次都反复弹那么几个弦。
　　有一次我因为找不着弦，被老师说了一顿,不过最后我还是记下了每根弦的位置。但是有一次我还是因为枯燥想要放弃，妈妈就跟我说，我可以自己做选择，但是等我放弃了以后不要后悔，我想了想，还是咬牙坚持了下来。现在我已经入级了，我还参加了A艺术节并且拿了一等奖。
　　这时我想起了一位名人的话：世上无难事，只要肯登攀。要不是当时我坚持了下来，我也不会弹成现在这个样子。现在我的左右手配合的已经很和谐了，快慢也控制的很自如了。最主要的是，我能体会到古筝带给我身临其境的感受了，比如我在弹《渔舟唱晚》的时候，我仿佛到了这个小桥流水的地方，我坐着小船顺水而下。弹《战台风》的时候，我就好像到了这千兵万马的战场上。我越来越喜欢弹古筝了。",《我爱弹古筝》
130304,3.0,3.0,4.0,5.0,4.0,5.0,3.0,3.0,4.0,4.0,3.0,3.0,2.0,2.0,2.0,3.0,4.0,4.0,4.0,3.0,2.0,2.0,3.0,4.0,4.0,4.0,4.0,4.0,4.0,3.0,4.0,4.0,4.0,3.0,3.0,4.0,2.0,4.0,3.0,3.0,3.0,3.0,3.0,3.0,3.0,3.0,2.0,2.0,3.0,3.0,2.0,3.0,2.0,3.0,2.0,3.0,4.0,4.0,2.0,2.0,3.0,3.0,4.0,5.0,3.0,4.0,2.0,4.0,4.0,3.0,"妈妈的爱
　　妈妈您辛苦了！谢谢您养了我这么多年。我还记得我小时侯体质弱经常生病是您每次都是细心照顾我一直到我康复。从小到大，我的皮肤很容易过敏，都是妈妈不厌其烦早晚给我抹药直到皮肤恢复健康。
　　我还记得这个寒假，我在海南就因为和小朋友疯跑追逐没有注意安全就从乱石坡滑了下来，当时我半条小腿好几处磕伤流血了，非常痛，我坚强的忍住没哭，走了几步，妈妈心疼我，把我背上了背上，不但没责备我，还安慰我，我依偎着妈妈背上，我这时候忍不住哭了我非常自责，后悔当初跑的时候为什么不注意脚下，害得妈妈辛苦的把我背回住处。接下来的日子，每天妈妈都小心翼翼帮我处理伤口帮我洗澡，生怕水染上伤口交叉感染，在妈妈无微不至的照顾下，我的伤口终于长好了。
　　我爱我的妈妈，谢谢您操劳地照顾家里每一个人，我会尽力利用空闲时间帮您承担些家务，我会努力做个听话的孩子，不让您生气，妈妈我爱您！",《妈妈的爱》
141237,4.0,4.0,4.0,4.0,4.0,5.0,4.0,3.0,3.0,4.0,3.0,4.0,3.0,3.0,3.0,4.0,3.0,4.0,3.0,2.0,3.0,2.0,3.0,3.0,3.0,3.0,3.0,2.0,3.0,2.0,3.0,2.0,3.0,3.0,3.0,3.0,3.0,4.0,2.0,3.0,3.0,5.0,3.0,4.0,2.0,3.0,2.0,2.0,3.0,3.0,2.0,2.0,2.0,3.0,2.0,3.0,3.0,2.0,2.0,3.0,3.0,3.0,3.0,4.0,3.0,5.0,2.0,4.0,2.0,4.0,"我的乡村见闻
　　今年清明节放假，爸爸妈妈带我去了通州的乡下玩。
　　到了目的地，我就感觉到这里的空气比城市里的空气新鲜多了！草的清香，土的芬芳，还有馥郁的花香扑面而来。
　　一进“门”我就看见了五颜六色的花朵，绿草如茵的地面和绿树成荫的道路，还有好多小动物：毛绒绒的小兔子，骄傲的山羊和温柔的绵羊。
　　我们继续前进，看到有一家人养的鹅。一群鹅在那儿大摇大摆地走着，有一只鹅竟然从大笼子里钻出来了！我过去想摸摸那只鹅，它不但不怕我，还理直气壮地冲我叫了一声，大摇大摆的往前走，我很生气就在那儿追它，它就在那儿大摇大摆地前进……要不是妈妈叫住我，它早就被我捉到了！
　　我们出了“门”准备出发，在回来的时候我觉得空气变得不好了。我还发现田地越来越少，高楼越来越多，车也越来越多，(早知道来的时候就不睡觉了)，城市里的空气真是不能和乡村的相比啊！
　　乡村实在是太美啦！",《我的乡村见闻》
160726,5.0,4.0,5.0,5.0,5.0,5.0,4.0,4.0,5.0,5.0,5.0,5.0,5.0,5.0,3.0,3.0,5.0,5.0,5.0,5.0,5.0,4.0,5.0,5.0,5.0,5.0,5.0,5.0,5.0,5.0,5.0,5.0,5.0,5.0,4.0,4.0,4.0,4.0,3.0,3.0,5.0,4.0,5.0,5.0,3.0,3.0,4.0,4.0,4.0,4.0,3.0,3.0,4.0,4.0,4.0,3.0,5.0,5.0,2.0,2.0,4.0,4.0,5.0,5.0,5.0,5.0,5.0,5.0,5.0,4.0,"读《老人与海》有感
　　这次的清明假期，妈妈给我推荐了一本她从小爱不释手的好书《老人与海》，我从中不仅学到了知识，还懂得了一些真理。
　　《老人与海》讲述了一个老渔夫与巨大的马林鱼以及鲨鱼在海上斗争的故事。老渔夫独自在湾流里的一只小船上打鱼，他一连去了八十四天，却连半条鱼都没捕到，为了证明自己，老人决定再次出海，并把船划到了比以往更远的地方。在海上，他遇到了一条巨大的马林鱼，但这条鱼比他的船还要大，以至于他在海上耗了三天才最终将马林鱼杀死。回程时，他把杀死的马林鱼绑在小船的一边。但在途中，这条马林鱼引来了好多鲨鱼，而且一再遭到鲨鱼的袭击。最后回港时马林鱼已被吃光，只剩鱼头，鱼尾和一条脊骨。
　　这篇文章的主要人物是老渔夫桑地亚哥，他是一个失败的英雄，但实则是一个“打不败的失败者”，一个勇敢，倔强的勇士。面对自己一连八十四天都没有捕到鱼的境况以及人们的嘲笑，他执意不肯服输，决心要钓一条大鱼。他在海上为了制服巨大的大马林鱼而搏斗三天三夜。虽然马林鱼最终被吃光了，但他用自己的行动再次证明了自己。他说“人并不是生来就是要吃败仗的，一个人可以被消灭，但不可以被打败。”所以桑地亚哥的形象令我回味无穷。
　　本书是一部基于现实生活经历而创作的小说，本书的故事以及主人公在现实生活中确有其事、其人。海明威借桑地亚哥勇敢而又倔强的行动与乐观而又丰富的内心世界，告诉我们：“人并不是生来就是要吃败仗的”，只有去勇于追求自身高贵的尊严与价值，坚持行动，才能实现自己生命的意义，最大限度地彰显自我。而且无论遇到怎样的人生遭遇，都永不妥协。因此，这就是人们所要追寻生命的规则与意义。
　　《老人与海》彰显的是人的尊严与价值，不管生活给予我们的是什么，困难也好，考验也罢，都永不失去希望，做内心的强者，要敢于付出行动去证明自己，追寻自己所渴望的。",读《老人与海》有感
140303,4.0,4.0,2.0,4.0,3.0,5.0,4.0,5.0,3.0,4.0,3.0,3.0,3.0,4.0,3.0,4.0,3.0,5.0,3.0,4.0,3.0,3.0,3.0,4.0,3.0,4.0,4.0,4.0,3.0,3.0,3.0,4.0,3.0,4.0,3.0,5.0,2.0,5.0,3.0,3.0,3.0,4.0,4.0,5.0,3.0,4.0,3.0,3.0,3.0,4.0,2.0,4.0,3.0,3.0,2.0,3.0,3.0,4.0,2.0,2.0,3.0,4.0,3.0,5.0,5.0,5.0,5.0,5.0,3.0,3.0,"小女巫梦梦的故事
　　从前,有一个小女巫。她并不是一个坏女巫，就像人不一定是坏人一样，女巫不一定是坏女巫呀。对了，她叫梦梦，很好听的名字吧？
　　有一天，她去超市买东西（女巫也有超市）之后，她发现竟然没买梦！(女巫是吃梦的，好女巫是吃噩梦的）之后，她只能去找她的好朋友——丽丽。
　　她走到丽丽门前，轻轻地叩响了门。她有点忐忑，因为她和丽丽不是非常好的朋友。“谁呀？”屋里传来丽丽清脆的声音。“是我，梦梦。”“呀！是梦梦呀，快进来！”丽丽热情地把梦梦迎进了家。梦梦说：“那个，我……我……我家的梦吃完了，可以……”“STOP!那个，我家的梦也吃完了，我还想去你家借呢……”丽丽说。“哈哈哈！”两个小女巫互相看了一会儿，突然爆发出一阵大笑。
　　笑着笑着，“咕噜噜”，她们的肚子响了。“那……怎么办？”梦梦问。“当然是去找梦啦，走吧。”她们飞到了一个小女孩的窗前，小女孩痛苦地扭动着身体，好像被人追着。“快！”梦梦大叫。她们进入到了她的梦里。原来她梦见了自己被坏人追了。梦梦用魔杖点了三下小女孩的头，噩梦飞了出来，两个小女巫把它拼成两半，一人一半。梦梦说：“真好吃！像冰淇淋一样！”她刚要飞走，丽丽拉住了她“等一下！”丽丽用魔杖点了一下小女孩，然后飞走了。
　　小女孩在梦中露出了甜甜的笑容。",《小女巫梦梦的故事》
130430,3.0,3.0,5.0,4.0,5.0,4.0,3.0,4.0,5.0,3.0,2.0,3.0,4.0,3.0,3.0,3.0,4.0,3.0,5.0,3.0,3.0,3.0,3.0,3.0,4.0,3.0,4.0,3.0,4.0,3.0,3.0,3.0,3.0,2.0,3.0,3.0,3.0,2.0,3.0,3.0,5.0,3.0,5.0,4.0,3.0,3.0,3.0,3.0,5.0,3.0,2.0,2.0,3.0,2.0,3.0,2.0,5.0,3.0,2.0,2.0,4.0,3.0,5.0,3.0,5.0,3.0,5.0,3.0,4.0,3.0,"一次难忘的演出
　　从野斑马正式演出的前两个月我们合唱团就开始了紧张的排练，从不会到会，非常艰难，每次排练都很辛苦，大约一周需要一个上午的时间，不光是我们还有交响乐团，舞蹈团也在紧张的排练中。
　　距野斑马演出的前五天我们已经能跟其它团合了，第一次合有些小问题，但是后来我们越来越好终于有一天我们完成了，一个大人都觉得难的舞剧，居然我们完成了，我为我们而自豪。
　　野斑马正式演出当天我们来到了A大学学堂，突然老师叫我们一些人到外面去，老师说：“你们几个可以上台”。说完我兴奋极了，在这里面有两个男生，剩下的全是女生，我是扶云的，有一些人是拉云的，我们排练完的时候就该化妆了。我们的妆非常浓重，等上台的时候我非常兴奋，因为这是我第一次上台。
　　正式演出的第二天和第三天，第二天最长的，从早上八点——晚上十点，第三天我的爸爸妈妈来看了，我更兴奋了，上台的时候我还给爸爸妈妈招手了呢。
　　野斑马是一个大型的童话舞剧，讲了一些动物的事情，我希望野斑马能持续下去，野斑马伴我成长。",《一次难忘的演出》
160301,4.0,4.0,2.0,5.0,3.0,3.0,3.0,4.0,4.0,4.0,3.0,3.0,4.0,4.0,3.0,3.0,4.0,4.0,4.0,3.0,3.0,3.0,3.0,3.0,4.0,4.0,4.0,3.0,4.0,4.0,4.0,4.0,4.0,4.0,4.0,3.0,3.0,4.0,4.0,4.0,4.0,4.0,4.0,4.0,4.0,4.0,4.0,3.0,3.0,3.0,3.0,4.0,3.0,3.0,3.0,4.0,4.0,4.0,2.0,2.0,4.0,4.0,4.0,5.0,4.0,5.0,4.0,4.0,3.0,3.0,"“船”
　　我和陈华是非常要好的朋友，因为我们是发小，在幼儿园小学都是一个班的学生。我们一起玩，一起看电视，一起写作业。我有不会的题时，陈华总是耐心地讲给我听，他有不会的题时，我也一样耐心地讲给他听。
　　有一天，这是一节科学课我们把刚刚做完的小木船拿出来在科学老师做的充气水池里玩，我正在玩的时候，陈华一不小心摔倒了，硬生生的砸向了我，我把手一按，小木船就碎了。我很生气，因为这个小木船是我和陈华花了好多节科学课和课间做的。可陈华不承认，还在争吵中摔碎了小木船，我更生气了就想打他。幸好被科学老师及时制止了，我们各自发誓，从今往后，再不和对方玩了。我们在一个星期内没有见过一次面，就在星期日的那天，我突然发现我好孤独，所以我决心要道歉，可是又不好意思，在那天晚上，我终于忍不住了，跑到了陈华家敲了门，我说：“陈华我不应该在科学课上跟你发火，请你原谅我！”陈华开了门说：“我也不应该砸坏我们的小木船，我把它修好了，给你！”从此我们又是最要好的朋友了。
　　在生活的海洋当中，我们都需要一只友谊之船，当它破碎时，我们要将它及时修补否则它就会沉没，所以我们要保护好友谊之船，让它在浩瀚的海洋里畅游！",《船》
150604,3.0,3.0,4.0,4.0,3.0,5.0,4.0,5.0,4.0,4.0,2.0,2.0,2.0,2.0,2.0,2.0,3.0,3.0,2.0,2.0,2.0,3.0,3.0,3.0,3.0,3.0,4.0,4.0,2.0,2.0,2.0,3.0,2.0,2.0,3.0,4.0,2.0,4.0,3.0,3.0,2.0,2.0,3.0,3.0,2.0,3.0,2.0,2.0,4.0,3.0,2.0,4.0,2.0,2.0,2.0,3.0,3.0,3.0,2.0,2.0,2.0,4.0,3.0,5.0,4.0,5.0,2.0,3.0,2.0,3.0,"我来到了神秘国度一瓦坎达
　　有一次因为飞机被阿尔卡的飞机击落我们被迫着落飞到了一个神秘国度——瓦坎达，我们刚下飞机就惊呆了！那里全是高科技飞船和伯尔赛金做的武器，瓦坎达的人民很友善，热情的招待我们，他还用伯尔赛金的修复器帮我们改进了飞机加上了伯尔赛金原子炮和隐形装置。接着，我坐着飞船去拜见瓦坎达，国王告诉我们这里出产伯尔赛金，接着他带我去了伯尔赛金采集厂，瓦坎达国王告诉我们，在很久以前一颗陨石掉落在这里，改变了这里金属，当时的人们发现了被改变的金属，就开始研究被改变的金属，把这种金属命名为伯尔赛金，然后他带我们去了伯尔赛金博物馆，那里有很多伯尔赛金武器，这时“咚”“咚”“咚”只听闹钟声响这竟然是个梦。",《我来到了神秘国度——瓦坎次》
140618,3.0,3.0,4.0,4.0,3.0,3.0,4.0,3.0,3.0,3.0,3.0,3.0,3.0,3.0,4.0,3.0,3.0,3.0,3.0,3.0,3.0,3.0,3.0,3.0,2.0,2.0,2.0,3.0,2.0,3.0,3.0,2.0,3.0,3.0,3.0,2.0,2.0,2.0,3.0,3.0,3.0,3.0,4.0,3.0,3.0,3.0,3.0,2.0,3.0,3.0,3.0,2.0,3.0,2.0,3.0,2.0,3.0,3.0,2.0,3.0,3.0,3.0,4.0,4.0,4.0,4.0,4.0,4.0,4.0,3.0,"搞笑陈
　　我有一位书法老师，跟我一起上书法课的想必都知道，当然就是陈老师了。
　　下面，我就给大家讲一下他是怎么个搞笑法。有一天，我和我的朋友一起上书法课。一开始，我们很活跃，写了一会，就开始枯燥了，陈老师就给我们讲了一个超级搞笑的笑话，讲完后全场哄堂大笑，猜猜讲了什么，告诉你吧，讲的是国王招亲闹出来的笑话，国王的女儿要招亲，国王在一个动物园旁边举行的，国王说：“谁能回答出我的问题，我就把女儿嫁给他。国王看到动物园里走出一只长颈鹿，就说：“什么动物得什么病比它还不舒服？”一个人说：“武松得了脚气比它还不舒服！”国王说：“算你牛！“国王指着一头大象说：“谁能让大象抱着屁股跳到水里去！”又是那人说：“我能！”之后拿了一根钉子走到大象后面，扎了一下，大象就抱着屁股跳到水里去了，国王又问：“谁能让大象点点头又摇摇头，最后抱着屁股跳到水里去！”还是那人答道：“我能！”他走到大象面前说：“你认得我吗？”大象点点头“你还想被扎吗？”大象摇摇头，“你该怎么办？”大象抱着屁股跳到水里去了。
　　这样上课既让我喜欢上了书法，也知道了要乐观，我要向他学习。",《搞笑陈》
240209,4.0,4.0,5.0,5.0,4.0,4.0,4.0,4.0,4.0,4.0,3.0,3.0,4.0,4.0,3.0,4.0,3.0,4.0,4.0,4.0,3.0,3.0,2.0,2.0,4.0,3.0,4.0,4.0,4.0,3.0,3.0,3.0,4.0,4.0,4.0,3.0,3.0,3.0,4.0,4.0,4.0,3.0,4.0,3.0,3.0,3.0,4.0,4.0,4.0,4.0,3.0,3.0,3.0,3.0,3.0,4.0,4.0,4.0,2.0,2.0,4.0,3.0,4.0,5.0,4.0,4.0,4.0,4.0,3.0,3.0,"长龙国际大马
　　我们到了广州只去了一个游玩景点，那个游玩景点就是“长隆动物园”。
　　我们开车到了那里。因为去的太晚，所以我们没能看上动物，只好去看“长隆国际大马戏”了。
　　我们买了票一进大门就看到了一幅热闹的场面：有的人带着小孩子去买吃的，有的人在玩具店里买玩具，还有的人带着小孩子在人群中跑着去排队。我们也买了一些吃的去排队了。我走着走着走，我们一直走到排队那里我惊呆了！没想到队一直到了大门口！还好我们吃东西的时候爸爸吃的快，先吃完了，我让爸爸帮我们排了一下队。所以我们现在已经靠前了。
　　等着等着，半个小时过去了，终于开始检票了！到我们检票了，我们赶紧检了票和妈妈一起狂奔到2号门进去抢位子，最后，我们坐到了中间靠边的位zhi4。
　　过了一会，马戏开始了，舞台上的灯亮了起来，节目有很多，但是我最喜欢的还是的水了！跳水就是一些人站在非常高的跳水板上,然后，跳到下面的水里。刚刚跳到中间的时候会翻一个身，而且，最好玩儿的是，跳到水中之后还可以双手张开，平躺在水面上！
　　不过最好玩的并不是这个，他们跳着跳着突然，一个小丑领来了一位观众在跳水板上，那个观众小心翼翼的上了梯子，然后，蹲在跳水板上不敢站起来，他怕掉下去。不过他顿了会儿，就站了起来。他没想到刚刚站起来的一瞬间，就被小丑推了下去！好玩极了!
　　我们看完了表演,天色也已经昏暗下来，该回家了，于是我只好随着欢快的音乐走向门口。",《长龙国际大马》
240134,3.0,3.0,4.0,4.0,3.0,4.0,3.0,3.0,3.0,4.0,3.0,4.0,3.0,3.0,2.0,4.0,2.0,3.0,2.0,3.0,3.0,4.0,3.0,4.0,3.0,4.0,2.0,3.0,2.0,3.0,3.0,4.0,2.0,3.0,3.0,4.0,3.0,4.0,2.0,3.0,3.0,4.0,3.0,4.0,2.0,3.0,3.0,4.0,3.0,4.0,2.0,3.0,2.0,3.0,2.0,3.0,3.0,4.0,3.0,3.0,3.0,4.0,3.0,4.0,3.0,4.0,3.0,4.0,3.0,4.0,"老师进班了
　　“叮铃铃”上课了，班里闹哄哄的。这一节是数学课，很明显，老师的脸色一点也不好看，估计是觉得我们班很闹吧，不过，在老师来之前，大家该说的说，该下位子的下。老师来的时候，大家“刷”的一下都安静了。老师是脸上仿佛一下红、一下绿，也不知道是生气，还是哭笑不得。我猜老师应该很生气吧。本来这还不是让老师生气的地方，关键是，这时正好有同学在喊“扫地大妈来了！”而且说还边回头。我突然觉得老师心里有一股熊熊烈火在燃烧，好似马上要火山爆发似得！幸好这时有同学识相，马上把那个同学叫了回来。我的心里在想“天哪”这也不是我们班主任，好羞啊！不过还好，老师脸上也没有那么不好看了！
　　虽然老师的脸色不好看，可还原谅了我们，我也希望下次我们能够弥补我们的表现，让我们做得更好！",《班主任进班了》
240208,3.0,3.0,3.0,3.0,3.0,3.0,3.0,3.0,3.0,3.0,2.0,2.0,3.0,3.0,3.0,4.0,3.0,3.0,2.0,2.0,2.0,2.0,2.0,2.0,3.0,3.0,3.0,3.0,3.0,3.0,3.0,4.0,3.0,3.0,3.0,3.0,2.0,2.0,3.0,3.0,3.0,3.0,3.0,3.0,2.0,3.0,3.0,3.0,3.0,3.0,2.0,3.0,2.0,2.0,2.0,2.0,3.0,4.0,2.0,2.0,3.0,3.0,3.0,5.0,4.0,5.0,4.0,4.0,3.0,3.0,"新加坡之旅
　　寒假，姥姥、爸爸、妈妈和我一家4口坐飞机去了新加坡旅游。
　　新加坡是城市花园国家，那里离赤道很近，属于热代海洋气候，这个季节跟我们北京夏天一样也是三十五六度，我们每天都穿着短衣短裤。新加坡高楼林立，街道绿树成阴，干净整洁，每天空气都很清新，没有雾霾。新加坡的人素质很高，不随地吐痰不抽烟，如果要抽烟的话也要到专门抽烟的地方抽。坐电梯的时候他们国家正好和我们国家相反，他们是站在左边而我们是站在右边。我们在新加坡一共玩了七天，我最喜欢的是第三天去环球影城和最后一天去的印尼。环球影城一进去我们第一个玩的项目是变形金刚，变形金刚就是我们坐在变形金刚上，当车开启时车很晃动，我很紧张因为不知道是什么情况，随着车慢慢往前走出现了变形金刚混战的场景，我们也是其中的一员。眼看变形金刚的大手快抓住我们时我们搜的一下解开了，真险！就这样我们一会儿—在战场中撕杀一会儿在高楼间穿梭，每次都有惊无险。玩完觉的太刺激了大好玩了。
　　最后一天我们坐了轮船去印尼那船太晃了，船还没开我就晕了，将近一个小时我们到了印尼，印尼的钱非常小比人民币小多了吃一顿饭都要50万印卢比呢。我们住的酒店在海边随时都可以去泡海，海滩的沙是白色的，非常非常细，光着脚在上面踩过留下一串脚一个海浪扑来脚消失的无影无踪。海水远处是深蓝色，近处是绿色的。海浪一个接一个地抖过来，爸爸陪着我扑浪，好玩极了！第二天早上我们去了红树林为什么叫红树林？因为拿手扒下来一块树皮树里面是红色的。我们是坐船去的在树林里还看见了4条金环蛇它们有剧毒，而且它们是白天睡觉晚上活动白天睡在树上你不动就不会掉下来的。
　　最后，从新加坡回到了北京，新加坡是我最愉快的旅行。",《新加坡之旅》
160312,4.0,4.0,4.0,2.0,5.0,4.0,5.0,3.0,4.0,4.0,4.0,3.0,5.0,3.0,4.0,3.0,5.0,3.0,4.0,4.0,4.0,4.0,4.0,4.0,5.0,4.0,4.0,4.0,4.0,4.0,4.0,3.0,5.0,4.0,5.0,4.0,4.0,4.0,4.0,4.0,5.0,4.0,4.0,4.0,5.0,3.0,5.0,4.0,4.0,4.0,4.0,3.0,4.0,3.0,4.0,3.0,4.0,4.0,3.0,3.0,4.0,4.0,4.0,4.0,5.0,4.0,5.0,4.0,5.0,4.0,"木船
　　争执中，陈华又把它踩坏了，我非常生气，一把夺过他的小木船……最后我把小木船还给了他。他刚接到小木船就转身走了。
　　这几天我们谁也不理谁，就像我们从来没认识过一样。中午太阳被云挡往了，原本寒冷的天气加上寂寞让空气变的更加冰冷。“要不然我给他道歉去吧”我一边想一边走向他。可我没想到他也正向我走来，他把一个小木船塞到我手里，我刚想说但感谢的话，但他已经转身离开了我的座位。透过刺眼的阳光我清楚的看到一颗晶莹的泪珠划过他的脸滴在地上。
　　最近我总是拿着他给我的小木船去找他玩,可他每次都用各种理由拒绝了。“是不是我们的友谊就要这么毁灭了？”我心里产生了一种从未有过的恐俱感。那次冰冷的感觉再次袭来，我实在受不了了，这种孤独的感觉让我害怕，我站了起来向他前面的人问了问情况，他的回答让我惊讶，他说那个小船是自己的，唯一的，这时我也突然想起当时的场景，小船是他不小心弄坏的，又不是故意的。我应该向他道歉，这句话在我脑海里一次一次的说。我走向他给他道了歉又把小船还给了他，我们又重新做回了朋友，天气仿佛从寒冷的冬天一下进入温暖的春天，处处鸟语花香……
　　我一定会珍惜我们现在的友谊，不会再让这些小事成为友谊中的绊脚石，愿友谊天长地久。",《木船》
130229,4.0,4.0,5.0,4.0,5.0,5.0,3.0,3.0,4.0,4.0,2.0,2.0,3.0,3.0,3.0,3.0,3.0,3.0,3.0,3.0,3.0,3.0,4.0,4.0,5.0,5.0,4.0,4.0,5.0,5.0,3.0,3.0,4.0,4.0,5.0,5.0,5.0,5.0,4.0,4.0,5.0,5.0,4.0,4.0,3.0,3.0,4.0,4.0,5.0,5.0,2.0,2.0,4.0,4.0,3.0,3.0,5.0,5.0,2.0,2.0,4.0,4.0,5.0,5.0,5.0,5.0,3.0,3.0,4.0,4.0,"本领
　　我会做的事有很多，我会干家务、会画画、会煮汤圆、会游泳……，其中我最喜欢的就是游泳。
　　去年暑假妈妈给我报了一个游泳班，共上了12节课，第一节课，我们是在岸上学的，教练给我带上了四个浮漂，老师先教我踢腿法，然后练习了一会，老师就让我下水练习，我一点一点的去学。第二天老师教我憋气，把头伸进水里不停的憋气，到水里还让我们比赛憋气。第三天终于可以下水了，我们下水开始游泳，我们还玩了个游泳比赛，我们谁先到终点谁就可以休息，教练一喊开始，我就使劲的往前游，最终我还是得了第三名，不过我很开心，后来几天，我一天比一天游得好，到最后两天，教练让我把浮漂摘掉，我很害怕，心里扑通扑通跳得很快，刚下水没游两下，我就上岸了，因为我很害怕，但是教练鼓励我,让我放轻松，不要紧张勇敢的下去。听了教练的话,我鼓足了勇气，跳了下去，游了几米，突然觉得也没有那么可怕，于是，我就游了好几个来回，终于把游泳学会了。
　　虽然在学游泳的过程中有一点困难，但是我坚持了下来。这就是我学会的本领游泳。",《本领》
130439,3.0,3.0,4.0,5.0,3.0,3.0,3.0,3.0,3.0,4.0,2.0,3.0,3.0,4.0,2.0,3.0,2.0,2.0,3.0,3.0,3.0,4.0,3.0,4.0,3.0,4.0,3.0,3.0,3.0,4.0,3.0,4.0,3.0,3.0,4.0,3.0,4.0,3.0,2.0,3.0,3.0,2.0,3.0,2.0,2.0,2.0,3.0,2.0,3.0,2.0,2.0,2.0,2.0,3.0,2.0,2.0,3.0,3.0,3.0,3.0,3.0,3.0,3.0,5.0,3.0,5.0,3.0,4.0,3.0,3.0,"一次令人难忘的运动会
　　那是一次运动会，非常令我难忘。运动会是和D校区一起举办的。
　　当天，D校区操场上非常热闹。每个班在音乐中绕操场走一圈。每个班都有一个口号，我们班的口号是“三二、三二、独一无二！三二、三二相当有范儿！”不错吧？
　　等所有班都展示完队形，此时，在小操场，正有3个游戏等着我们呢！分别有“虫虫向前冲”“接力赛跑”“车轮滚滚”，第一个游戏是虫虫向前冲。每个班在候场区，个个摩拳擦掌。随着裁判员一声哨响，比赛开始了，助威的同学，拼命地喊，比赛的同学也拼尽全力……很快就到了最后一个项目，最后一个项目是接力赛跑！我们排好接力队形后比赛就开始了，同学们个个跑的飞快，终于该我跑了，我给自己加油，并在心里暗暗地说：“加油！我一定成功！”我用尽所有力气，跑了起来。我快速的把沙包交给下一个人，那个人稳稳的接住了我的沙包儿，飞快的跑起来。眼看到了最后一人，是程伟，全班都在为她呐喊。终于，大家的努力没有白费，“我们班是第一名！”很快这消息传遍了全班。我心里好一阵激动。
　　比赛结束后，我们又回到了A校区。班主任班老师非常高兴，我们也非常高兴，这就是令人难忘的运动会！",《一次令人难忘的运动会》
141001,3.0,3.0,4.0,5.0,3.0,3.0,3.0,3.0,4.0,4.0,3.0,3.0,3.0,3.0,4.0,4.0,3.0,3.0,4.0,4.0,3.0,3.0,2.0,3.0,3.0,4.0,4.0,4.0,3.0,3.0,3.0,3.0,2.0,3.0,3.0,3.0,3.0,3.0,2.0,2.0,3.0,3.0,2.0,2.0,3.0,4.0,2.0,2.0,3.0,3.0,3.0,3.0,3.0,3.0,2.0,2.0,4.0,4.0,2.0,2.0,4.0,4.0,4.0,5.0,4.0,5.0,2.0,2.0,3.0,3.0,"生命读后感
　　我感觉生命虽短暂但是就像生命生命一课，但是，我们却可以让有限的生命体现出无限的价值，决不能让它白白流失。
　　有一次我认认真真的读了生命生命一课我惊奇的发现了香瓜子，过了几天，竟然冒出一株小瓜苗。那小小的种子里，包含这一种多么强的生命力啊！竟使他可以冲破坚硬的外壳在没有阳光，没有泥土的砖缝中，不屈向上，茁壮生长，即使它仅仅活了几天，就一粒小小的瓜子都有这么顽强的生命力！
　　有一天我晚上非常专注的读了花的勇气课的二自然段和七自然段，原来青草下边藏着满满一层小花，白的、黄的、红的、青的、蓝的；纯洁、娇小、鲜亮。我看到下雨的时候竟是一片花的原野，这正是前几天那片千万朵小花藏身的草地。
　　生命是多么勇敢就像花的勇气一课一样小花为什么不在温暖的阳光下冒出来，偏在冷雨里不屈向上呢？我心怦然一震，明白了这个道理生命的意味是一勇气！",《生命读后感》
140830,4.0,4.0,5.0,3.0,5.0,3.0,4.0,3.0,5.0,3.0,3.0,3.0,4.0,3.0,3.0,3.0,3.0,3.0,4.0,3.0,3.0,3.0,3.0,3.0,4.0,3.0,5.0,3.0,5.0,3.0,3.0,3.0,4.0,3.0,4.0,3.0,4.0,2.0,5.0,3.0,5.0,3.0,5.0,4.0,5.0,3.0,5.0,3.0,5.0,3.0,3.0,2.0,4.0,2.0,3.0,2.0,5.0,3.0,2.0,2.0,4.0,3.0,5.0,3.0,5.0,4.0,3.0,4.0,4.0,3.0,"我的心里话
　　我练跆拳道已经有4年了，从一年级我就开始练，现在我都已经红带了，我非常想成为像教练们这样的黑带高手。
　　还记得我刚开始训练时，教练就让我们压腿。
　　有一次，我们做了体能训练，我们每个人都累得气喘吁吁，但是教练马上给我们一个一个的压腿，压腿的时候很疼，我们先坐在地上，靠着墙壁，然后我们做横叉教练把我们的腿蹬成一字形，每次都有好多人掉眼泪，而且教练让我们分散注意力，让我们唱歌，讲故事等等，真的痛极了！教练您为什么对我这么狠？
　　随着后来，动作技巧越来越难，对战越来越多，我渐渐明白，教练之前让我们压腿，是为了今后学习更高难度的动作。
　　所以我感到内疚，之前对教练的误解是不对的，我以后肯定好好训练，争取成为你这样的黑带高手，最后我还是想跟您说：“对不起，我不应该责怪您。",《我的心里话》
140117,3.0,3.0,4.0,4.0,4.0,3.0,3.0,4.0,4.0,4.0,3.0,3.0,4.0,4.0,4.0,3.0,4.0,3.0,4.0,3.0,4.0,4.0,4.0,4.0,3.0,3.0,3.0,4.0,4.0,3.0,3.0,3.0,3.0,3.0,4.0,4.0,3.0,4.0,4.0,3.0,4.0,4.0,3.0,4.0,3.0,3.0,3.0,3.0,4.0,3.0,3.0,3.0,2.0,3.0,3.0,3.0,4.0,4.0,3.0,3.0,4.0,3.0,4.0,4.0,4.0,4.0,4.0,4.0,4.0,4.0,"伊尔库茨克之行
　　今年暑假我去过很多地方如东戴河、自然博物馆等，但我最喜欢的还是伊尔库茨克。
　　首先我们来到了贝加尔湖，贝加尔湖长636公里，宽794公里，贝加尔湖最深可达1637米，贝加尔湖还是世界最深的淡水湖呢！贝加尔湖的水清澈见底，没有一丝的垃圾。湖水的颜色是蓝色的，冬天时湖水冰成的冰也是蓝色的，非常迷人。贝加尔湖的物产也非常丰富，这还有最鲜美的淡水鱼、秋白鲑、淡水豹、环斑海豹等等各种稀有的生物。
　　然后我们来到了比较神秘的圣女修道院，修道院这里还有修女，修女们身上包裹着黑色的衣裳，他们做什么事都像仙人一样文雅。这里还有比较神圣的东正教堂，波兰大教堂这些教堂既华丽又庄严。
　　我来到了这里看了很多我不知道的东西，我很高兴！",《伊尔库茨克之行》
240105,2.0,2.0,2.0,4.0,2.0,2.0,2.0,3.0,2.0,2.0,2.0,2.0,2.0,2.0,2.0,3.0,2.0,2.0,2.0,3.0,2.0,2.0,2.0,2.0,2.0,3.0,2.0,2.0,2.0,3.0,2.0,2.0,2.0,2.0,2.0,3.0,2.0,2.0,2.0,2.0,2.0,2.0,2.0,2.0,2.0,3.0,2.0,3.0,2.0,2.0,2.0,3.0,2.0,2.0,2.0,3.0,2.0,2.0,2.0,2.0,2.0,3.0,2.0,5.0,3.0,3.0,4.0,4.0,4.0,4.0,"老师进班了 [现代]杜明
　　上课铃声响，
　　教室仍吵嚷。
　　(老师）手持三角板，
　　入班发考卷。
　　立刻既停嚷，
　　测试则开始。
　　门发一声响，
　　语文教师入。
　　倚靠讲台傍，
　　手拿课本书。
　　同学不明之，
　　老师进错班。",《班主任进班了》
150338,3.0,4.0,3.0,3.0,3.0,3.0,3.0,4.0,3.0,4.0,2.0,3.0,3.0,3.0,3.0,4.0,3.0,3.0,2.0,2.0,2.0,3.0,2.0,2.0,2.0,3.0,3.0,4.0,3.0,3.0,2.0,3.0,2.0,3.0,3.0,3.0,2.0,2.0,2.0,2.0,2.0,3.0,3.0,4.0,2.0,2.0,2.0,3.0,3.0,4.0,2.0,2.0,2.0,2.0,2.0,3.0,2.0,3.0,2.0,3.0,3.0,3.0,3.0,3.0,3.0,3.0,3.0,4.0,3.0,3.0,"我的哥哥
　　上周我去上语文课最开始觉得很无趣，但没想到我的干哥哥和我的好朋友也去了。我的干哥哥身上穿着一件深蓝色的羽绒服；里面穿着一件黑中带白，帅气无比的外套；里面还有一件乐高的秋衣；下面穿了一条黑色牛仔裤；一双黑色的跑鞋。一双大眼睛，两弯剑眉，身量苗条，十分帅气。
　　过了一会儿我的好朋友也来了。我干哥哥对他说：“你真强壮呀！”壮壮不好意思的说：“哪有啊，就是吃的多点而已吗！”543瞪着一双大眼睛不可思议地说：“真的吗？多吃一点就能变强壮？”壮壮说：“对啊。不过你还真是苗条呀！”543一脸得意的说：“是啊！这是我爱吃蔬菜功劳！”
　　我说：“你们怎么能无视我呢？我也是你们的朋友啊！还有五分钟就上课了。还有你们怎么第一次见面就说地这么欢呀！我情不自禁的说了出来。543说：“这可能就是一见如故吧！”
　　五分钟后上课了我们进去了就开始背诗，但老师不高兴了说：“别背了！虽然你们背的挺不错的。543说“那是！我背诗背的可快了！”壮壮说！“哪有啊！就是四年级背了点而已！”但我一句话也没说。老师都快被气死了不知道的还以为谁欠她钱了呢！生气的说：“安静！”下课了我说：“不好了老师要跟家长们说我们的问题！”543和壮壮说：“怎么办啊！”不过最后老师没说所以我们就一起回去了。",《我的哥哥》
150406,3.0,4.0,5.0,5.0,4.0,5.0,3.0,3.0,4.0,4.0,3.0,3.0,4.0,4.0,5.0,5.0,4.0,3.0,4.0,4.0,4.0,3.0,4.0,3.0,4.0,4.0,4.0,4.0,4.0,4.0,4.0,3.0,4.0,4.0,4.0,4.0,3.0,4.0,3.0,4.0,3.0,4.0,4.0,4.0,3.0,4.0,3.0,4.0,4.0,4.0,3.0,3.0,3.0,4.0,3.0,3.0,4.0,4.0,2.0,2.0,3.0,4.0,5.0,5.0,4.0,5.0,3.0,4.0,3.0,4.0,"滑板上的感动
　　“加油，加油！”一组同学像火箭一样冲了出去。在一年一度的体育节中，五年级正在进行双人滑板项目。这个项目十分注重互相团结。
　　在滑板比赛开始前两分多钟，大家都精神抖擞，双手紧握着拳，仿佛时间凝固了一般。在老师给了指令后，所有人都冲了出去。在比赛过程中，有一组同学出乎意料的异常缓慢，在旁边还在聊天的同学忽然转头盯着他们，我们也跺着脚，却无从下手。突然有两位同学像豹子一样冲过去想推他们一把，却被老师拦住，但是他们仍然忐忑不安。只见那滑板上的同学埋着头，咬着牙，奋力蹬着。这时只见最后一组同学盯着滑板，嘴角抽动着。
　　他们快速穿过人群，在跟前疾驰而过，所有人脚下都吹来一阵令人感动的风。他们的头发被吹的倒竖了起来，鞋被蹭掉了一只，……但前面一位同学双腿突然摆动了一下，他一点都不在乎。好景不长，那一位同学因没有保持平衡而摔了出去，我们心中一惊，三步并两步地跑到他前面：“怎么回事？要紧吗？”又有许多个同学跑来“没事吧？”他忍着泪说：“没事，班级的荣誉才是最重要的！”我感觉一种力量催人泪下。
　　这样感人的事件还有很多？在本次体育节中，发生了许多感动人心的事迹。这些事迹像一阶阶楼梯，等着我一步步成长。",《滑板上的感动》
150201,3.0,3.0,2.0,5.0,3.0,3.0,3.0,3.0,3.0,4.0,2.0,2.0,3.0,3.0,2.0,3.0,3.0,3.0,3.0,3.0,3.0,3.0,2.0,3.0,3.0,3.0,3.0,4.0,3.0,3.0,3.0,3.0,3.0,4.0,3.0,3.0,2.0,3.0,3.0,3.0,3.0,3.0,3.0,3.0,2.0,4.0,2.0,3.0,2.0,2.0,2.0,2.0,2.0,3.0,2.0,2.0,3.0,3.0,2.0,2.0,2.0,2.0,4.0,5.0,4.0,5.0,4.0,4.0,3.0,3.0,"给20年后的我
20年后的我：
　　你好！
　　日月如梭，光阴似箭，我在20年前的桌子上给你写这封信，也不知道你怎么样了？妈妈还在吗？我其实最想问的是你实现我的梦想了吗？说实话我当初的梦想就是要当一名医生，因为我的同学有的胳膊骨折过，不管是大病还是小病，医生都会尽力治好。我有一次扁桃体发炎了有些发烧，我就吃了一点儿退烧药。当时烧虽然退了，但是又过了一天，我就又高烧不退，去了医院，医生诊断为扁桃体发炎，对症下药，我吃了几天就好了。我现在想想还有一点后怕，不过病还是被医生治好了。医生多伟大呀！所以我想当医生。
　　如果你觉得这非常难，你也可以选择去当一名书法家，虽然医生可以救死扶伤，可是练上一手好字也是不错的，我确信没有一个机器人可以写书法，因为书法是有灵魂的，每一个字都不一样，即使一样的字，不同人写出来神韵也不一样，因此成为一名书法家，你的字体和神韵就可以流传千古。
　　那时的科技怎么样啦？是不是车也会飞了？是不是人人都有一个可放大的微型翅膀，可以自由的飞翔？世界是和平还是战争！这些都等着你来解答。
　　希望你在看到这封信的时候，你已经成为一个幸福快乐、身体健康和事业有成的人。
　　此致
敬礼！
20年前的我
2018年3月25日",《给20年后的我》
140940,2.0,3.0,3.0,3.0,3.0,3.0,2.0,3.0,2.0,2.0,3.0,3.0,2.0,3.0,3.0,3.0,2.0,3.0,3.0,4.0,2.0,3.0,2.0,3.0,2.0,3.0,3.0,4.0,2.0,3.0,2.0,3.0,3.0,2.0,2.0,3.0,2.0,2.0,2.0,3.0,2.0,3.0,3.0,2.0,2.0,3.0,2.0,2.0,2.0,2.0,2.0,2.0,2.0,3.0,2.0,3.0,2.0,2.0,2.0,3.0,2.0,2.0,2.0,3.0,3.0,4.0,3.0,3.0,3.0,4.0,"《水浒传》好书推荐
　　我这个寒假看了一本书，这本书的名字叫“水浒传”它的作者是古代明朝的施耐庵写的。
　　《水浒传》是中国史上第一部白话章回体小说，开创了中国白话长篇的先河，与《红楼梦》《西游记》，《三国演义》被合称为“中国古典文学四大名著”。它取材于北宋末年宋江起义的故事，由施耐庵在此基础上加工，整理，创造成书。《水浒传》艺术描写高超，生动，爱憎分明。里面共六十六大章。
　　作者简介：施耐庵是1296年出生，1370年去世。他的原名施彦端，字肇端，号子安，元末明初的文学家。他才华横溢，博古通今群经诸子，词章诗歌，天文，地理，医卜，星象无不精通。他三十五岁进士，授任钱塘县事，后弃官归里，考心著述，根据民间流传的宋江起义故事，写成长篇小说《水浒传》。
　　我在这本书的上面学会了干什么事情之前都要先动动脑子在做。希望你们也看一看。",《水浒传》好书推荐
140328,4.0,4.0,4.0,2.0,4.0,4.0,4.0,5.0,5.0,4.0,3.0,4.0,4.0,4.0,4.0,3.0,3.0,4.0,4.0,4.0,4.0,3.0,4.0,3.0,5.0,4.0,5.0,3.0,5.0,3.0,4.0,3.0,5.0,3.0,5.0,4.0,3.0,3.0,3.0,3.0,4.0,4.0,4.0,4.0,4.0,4.0,4.0,5.0,4.0,5.0,3.0,2.0,3.0,3.0,3.0,2.0,4.0,4.0,2.0,2.0,4.0,4.0,5.0,5.0,5.0,5.0,5.0,5.0,5.0,4.0,"精灵国都
　　在云彩上有一个精灵国都,那里如同仙境一般，云雾缭绕，所有东西都是用糖果制成的，是云上的世界，小精灵们都过着安宁的生活。
　　国都里所有的小精灵都是由王后生的，他们都活泼可爱。可是，其中有一个小精灵姑娘很不自信而且害羞，但是却特别勇敢、善良，所以只有一个好朋友。她的好朋友很想帮助她一起找到自信，不再生活在孤独之中。
　　有一天，宫殿里传来了一阵忧伤的哭泣声。原来，去年王后过生日时国王送给王后的珍珠项链丢了，所以全部的小精灵都出去寻找珍贵的项链去了。那个不自信的小精灵觉得，没准是王后忘记自己放哪了没找到，就以为是丢了呢？但是她没有告诉任何人，甚至于她的好朋友，她决定自己一个人溜进宫殿里看看。
　　这是她第一次进宫殿。“好豪华呀！”精灵姑娘说。她兴奋的差点儿忘记自己来干嘛的，可她是溜进来的。“杰克，终于可以把这个讨厌的衣服脱下来了。”一个细细的声音说。精灵姑娘迅速找到声音来源，她差一点就叫出来了……
　　国王和王后竟然都被捆在地上，旁边还坐着两个看起来很坏的男人。细声音说：“现在所有人都找项链了，咱们可以安心地把项链偷走。”“是呀！”另一个人说。
　　其实，这两个坏蛋有一个要偷走价值连城的项链的计划：他们打算先把国王和王后抓住，换上他们的衣服，然后装作王命的声音哭泣，说项链丢了，再让大家都去找项链，他们就可以轻松把项链偷走了。可是，如果其中有一个不小心，计划就会失败。所以一切行动都得非常秘密。
　　一个坏蛋说：“反正项链也跑不了，咱们先睡一会儿再去拿也不晚。”“可以啊！”另一个说。两个小时后他们醒了，他们一起去拿项链，发现它不在那儿。原来在两个小时里，精灵姑娘去把全部的小精灵都找了回来，并告诉他们她看到的。不久，小精灵都回来了，他们先把项链放在安全的地方，然后准备抓住两个大坏蛋。“坏蛋出来了。”一个小精灵提醒道：“抓住他们！”小精灵们一齐喊到。他们团结一致，把坏蛋捆成像香肠似的，并赶走了他们，救出了国王和王后，所有小精灵都紧紧地拥抱在一起。事后国王和王后给了精灵姑娘重赏，她也从此次事件中成长了许多，找到了自信，也多了许多朋友。而这些小精灵也幸福、快乐的生活在一起。",《精灵国都》
150331,5.0,4.0,5.0,4.0,5.0,4.0,3.0,3.0,4.0,4.0,3.0,3.0,3.0,4.0,5.0,4.0,4.0,3.0,4.0,4.0,4.0,3.0,4.0,3.0,4.0,4.0,5.0,4.0,5.0,4.0,4.0,4.0,5.0,4.0,5.0,4.0,5.0,3.0,5.0,4.0,5.0,4.0,5.0,4.0,5.0,3.0,5.0,4.0,5.0,4.0,3.0,2.0,3.0,3.0,4.0,2.0,4.0,4.0,2.0,2.0,5.0,4.0,5.0,4.0,5.0,5.0,5.0,5.0,5.0,4.0,"初见“张老师”
　　从一年级到五年级，有许多老师教过我，他们教我学知识，让我明白人生道理，这其中，让我最印象深刻的是这位不是老师却胜似老师的张阿姨。
　　上学期的一个周六，爸爸带着我到他的好朋友家里做客，在这里，我认识了张阿姨。张阿姨看到我们来，热情的招呼我们坐下，为我们倒水，此时，我仔细打量了一下张阿姨，大约有四十多岁，个头不高，齐耳短发，一张圆圆的脸上始终带着和蔼可亲的笑容，不大的眼睛里透露着睿智，透露着知识。张阿姨亲切的问我：“上几年级了？几岁了？”我一一做了解答，渐渐的，我和张阿姨越来越熟了，谈的话题也越来越多了。
　　张阿姨给我讲了许多历史与地理，现代与近代的知识。让我知道了，武侯祠是诸葛亮的坟墓，恭王府里的蝙蝠是福气的意思，唐宋八大家分别是：韩愈，柳宗元，欧阳修，苏洵，苏轼，苏辙，王安石，曾巩。等等，我深深的被张阿姨渊博的知识所吸引，认真的听着，不时的询问一些我不懂的东西，张阿姨则耐心的给我解答，她从我求知的眼睛看到了希望，于是讲的越来越起劲了，她由武侯祠讲到了三国，只见她时而眉头紧锁，神态庄重，时而眉头舒展。神采飞扬，让我好似走进了三国那个乱世纷争的时期……
　　一下午的时间就在张阿姨滔滔不绝话语中过去了，我从中学到许多书本上没有的知识，让我喜欢上了历史，也更喜欢上了这个不是老师却胜似老师的张阿姨。
　　张阿姨，你是我最喜欢的“老师”！",《初见“张老师”》
250135,3.0,3.0,4.0,5.0,3.0,4.0,3.0,4.0,3.0,5.0,3.0,4.0,3.0,5.0,2.0,3.0,2.0,2.0,3.0,4.0,3.0,4.0,3.0,3.0,3.0,4.0,3.0,4.0,3.0,3.0,2.0,3.0,3.0,4.0,3.0,4.0,3.0,3.0,3.0,4.0,3.0,3.0,3.0,3.0,3.0,3.0,3.0,3.0,3.0,4.0,3.0,4.0,3.0,3.0,3.0,4.0,3.0,3.0,3.0,4.0,3.0,3.0,4.0,5.0,4.0,4.0,4.0,5.0,4.0,5.0,"寒假里的一件事
　　在我的记忆长河中，我经历许多感兴趣的事情，其中，最令我印深刻的则是滑冰这件事了。
　　今年寒假的一天，爸爸带我来到了B大学未名湖滑冰。我发现那高手云集。有的在冰场上翩翩起舞，有的在旋转着，还有的在高速快滑。爸爸给我租了双冰鞋。我迫不及待地穿上它，大着胆子迈向冰场。一进滑冰场，我就变得步履蹒跚。我扶着围栏，慢慢地向前滑，刚想走一步，一个趔趄摔了个四脚朝天，我有些想放弃了。这时，不远处传来了爸爸的话语：快站起来你一定能学会的。我心想我不能放弃，摔倒不可怕，放弃才是最可怕的。
　　我学着别人的样子，慢慢迈开了几步，可不知怎么的，总是站不稳。我心里很不服气开始有些着急。但是心越着急，就摔得越多。没关系，慢慢练。爸爸鼓励我说。小心翼翼地站好，照着其他人的样子，把脚迈成八字形。左脚先，右脚后，身子向前倾，双手随脚的节奏自然摆动。我的脚一蹬，功夫不负有心人，身子稳稳地滑了出去。我开心极了，但我知道我还不熟练，我以后会多加练习的。
　　我终于学会了滑冰。爸爸露出了欣慰的笑答。我不但学会了滑冰还知道了坚持就是胜利。",《寒假里的一件事》
160424,5.0,3.0,5.0,4.0,5.0,3.0,4.0,3.0,5.0,3.0,4.0,3.0,5.0,3.0,5.0,3.0,5.0,3.0,5.0,3.0,3.0,3.0,3.0,3.0,4.0,3.0,5.0,4.0,5.0,3.0,3.0,3.0,5.0,3.0,4.0,3.0,3.0,3.0,4.0,3.0,3.0,3.0,5.0,3.0,5.0,3.0,4.0,3.0,5.0,4.0,3.0,2.0,3.0,3.0,4.0,2.0,3.0,3.0,2.0,2.0,3.0,3.0,5.0,4.0,5.0,4.0,4.0,4.0,3.0,3.0,"美术之路
　　我从小对美术有很大的兴趣，或许是因为它的魅力深深引着我，让我产生好奇。当我满怀期待的朝着这条大路走去时，可却被“绊脚石”拦住了去路。
　　记得三年前，当我高兴的迈入素描班的大门时，以为来到了新世界，但却不是这样。老师开始讲画正方体的方法，我静静地听着，可是因为老师讲得太深，我是初学的，所以我一点儿也没听懂。看着空白的素描纸，我鼓起勇气画出了第一笔。正当，我画好一个面时，我发现我旁边站着几个学了半年素描比我小的同学。他们七嘴八舌道：“哟，瞧她画那个样，真丑”！其余同学摆着一脸骄微说：“对啊，真给我们丢人！”这一句句话如万箭戳般的扎在了我的心上。一下子我就流出了眼泪，打湿了那张画着一个面的素描纸。
　　从此以后，我两年没画过素描，我放弃了吗？不，并没有！这件事反而成为了我后来画的动力。
　　半年前，我参加了书画摄影展的比赛并获得三等奖，没有人再说我画得不好，就是因为三年前这件事，不断激励着我前行。
　　与其说“绊脚石”是拦路虎，不如说它是打开我心灵的一扇窗，让我走向更大更宽的路上更好的展示美术的魅力。",《美术之路》
140403,4.0,4.0,4.0,5.0,5.0,5.0,5.0,3.0,5.0,4.0,4.0,3.0,4.0,4.0,4.0,4.0,5.0,3.0,4.0,5.0,4.0,4.0,4.0,4.0,5.0,3.0,5.0,4.0,4.0,5.0,5.0,4.0,5.0,4.0,4.0,3.0,3.0,4.0,4.0,4.0,4.0,4.0,4.0,4.0,4.0,4.0,4.0,3.0,4.0,4.0,4.0,5.0,4.0,4.0,3.0,3.0,4.0,4.0,2.0,2.0,4.0,3.0,4.0,5.0,5.0,5.0,5.0,5.0,4.0,3.0,"小豆芽生长记
　　那天，我突然很想吃豆芽，我告诉了妈妈。她说：“可以，不过要自己用豆芽机生豆芽。”我想：这多好玩呀！
　　第二天，我把绿豆放进豆芽机里，倒上一点水，就去上学了。回来一看，呀！有的小豆儿心急，已经迫不及待地挣脱了绿色的“外衣”，换上了崭新的黄色“衣服”。并且萌发出了小芽儿。
　　第三天，小豆儿的芽儿更长，更茁壮了。它们齐心协力，一顶——一直压着它们的盖子被它们一股劲顶了起来。我拿了一个小豆儿一碰，呀！小豆儿的芽折了！可是，我不明白，它的芽这么脆弱，那为什么可以托起那么重的盖子呢？我始终想不明白。
　　第四天，小豆儿的瓣儿稍稍裂开一点小缝，里面的两片小叶藏着不敢出来。现在，茎已经长得很长了。两根或更多的茎缠在一起，弯弯曲曲的。同时，它长出了根须。细细的须子好比那百年老树的根，一点也不逊色于它。
　　第五天，小豆儿们都站了起来，一个搀着另一个，像亲密无间的好朋友。根长出了分叉，须子到处都是，有几个调皮的，一下子窜到顶上！瓣儿里的小叶渐渐长大了，像燕子的尾巴。而一直守护着小叶的两个瓣儿，却悄悄地掉落……
　　天天盼着吃豆芽的我，却面对着一桌的豆芽，轻轻地放下了筷子。原来植物也是有感情的，而且是深深的儿女情！",《小豆芽生长记》
140610,3.0,3.0,4.0,4.0,4.0,4.0,4.0,4.0,4.0,4.0,3.0,3.0,3.0,3.0,4.0,4.0,4.0,4.0,4.0,2.0,3.0,3.0,3.0,4.0,4.0,4.0,4.0,4.0,3.0,3.0,3.0,3.0,3.0,3.0,3.0,5.0,3.0,4.0,4.0,4.0,4.0,4.0,4.0,4.0,4.0,4.0,4.0,3.0,4.0,4.0,3.0,4.0,3.0,3.0,3.0,3.0,4.0,4.0,3.0,3.0,4.0,4.0,4.0,5.0,4.0,5.0,4.0,4.0,4.0,3.0,"挖掘机神投手
　　说到篮球，想必大家都会想到篮球巨星姚明，但是，我还见到了一个比姚明重几百倍的庞然大物，球技和姚明不相上下，它是谁呢？它就是一个很普通的挖掘机，但如果有了一位有绝活的驾驶员的话，这就是一个神奇的挖掘机。
　　我看过一个很让我大开眼界的节目叫“挑战不可能”，我头一次看的时候，心里期盼地等待着这位挑战者的到来，突然，我听见一阵“轰隆隆”的声音，一位阿姨竟然把挖掘机开来了，大家顿时愣住了，原来这位阿姨叫丁旭，是一名挖掘机培训师，她要在三分线外投篮，天呀，那可是7米的距离呀！人投都不一定进，机器就更不用说了。连篮球架都不相信她能一投一个准儿，我就更不信了。投篮开始了，大家都为她拧了一大把汗，现场鸦雀无声，只见吊臂抓起篮球，在空中甩了两三下，向前一抛，哎呀！没进，现场一片唏嘘声，只见丁旭吐了一口气，从容不迫地抓起第二个球，吊臂在空中摆动了几下，球“嗖”地一声飞了起来，精确无误地落在了篮筐里，第三、第四、第五第六球都百发百中，现场顿时响起了雷鸣般的掌声。原来，她整日风吹日晒地训练，才掌握了这门绝技。",《挖掘机神投手》
140607,3.0,3.0,4.0,5.0,4.0,5.0,4.0,4.0,4.0,4.0,3.0,4.0,4.0,3.0,3.0,3.0,3.0,4.0,3.0,4.0,3.0,4.0,3.0,3.0,4.0,4.0,3.0,4.0,3.0,3.0,3.0,3.0,3.0,3.0,3.0,3.0,2.0,4.0,3.0,3.0,2.0,4.0,3.0,3.0,2.0,4.0,3.0,3.0,3.0,3.0,2.0,2.0,2.0,2.0,2.0,2.0,3.0,3.0,2.0,2.0,4.0,4.0,3.0,5.0,3.0,5.0,4.0,4.0,3.0,3.0,"医姥
　　医姥这个名子是我和妈妈……给姥姥起的。意思并不是她医术很好，而是她可以修补很多东西。她长的慈眉善目，胖乎乎的，看起来很可爱。我的很多坏了的东西都是她补好的。
　　姥姥的手也很巧，她会用面捏很多小动物，有小兔、小猫、小狗还有小蛇，要是在元宵节上，她捏好小动物后，在把里面放一盏灯，就可以放到水里或者暗处。
　　她不仅会捏小动物还会画画。她给我的感觉就是我揉一揉眼睛一幅画就被她画在纸上了，他画的画就像是打印出来的，栩栩如生，要是让我来评价她的画，我会说，真是神来之笔。她会的可真多，还会剪纸和窗花。
　　每当过年的时候，姥姥都会用红色彩纸剪出一个个窗花贴在窗子上时，我就盼着她来教我了。
　　你们听完我讲医姥的故事，是不是觉得她很神奇。",《医姥》
150206,4.0,4.0,4.0,3.0,4.0,4.0,4.0,5.0,4.0,4.0,4.0,5.0,3.0,4.0,4.0,5.0,4.0,4.0,4.0,4.0,3.0,5.0,4.0,3.0,4.0,4.0,4.0,4.0,4.0,3.0,4.0,4.0,4.0,4.0,4.0,3.0,3.0,4.0,4.0,4.0,4.0,4.0,2.0,3.0,4.0,4.0,4.0,4.0,4.0,3.0,3.0,4.0,4.0,4.0,3.0,3.0,4.0,4.0,2.0,2.0,4.0,4.0,4.0,5.0,4.0,4.0,3.0,3.0,4.0,4.0,"致警察叔叔的一封信
尊敬的警察叔叔：
　　您好！
　　我给您写信的主要原因是想感谢您在一次夜晚指挥交通的事，当然还有一个小小的建议。
　　您们需要每天起的很早，去干自己的工作.有坐在一台台电脑前工作的，有在警车上工作的……虽然我原以为警察只是一个普普通通的职业，但是那天夜晚发生的一件事，使我惊呆了。
　　那是在一个周日的晚上，妈妈和我一起开车回家，当时已经是晚上七点四十分了，天空像被不细心的粉刷匠刷上了黑漆，因为还留了几个小白点。当时下起了大暴雨，道路拥堵非常严重，路上一片混乱。这时，我看到了您身穿耀眼的工作服，三步并两步地跑上了指挥台,冒着倾盆大雨，雨越下越大，雨声稀哩哗啦的，好像正在讥讽着已经被淋透的警察叔叔，但您却毫不在乎，仍就训练有素地指挥着。过个几分钟，我们渐渐看出了路，心里美滋滋的。
　　下面就是我想提的建议，不知您们能否采纳？因为最近车流量比较大，我建议您们可以在时常发生小汽车拥堵的地方安装一个“执行任务小屋”或者放置一辆巡逻车。再派几个警案来工作，就可以及时疏通小汽车拥堵问题了。
　　我想对您说：原来警察一个简简单单，普普通通的职业啊。您总是一丝不苟的为人民服务！我非常崇拜你，也谢谢您以前为我们所做的一切！我们会再加努力，当您的接班人！期待您的回信！
　　此致
　　敬礼！
一名学生
2018.4.1",《致警察叔叔的一封信》
160338,4.0,4.0,2.0,3.0,3.0,3.0,4.0,3.0,4.0,3.0,4.0,4.0,4.0,3.0,2.0,3.0,3.0,3.0,3.0,3.0,3.0,3.0,3.0,3.0,3.0,3.0,3.0,3.0,3.0,3.0,2.0,3.0,3.0,3.0,3.0,3.0,3.0,4.0,2.0,4.0,3.0,4.0,3.0,4.0,2.0,3.0,2.0,3.0,3.0,3.0,2.0,3.0,2.0,2.0,2.0,3.0,23.0,4.0,2.0,3.0,3.0,3.0,3.0,5.0,3.0,5.0,2.0,4.0,2.0,4.0,"伤
　　拿到他的船后我就想：“这个家伙竟敢把我的小木船给毁了！”这时候我的眼睛里满是仇恨，一心想着要报仇。把他也吓的一个劲的往后退，脸上满是恐惧。
　　就在这时他跑了过来，不料他却被石头给绊了一跤，摔到了地上，就在我想把他给扶起来的时候突然发现地上有好多的血，吓得我连连后退，双腿发抖。
　　后来我们的家长来了，就把他送到了医院，最先让我意识到这里是医院的是充斥在医院的药水味道和那里洁白的墙壁。
　　突然我就感到头晕，就像是被人用铁棍狠狠地抡到我的脑袋一样。我心想：“他不会有什么危险吧？”这时我发现他的母亲的头上流下了豆大的汗珠。
　　就在我担心的时候他已经出来了，但是却非常痛苦。他现在腿上绑满了绷带，透过绷带还能隐约看到鲜血。
　　他伤好了以后，我立刻就跟他说：“对不起我不该摔你的木船的。”他也抱歉地说：“没事儿要不是我先把你的弄坏了！”就在这时我们相视一笑，重新成为了朋友。
　　通过这次惊险的经历我们成为了更好的朋友。我也明白了人不能有复仇心理。这点不仅很好的体现在这次，也诠释了“与人为善！”这个词。",《伤》
150408,3.0,4.0,4.0,5.0,4.0,5.0,2.0,3.0,2.0,4.0,2.0,3.0,4.0,4.0,2.0,2.0,3.0,2.0,3.0,3.0,3.0,4.0,3.0,4.0,4.0,5.0,4.0,4.0,4.0,5.0,4.0,3.0,4.0,3.0,4.0,4.0,2.0,4.0,5.0,4.0,4.0,4.0,3.0,3.0,4.0,4.0,4.0,4.0,5.0,4.0,4.0,3.0,4.0,3.0,4.0,3.0,5.0,4.0,3.0,2.0,4.0,4.0,5.0,5.0,5.0,5.0,3.0,3.0,4.0,3.0,"体育节上一个令我感动的事
　　2018年4月28日，我们学校组织了一年一度的体育节，这次体育节共有三个集体项目，分别是：双人滑板接力，双人排球接力和滚轮胎。
　　早上8:30随着体育老师一声哨响，比赛就开始了。首先是四年级进行双人排球接力比赛，我们五六年级作为观众为他们呐喊加油！那天天气晴朗，太阳公公也赶着要参加我们的体育活动似的，直直晒着我们的头，还没有上场我们已经满头大汗了，天气真热！然而体育节的气氛更热，现场加油声此起彼伏。
　　我们班一共四十二个同学参加体育项目，我们穿着红白相间的班服，穿着白白的长筒袜和白白的球鞋。同学们个个显得精神抖擞，神采奕奕。四年级之后就是我们五年级上场了，老师给我们打气说:“只要你们两项第一就可以不留作业。”同学们听了都憋着劲一定要拿第一。
　　在双人排球接力时我们班的同学两个人之间配合的很默契，步调一致，一个球也没有掉，轻松地照过了别的班好几圈，获得了第一名。在滚轮胎环节我们班几个大力士抱起来毫不费力，为我们小个子同学争取时间，最终我们获得了第三名的成绩。由于我们获取了第一名和第三名的成绩，这让必须下一项第一才能免作业。
　　裁判“碰”一吹哨，我们疯了似的往前冲！一切进行的非常顺利，就在最后石磊和秦波这一组进行时，滑板走到半路只听见石磊大喊一声，我们的目光随着他得叫声瞬间被吸引了过去，原来是秦波一屁股把石磊挤了出去，只见石磊一点儿不紧张，迅速地爬了上去，稳坐在滑板上，两只脚拼命地往前滑，最终到达了终点，获取了第二名的好成绩。
　　通过这件事我懂得了比赛成绩不重要，坚持最重要，我还学会了一定要坚持不懈，迎难而上，不畏艰险，永不放弃。",《体育节上一个令我感动的故事》
250112,4.0,3.0,4.0,4.0,4.0,3.0,4.0,3.0,3.0,3.0,3.0,2.0,4.0,3.0,4.0,2.0,4.0,2.0,2.0,3.0,3.0,3.0,3.0,2.0,5.0,3.0,2.0,3.0,4.0,3.0,2.0,2.0,2.0,3.0,4.0,2.0,4.0,2.0,4.0,2.0,5.0,3.0,5.0,3.0,4.0,2.0,4.0,2.0,5.0,3.0,3.0,2.0,3.0,2.0,4.0,2.0,5.0,3.0,3.0,3.0,4.0,3.0,5.0,3.0,5.0,3.0,4.0,4.0,5.0,3.0,"台湾之旅
　　这个寒假，我去了台湾。台湾之所以被大家称为“宝岛”是因为那里产有很多名贵的东西，当然台湾也很漂亮。
　　我去台湾的第一天，我们参观了101大楼。在电梯里就让我们感觉与众不同到了楼顶更是让我们大开眼界；第二天我们在夜市里开心的玩…虽然我看了这么多景点，但我还是最喜欢白沙滩。在白沙淮我把裤子撸到大腿上把脚放进水里让水把脚下的沙子次走又在下一浪来的后把沙子复原。我看这贝壳、沙子和山胡却没有注意到一大波浪从前面扑来，我看到的时候连忙向后跑，可是我肯定没有浪跑的快。哗！浪来了，跟本不是我想的那样，水非常柔软，我们一起在水上跑，不时还会有贝壳被海水冲过来，形成了一幅美丽的图画。
　　台湾之旅结束了，我们不光是去玩了，我们还体验了我们之前从未体验过的地雨；看到了300岁以上的树和国家历史文物，原来那些多贵的东西不是钻石或玉而是，国家宝贵的历史文物。期待下次的台湾之旅。",《台湾之旅》
160514,4.0,3.0,4.0,3.0,3.0,3.0,5.0,4.0,4.0,3.0,4.0,4.0,3.0,4.0,5.0,4.0,4.0,4.0,4.0,3.0,5.0,3.0,4.0,3.0,4.0,4.0,4.0,4.0,4.0,3.0,4.0,4.0,4.0,4.0,4.0,3.0,4.0,3.0,4.0,3.0,4.0,3.0,5.0,3.0,3.0,3.0,3.0,3.0,3.0,4.0,3.0,3.0,4.0,3.0,3.0,3.0,4.0,4.0,3.0,3.0,4.0,4.0,4.0,4.0,5.0,4.0,4.0,4.0,5.0,4.0,"小年“知识大赛”
　　我们都读过北宋王安石的名句“爆竹声中一岁除，春风送暖入屠苏。”但是你知道吗“通宵灯火人如枝，一派风声喜欲狂。”的情形是从腊月二十三小年开始的。小年是大年的前奏，是春节的彩排。
　　今天是小年，爸爸妈妈一大早就到了超市去买春节的用品。回到家收拾东西的时候发现了一盒糖瓜，我想：平时妈妈不让我吃糖，今天怎么还给我买糖吃了呢？“今天是腊月二十三，你看我给你买了一盒糖瓜。”“欧耶！太棒了，我要吃！”我笑嘻嘻地对妈妈说。“要不咱俩比比小年知多少吧！你爸当裁判。”“好的，咱们用糖瓜当奖品。”|
　　我说：“我先给您讲个小故事吧！传说，每年腊月二十三，灶王爷都要上天向玉皇大帝禀报这家人的善恶，让玉皇大帝赏罚，因此送灶王时，人们会在灶王像面前放关东糖，清水，料豆，秣草；其中后三样是为给灶王升天的备料。”
　　妈妈，妈妈是不是人们还经常在腊月二十三扫土灰呀，过了腊月二十三离春节就剩下六、七天了，过年的时候准备工作显得更加热烈了。“
　　“还有还有，要打扫卫生，俗称‘扫尘’，为的是除旧迎新，扫除不祥，做到窗明几净。清扫墙壁，擦洗玻璃，贴窗花，贴年画”我得意地说。
　　“可别高兴得太早，你刚说贴春联，你知道贴春联的‘规矩’吗？”妈妈问。
　　“这……这还真不知道。”我红着脸说。
　　“那我来告诉你吧，民间讲究有神必贴，每门必贴，所以春联数量多，内容全。灵神前的对联最有讲究，多数为敬仰和祈福之言，大门上的对联是一家的门面，都特别重视，或抒情，或写景，内容丰富，妙语连珠。比如：一帆风顺年年好，万事如意步步高。你知道这幅对联的横批吗？“新春大吉？”我说“不对，我觉得是五福临门。”“爸爸说的比你准确些。”妈妈笑着说。
　　中国文化博大精深，传统节日也数不胜数，了解中国传统节日是作为一个中国人应该学习，知道的，通过这次“大赛”我知道了过小年是我国传统风俗之一，而我国自古就有重视风俗的传统，这些传统让我们的生活红红火火，丰富多彩，值得我们好好继承、发扬！",《小年“知识大赛”》
150105,4.0,4.0,4.0,5.0,4.0,5.0,4.0,4.0,4.0,4.0,4.0,5.0,4.0,4.0,4.0,4.0,3.0,3.0,4.0,4.0,4.0,4.0,5.0,5.0,4.0,4.0,4.0,4.0,4.0,4.0,4.0,4.0,4.0,4.0,3.0,5.0,4.0,4.0,3.0,3.0,4.0,4.0,4.0,4.0,3.0,3.0,3.0,3.0,4.0,4.0,3.0,3.0,3.0,3.0,3.0,3.0,4.0,4.0,2.0,2.0,3.0,3.0,3.0,5.0,4.0,5.0,4.0,5.0,3.0,4.0,"不凡的性命
　　在这个寒假，我读了一套书，叫做《猫武士》，这套书在我的书架上放了很久，于是，在这个寒假，我忍不住翻开看了看。没想到，一看即入迷地不可收拾，随手的吃的都忘了拿了。
　　这套书讲述了三只兄妹猫被赋予了一种神奇的能量，而出身奇异。他们之中，有一只盲猫，他虽脾气不好，但却能“看”透他人内心，穿进他人的梦境——在梦境中，他能看的一清二楚。读到了这里，我认为他们有这样不凡的生命，必定出些事故——“不凡”的事故。果不其然，他们的“母亲”因抛弃了一只公猫而又和他人相好，那只公猫愤怒至极，就想杀死他们。但是，母猫却坦白：杀就杀吧，反正也不是她的幼崽……后来，暂时平定以后，兄妹中的惟一母猫谋杀了那只公猫，却又惹起了更加巨大的风波…….
　　看到了这一段，当族长问起谁杀了那只公猫时，我的心也跟着冬青叶一起恐惧，她当时又企图用死亡浆果（带有剧毒，半颗就足矣害死一只成年猫）害死他们母亲时，我既害怕又恐惧——为什么，她偏偏要杀了她呢？她也一样悲惨！
　　这套书中，藏着许许多多的恩怨，最后他们魔力消失时，我感到很遗憾，又感到该来的还是来了。其实，很多书中，都能让人有一种悲喜交错，既感到遗憾又替主人公高兴的感觉。只要将每本书细细品读，都将会有乐趣于此——哪怕，你单单就是“幸灾乐祸”！",《不凡的生命》
141209,4.0,4.0,4.0,5.0,4.0,5.0,5.0,4.0,4.0,3.0,4.0,4.0,4.0,3.0,4.0,3.0,3.0,4.0,5.0,3.0,4.0,4.0,4.0,4.0,5.0,3.0,5.0,4.0,4.0,3.0,4.0,3.0,4.0,4.0,4.0,3.0,3.0,4.0,4.0,3.0,4.0,4.0,4.0,3.0,3.0,3.0,4.0,4.0,4.0,3.0,4.0,4.0,3.0,4.0,4.0,3.0,4.0,3.0,2.0,2.0,4.0,4.0,4.0,5.0,4.0,5.0,4.0,4.0,4.0,3.0,"独特迷人的乡村生活
　　虽然乡村没有城市那么热闹，却带着一种独特迷人的风光。
　　乡村人家都住在那小小地房屋里，他们总是在房前屋后种些小野花，或种南瓜或种丝瓜。青，红的瓜既可爱，又漂亮，比那高楼门前的石狮子可爱多了！
　　乡下人家，果树总要养几棵的，一棵棵樱桃树上结满了樱桃，有深红色的，紫红色的还有黄色的。放眼望去，那些樱桃就像夜晚天空上的小星星聚在一起，星星点点的。看上去新鲜并且美味！
　　走在池塘边的石块上，肯定会看到一群毛绒绒的小鸭子，在池塘里嬉戏着，打闹着。有时还把脖子伸到水底去觅食，有时梳理自己的羽毛。
　　若是晚上出去散步，太阳落山了。天边出现了美丽的晚霞，小河换上了金装，人们屋顶上飘起缕缕炊烟，万物复归，寂静，让人流连忘返，仿佛走进了人间的仙境。
　　我爱乡村生活！",《独特迷人的乡村生活》
141037,3.0,3.0,3.0,4.0,4.0,4.0,3.0,4.0,3.0,4.0,3.0,2.0,3.0,2.0,2.0,3.0,2.0,4.0,3.0,3.0,2.0,3.0,3.0,4.0,3.0,4.0,3.0,2.0,3.0,4.0,3.0,4.0,3.0,4.0,2.0,2.0,2.0,2.0,2.0,3.0,2.0,3.0,3.0,3.0,2.0,3.0,2.0,3.0,2.0,3.0,2.0,3.0,2.0,3.0,2.0,3.0,2.0,2.0,2.0,3.0,3.0,2.0,3.0,4.0,3.0,5.0,2.0,4.0,2.0,4.0,"读生命的的故事有感
　　我读到了很多生命的故事，我受到了很多启发。
　　我之前养了一盆多肉，我一直给它浇水，可是我放假连着好几周都没给它浇水，我以为它肯定枯萎了，没想到它竟没有枯萎，长得还挺好。我瞬间惊呆了，想到：好顽强的生命力啊！
　　我在网上看过美国有一只小猪，它一出生就没有后腿，但是它还坚强的活着，它的主人帮助了小猪，它现在有了自己的小轮椅，小猪能自己走了，非常开心。我觉得这只小猪又坚强又乐观！
　　大作家海伦·凯勒，她只有大约一年的光明，但她很乐观，用手学会了英、法、德、拉丁、希腊五种语言，她还每天坚持十小时的学习。她还创作了很多优秀作品，例如：《假如给我三天光明》、《我的生活故事》。海伦·凯勒好厉害啊！她又努力、又厉害、还乐观。
　　生命漫长而又短暂，没有谁会陪你到永远。相陪走过一生的其实只有自己、从出生的那一刻起，那些曾经陪我们携手走过一程山水的人是那么的值得珍惜，因为他们给了我们人世间最珍贵的情感，和最美好的陪伴。我要珍惜生命！",《读生的故事有感》
130440,2.0,3.0,4.0,4.0,2.0,2.0,2.0,2.0,2.0,3.0,2.0,3.0,2.0,3.0,1.0,3.0,1.0,3.0,3.0,2.0,3.0,3.0,3.0,3.0,3.0,2.0,3.0,3.0,2.0,2.0,2.0,2.0,2.0,3.0,2.0,2.0,2.0,2.0,2.0,3.0,2.0,2.0,3.0,3.0,2.0,2.0,1.0,3.0,2.0,2.0,2.0,3.0,2.0,3.0,2.0,3.0,3.0,3.0,2.0,2.0,3.0,3.0,2.0,2.0,3.0,3.0,3.0,4.0,2.0,4.0,"我最难忘的事情
　　6月3日至5日我最难忘的三天终于到了！那三天我们去A大学学堂演“野斑马”。
　　我们有三团一起演，其中我是银帆合唱团的一员。
　　我们吃完晚饭，穿上我们统一的衣服，化完妆我们就开始练习一遍我们要唱的，老师说：唱追杀的时候要有气势地唱知道了吗？”我们说：“知道了！”唱追杀完老师们纷纷称赞，我们开心极了！我也要为合唱争光！
　　老师又说：“唱太阳升起来了的那一段要柔和，知道了吗？”我们说：“知道了。”我们也唱出了柔和！
　　我这次知道了一个大团体有一人干不好一件事团体就不叫团体了！",《我最难忘的事情》
141009,4.0,3.0,4.0,4.0,5.0,4.0,4.0,3.0,4.0,4.0,5.0,3.0,5.0,4.0,4.0,3.0,5.0,3.0,5.0,4.0,4.0,4.0,4.0,3.0,5.0,4.0,5.0,4.0,5.0,4.0,4.0,3.0,4.0,3.0,4.0,4.0,4.0,3.0,4.0,4.0,4.0,4.0,4.0,4.0,4.0,4.0,4.0,4.0,4.0,4.0,3.0,4.0,4.0,3.0,4.0,3.0,4.0,4.0,3.0,2.0,5.0,4.0,4.0,5.0,4.0,5.0,4.0,4.0,3.0,3.0,"热爱生命
　　生命是宝贵的，所以我们要珍惜生命，决不能让它白白流失。
　　一天，我们全家一起去钓鱼，过了一会儿鱼上钩了，我用网捞了上来，那条鱼马上就要奄奄一息了，而就在那时，它用尽全力甩动着尾巴，时不时跳起来，仿佛是想一下子跃进池塘里吧！它挣扎着，而我拿着鱼网，感到一股强大的力量甩动着鱼网，它那求生的欲望令我震惊，我忍不住放了它。
　　还有一次，我看了《触摸春天》这篇课文，安静是一个盲童，她并不自暴自弃，反而乐观的看待每一件事情，并用内心去感受春天。我看完后，我决定感受一下盲童的黑暗世界，于是我蒙上眼睛，眼前一片昏暗,我小心翼翼地向前走去，非常害怕。害怕撞到别人，也担心别人用异样的眼光看着我，更担心别人嘲笑我。那是多么让人难以忍受的事实呀！
　　从那以后，我渐渐的知道了自己是一个健康的人是多么的幸运。
　　从这两件简简单单的事中，我懂得了要热爱生命，生命虽然短暂，但是我们却可以把有限的生命体现出无限的价值。",《热爱生命》
150639,3.0,3.0,2.0,2.0,3.0,3.0,4.0,5.0,3.0,3.0,3.0,3.0,3.0,4.0,2.0,2.0,2.0,3.0,3.0,3.0,4.0,3.0,4.0,3.0,3.0,3.0,3.0,2.0,3.0,3.0,2.0,4.0,3.0,3.0,3.0,3.0,3.0,3.0,3.0,3.0,3.0,3.0,3.0,4.0,2.0,2.0,3.0,3.0,3.0,3.0,3.0,2.0,3.0,3.0,3.0,2.0,3.0,3.0,3.0,3.0,3.0,2.0,4.0,5.0,5.0,4.0,5.0,5.0,5.0,4.0,"我来到神秘的零食大陆（片段）
　　糖糖公主和哆啦A梦终于看见了一丝炊烟袅袅升起，我满脸兴奋地对哆啦A梦说：“前面一定有村庄。”说着我们走进了一扇金碧辉煌的大门，上面写着“饼干王国”四个大字，远远一望，这里的人都是饼干做的，有方的，圆的，夹心的，彩色的中，……连房子都是饼干做的，在长途跋涉后，哆啦A梦和我饿极了，看见一座小房子，就把它吃光了。不一会儿，就有人把我们告到了国王那，士兵带我们来到一座雄伟的宫殿前说：“快进去拜见国王吧！”殿内更是辉煌，水晶灯，金丝椅，高脚杯……什么都有，只不过全是饼干做的。在穿过一扇扇大门后，我们见到了国王，他看见我连忙跑过来说：“糖糖公主好，有失远迎啊！替我给您妈妈问个好！”“快大摆宴席招待糖糖公主！”国王对仆人们喊道。正在这喜庆的时刻，旁边那位子民说话了：“国王，她吃了我的房子，这可让我怎么办啊？”士兵，派几个人去给他修房子，快让他走吧。”国王的表情有点不悦。宴席举行了整整一天，糖糖公主就在此歇息了，第二天一早，糖糖公主就要离开饼干王国了，临走时，国王又送了她一些衣服和食物，两人依依不舍的告别了。",《我来到神秘的零食大陆（片段）》
160415,5.0,4.0,5.0,3.0,5.0,3.0,5.0,4.0,5.0,4.0,4.0,3.0,5.0,4.0,5.0,3.0,5.0,3.0,5.0,4.0,4.0,4.0,4.0,4.0,5.0,4.0,5.0,3.0,5.0,4.0,5.0,4.0,5.0,4.0,4.0,3.0,4.0,4.0,5.0,3.0,5.0,4.0,5.0,4.0,4.0,3.0,4.0,3.0,4.0,3.0,4.0,3.0,4.0,3.0,4.0,3.0,5.0,4.0,3.0,3.0,4.0,3.0,5.0,3.0,5.0,3.0,4.0,3.0,5.0,2.0,"泥人张之关羽
　　我小时候就去过世界艺术殿堂：卢浮宫，可惜我当时年纪小不懂艺术。倒是去年一次庙会使我明白了只要有发现的眼睛，生活处处有艺术。
　　庙会热闹非凡，各种吃的说的琳琅满目，突然一个颇具艺术色彩的摊位吸引了我：泥人张。泥人张是我国非物质文化遗产，它的选材来自民间故事，或是四大名著，成品不易裂碎。
　　在那柜台上各种各样的泥人，有英姿飒爽的花木兰、虎头豹眼的张飞、威风凛凛的孙悟空，我该选那个呢？突然一个泥人吸引了我的注意：关羽——三国演义中的五虎上将。
　　这个泥人身穿绿色战袍，脚踏一双绿布鞋，背后靠着那令人闻风丧胆的青龙偃月刀。一双丹凤眼炯炯有神直视前方，他的刀上画了一只口吐祥云的金龙，这龙栩栩如生好像要升天一样。
　　这战袍上的盔甲十分精致，尤如火龙上的鳞片。整件战袍上的纹路似乎象征着忠义，又似乎象征着荣华富贵。这件作品惟妙惟肖，又宛如一个人物的缩影。那关羽黑红的面庞，一双箭眉像绣在上面，眼睛透出坚定的目光，一副不怒自威的神情，让我想象出温酒斩华雄的无畏精神。关羽一身正气威风八面这不禁使我亲眼看到关羽过五关斩六将的英勇场面。
　　那老板说，“当初是泥人张，和父亲为了养家糊口，去做泥人，经泥人张的仔细观察，做出了越来越真实的泥人。慕名而来的人越来越多，甚至受到了慈禧太后的赏识和接待。
　　我这时突然想到，也许泥人张的技术快失传了，那我们应该如何使这种技艺流传下来呢？我询问了老板，但那老板却意味深长的我说：“失不失传就看你们这一代了。”这时我豁然开朗，原来我们应该学习中国传统艺术，掌握传统艺术的人越多，其失传的可能性就越小。",《泥人张之关羽》
140111,3.0,4.0,4.0,5.0,4.0,5.0,4.0,3.0,3.0,4.0,3.0,3.0,3.0,4.0,3.0,3.0,3.0,4.0,4.0,4.0,4.0,3.0,4.0,5.0,3.0,5.0,3.0,4.0,4.0,5.0,4.0,3.0,4.0,3.0,3.0,5.0,2.0,5.0,3.0,4.0,3.0,4.0,4.0,4.0,3.0,4.0,3.0,4.0,3.0,4.0,2.0,5.0,3.0,4.0,2.0,3.0,3.0,4.0,2.0,2.0,3.0,4.0,3.0,5.0,4.0,5.0,4.0,5.0,3.0,3.0,"圆明园游记
　　2016年8月6日我和我妈妈去了圆明园。
　　我们从东南门进入。一进门我就闻到了清香，我赶紧往荷花池边跑去。我看见一片荷花，荷花池里有许多荷花的品种，有像沉睡着的晓莲；有在水上的大力土一样的玉莲；有丰富多彩，五颜六色的荷花。
　　我们走过荷花池到了黑天鹅湖，我们看见一只黑天鹅像一个穿着黑色舞蹈裙小姑娘在湖中翩翩起舞。
　　再往前走，我们来到了全景模型馆。映入眼帘的是十分雄伟壮观的全景模型。
　　终于我们到了遗址景区。仅仅只zhang几根石柱的大水法；残破不全的水钟喷泉；没有孔雀的养雀笼；保存完整的黄花阵。
　　妈妈告诉我圆明园在第二次鸦片战争时期两个强盗，一个叫法兰西，另一个叫英吉利，下令火烧，大火三昼夜不熄。这座举世无双的园林杰作，中外见的艺术宝藏，被付之一炬。这是每一个中国人都必须铭刻在心中的记忆。我们要“勿忘国耻，振兴中华。”",《圆明园游记》
160341,3.0,4.0,2.0,3.0,3.0,3.0,3.0,3.0,3.0,2.0,2.0,3.0,3.0,3.0,2.0,2.0,3.0,3.0,2.0,2.0,2.0,3.0,3.0,3.0,3.0,3.0,2.0,3.0,2.0,2.0,2.0,3.0,3.0,3.0,3.0,2.0,3.0,2.0,3.0,3.0,3.0,3.0,3.0,3.0,2.0,2.0,2.0,2.0,2.0,3.0,3.0,3.0,3.0,2.0,2.0,3.0,3.0,3.0,3.0,2.0,3.0,3.0,3.0,4.0,3.0,4.0,2.0,4.0,2.0,4.0,"小木船
　　陈华支支吾吾的说：”对，对不起，我……我，我不是故意的。”我生气的说：“对不起有什么用？能当小木船玩吗？”说着，我便也把一的扔在地上，愤愤的走开了。他也哭着跑开了，第二天他做了一个新的小木船低着头走了过来，就像一个泄气的皮球。他捧起小木船低声说：“对不起，我又给你做了一个小木船，别生气了，好吗？”我正在气头上他一来我就感觉他在抱薪救火——毫无作用，我冷笑着，说：“哼，你还来，还想干什么？”说着便把小木船粗鲁的摔碎了。他瞬间泪珠像断线的珍珠似的落下来。
　　许多天以后，我已不把这件事放在心上，他也好像没有把这回事放在心上，时间一天一天的过去，转眼间毕业了。
　　毕业典礼上，我们交给同学离别礼物时陈华给我了一封信，大致写道：“对不起，三年前我不小心把你的小木船弄坏了，对不起，还你10个。”听到这句话，我有一丝丝滚滚的柔情在我心中荡漾。　　
　　美哉人之友情，愿友情天长地久。",《小木船》
160309,4.0,4.0,4.0,4.0,5.0,5.0,4.0,4.0,4.0,4.0,5.0,5.0,5.0,5.0,4.0,5.0,4.0,4.0,5.0,5.0,4.0,4.0,5.0,5.0,4.0,4.0,4.0,4.0,5.0,5.0,4.0,4.0,4.0,4.0,4.0,4.0,3.0,4.0,4.0,4.0,4.0,4.0,5.0,5.0,4.0,4.0,4.0,4.0,4.0,4.0,3.0,3.0,4.0,4.0,4.0,4.0,4.0,4.0,2.0,2.0,4.0,4.0,5.0,5.0,4.0,4.0,4.0,4.0,4.0,3.0,"友谊的小船永不翻
　　我和陈是形影不离的朋友，经常一起学习，玩耍。可直到有一天，我打碎了那只友谊的船……
　　那是一个风和日丽的下午。手工课结束后，我和陈华一起玩着小木船，陈华觉得我的小木船十分精致，就拿起我的小木船玩了起来。可就在他玩的时候，上课铃响了，他猛的一转身，恰恰把我的小木船弄到地上，我声嘶力竭的冲他嚷道：“你干什么？你凭什么把我的船弄掉？“我绝望的看着地上被摔的粉身碎骨的小木船。豆大的泪珠从眼睛里夺眶而出，不争气的落下来。只见，他语无伦次必的说：“我…我不是故…故意的……，对不起…”同学们的抱怨声如针一般刺在我心里，如刀割一般痛。
　　那节课我什么也没听见，一直想着我的木船。
　　下课了，我当着他的面说：“哼，道歉管什么用？既然你摔了我的，我要把你的也摔碎！”只听“砰”的一声，他的木船也掉在地上。我原以为他会像我摔木船一样骂我，但他却什儿也没说，背着书包，抹了一把泪走了。
　　我看着他的背影，平静下来，我开始反省自己：我为什么要这样做？他并不是故意的啊！现在让我该怎么对他说呢？他肯定不会理我了。想到这里，泪水如洪水般流下来。
　　第二天一进门，就发现在我桌子上，有一只并不漂亮的木船，旁也还写了一行字，“一个月后，我要转学了。对不起，我当时不应该摔碎你的船。我们还是好朋友吗？”那短短的一句话却让我深深的感动了。我掉过头看着他，甜甜的笑了……
　　一个月后，我们再也没有见过面，但我看到那只小船，仿佛他就在我身也，因看为这只能是承载着我们的友谊的船，尽管这只船做的并不好看，但我知道他用心造的船，可在我眼里它是世界上最美的木船，而这只船永远也不会翻！",《友谊的小船永不翻》
150136,4.0,5.0,4.0,5.0,4.0,4.0,4.0,5.0,4.0,5.0,5.0,5.0,5.0,4.0,5.0,5.0,5.0,4.0,3.0,4.0,3.0,3.0,3.0,4.0,4.0,5.0,3.0,3.0,3.0,4.0,4.0,5.0,3.0,3.0,5.0,4.0,4.0,5.0,4.0,5.0,3.0,5.0,4.0,5.0,4.0,4.0,3.0,3.0,3.0,3.0,3.0,3.0,3.0,3.0,3.0,3.0,4.0,3.0,3.0,2.0,4.0,5.0,5.0,4.0,5.0,5.0,5.0,5.0,4.0,4.0,"读《城南旧事》有感
　　每个人的童年都是美好而难忘的，不管过去多长时间，每当回忆起自己的童年，脸上总会露出一丝甜美的微笑。
　　《城南旧事》是台湾女作家林海音的代表作品，书中主人公英子从小生长在老北京的四合院，伴随着胡同里的叫卖声、游艺园里的大戏场、西厢房里的小油鸡、炕桌上的金鱼缸……一起长大。最令我难忘的就是“惠安馆传奇”惠安馆里住着一个“疯女人”，名字叫秀贞，英子的妈妈不让英子去惠安馆玩，可英子还是经常背着她们去找秀贞，并慢慢的和秀贞成为了朋友，明白了秀贞不是真“疯”，而是因为想念自己失散多年的孩子“小桂子，”英子帮助秀贞找到了小桂子，使她们母女俩终于能够团聚。通过这个小故事，我觉得英子很善良，别人都说秀贞是疯子，可她还是愿意听秀贞诉苦，并与秀贞一起感受这期间的苦与乐，她那勇敢、真诚的精神值得我去学习。这本书让我深切地体会到了在旧社会生活的不幸，因为每一个小故事的结局总是会有一两个人离开英子，正当英子的梦想实现时，连她的爸爸也离开了人世。
　　“长亭外，古道边，芳草碧连天。晚风拂柳笛声残，夕阳山外山……”这是一首非常动听的歌曲，但也有一丝淡淡的忧伤。人生就像一场漫长的旅行，伴随着相聚和离别。所以我们应该为自己出生在新社会而感到幸福，珍惜每一刻的美好时光。
　　这本书让我久久沉浸在作者写的故事中，仿佛身临其境，同时这本《城南旧事》也让我一生受益！",读《城南旧事》有感
160131,4.0,3.0,5.0,4.0,5.0,3.0,4.0,3.0,4.0,4.0,2.0,3.0,4.0,3.0,3.0,3.0,4.0,4.0,5.0,3.0,4.0,3.0,5.0,3.0,4.0,3.0,5.0,2.0,5.0,3.0,5.0,3.0,4.0,2.0,5.0,3.0,4.0,3.0,4.0,3.0,5.0,3.0,5.0,4.0,4.0,3.0,4.0,3.0,5.0,3.0,3.0,2.0,4.0,2.0,3.0,2.0,5.0,3.0,2.0,2.0,5.0,3.0,5.0,3.0,5.0,4.0,5.0,3.0,5.0,3.0,"天津一日游
　　天津是个美丽的海滨城市，也是我们国家四个直辖市之一，它位于北京的东南方向，距北京约二百多公里，今年暑假的一天，我和妈妈一起对这座美丽的城市进行了假期一日游。
　　清晨，我们迎着朝阳去北京南站坐上“复兴号”高铁动车去往这座我非常想去的城市。“复兴号”动车非常快，我们只用半个小时就到了天津。
　　我们天津游的第一站是天津非常有名的一条大街——天津古文化街。说到古，这条街上尽是古老的东西，有“杨柳青”的字画，它画得那些胖娃娃鱼一个个栩栩如生，憨态可爱。还有天津的“泥人张”的泥人，它所塑造的泥人作品，个个活灵活现，惟妙惟肖。另外，除了这些以外，还有很多传统小吃，像“天津大麻花”、“耳朵眼炸糕等非常多的小吃也很好吃。
　　逛完了这条街，我们又来到第二站，也是我非常喜欢的一个地方，那就是袁世凯在天津的私宅，这幢建筑是一座欧洲古典式小楼，它地上有3层，可地下却有4层。外看就是和别小楼没什么太大区别，可内部非常华丽讲究，而且安全性非好；每层楼都有密室暗道直通地下室。这也是房子主人比较奸诈的表现。袁世凯这个人我对他的了解是一个窃取民国大总统位置，但又一心想着复辟帝制的十恶不赦的大坏蛋，但讲解号在介绍他时，又让我对他有了新的认识。据讲，袁世凯在任时，在天津建了第一所女子学院，据说邓颖超奶奶就在那里读过书，他还建了天津第一所妇产医院，第一个警察局等。这些都是利国利民的好事，看来袁世凯也不是一个一无是处的人啊！
　　通过这些我能想到，一个人，一件事，都有它的两面性，我们要一分为二的看待它，在日常生活中，也是这样，即看到它好的一面，也要看到它不足的一样，这也使我受益匪浅啊！
　　一天的旅行结束了，我拖着疲惫的身体踏上了返京的列车，望着远去的天津，我感慨到；“天津，我还会来的！”下次还有怎样的收获呢？我期待着！",《天津一日游》
130309,3.0,3.0,4.0,5.0,4.0,5.0,3.0,3.0,4.0,4.0,3.0,2.0,3.0,3.0,4.0,4.0,3.0,3.0,3.0,3.0,3.0,3.0,3.0,3.0,4.0,4.0,4.0,4.0,4.0,3.0,4.0,2.0,4.0,4.0,3.0,4.0,2.0,4.0,3.0,3.0,3.0,4.0,4.0,3.0,3.0,4.0,3.0,4.0,4.0,4.0,3.0,3.0,2.0,3.0,3.0,3.0,4.0,4.0,2.0,2.0,3.0,4.0,4.0,5.0,4.0,5.0,4.0,5.0,4.0,3.0,"父母的爱
　　父母的爱是冬天里漂亮而又温暖的一个棉袄,让我在冬天里不受冷。父母的爱是夏天的一阵风，让我在夏天感到凉爽。父母的爱还像一根线连在我的心里。
　　我还记得二年级背的一首诗。诗的名字叫游子吟。它的名句是最后一句：谁言寸草心，报得三春晖。这一句的意思是:谁说做儿女的这颗稚弱的心，能报答得了母亲像春天阳光的慈爱呢？
　　从出生到现在，在爸爸妈妈精心培育下，我已经三年级了。在这三年的小学期间，我遇到了很多让我感动的事情。不过我印象最深刻的是：有一天，爸爸告诉我说他要去日本。我嗯了一声。过了一天他就去日本了。不过他就去了两三天。所以没过多久爸爸就回来了。爸爸刚回来的第一天他就问我说：“你猜我给你买了你最想要的什么？”我说：“没猜到。是什么？”爸爸回答说“自己翻—翻皮箱看看吧”我应了一声。就这样我带着好奇心追不及待的打开皮箱。我翻着翻着，我想都没想到爸爸竟然知道我想要个铅笔盒！真神了！
　　我想游子吟这首诗和我和爸爸发生的事情就是父母的爱吧!
　　我当然还更知道父母的爱是无私的,不是拿金钱换来的！
　　我长大了一定会报答父母对我的爱！",《父母的爱》
150123,3.0,2.0,4.0,3.0,4.0,2.0,3.0,2.0,4.0,2.0,2.0,2.0,2.0,2.0,2.0,2.0,3.0,2.0,3.0,2.0,2.0,2.0,2.0,2.0,4.0,3.0,5.0,3.0,5.0,3.0,4.0,2.0,3.0,2.0,2.0,2.0,2.0,2.0,2.0,2.0,4.0,2.0,4.0,3.0,2.0,2.0,2.0,2.0,4.0,3.0,2.0,2.0,2.0,2.0,2.0,2.0,3.0,2.0,2.0,2.0,4.0,2.0,5.0,3.0,5.0,3.0,2.0,2.0,2.0,2.0,"读后感—《我的妈妈是精灵》
　　今年寒假，班主住老师给我们推荐了几本书，我看的是陈丹燕女士的《我的妈妈是精灵》这本。
　　它主要讲的是一个名叫李雨辰的一个父母已经父母离婚的小女孩和陈淼以及她的父母的故事。陈淼有一次不小心把黄酒倒到了妈妈的可乐杯子里，结果妈妈一下子就变回了原样，全身蓝蓝的，把陈淼淼给吓了一跳。第二天，妈妈给陈淼看她的本事。爸爸说他妈妈更好了，等陈淼淼知道了妈妈是精灵后就马上要离婚。可现在他们想在陈淼淼考完试再离婚，李雨辰帮陈淼淼想尽办法不让他们离婚。可还是不行。
　　我觉得陈淼淼的父母很爱她，但不得不离婚，我觉得陈淼淼的父母都很爱他，因为他费尽心思、绞尽脑汁，想尽办法不让他们离婚。我感觉我要比她幸福的多，所以我要更爱我的父母。
　　这就是我这本书的读后感，我觉得这本书很好看，我也把它推荐给大家。",读后感《我的妈妈是精灵》
160630,4.0,3.0,5.0,4.0,5.0,3.0,5.0,4.0,5.0,3.0,4.0,3.0,5.0,3.0,5.0,4.0,5.0,4.0,5.0,3.0,5.0,3.0,5.0,3.0,5.0,4.0,5.0,4.0,5.0,3.0,5.0,3.0,5.0,3.0,3.0,3.0,3.0,2.0,5.0,3.0,5.0,3.0,3.0,4.0,4.0,3.0,5.0,4.0,5.0,4.0,4.0,3.0,5.0,2.0,4.0,2.0,3.0,3.0,2.0,2.0,5.0,3.0,5.0,4.0,5.0,4.0,3.0,4.0,4.0,3.0,"不可破灭的理想
　　“人固有一死，或重于泰山，或轻于鸿毛。”司马迁曾说过，人肯定会死，但有的人死时意义重于泰山，而有的人死时意义轻于鸿毛。我从小就对“死”有着不同凡响的感受，我“死”过很多次，在游戏里被怪物吞噬，在梦里被海啸吞噬。在我小时候我做了一场梦，激起了我一个坚定而不可破灭的理想。
　　那天乌云密布，天雷滚滚。我和爸妈来到了一座耸立的高山上。我们艰难地来到了山顶上。突然下起了密密麻麻的大雨，快速下山时发现路被浑浊的大水淹没了，我们飘下去，但因为水速太快，许多小孩太轻被卷下去，这些无辜的生命安息了，我也一样，但幸好爸爸抓住了我的脚，逃过一劫。到了没被淹没的台阶上，麻烦又来了，山下的巨石，剧烈地晃动掉了下来，向下山的方向滚了下来，一些行动缓慢的中年人，也被巨石压住了，又是一些无辜的生命安息，我们豁出命的向外跑，终于安全了，我也慢慢地苏醒了。
　　这场梦，我看见了许多无辜的生命牺牲了，有一岁的，也有一百岁，他们凭什么死，他们还没有完成自己的理想，所以我认为那句话还得再加一句：人固有一死，或重于泰山，或轻于鸿毛。但生命的长短由上天决定，会有很多不确定因素，在你还没有完成自己生命的意义。
　　之所以激起了我的梦想，是因为这些人太无辜了，我想让他们再活一世，长生不老。所以我想当一名科学家，研制这个长生不老死而复生药。让他们发挥他们的才干，不留遗憾。
　　我知道科学家拥有比常人更坚定的信念，更长的耐心。会经过上千万次的实验才能研制出一个药水，但这千万次可能就一百年、一生。妈妈告诉我很多次要不要坚持这个梦想，我每次都回答要，我绝对会让我的家人快乐地活着，活数百年，数万年，数亿年。
　　这个梦想在我上幼儿园的时候就已经开始实践了，一开始拿家里水果蔬菜压成汁给妈妈喝，但妈妈毫无反应，我就接着拿各种水果蔬菜反反复复压，但妈妈也是毫无反应。我现在觉得我小时候就是在榨水果汁，随着年龄的增长我的时间越来越少，所以我在课余时间会想想用什么东西来制作，拿所有动植物的细胞混合在一起，拿人体细胞冷冻，这些方法都记在了一个科学的小本上，如今已经有了将近百种方法，神农曾尝百草，我也有这样的决心，我相信今后一定会成功。
　　如果我研制出来了，我会让那些无辜还没有完成梦想的生命死而复生，让那些所有心智善良的人永生不死，世界上会和平，充满爱。这就是我这个远大的理想，看起来很荒唐，但我这一生都会坚持这个梦想，希望那句话可以再改一下：“人固有一死，或长于古树，或短于浮游。但如今，人固有千生千世，看你如何珍惜。”理想是不可破灭的，就算天塌了，地裂了，也要坚持、永不放弃。加油，完成自己永生的理想。",《不可破灭的理想》
140408,5.0,4.0,5.0,5.0,5.0,5.0,5.0,3.0,5.0,4.0,4.0,3.0,5.0,4.0,3.0,3.0,4.0,3.0,4.0,4.0,4.0,4.0,4.0,3.0,5.0,4.0,5.0,4.0,5.0,4.0,4.0,3.0,4.0,4.0,4.0,4.0,3.0,4.0,5.0,3.0,4.0,4.0,4.0,4.0,5.0,4.0,5.0,4.0,4.0,4.0,5.0,3.0,4.0,3.0,3.0,3.0,4.0,4.0,2.0,2.0,4.0,4.0,4.0,5.0,4.0,5.0,4.0,5.0,4.0,3.0,"我家窗前的大树
　　我家窗前有一棵大树，我家住在五层，在我家的南面阳台窗户边有一棵高大无比的法国梧桐树，它的高已经超过了我家的五层，有6层楼那么高。
　　这棵树有着粗壮的树杆，我张开双臂抱了抱还够不着树杆的一半，估计得有三个我这样大小的小孩手拉手围成圈才能抱住它。这棵树树杆的皮很粗糙，用手—掰就能掉下一块老皮，老皮下面是非常光滑的树皮，妈妈说这是大自然的自然规律，跟人的新陈代谢一个道理。从树杆往上看，上面分出四个大树杈，树杈也有盘子直径那么粗，四个树杈向四周伸开，像一把大伞。树杈的树枝上长满了树叶。站在我家窗前，天天能看见这颗树的树叶变化。夏天的时候叶子是嫩绿嫩绿的，到了秋天，叶子从根部慢慢向叶尖那里变黄，起初是浅黄，慢慢变成深黄，最后变成枯黄落到地上，随着天气渐渐变冷，树叶已经五颜六色了，绿的黄的红的看着像一幅美丽的图画，好看极了。早上阳光照耀着大树，树叶在阳光下显得更加鲜艳夺目在微风中摇动，像在给我问好。
　　我真喜欢我家窗前的粗壮高大的法国梧桐树，有机会你也来我家看看。",《我窗前的大树》
160120,4.0,4.0,5.0,4.0,4.0,4.0,4.0,4.0,5.0,3.0,4.0,4.0,4.0,4.0,4.0,4.0,5.0,3.0,3.0,4.0,4.0,3.0,4.0,3.0,3.0,4.0,4.0,4.0,3.0,3.0,3.0,4.0,4.0,4.0,5.0,3.0,4.0,3.0,4.0,4.0,3.0,4.0,4.0,3.0,4.0,3.0,4.0,3.0,4.0,3.0,3.0,4.0,4.0,3.0,4.0,3.0,3.0,4.0,2.0,4.0,4.0,4.0,4.0,4.0,5.0,4.0,5.0,4.0,5.0,3.0,"被萤火虫指引的经历
　　盼望着，盼望着，我的暑假终于到来了！期末考试还没结束，我心里早已经计日以待。结果，果然让我喜出望外，我和张勇去童话树屋玩整整两天！我像只小袋鼠高兴地蹦了起来！
　　终于到了那一天，我们居然住在了糖果屋，喜悦涌进了我们的心中，好似一朵盛开的玫瑰花，我们俩脚底好像生了风，走得又快又有劲，不一会儿就到了。为了感谢妈妈，我们在晚上约定好一起去爬山。到了晚上，我们俩光顾着看星星，不一会儿便和妈妈走散了，今天出来的急，我们都没带手机，只能在手电筒微弱的光下前行，我俩那叫一个心惊胆颤呀！突然听到张勇叫了一声：“哇，前面那些黑暗中的一团团小小的光是什么？是我看花眼了吗？”我抬头一看发现无数只萤火中一闪一闪地在薰衣草田上飞舞，宛如一串串，一排排小彩灯，织成无数条纵横交错的彩带。便说：“是满天飞舞的萤火虫，你看像不像一盏盏蓝色的小灯！”张勇又说：“好像星星呀，对了老师不是教过我们如何通过星星辨别东、西、南、北吗？”我猛然想起对呀北斗七星指向的是正北方，如果我们可以回到酒店就可以给妈妈打电话了！最终在星星的指引下，我们成功回到了酒店，并且找到了妈妈。
　　是萤火虫给了我们想法，让我们去看星星辨别方向，找到了回去的方向。有些时候在遇到困难的情况，一些你不在意的东西会给你提供重要的帮助。那我们在学习的时候，是不是遇到困难也要寻求别人的帮助，之后继续前行。我很荣幸成为被萤火虫指引的人！一件小事，亦能大有收获！",《被萤火虫指引的经历》
150318,4.0,3.0,5.0,4.0,3.0,3.0,4.0,3.0,4.0,3.0,3.0,3.0,3.0,3.0,4.0,3.0,3.0,3.0,4.0,3.0,3.0,4.0,3.0,4.0,4.0,3.0,4.0,3.0,4.0,3.0,4.0,4.0,3.0,4.0,3.0,3.0,3.0,3.0,3.0,3.0,3.0,4.0,5.0,4.0,3.0,4.0,3.0,3.0,4.0,3.0,3.0,3.0,4.0,3.0,3.0,3.0,4.0,4.0,3.0,4.0,4.0,4.0,5.0,4.0,4.0,4.0,5.0,4.0,5.0,3.0,"我的朋友石磊
　　高高的个子，长长的腿，站队的时候非常亮眼，很瘦，是我们班的一个对运动痴迷的“体育全能小天王”。
　　为什么说他是一个体育天王呢？主要体现在跳绳，篮球和足球。跳绳是我们班大多数男同学的噩梦，每一次跳绳考试，我们班男生都拼了命的练习，想拿到一个好成绩，唯独他，神态自若地坐在椅子上，他一跳，竟跳出了220个的传奇成绩。他不光光跳绳好，打篮球也在我们班名列前茅，在课间短短的十分钟里，就和同学比试起来，只见他连续突数人，来了一个漂亮的三步上篮，正在他马上要进第二个球的时候，上课铃响了，他一脸不情愿地回了教室。
　　他最强的就是足球了，在一场和五（1)班的比赛中，我发现他的技术不可小觑，在比分1：0的情况下，他和王磊紧密配合，像一条泥鳅一样，在敌人包围圈里左突右冲，他看准守门员的一个破绽，一个大力正脚背，足球正中球门，他在下半场也和王磊配合，王磊也一球命中，就在一班进攻时，多亏了石磊，拖了时间，突然“嘀”的一声，比赛结束，我们班以2:1胜利，我们班欢呼起来，喊着：“石磊！石磊！王磊！王磊！”欢呼声，不绝于耳。
　　这就是我们班的“体育全能小天王”，石磊。",《我的朋友石磊》
140609,5.0,4.0,4.0,5.0,5.0,5.0,5.0,4.0,5.0,5.0,4.0,3.0,4.0,4.0,4.0,4.0,4.0,3.0,5.0,5.0,5.0,4.0,4.0,3.0,5.0,4.0,5.0,4.0,5.0,3.0,5.0,4.0,5.0,4.0,4.0,3.0,5.0,4.0,4.0,3.0,4.0,4.0,5.0,4.0,4.0,3.0,4.0,4.0,4.0,4.0,3.0,3.0,3.0,3.0,4.0,4.0,4.0,3.0,2.0,2.0,4.0,4.0,5.0,5.0,5.0,5.0,3.0,5.0,4.0,3.0,"琴棋李
　　琴棋李本名李丹，人们为了记的清楚所以改名为琴棋李。
　　李丹个子不低也不高。恰到好处。可他身子又细又长，两只眼睛大的像兵兵球！亮的像水晶。但是，人不可貌相。
　　李丹弹琴和下棋倒是不赖。他弹琴一会儿高亢一会儿低沉，低的时候像珠子在盘中滚动，高的时候像雷鸣震撼大地。他弹的迷人，让别人百听不厌。
　　有一年，人们想听他弹琴，于是决定去他家里听。他爽快的答应了。
　　那天，去他家的人很多，那家立刻变成了音乐会的“演出厅”。过了一会儿。他开始表演了。他弹的是一首欢快而又活泼的曲子。他好像让人们融入了钢琴的世界。人们仿佛看到了一幅栩栩如生的画，水中的鱼儿自由的游来游去，小动物们在一起玩捉迷藏，小孩子们快乐地在地上打着滚！
　　说完了他弹琴，再让我来讲讲他下棋吧！
　　他下棋可不一般！他下的围棋，谁见了他的棋都拍手，叫好。
　　有一次，他和他的朋友下棋。在下棋途中。他说“我去上ce4所一会儿就回来。”这时候他的朋友为了赢他，所以多下了一颗子。李丹回来以后，看到棋盘上多了一颗棋便知道了他的朋友多下了一颗棋。
　　虽然他看到了，但他没有说……
　　最后，一看果然是他的朋友赢了！李丹对他的朋友说：“你的棋力长了不少呀！朋友惭愧的低下了头。
　　这就是琴棋李的本领。他不仅弹得好，棋力高，而且他还教会了他的朋友不管怎样也不撒谎, 骗人，应该真诚的对待每一个人。在生活中，我相信，只要认真的学本领，那么你一定也会受到别人的称赞。

我来到神秘的仙境
　　那是一个风轻云淡的下午，微微吹着小风我骑着自行车正走在回家的路上，一座座小山耸立着，我忽然看到一座山与众山不同，异常的高，已深入云烟之中。在夕阳的照耀下若隐若现，朦朦胧胧的。我正盯着这座山出奇，自行车也不觉停了下来。忽然，一阵强风把我吹起，随着我的尖叫声向那座山飞去……我昏倒在大山中，我半睡半醒的躺在地上。不一会儿，我迷迷糊糊的睁开眼。正当我充足了力量准备站起时，我发现我的身体缩小百倍，两只胳膊变成了一双小有有力的翅膀！我竟变成了一只画眉鸟！紧接着，我飞起来，看到了一个美妙的动物世界！我开心极了！在湖上盘旋，激起一片水花。我飞上山顶，看到一朵朵花儿从土地里钻出来，聆听花开的声音；看到五彩斑斓的蝴蝶在空中飞舞，欣赏优美的舞蹈。后来，我发现，我不仅能听懂动物语言，还能跟小动物们说话的。在这里，让我感受到：原来大自然是这么美妙！",《琴棋李》
140131,3.0,4.0,5.0,4.0,3.0,5.0,4.0,4.0,4.0,4.0,2.0,4.0,3.0,4.0,2.0,4.0,3.0,4.0,4.0,4.0,4.0,4.0,4.0,4.0,4.0,4.0,5.0,4.0,3.0,4.0,4.0,4.0,5.0,4.0,3.0,4.0,2.0,3.0,2.0,3.0,4.0,4.0,4.0,5.0,3.0,4.0,3.0,4.0,4.0,4.0,2.0,3.0,3.0,2.0,2.0,2.0,4.0,4.0,2.0,2.0,3.0,4.0,5.0,4.0,5.0,5.0,5.0,5.0,4.0,4.0,"泰国一日游
　　今天我们来到了泰王国清莱的白庙，听导游说：“白庙又称为龙昆寺、灵光寺等等，”这些都是来游玩的人起的。白庙是由泰国的知名艺术家察霖猜出钱出力设计建设的。
　　进去了以后我又问导游说：”为什么白庙为什么不是金色的呢？”导游说：“因为白色代表了纯洁，闪闪发光的玻璃片是智慧的象征。”我们继续往里走，看到了世界上最豪华的厕所它是金色的，上面还贴着金色小玻璃片，阳光一照金闪闪的可漂亮了！我们又来到了象征着地狱的桥，我们穿过了桥来到了象征着天堂的地方，看到许多人把自己的愿望写在许愿牌上，挂在了许愿亭里，我们还参观了这个艺术家的博物馆，里面展出了许多他收藏的画和许多佛牌。
　　离开了白庙我们来到了黑庙。黑庙有许多房间，每个房间都是由黑色的柚本做成的，所以叫黑庙，我们只参观了几个房间，每个房间都放着动物的皮毛和骨架。
　　结束了一天的行程，回来的路上导游每人发了一个小菠萝，还请我们在车上看了泰囧呢！这一天我过很开心。",《泰国一日游》
240237,3.0,3.0,4.0,5.0,3.0,3.0,3.0,3.0,3.0,3.0,3.0,3.0,3.0,3.0,2.0,3.0,3.0,3.0,3.0,2.0,3.0,3.0,3.0,2.0,3.0,3.0,2.0,3.0,3.0,3.0,2.0,3.0,3.0,3.0,2.0,3.0,2.0,3.0,3.0,3.0,3.0,4.0,3.0,4.0,2.0,3.0,2.0,3.0,2.0,3.0,2.0,3.0,2.0,2.0,2.0,3.0,3.0,3.0,2.0,3.0,3.0,3.0,3.0,4.0,3.0,4.0,2.0,3.0,2.0,3.0,"爬嵩山
　　今年寒假我们去了少林寺爬嵩山，我们先坐索道上了山，索道特别慢，可是我们往下一看，底下的路更远，恐怕我们爬上去就累死了，没力气继续爬了。
　　我们坐到山的一部分了，我们继续往上爬，我们爬呀爬，爬呀爬，最开始妈妈在后面推我，每当我累时候就鼓励我，我们又爬呀爬，爬爬，都一个小时了，我问要到哪儿呀？妈妈一指我就累死了，还有那么远！然后他们劝了我半天我才继续爬。我们又爬呀爬、爬呀爬、爬呀爬、爬呀爬，一会儿我们在前面，一会儿她们在前面。过了好长时间，我们都快累死的时候看见一块牌子，上面写着“您已走了一半的路，可以休息一下了！”我们一看就晕倒了。妈妈说继续爬吧,我们说好，我们又爬呀爬，爬呀爬，我们终于到了地方，妈妈说我们继续爬吧1！我们同意。然后爬了半小时才一百米，妈妈说：“我们回去吧！”
　　在回去的路上，我说还好你让回来了，要不然天黑也到不了。然后我就回家了。
　　这次旅行真是累死了！",《爬蒿山》
140127,3.0,3.0,5.0,4.0,5.0,3.0,5.0,3.0,4.0,3.0,2.0,3.0,4.0,3.0,2.0,3.0,1.0,3.0,2.0,4.0,2.0,3.0,2.0,3.0,4.0,3.0,2.0,3.0,3.0,3.0,2.0,3.0,4.0,3.0,3.0,3.0,3.0,3.0,3.0,3.0,3.0,3.0,2.0,4.0,4.0,3.0,3.0,3.0,4.0,3.0,2.0,2.0,3.0,2.0,2.0,3.0,3.0,3.0,2.0,2.0,4.0,3.0,5.0,4.0,2.0,4.0,4.0,4.0,3.0,3.0,"鄂尔多斯大草原
　　我们来到了鄂尔多斯大草原。首先爸爸买了票，我们要坐大卡车去大草原因为陆地离草原有很长的距离。我坐上了卡车。
　　虽然路都坑坑洼洼的，但是我却看到了美丽的风景，我看到了地下是一条土路，有很多石子。然后又看到了草原上的草都是很长很绿的草，最后妈妈跟我说西北面有一个死火山！我很吃惊草原上有火山？火山中间是凹凸起伏的，边上是平的。大大的草原都看不到头！
　　终于我们到了，我看到了马儿飞奔着，还有骆驼，我问爸爸我能骑骆驼吗？”爸爸说“可以。”他给我付了钱，然后我就骑上了骆驼。哇！好高呀！就像我飘在天上。骆驼一摇一摆地走了起来，一阵凉风从我脑袋后面吹过，我在高空看到了宽阔的草原，走了一圈后骆驼又坐了下去，我就下来了。最后我看了内蒙古婚礼，而且那人一个比一个壮，新郎骑着马来接新娘。看完了我又坐上了卡车，那时正好看到了日落，红红的太阳从高高的山坡上渐渐地落了下来。我们还看到了人们在挤奶牛的奶，羊在吃草。草被微风吹过就像是一片大海洋，终于到了，我们开开心心的回到了家！",《鄂尔多斯大草原》
150534,5.0,4.0,4.0,4.0,5.0,5.0,5.0,5.0,5.0,5.0,4.0,4.0,4.0,4.0,4.0,5.0,5.0,4.0,2.0,3.0,2.0,2.0,2.0,3.0,4.0,3.0,2.0,3.0,2.0,3.0,4.0,3.0,2.0,3.0,4.0,3.0,4.0,4.0,4.0,4.0,4.0,5.0,5.0,5.0,4.0,4.0,5.0,4.0,5.0,4.0,5.0,4.0,4.0,3.0,4.0,4.0,5.0,4.0,3.0,3.0,4.0,4.0,5.0,5.0,5.0,5.0,5.0,5.0,5.0,5.0,"没有架子的学霸（片段）
　　扎着长长的马尾；有着乌黑纤细的发丝；宛如星空般的眼眸；黑而亮的眉；高挺的鼻梁以及樱桃般的小嘴；半尖半圆的下巴和一点圆的脸颊、喜欢身着带波点的上衣，浅灰色的下衣，穿起裙子来更是挽如一朵盛放的花朵——她就是我们班公认的学霸。她内在的气质如一支洁白又高贵的百合花，但她卖起萌来却也是极可爱的。记得那一次，她向我卖起萌来，修长的手指学着猫咪小小的爪子、上牙咬着下面的红唇，脸颊鼓鼓的、眼睛瞪的圆圆的，与其说像猫咪，倒不如说像一只会卖萌的“河豚。”微风吹起她的马尾，纤细的发丝伴着发香在空中飞舞。鬓角的两缕头发与风共舞，遮住了大半面脸。下身的波点连衣裙摆也飘扬起来，此时的她既可爱又美丽，可谓是“出水芙蓉。”",《没有架子的学霸（片段）》
160332,4.0,4.0,5.0,2.0,5.0,3.0,3.0,3.0,4.0,4.0,3.0,4.0,4.0,4.0,5.0,4.0,3.0,4.0,5.0,4.0,4.0,4.0,5.0,4.0,5.0,3.0,5.0,4.0,5.0,4.0,4.0,4.0,5.0,4.0,5.0,3.0,5.0,3.0,5.0,3.0,5.0,3.0,5.0,4.0,4.0,3.0,5.0,4.0,5.0,3.0,5.0,2.0,5.0,3.0,4.0,2.0,5.0,3.0,2.0,2.0,5.0,4.0,5.0,3.0,5.0,4.0,4.0,4.0,3.0,2.0,"“翻船”
　　“你干什么？好心约你出来玩，你却把我的船摔了，还补了一脚！”看到木船粉身碎骨的那一刻，我声嘶力竭地冲陈华吼道，被吓到的陈华一脸歉意地说：“我，我不是故意的……”但我并不能因此而原谅他，一把夺过他的船转身就走。
　　拿着陈华的船离开后，我的心情慢慢平复下来，我开始反思：我刚才的行为是不是太过分了？我要不要回去给他道个歉？犹豫不决的我最终还是忍不住回去看他一眼：只见他双眼红肿呆呆地坐在椅子上，不知所措。看他那幅样子，我也心痛了起来，我意识到自己也错了，不应该那样对待他，我的朋友！
　　后来，我每天都等他，来与我道歉，这样我们就可以继续做朋友了。过了一天，老师让大家两人一组，进行活动。我兴高采烈地大步向陈华走去，想邀他跟我一起参加活动，他一转身向另一名同学走去，他的这一举动令我既难堪又心寒。我再次走向他推开了那名同学。大声喊：“你宁愿跟一个你不认识的同学一起？”周围同学们的目光都指向我和他，他低下了头，皱了皱眉匆匆地离开了。
　　他走后我又开始后悔，后悔因为自己的一时冲动让两人友谊的小船彻底被打翻了。
　　越想越伤心的我忍不住让眼泪顺着眼眶流了出来，我下意识地想从桌兜里拿出张纸擦擦可我却摸到了一个木船，“呀！这个跟我做的那个一模一样。”自己有点小吃惊。里面还有一张纸条，上面写着一些道歉的话，最后署名陈华。我恍然大悟，原来是我误会了他，他一直没有放弃我们之间的友谊！
　　当我明白这一切的时候，我不能再等待了！便飞一般地冲出教室去找陈华，我要为之前的行为跟他道歉，并把他做的木船还给了他，他接过小船开心地笑了。
　　友谊如花，娇艳美丽，但它需要我们用心地呵护；友谊如小船，扬帆千里，但它需要我们共同保驾护航，当我与陈华的友谊木船被“打翻”后，我们互相谅解，让它重新扬帆起航。",《“翻船”》
130102,3.0,3.0,4.0,4.0,4.0,4.0,4.0,4.0,3.0,4.0,3.0,4.0,3.0,4.0,3.0,3.0,3.0,3.0,4.0,4.0,3.0,4.0,3.0,4.0,4.0,4.0,3.0,4.0,3.0,4.0,3.0,4.0,3.0,4.0,4.0,3.0,2.0,4.0,3.0,3.0,3.0,3.0,4.0,4.0,3.0,3.0,4.0,3.0,3.0,4.0,2.0,3.0,3.0,2.0,3.0,3.0,3.0,4.0,2.0,2.0,3.0,3.0,3.0,5.0,4.0,4.0,3.0,3.0,4.0,3.0,"我的伙伴
　　前几年，我们家来了两位新成员，你们猜猜它们是谁，它们有一双松软的小爪子，爪子上有着像刺一样的指甲用来保护它们，它们的眼睛乌黑光亮，身上披着雪白色的羽毛，可爱极了!
　　它们就是两只活泼可爱的小猫。爸爸妈妈和姐姐不在家时，它们能陪我玩，如：当我给它们吃食时，它们就会像火箭一样跑到我面前，死死的盯着我，我跑到哪，它们就跑到哪，我停下时，它们也会停下；当我给它们发食时，它们就会站的齐刷刷的，我给它发食后，它们就会躲在一个角落，用小爪子紧紧的按着食物，然后，细嚼慢咽起来。
　　它们也是一个小懒虫，它们一吃完东西就睡觉，而且一睡就是几个钟头，它们喜欢挤在一起睡，样子可爱极了！
　　几年后，它们去了新家，因为爸爸觉得它们太脏了，我希望它们在新家过得快乐！",《我的伙伴》
240101,3.0,3.0,4.0,5.0,3.0,3.0,3.0,3.0,3.0,3.0,2.0,2.0,3.0,3.0,2.0,2.0,3.0,3.0,3.0,3.0,3.0,4.0,3.0,3.0,3.0,3.0,3.0,3.0,3.0,4.0,3.0,3.0,3.0,4.0,3.0,3.0,2.0,4.0,3.0,3.0,3.0,3.0,3.0,3.0,2.0,2.0,2.0,3.0,3.0,4.0,2.0,2.0,2.0,2.0,2.0,2.0,3.0,3.0,2.0,2.0,3.0,3.0,3.0,5.0,3.0,5.0,3.0,3.0,2.0,2.0,"老师进班了
　　叮叮铛铛上课了，
　　老师进班了。
　　我们一看老师来，
　　我们就闭嘴。
　　结果不是老师呀！
　　把我吓死了。
　　我又喘口气，
　　又站了起来。
　　吗呀老师来了，
　　我们上课了。",《班主任进班了》
150535,4.0,5.0,4.0,4.0,4.0,5.0,3.0,4.0,4.0,4.0,3.0,3.0,3.0,3.0,2.0,3.0,2.0,3.0,1.0,3.0,2.0,3.0,3.0,2.0,3.0,2.0,3.0,3.0,2.0,3.0,3.0,3.0,2.0,3.0,3.0,4.0,3.0,3.0,4.0,5.0,4.0,5.0,4.0,5.0,4.0,5.0,3.0,4.0,4.0,3.0,2.0,3.0,2.0,3.0,2.0,3.0,4.0,5.0,2.0,4.0,3.0,4.0,4.0,4.0,4.0,3.0,4.0,4.0,2.0,4.0,"我的爸爸
　　我的爸爸是个中等个，一头不长不短的黑发，却在鬓角处有几缕白丝。粗而黑的眉毛下面长着一双炯炯有神的大眼睛，总是闪着严厉目光，可能是因为长期从事脑力劳动的原因。圆圆的脸型，微薄的嘴唇，平时笑起来，给人一种和蔼可亲的感觉。额头上那深深的皱纹和他不到四十岁的年龄很相称。爸爸的耳朵白里透红，耳轮分明，外圈和里圈很匀称，像一件雕刻出来的艺术品。爸爸有时也会显得很年轻，简直和平时判若两人。我的爸爸经常穿黑色中山装，被崭新的银灰色色西装所代替，裤上有笔直的裤线，看起来既干净又潇洒。这就是我的爸爸。",《我的爸爸》
160815,4.0,3.0,5.0,3.0,5.0,3.0,5.0,3.0,5.0,3.0,4.0,3.0,4.0,2.0,4.0,3.0,5.0,3.0,4.0,3.0,3.0,3.0,3.0,3.0,4.0,2.0,3.0,2.0,4.0,3.0,4.0,2.0,3.0,3.0,5.0,2.0,5.0,2.0,5.0,3.0,4.0,2.0,5.0,3.0,4.0,2.0,4.0,3.0,4.0,3.0,3.0,2.0,3.0,2.0,3.0,2.0,4.0,3.0,3.0,2.0,5.0,2.0,5.0,3.0,4.0,3.0,4.0,3.0,4.0,2.0,"和叶青的难忘时光
　　我在三岁那年，和叶青第一次相见。我们简直是天生一对，立刻成了好朋友。我和他从小玩到大，一起旅行，一起打闹玩耍。我每次写完作业都会叫上叶青一起飞奔下楼，像一道闪电冲下楼去，而叶青从不缺席。
　　叶青有一次得了重病许久都没来上学。我担心极了。央求着妈妈带我去探访。我一到就发现叶青身上正在输液，只见叶青躺在床上像一个泄了气的充气玩具，无力地靠在床头上。我既担心又害怕，生怕叶青出了什么问题。看见叶青在床上对我笑。叶青这个说话一直都不停的人竟一句话都没有，而他的笑似乎也有一丝勉强，我都觉得他病傻了。最后在与病魔的对抗中，叶青艰难地战胜了病魔。又回到了学校。
　　后来叶青彻底好了，又成了一个“不省油的灯”，叶青竟开始写《李锐传》。我气的怒发冲冠。气的脸都歪了，手也不自觉的握成了一个拳头。而叶青却笑着对我说：“怎么样，写的不错吧！”我真想扒了他的皮或打他一顿。可又担心他这小身板被我打坏了。我每次说叶青别写了。叶青立刻逃到一旁做个鬼脸，以一种轻视的口吻对我说“怎么地，怎么地。”我又说不过他也又写不过他，只能不得了之。
　　虽然我们彼此有时可能有一些矛盾，但我们依然是好朋友，我们的友情坚不可摧，我们也一直一起学习一起玩耍。度过了9年的时光，现在我们马上要分道扬镳，去各自的中学。很难再相聚，我们要珍惜现在一起度过的小学时光。在这些时光中那些不开心的时光也能化作美好的回忆。
　　马上要分别了，我们的友谊却将地久天长。希望你在新学校里学业有成，学霸之路越走越远。叶青和我之间的友谊。你的坚强使我敬佩，你的幽默使我难忘，你的臭贫样使我哭笑不得。",《和叶青的难忘时光》
150143,2.0,3.0,3.0,3.0,2.0,2.0,2.0,3.0,3.0,2.0,2.0,2.0,2.0,3.0,2.0,2.0,2.0,3.0,3.0,3.0,3.0,2.0,3.0,2.0,3.0,3.0,3.0,2.0,3.0,3.0,2.0,2.0,3.0,4.0,2.0,3.0,2.0,3.0,2.0,2.0,3.0,4.0,3.0,4.0,2.0,3.0,2.0,3.0,3.0,3.0,2.0,3.0,2.0,2.0,2.0,2.0,3.0,4.0,3.0,4.0,2.0,3.0,3.0,3.0,4.0,3.0,2.0,3.0,1.0,3.0,"观《三国演义》有感
　　我国有四大名著，其中之一就是我看的《三国演义》。这本书的作者是罗贯中，山西太平人。是元代末年明代初年文学家，被称做中国章回小说的鼻祖。罗贯中一生写过很多本小说，比如我看的这本《三国演义》，其它的还有《隋唐志传》、《三遂平妖传》、《残唐五代史演》……这些长篇小说流传于世。罗贯中还被称为“第一位知名的艺术大师。”虽然我并没有看完全部的内容，但是我还是有一些我自己的感受和感想。
　　我很喜欢这本书，原因有两个，第一个就是人物，因为人物都很现实，有的人英勇善战、有的人计谋多端，还有的人有勇有谋，就比如诸葛亮用的空城计……
　　第二个原因就是内容，把张飞的样子写的很好。把张飞的神态，外貌很让我深刻。
　　这本书让我身临其境，我觉得罗贯中大师写的很有趣，因为故事跌宕起伏。有的时候这本书能让我入迷，别人叫我，我都没听见。如果有机会我一定会看看罗贯中的其它作品。",观《三国演义》有感
141137,3.0,3.0,4.0,5.0,3.0,4.0,3.0,4.0,2.0,3.0,2.0,3.0,2.0,3.0,2.0,2.0,2.0,3.0,3.0,4.0,2.0,3.0,3.0,2.0,3.0,3.0,3.0,3.0,3.0,2.0,2.0,3.0,3.0,2.0,2.0,3.0,2.0,3.0,2.0,3.0,2.0,4.0,3.0,4.0,2.0,3.0,2.0,3.0,2.0,3.0,2.0,3.0,2.0,3.0,2.0,3.0,2.0,3.0,2.0,3.0,3.0,4.0,3.0,5.0,2.0,4.0,2.0,4.0,2.0,4.0,"活动课
　　今天班老师一上来说：“这一节课，我们要上十分钟的活动课。”我想：“是活动课一定很好玩儿！”班老师又说：“打开听写本。”我又想“听写是活动？要是听写是活动那考试都算游戏了！这次听写肯定非同寻常！”班老师继续说：“这次只听一个词，倒计时三十秒，开始！”我没多想就写下了“开始”。老师说：“再听一个词，倒计时十秒，听清楚了吗？”伴随着老师的十九八七六……我想：“这回什么词都没说？”我只好紧张地写下了“一个词”。老师又让一个都没写的一些人起立，他们一脸茫然。老师又让写了一个的一些人起立，他们一脸平淡。而我们很自信。最后老师公布答案：第一个是“开始”，第二个是“听清楚了吗”。
　　我在这次活动上学到了很多！有，要好好辨别、要非常认真的倾听……班老师很棒！让我们在玩中学，学中玩，不是干学！我觉得那些一个词没写的，我觉得可能在等词，写了一个的可能因为第二个词，全写就不用说了。这次活动课真棒！",《活动课》
140123,3.0,3.0,4.0,4.0,4.0,4.0,5.0,3.0,5.0,3.0,2.0,3.0,3.0,3.0,3.0,3.0,4.0,3.0,4.0,3.0,4.0,3.0,3.0,3.0,4.0,3.0,3.0,4.0,5.0,3.0,5.0,3.0,2.0,3.0,4.0,3.0,4.0,3.0,3.0,3.0,4.0,3.0,3.0,4.0,3.0,3.0,3.0,3.0,4.0,4.0,3.0,2.0,3.0,2.0,3.0,2.0,4.0,3.0,2.0,2.0,4.0,3.0,5.0,3.0,5.0,4.0,3.0,4.0,3.0,3.0,"西游记（美）
　　7月7日中午，我和爸爸妈妈去首都机场，为什么？因为我要去美国啦！我们经过十二个小时二十分钟的飞行，终于到了洛杉机。
　　一到洛杉机，我们就去了环球影城。我最喜欢观光车啦。它分为：大白鲨，洪水，侏罗纪，飞机失事，杀人犯，地震，变形金刚，拍摄地。
　　大白鲨是用一个大白鲨的模形固定在一个轨道上，大白鲨因为轨道不平，所以大白鲨的背鳍有的时候会露出水面，最后，它跳出水面，弄出大大的水花。当时在湖边，在水里都燃烧着熊熊大火。
　　洪水是山坡上，建筑物里都有一个大大的水罐，下水道里都有水泵，发洪水的时候，水泵是关闭的，水不能通水，等演完了，水泵会把水抽到水罐里。
　　侏罗纪不知道你们没看过，里面的东西全是用光照在一个大4D屏幕上。
　　飞机失事是用一个仿真的大飞机模型切开，有的地方洒上油，点上小火。
　　杀人犯其实尸体就是一个带红水的水袋的模形。
　　地震是一个大升降机，等开始演了，地下的升降机会摇摇晃晃地降下去，天花板上的升降机也会摇摆晃晃地降下来。
　　变形金刚也不知道你们有没有看过，它是在一个摇摆机（会摇摇摆摆的机器）上，西边有4D屏幕，烟雾机（坏人动不动就发射一枚导弹）和音箱。
　　大家观看过电影中的高楼大厦和撞车吗？告诉你们，大街左右两边都是4D的立体画，但是如果需要进进出出该怎么为呢？放心，它们都是泡沫塑料做的。可撞车又是怎么回事呢？这你也放心，车要么只有车头；要么就是泡沐塑料或都是木头做的。
　　这就是电影的奇妙，读完我的作文在看电影觉得没意思可别怪我哦。",《西游记》
130431,3.0,3.0,5.0,4.0,5.0,3.0,3.0,3.0,5.0,3.0,3.0,4.0,2.0,3.0,4.0,3.0,4.0,3.0,5.0,3.0,3.0,3.0,3.0,3.0,3.0,4.0,4.0,4.0,5.0,3.0,4.0,3.0,3.0,3.0,5.0,3.0,2.0,2.0,3.0,3.0,4.0,4.0,5.0,4.0,3.0,3.0,4.0,3.0,5.0,4.0,2.0,2.0,3.0,3.0,4.0,2.0,3.0,3.0,2.0,2.0,4.0,3.0,5.0,4.0,5.0,4.0,5.0,4.0,4.0,3.0,"一次难忘的义卖活动
　　在我的脑海里有许多难忘的事，但是最值得我难忘的就是今年的“六一”儿童节的义卖活动。
　　“六一”前一天老师通知我们要求每个人带的钱不能超过五十元和自己要卖的商品，参加义卖。那天晚上，我对爸爸说了这件事，并且跟他要了五十元钱，我爸爸对我说：“可以，但是不能买那些没有用的东西，比如……”。我心想：“爸爸可真唠叨。”当天晚我一夜都没睡好觉，终于把第二天盼来了！
　　记得那天天气特别好，阳光明媚。早晨我早早的来到学校，让我没有想到是我的妈妈也来了，她是来参加义卖志愿者的。义卖前是各班布置展台的时间，我们小孩子负责搬东西，大人负责贴海报，展台很快布置完了。义卖开始了，学校操场上立刻变的热闹起来，就像一个大市场一样，有叫卖声，讨价声，还有还价声，充满了校园。看！我们班的商品琳琅满目，有各种文具用品，有各种各样的玩具，还有精美的礼品等，同学们都被吸引过来了，争先恐后地抢购我们班的商品，很快我们班的商品就卖完了，卖来的钱我们集体上交给了学校，一共一千多块，成绩还真不错。同学们非常开心。
　　愉快的时间总是短暂的，义卖结束了，回想起这一天真是让我难忘的一次义卖活动啊！",《一次难忘的义卖活动》
140128,4.0,4.0,5.0,5.0,5.0,5.0,3.0,5.0,4.0,5.0,3.0,4.0,4.0,4.0,2.0,3.0,4.0,4.0,3.0,3.0,3.0,3.0,4.0,3.0,3.0,4.0,3.0,4.0,4.0,4.0,3.0,3.0,3.0,4.0,4.0,4.0,2.0,3.0,4.0,4.0,4.0,4.0,4.0,4.0,3.0,4.0,4.0,4.0,3.0,4.0,3.0,3.0,4.0,3.0,3.0,3.0,4.0,4.0,2.0,2.0,4.0,3.0,5.0,4.0,5.0,5.0,5.0,5.0,5.0,4.0,"新疆
　　新疆是位于我国西北地区的一个省，那里的水果香甜可口，牛羊肉，也是绝顶美味，而且空气非常清新。新疆的科技虽然不太发达，但是却有壮丽的风景和鲜嫩的草儿所以成为了动物的天堂。
　　我们去了乌鲁木齐，喀纳斯，壮丽的果子沟大桥，美丽的赛里木湖，还走了让人惊心动魄的独库公路。我最喜欢喀纳斯了，里面有许多高山特别原生态，我和爸爸还爬上了1068级台阶高的观鱼台俯看山下那条犹如丝巾般柔美的喀纳斯湖在喀纳斯禾木山庄我们经历了一场惊险的漂流。我们被车拉到喀纳斯湖上游，在蒙古包里换好专门的衣服，每船8个人，船长讲完要领我们就准备出发了，刚开始我们就遇上了一个大浪，船开始急速的倒着往下走，幸好船撞上了一个大石头不然就会翻船了，因为船掀了起来所以进了一船水我们都湿透了，大风吹过，我们一船人有说有笑，一点也不觉得寒冷，河水虽然冰冷，但是因为我们一船人的团结而被感化，前路虽然艰难，但是有我们这个整体来克服。终于到达了终点，桥上的摄影师为我们拍下了幸福的照片，也为这次旅行画上了完美的句号。",《新疆》
160238,3.0,3.0,2.0,3.0,3.0,4.0,2.0,4.0,2.0,4.0,2.0,3.0,3.0,3.0,3.0,3.0,3.0,2.0,3.0,4.0,3.0,4.0,3.0,4.0,3.0,3.0,3.0,4.0,3.0,3.0,2.0,3.0,3.0,3.0,3.0,2.0,2.0,3.0,3.0,4.0,3.0,4.0,3.0,3.0,2.0,3.0,3.0,3.0,3.0,2.0,2.0,2.0,2.0,3.0,2.0,3.0,3.0,3.0,3.0,2.0,2.0,2.0,3.0,4.0,3.0,5.0,2.0,3.0,3.0,3.0,"世界需要真正的关爱
　　放学路上我看到一个白发苍苍、身材矮小，看上去弱不禁风的老人，提着一个大大的袋子。眼看车上没座了，我便打算将自己的座位让给他了。
　　就在我前去让老人坐下的时候，老人却先开口了：“小伙子，你坐吧，我不累，我身体好着呢！”说完老人便露出了自信的笑容。我本想再请老人坐下。老人又开口了：“我真不累的，你坐吧！你上了一天的学了！你还拿着那么大的一个包呢！我见我劝不动老人也就坐下了。
　　我又坐了一会儿，心想：“不行，我应该让老人坐着：可万一老人家又让我生着不就会让人觉得我不领情吗！”就在这时，我想起了妈妈告诉我的一包话：“你关爱他人，他人就会关爱你。”于是我再次起身了，可这时居然走来一个年青人：一米八的大高个儿，头发染成了紫色，十分帅气想要坐在我的座位上。顿时产生了，一种想要质问他的念头。可我环顾了一下四周，却没有人站出来、有的在听音乐、有的打游戏、居然还有的装作没看见……车上鸦雀无声，像死一般寂静，好似到了阎王庙一样。
　　这时一位其貌不扬，衣服很旧却非常整洁、身材并不高大，却有着一股浩然正气的中年男子上车了。看到这番情景，他便问道：“好意思吗？孩子明明是想给这位老人让座！”见状那青年便摇了摇头走了还用一副多管闲事的眼神瞪了我们一下。我顿时火冒三丈，这是他的座吗？
　　就在我让老人坐下的时候，意想不到的事发生了，老人摔倒了！我立刻过去将老人扶起来。就在这时另一件令我意想不到的事发生了，刚才一片死寂的其他乘客现在“活过来”了，有的把这事发到了朋友圈中，有的开了直播、还有的问老人有事吗？可没有一个人为老人担心！下车的时候我看见中年人拿出了200元钱还送老人去了医院，随后走向了F院的大门。还真是“人不可貌相”呀！
　　到了我妈那里我不由得想到：“为什么乘客们对老人要虚情假意地关爱呢？是我误解了“关爱”的意思吗？后来我终于明白了，不是我误解了“关爱”而是他们的根本就不是关爱。关爱的意思是：发自内心的关切和爱护像爱自己的家人一样爱别人。他们那所谓的“关爱”是他们伪善的面具，为了面子的谎言、虚假的一场骗局和掩饰自己的借口罢了。所以世界需要关爱，需要真正的关爱。",《世界需要真正的关爱》
140737,3.0,3.0,4.0,5.0,3.0,3.0,3.0,4.0,3.0,4.0,3.0,4.0,3.0,3.0,2.0,3.0,3.0,2.0,3.0,4.0,3.0,4.0,3.0,3.0,3.0,2.0,2.0,4.0,2.0,4.0,2.0,3.0,2.0,3.0,2.0,3.0,2.0,3.0,2.0,3.0,3.0,3.0,3.0,5.0,2.0,4.0,2.0,3.0,3.0,3.0,2.0,3.0,2.0,3.0,2.0,3.0,3.0,4.0,2.0,2.0,3.0,3.0,3.0,5.0,3.0,4.0,2.0,4.0,2.0,3.0,"校园一景：国旗
　　为什么我说国旗呢？因为国旗的很重要！对了，是五星红旗。我们每周一都要升国旗，升国旗一至六年级全都在大操场。对了周二至周五一、二、六年级在小操场，三至五年级在大操场。言归正传，我们都很严肃地注视国旗缓缓上升（还是和国歌一起)两名少先队员光荣的升着国旗，我们少先队员对着国旗敬队礼，不是少先队员的敬注目礼，这时我就想：“为什么国旗这么红？因为烈士的鲜血染红了它！为什么红领巾这么红？因为烈士的鲜血染红了它！”我又想到：“我们的生活那么好？因为革命先辈为我们创造了美好的生活！
　　国旗的位置在大主席台的东边。
　　操场上，高高的旗杆上飘扬着鲜艳的国旗。明媚的阳光把国旗衬得格外鲜艳，一阵微风拂过，国旗随风起舞，显得格外美丽。来到广场玩耍的同学们总会把仰慕的目光投向国旗，同学们在国旗旁奔跑嬉戏时，也会看一看那美丽的国旗，老师也都把赞美送给了飘扬的国旗。",《校园一景：国旗》
130342,4.0,3.0,4.0,5.0,3.0,3.0,4.0,4.0,4.0,4.0,4.0,3.0,4.0,2.0,3.0,3.0,4.0,4.0,3.0,3.0,4.0,3.0,4.0,4.0,3.0,3.0,3.0,4.0,3.0,4.0,4.0,4.0,4.0,4.0,4.0,3.0,4.0,3.0,3.0,3.0,4.0,3.0,4.0,3.0,3.0,3.0,4.0,4.0,4.0,3.0,4.0,4.0,3.0,4.0,4.0,4.0,4.0,3.0,4.0,4.0,4.0,3.0,5.0,5.0,4.0,3.0,4.0,4.0,4.0,5.0,"爸爸的爱
　　爸爸做事很认真，对我的要求也很严格。
　　因为我跳绳的耐力不行，所以每次去公园玩的时候，爸爸都会让我练习跳绳。练习跳绳的要求是跳3组，每组一分钟，达标120个，如果跳不到120个，那就加罚一次，所以我每次都提心吊胆，如果爸爸让我重新跳，我会非常着急，不知道什么时候能完成，但不管我多累，爸爸从来都不放松要求，直到达到目标为止。
　　爸爸不仅对我要求严格，还对我很关心。有一次我们去看演出，出来时下着大雨，我们只有一把伞，所以只能挤在一起，快步走向我们的车，我前胸湿了，感觉很冷，但爸爸肯定感觉更冷，因为我在车上发现爸爸的整个后背都湿了，当时爸爸把大部分伞都给我和妈妈。这让我感受到了爸爸的关心和爱。
　　不管是严厉的要求，还是温暖的关心，这都是爸爸妈妈对我的爱，对我的成长有很大帮助的爱，我也要用我的爱回报他们。",《爸爸的爱》
140108,4.0,4.0,4.0,5.0,4.0,5.0,3.0,4.0,4.0,4.0,2.0,3.0,4.0,4.0,4.0,3.0,4.0,3.0,4.0,3.0,3.0,4.0,4.0,4.0,4.0,4.0,4.0,4.0,4.0,5.0,3.0,3.0,4.0,4.0,4.0,4.0,3.0,4.0,3.0,4.0,4.0,4.0,5.0,3.0,4.0,4.0,4.0,4.0,4.0,4.0,3.0,3.0,3.0,3.0,3.0,3.0,4.0,4.0,2.0,2.0,4.0,4.0,5.0,5.0,4.0,5.0,3.0,5.0,4.0,3.0,"游览故宫
　　暑假的一天，我和爸爸妈妈去了北京故宫。
　　北京故宫是中国明清两代的皇家宫殿，旧称为紫禁城，位于北京中轴线的中心，南北取直，左右对称，形式为一长方形地池，是中国古代宫廷建筑之精华。整个金碧辉煌，庄严绚丽，被誉为世界五大宫之一。（北京故宫、法国凡尔赛宫、英国白金汉宫、美国白宫、俄罗斯克里姆林宫）。
　　我们先从天安门进入，那里有川流不息的人，周围有士兵端着真枪站岗。天安门城楼上面挂着毛主席的头像，去年阅兵习大大还在城楼上讲话。我们从两扇朱漆大门进入，雄厚平整的门板上一排排硕大的金色门钉，使得禁锢森严的大门显得更加坚固和威严。
　　首先映入眼帘的是午门，故宫有四个大门，其正门为午门，东门名东华门，西门为西华门，北门为神武门。午门很像大雁的翅膀，平面为凹形，宏伟壮丽。午门是皇帝下诏书、下令出征的地方。午门后有五座精巧的汉白玉拱桥通往太和门。通过太和门去往太和殿，太和殿是紫禁城内体量最大，等级最高的建筑物，是明清时举大朝的地方，从太和殿往反走，分别是中和殿和保和殿，他们是皇帝祭天祭地前休息的地方和宴请外潘王宫贵族科举考试的地方。从保和殿住北是乾清宫，交泰殿，和坤宁宫。乾清宫是皇帝的寝宫，坤宁宫是皇后的寝宫，交泰段是为皇后千秋节受庆贺礼的地方。
　　最后，因为时间关系我们只游览了正殿，还有很多地方没去包括东六宫，西六宫，最后我们从神武门出去回家了。
　　这就是故宫雄伟、堂皇、庄严。",《游览故宫》
140307,4.0,4.0,2.0,4.0,3.0,4.0,3.0,3.0,4.0,4.0,3.0,3.0,4.0,4.0,3.0,3.0,3.0,4.0,4.0,4.0,3.0,3.0,2.0,2.0,3.0,3.0,3.0,3.0,3.0,4.0,2.0,3.0,3.0,4.0,3.0,3.0,2.0,3.0,3.0,3.0,3.0,3.0,4.0,4.0,3.0,3.0,3.0,3.0,4.0,4.0,2.0,2.0,3.0,3.0,2.0,2.0,3.0,3.0,2.0,2.0,3.0,3.0,4.0,5.0,4.0,5.0,5.0,4.0,4.0,4.0,"小动物与猎人
　　在大森林里居住着很多小动物，它们互相帮助，友好相处。可是有一天，猎人来到了这片森林里，打破了平静。
　　动物们紧张起来，其中有一名叫聪聪的小兔子，它说：“我们团结起来，没准就能打败猎人了，”动物们纷纷说好。
　　第二天，它们找到猎人，小兔说：“你不能伤害我们也不能砍伐这里的树木”。可是猎人说：“凭什么我要听你的呀！我伤害动物、砍伐树木和你有什么关系？”“大森林是我的家，我们要一起维护它”，小兔说。其它动物也都和猎人们吵起来，吵的不可开交、不分上下。猎人终于走了，动物们欢天喜地，可它们不知道，更可怕的事还在后面。几天后，猎人又回来了，动物们惊慌地说：“你怎么又回来了？”猎人没有回答它们，直接放火烧了整个森林，动物们很伤心，因为它们没有家了。
　　可是后来，灾难来临了，如果有森林就可以挡住它们，但是猎人把森林烧了，就挡不住了。猎人直到现在才知道自己犯了多大的错误,可已经来不及了，他很后悔，自己没有听动物们的劝告。",《小动物与猎人》
160329,5.0,5.0,5.0,5.0,5.0,5.0,3.0,3.0,5.0,5.0,2.0,2.0,5.0,5.0,5.0,5.0,5.0,5.0,5.0,5.0,5.0,5.0,5.0,5.0,5.0,5.0,5.0,5.0,5.0,5.0,4.0,4.0,5.0,5.0,5.0,5.0,5.0,5.0,5.0,5.0,5.0,5.0,5.0,5.0,4.0,4.0,5.0,5.0,5.0,5.0,5.0,5.0,5.0,5.0,3.0,3.0,5.0,5.0,2.0,2.0,5.0,5.0,5.0,5.0,5.0,5.0,3.0,3.0,4.0,3.0,"友谊
　　一天，我们把在手工小组做的小木船拿出来玩，陈华一不小心把我的摔坏了。
　　我非常生气，一气之下我又把他的小木船扔在了地上！陈华看到他自己的小木船已经被我踩坏了，伤心地跑回了班里。我心想是他先把我的小木船踩坏的，所以我才把他的小木船也扔在了地上，我愤愤的在那里自言自语。
　　晚上，我回到家，躺在床上，望着窗外那皎白的月亮，让我想起今天在学校发生的事情，我仍然怒气未消，不由骂起了陈华：“活该，是你先把我的小木船摔坏的，所以我才把你的也弄坏了，我和你是好朋友，你竟然这样，以后和你绝交。”
　　这件事发生以后，我们见面也就跟谁也不认识谁一样，一直持续了几个星期！在那之后我每天上下学都是自己一个人，而且感觉没有陈华的陪伴，心理总觉得凄凉凉的，但我还是非常生气！我把这件事告诉了妈妈，妈妈说：“这件事你也有错，毕竟你和陈华是好朋友，”我回到屋里，左思右想了很久，觉得这件事我也有做的不对的地方，我决定第二天要向陈华道歉
　　没想到第二天刚到学校，就发现座位上有一张小纸条，上面写着：“对不起，你还愿意和我放学后去玩小木船比赛吗？”我走到陈华面前，不好意思的地说：“其实这件事也有我的错，本来今天我也想跟你道歉的。”我们两个人互相看着对方，傻傻地笑了。放学后我们兴奋的朝小池塘跑去，又开始了我们的小木船比赛，仿佛友谊之船再次扬帆。
　　我和陈华又成了无话不说的好朋友，这件事发生以后，让我们俩的友谊更加牢固了。",《友谊》
140302,4.0,4.0,2.0,5.0,3.0,5.0,3.0,5.0,3.0,3.0,3.0,2.0,4.0,4.0,3.0,3.0,3.0,3.0,4.0,3.0,4.0,4.0,3.0,3.0,3.0,3.0,4.0,4.0,3.0,3.0,3.0,3.0,3.0,3.0,4.0,4.0,3.0,5.0,3.0,3.0,4.0,4.0,4.0,4.0,3.0,4.0,3.0,3.0,4.0,4.0,3.0,3.0,3.0,3.0,3.0,3.0,4.0,5.0,2.0,2.0,4.0,4.0,4.0,5.0,4.0,5.0,3.0,3.0,3.0,3.0,"小朵拉的森林之旅
　　从前，有个叫朵拉的小女孩，她很淘气，总是不听妈妈的话，自己乱跑。
　　一天，小朵拉趁妈妈洗衣服时，偷偷跑到森林里去玩，森林里绿树成荫，百花盛开，小朵拉躺在绿油油的草地上，和小动物一起玩耍，一起跳舞，玩的可开心可自在了呢！
　　夜暮降临，小动物们纷纷急急忙忙的跑回家，理也不理小朵拉就慌忙的跑了，这时，她看见刚散步回来的兔爷爷，它正快步的走，好像很着急就上前去问兔爷爷，兔爷爷不理她，拉着她就往前走，还一边小声嘟哝着“可是”小朵拉刚想说就被兔爷爷打断了，小朋友，你可不知道呀……兔爷爷拉着小朵拉走进了一扇一门，原来这里是兔爷爷的家呀！小朵拉发现门怎么颜色越来越浅呢？为什么前面又渐渐出现了一座阴森的城堡呢？兔爷长舒了一口气，开始讲了。
　　小朵拉一边听兔爷爷讲故事一边东望望，西瞅瞅虽然屋子很小但里面的小东西都很精美，有雕刻着美丽花纹的小档子，最工精致的小钟，和一张用刀刮过的树皮桌子。摸起了光滑极了，兔爷爷继续说：“刚才你看见的那个恐怖阴森的城堡就是女巫维娜丝的城堡，她把我的爸爸妈妈活活的用毒药毒死了，当时，我还小，爸爸妈妈是当时的国王，所以，女巫维娜丝才把它们毒死想争夺皇位，但她用怕我长大后来报仇,故意把我扔到河里，但我却被好心的羚羊姐姐救出了滔滔河水，说着就掉下了一颗泪珠就像水晶一样，它又说：“现在我老了，什么也做不了了，只能散散步了！”说着，它长叹了一口气：“哎”。
　　小朵拉很同情兔爷爷，下定决心要帮助兔爷爷帮它报仇。它出了兔爷爷的家门勇敢的向阴森的城堡走去，兔爷爷还在后面大声呼喊告诉她一定一定要小心呀！说着它轻轻的关上了房门，生怕女巫维娜丝知道它还存在。
　　小朵拉勇敢的迈着大步走向城堡，但不幸的事发生了，她被士兵们团团围住，做了女巫维娜丝的仆人，听到了这个消息的兔爷爷一边散步一边想，哎！这个可怜的孩子呀！
　　但小朵拉一直坚强着帮女巫们干活，但晚上她却像变了一个人似的，勇敢的爬出窗户，冒着大雪顶着冰雹，用盆接雪，因为妈妈给她讲故事时，说道个女巫们怕水，小朵拉还想试试呢，所以她每天晚上的艰苦的攒雪，终于有一天，她捧着一盆冰凉凉的水从窗户爬下来，这时，正好维娜丝刚要去洗手间，小朵拉就在洗手间门后，一分一秒的等待着机会的到来，终于，机会来了，女巫维娜丝从卫生间出来了，她还不知道怎么回事，就被小朵拉泼了一身水，死了。
　　这个消息传遍了整个森林，兔爷爷当上了国王，坐上了宝座，为爸爸们抱了仇,她很感谢小朵拉，带她来到了森林里的水晶瀑布接了两块最漂亮的水晶钻石送给她，小朵拉拿到两块美丽的钻石，高高兴兴蹦蹦跳跳的回家去了。",《小朵拉的森林之旅》
141442,3.0,4.0,3.0,4.0,3.0,3.0,2.0,2.0,3.0,3.0,3.0,3.0,3.0,4.0,2.0,2.0,3.0,4.0,3.0,4.0,3.0,3.0,3.0,4.0,3.0,2.0,3.0,3.0,3.0,2.0,2.0,2.0,3.0,4.0,3.0,3.0,3.0,2.0,3.0,3.0,3.0,2.0,3.0,3.0,3.0,3.0,3.0,4.0,3.0,4.0,2.0,2.0,2.0,3.0,2.0,3.0,3.0,4.0,3.0,3.0,2.0,3.0,3.0,5.0,4.0,5.0,4.0,4.0,3.0,4.0,"我敬佩的一个人
　　晚上，我在做作业，忽然听到奶奶的一声惊叫：“哎呀，我的手机跑到哪里了？”我跑过去一看，奶奶正在焦急地四处翻找，找了半天也不见踪影，我看着她，我都替她着急。爸爸说：“让我打电话试试吧！”可是打电话也没人接，而且屋里也没有响起铃声。我心里咯噔一下，心想：可能丢在外面了。这时天已经黑了，但爷爷奶奶还是决定冒着黑顺着从篮球场接我回家的路出去找一找。
　　爷爷奶奶刚走，突然间爸爸接到一个用奶奶手机打的回电。是一个陌生人打来的，他说他在篮球场捡到一个手机，问是不是我们的。我立刻兴奋起来，找到了！找到了！爸爸马上道了谢，那人说他就在篮球场等我们，爸爸就赶紧通知奶奶和爷爷去篮球场碰头。我一边回屋继续做作业，一边期待着他们把手机带回来。
　　大约过了半小时，等得我都不耐烦了，终于，听到门铃声，奶奶和爷爷回来了，我赶忙跑过去问“这人长什么样子？在哪里捡到的？”奶奶说：“他很瘦，个子不高，长得很精神，他就在篮球场捡到的，当确认了我们是手机的主人把手机还给我们，连名字都没留下就走了。”
　　这件事给了我很大的触动，这个陌生人捡到手机后并没有把它占为己有，而是想一切办法把它还给主人，也没提要求。他只是个普通人，但他做到了很多人已经做不到的事情，这让我敬佩。我也要学习他的无私精神，把这份关爱和正能量永远传递下去。",《我敬佩的一个人》
150613,4.0,4.0,2.0,2.0,4.0,4.0,5.0,5.0,4.0,4.0,4.0,3.0,3.0,4.0,4.0,3.0,5.0,3.0,2.0,3.0,3.0,4.0,3.0,4.0,4.0,4.0,3.0,3.0,3.0,3.0,2.0,3.0,3.0,3.0,3.0,4.0,4.0,4.0,4.0,3.0,4.0,3.0,4.0,4.0,4.0,4.0,4.0,4.0,3.0,3.0,4.0,3.0,3.0,3.0,3.0,3.0,3.0,4.0,3.0,4.0,4.0,4.0,4.0,3.0,5.0,4.0,5.0,4.0,4.0,3.0,"我来到神秘的魔法禁林
　　我跟随海格的狗牙牙来到了禁林——那片从不让学生踏足的树林。禁林那股神秘又阴森的气息令我不寒而栗，“放心吧，有牙牙”，我一直在不断重复这句话，脚步也越来越轻快，可我忘记了海格提醒我的话：“它可是个胆小鬼。”听着脚下草地的沙沙声，告诉我已经到了午夜。这时一阵蹄子奔跑的声音传入了我的耳中，我下意识摸了摸口袋，心顿时凉了一半——没有魔杖！突然从我眼前闪过一个伴有蹄子声的白色影子，向禁林西边奔去，又有一声惨叫把蹄子声结束在了西边。我赶快往蹄子声的地方跑，牙牙紧跟在我身后。映现在我眼前的，是一具独角兽尸体！还流淌着鲜红的血液。有一瞬间我真想调头往回走，但我不想被别人看成胆小鬼，所以我必须坚持。一阵幽幽的声音从岩石后面传来，一个戴着兜帽的身影向我靠近，牙牙调头就跑，这一切令我措手不及，我跑到一棵树后面，可见他的目标不是我，他挪到独角兽旁边，大口饮起了血。离开时，他的嘴角上还有血迹。我走到独角兽旁边，它的灵魂是那么纯洁，如果要用这样一个纯洁的生命来维持伏地魔的能量，那么，伏地魔也终会被那些心中有爱的人打败。",《我来到神秘的魔法森林》
150616,5.0,4.0,3.0,2.0,5.0,4.0,5.0,4.0,5.0,4.0,4.0,5.0,5.0,5.0,5.0,4.0,4.0,4.0,5.0,2.0,4.0,3.0,4.0,3.0,4.0,3.0,3.0,2.0,3.0,2.0,3.0,4.0,3.0,4.0,4.0,3.0,4.0,3.0,4.0,4.0,5.0,4.0,5.0,4.0,4.0,4.0,4.0,3.0,4.0,4.0,3.0,4.0,4.0,4.0,4.0,4.0,4.0,5.0,3.0,4.0,4.0,4.0,5.0,4.0,5.0,4.0,5.0,4.0,5.0,4.0,"我来到神秘的世外桃园
　　到了，到了，终于到了！我来到了神秘的世外桃园!最先进入我眼帘的是那银装素裹的植物。那是一种冰植物，虽然是冰，但从不融化。那样美的形状，那样透亮的枝叶，那样纯结，没有一丝杂物。真是有魔力的植物啊，把我的烦恼一扫而空。再往里走，一只小猫在地上打滚呢，我看看她可爱的面庞，给她们撒了一些猫粮。她先闻了闻，高兴地“喵”“喵”叫了几声，好像在感谢我，又向树后“喵”地叫起来，几只小猫出来了，他们一起吃起来。我慌忙撒了点粮食。看他们吃得那么香，我不禁感慨起来如果人们也能这样，多好！不久，刚才躲在丛林里大大小小的动物都出来了。猫见了老鼠不吃，狼见了羚羊不咬，这一直是我梦寐以求的事情啊，我随着一只鹿来到池边。真怪了，池里的水怎么会有五彩的颜色呢？冰植物上怎么也有呢?我抬头看向天空，眼前的景色真是无法形容。星星，月亮，银河是那么清晰。太空中那渐变的颜色，是那么和谐，是那么五彩斑斓，又是那么梦幻。整个银河系都展现在我跟前，我惊叹地说不出话来。什么是美？我现在才知道。过了一会，我靠着一棵树，坐在池边，望着世外挑园的美景，感叹到，这冰的植物，和谐的动物，美丽的星空，要不是和谐的他们，这也不会这么美吧。不，这不止是美，是永恒的美！",《我来到神秘的世外桃园》
130301,4.0,4.0,4.0,5.0,4.0,4.0,4.0,3.0,4.0,4.0,4.0,3.0,4.0,4.0,4.0,4.0,4.0,4.0,4.0,3.0,4.0,4.0,4.0,4.0,4.0,3.0,4.0,4.0,4.0,4.0,4.0,3.0,4.0,4.0,4.0,4.0,3.0,5.0,2.0,2.0,3.0,3.0,4.0,4.0,4.0,4.0,4.0,4.0,3.0,3.0,3.0,4.0,3.0,3.0,3.0,4.0,4.0,4.0,2.0,2.0,4.0,4.0,4.0,5.0,4.0,5.0,5.0,5.0,5.0,5.0,"妈妈的爱
　　妈妈在生活、学习、情感方面对我倾注了无限的爱。
　　妈妈最近虽然非常非常地忙，但是每天也按时来接我，回家后给我做丰盛的晚饭。周末还会给我做美味的糖醋排骨。天气晴朗的时候，妈妈会带我出去和大自然亲密接触。
　　妈妈每天都非常非常关心我的学习，晚上妈妈会检查我的作业，把错的地方画出来，让我改正，如果我不会妈妈会耐心的教我。另外妈妈每天也会陪我吹小号，发现我吹错的会及时地指出，让我及时改正。
　　妈妈也是我情感上的支柱。我要是遇到困难，妈妈就会给我伸出援手帮我解决，并教我很多做人的道理。
　　妈妈的爱像涓涓细流，流过我的心田，滋润着我的成长。",《妈妈的爱》
130517,2.0,3.0,3.0,3.0,3.0,3.0,4.0,3.0,3.0,3.0,3.0,3.0,3.0,2.0,2.0,2.0,3.0,2.0,3.0,2.0,3.0,2.0,3.0,2.0,4.0,2.0,2.0,2.0,2.0,2.0,2.0,3.0,2.0,2.0,3.0,2.0,2.0,2.0,3.0,3.0,3.0,3.0,4.0,2.0,3.0,3.0,2.0,3.0,2.0,3.0,2.0,3.0,3.0,3.0,2.0,3.0,3.0,3.0,2.0,3.0,3.0,3.0,4.0,2.0,4.0,3.0,5.0,3.0,5.0,3.0,"我的妈妈
　　我的妈妈不算高，头发短短的，眼睛就像天空中闪闪的星星。我的妈妈平时对我很好，但有的时候我的妈妈非常心急。这就是我的妈妈。",《我的妈妈》
140409,4.0,4.0,4.0,5.0,4.0,4.0,4.0,3.0,4.0,4.0,3.0,4.0,4.0,3.0,3.0,4.0,4.0,3.0,4.0,3.0,4.0,4.0,3.0,4.0,4.0,4.0,4.0,3.0,4.0,4.0,4.0,4.0,4.0,3.0,4.0,3.0,3.0,4.0,4.0,3.0,4.0,4.0,4.0,3.0,3.0,4.0,4.0,4.0,4.0,3.0,4.0,3.0,3.0,3.0,4.0,4.0,4.0,3.0,2.0,2.0,4.0,3.0,4.0,5.0,4.0,4.0,3.0,5.0,4.0,3.0,"观察日记——绿豆
　　那天，我兴冲冲的跑回家里种绿豆。
　　我先让奶奶教了我种绿豆的方法，然后，我就开始种绿豆了，我先小心翼翼的抓了一小把绿豆放到了我提前准备玻璃瓶里。然后，我把那个玻璃瓶装满了水，过了一会儿，我就和爸爸回房睡觉去了。
　　第二天一早我急急忙忙的穿上衣服，然后，我就迫不急待的去看我的绿豆了。我先把玻璃瓶里的水倒干净，我发现从绿豆的白缝儿里顶出一个小尖来！我在心里暗暗的说：“绿豆，请你快快长大吧！”然后，我就去上学了。
　　下了学，我又跑回家里，我发现我的绿豆又长高了一节儿！我太开心了!
　　第五天，是我最最快乐的一天！因为，我的绿豆已经长豆芽了！
　　长成豆芽的第一天，也就是第四天。我兴致勃勃的把瓶盖儿打开，接了一杯水，放了几天。我发现豆芽儿上面的那个白缝又顶出一个小尖来！可爱极了！又过了两天那个白色的小尖长高了，变成一根茎，然后，长出两瓣儿绿色的叶子来，最后，我轻轻的向外一拉，我恍然大悟，我看到它的根长得不得了。像老爷爷的长胡子一样！好玩极了！又过了两天绿叶越来越绿，越长越大茎也越来越粗，越来越长了。最后，那个绿豆荚儿萎了也就掉到水里去了。
　　我还听说,以后还会长更多片叶子，四片、六片、八片、十片都有可能！而且，最让我开心的是以后还会长出豆角儿呢！



什么才是真正的团结？
　　什么才是真正的团结？有人说团结就像是寒风刺骨的冬天里一把温暖的明火，给予我希望。有人说团结仿佛是一眼清澈的泉水。让那些枯萎的花儿再次绽放，但我觉得真正的团结是在自己受伤时，控制住自己那倔强的性格，为班级着想，为班级奉献。但又被同学误会自己却沉默不语，不顾一切的继续向前冲去的那个感人的瞬间。也正是那一个瞬间，我对她的看法也改变不少。
　　一年一度的体育节在我们的期盼而紧张中不知不觉的到来了。体育节那天，同学们都精神饱满，斗志昂扬的走上赛场，班老师为了同学们可以更团结的比赛，还同意我们如果有两下项目拿了第一，就不留作业呢！我们听到后，更加激动了！
　　比赛开始了，同学们紧张而兴奋，做好比赛的准备。哨声响起，经过我们之前不懈的努力，第一个项目“软排接力”与“拉轮胎”都拿了一个不错的成绩，其中的“软排接力”还拿了第一呢！可这并不代表我们的总分可以轻松拿第一。还有一个项目呢！所以，免作业就靠它了！想到这里，我不禁有些紧张，手也不自觉得抓住朋友的手，仿佛马上就要抓破似的！
　　第三个项目终于来了！三、二、一！哨声响起，同学们飞快的坐上滑板，箭一般“飞”出去。一切似乎都那么顺利，耳旁的欢呼声，助威声响成一片，响彻天际，震得天都要塌下来，地也仿佛晃起来。震耳欲聋。
　　正当我们沉浸在胜利的喜悦中时，我看到一位同学的速度慢了下来，我心想：一定发生了什么。只见她的速度越来越慢，紧皱着眉，强忍着疼痛，继续坚持滑着。一些同学看到后窃窃私语起来。要知道，她在平时是多么倔强啊！她滑到终点时，也遭到几个同学的冷眼，但她什么也没说只是默默的坐下。我看到后正要问她怎么了，只见她手上正流着血，我心里不禁有些奇怪，这要是平时，她或许早就停半路上跑去医务室了吧！就问她：“你怎么早不说呢，去医务室呢？”她听我这一问，只是淡淡的说：“这点小伤没关系的，就是再疼，我也不能因为我让班级没有第一的荣誉啊！”她那短而朴素的几句话，却让她在我心中高大不少。也让我对她的印象改变了不少，更让我明白团结不仅仅是给人希望的，它更可以让一个人彻彻底底的改变。
　　后来，我把这些事情告诉了同学们。回到班里，引入我眼帘的竟是同学们对她的关心。但她还是那样谦虚，给了她们一个阳光的微笑。
　　虽然这个项目我们得了第二，但我觉得：这并没有关系，因为我们是团结的！
　　这次的体育节不仅让我们开心更让我明白了什么才是真正的团结！",《观察日记——绿豆》
160141,4.0,4.0,4.0,4.0,3.0,3.0,3.0,4.0,4.0,3.0,3.0,3.0,4.0,4.0,3.0,4.0,4.0,4.0,2.0,3.0,3.0,4.0,3.0,3.0,3.0,4.0,3.0,2.0,3.0,3.0,3.0,2.0,2.0,3.0,4.0,3.0,4.0,3.0,3.0,3.0,3.0,4.0,4.0,3.0,3.0,3.0,3.0,3.0,3.0,3.0,3.0,2.0,3.0,2.0,3.0,2.0,4.0,3.0,4.0,4.0,4.0,3.0,4.0,4.0,3.0,4.0,3.0,4.0,3.0,4.0,"路
　　今年暑假我看见了一个意义非凡的路。起初我并不认为它意义非凡，但是它的背景却深深的打动了我，使我收获颇丰。
　　“我们新疆旅行只有7天时间，可我们却有8天的行程，我们必须去掉一天”。妈妈说。“不如把乔尔玛烈士陵园去掉吧”。我说。大家也没有办法，只好先放在一边。我们走的这条公路叫独库公路，是连接独山子与库车的唯一公路。只见它弯弯曲曲有时像盘在一起的蛇。有的在山上盘绕，像是系在树上的草绳。有的在山下呈S型，有时来一个一百八十度转弯。四周全是悬崖峭壁，高山深涧，看下去让人倒吸一口冷气，我不禁想这样高的连黄羊也登不上去的险山人们是怎么登上去并且修筑公路的。我又有对于乔尔玛的好奇心了，于是我问妈妈：“把乔尔玛留着，把去草原的行程去了好妈？”妈妈欣然接受。当到达乔尔玛的时候我非常开心，仔细读，当看到“当时只有油灯，镐子的工具”时我忍不住想到，在黑暗中几个黑影前有几个光点，那将是多么困难的工作呀，我对那些工作者肃然起敬。
　　我想，这不是和人生一样吗？人生也有艰险的山峰，只是你要开出一条属于你自己的，完美的人生的道路。你的工具很少，但只要你有耐心，再高的山，再远的路也能越过。",《路》
150634,5.0,4.0,2.0,3.0,5.0,4.0,5.0,5.0,5.0,5.0,5.0,3.0,5.0,4.0,5.0,4.0,5.0,4.0,5.0,3.0,5.0,3.0,5.0,3.0,5.0,3.0,5.0,3.0,5.0,3.0,5.0,3.0,5.0,3.0,5.0,4.0,5.0,4.0,5.0,4.0,5.0,5.0,5.0,5.0,5.0,4.0,5.0,5.0,5.0,4.0,5.0,4.0,4.0,3.0,4.0,3.0,5.0,4.0,4.0,3.0,5.0,4.0,5.0,5.0,5.0,4.0,5.0,5.0,5.0,4.0,"我来到了神秘的桃花源
　　因为一则机缘巧合，我来到世外桃源“桃花源”。当时我怀着神秘，向往的心情走进名为“桃花源”的时光空洞。顿时，我化身为一名已有碧玉（16.17岁）女子，而桃花瓣从头顶飘落，花香扑鼻而来。一切是那样美丽，新奇与陌生。想到自己已不是小孩，我便想尝尝“桃花酿”。这时，一女子与我擦身而过，我见她手巾掉了，便屈身捡起送还予她。她莞尔一笑，我发觉她神似我最好的朋友，便伸手拉住她。她笑道“姑娘，自重”。“你忘记了我了？”我说道。她依然莞尔一笑，便转身离去。我环顾四周，好似平行时间般，每人我都相识却无人识我。”姑娘倒是与家中长姊相像，今日做有缘罢，此酒为小女亲手所酿，便赠与姑娘了。”一位七岁孩童说道。我的眼泪顿时夺眶而出，因她是我的小妹妹啊连她都把我相忘……我恍惚的退了两步，瘫倒于一棵桃树下。原来，六年之情，皆可于一瞬改变。景亦有仙境般，但人却早已化为硝烟。花酿醉人，但转眼物是人非，若可从来，亦是仙境我也不进，只会惜于眼前的大好年华。",《我来到了神秘的桃花源》
150240,3.0,3.0,4.0,3.0,3.0,2.0,3.0,2.0,3.0,2.0,2.0,3.0,3.0,2.0,2.0,3.0,2.0,3.0,2.0,3.0,2.0,2.0,2.0,3.0,2.0,2.0,2.0,3.0,3.0,3.0,3.0,2.0,3.0,2.0,2.0,2.0,2.0,2.0,3.0,2.0,2.0,2.0,2.0,3.0,1.0,2.0,2.0,3.0,2.0,3.0,2.0,3.0,2.0,3.0,2.0,2.0,2.0,2.0,2.0,3.0,2.0,3.0,3.0,3.0,3.0,3.0,2.0,4.0,3.0,4.0,"致妈妈的一封信
妈妈：
　　您好！
　　我知道您在外面，是因为工作，但我依旧要写给您。
　　在我眼里，您是最美丽的，慈祥的，在我心里，您是我最重要的家庭成员。
　　有一次我考了一个差分，您说了我，可是我觉得您不是在责备我，而是在帮我，您说：“我如果不管你，代表我不爱你，你要自己努力。不要成为不好的人，你要努力，成为像你喜欢的偶像那样的，你们追星是想变。”我感觉心里很甜，或许这是一个对我的教育吧！
　　母爱是一种神奇的力量，同样是一个无私的东西，无可买卖，我想，我们也许就只能用一句很短很短的话来回答，那就是“妈妈！我爱您！”，我是很爱您，我是希望我能对您来说一句“我爱您！”
　　此致
敬礼
张敏
2018年4月3日",《给妈妈的一封信》
140310,3.0,4.0,2.0,2.0,3.0,3.0,3.0,5.0,4.0,4.0,4.0,4.0,4.0,4.0,2.0,3.0,2.0,3.0,3.0,3.0,3.0,3.0,3.0,3.0,4.0,4.0,3.0,3.0,3.0,3.0,3.0,4.0,3.0,3.0,3.0,3.0,2.0,3.0,3.0,3.0,3.0,4.0,3.0,5.0,3.0,3.0,3.0,4.0,3.0,3.0,2.0,2.0,2.0,2.0,2.0,2.0,3.0,4.0,2.0,2.0,4.0,4.0,4.0,5.0,4.0,5.0,4.0,5.0,5.0,3.0,"选国王
　　从前，在一个遥远的大森林里，小动物们都过着开心的生活。有一天，国王狮子要新选一位国王，大家当然都想当国王啦，可是选谁，大家还没定下来。
　　有一天，竞选开始了，大家争先恐后的报名，小猫排在第一，狮子说：让小猫先当一周的国王。
　　第一天，小猫对大家说：“大家都要躲躲藏藏的生活，还要会爬树。”大家努力学爬树，可怎么都学不会。狮子想：“小猫能当的下去么？”
　　第二周是小袋鼠当国王，袋鼠说：“大家以后要跳着走路。”大家跳着走路很累，大家叫苦连天，狮子还觉得不行。
　　第三周是小猴当国王，大家想：“难道它要让我们天天在树上?”但是猴子说：“大家今后就过自己习惯的生活！”狮子说：“以后小猴就是国王了！”
　　后来，大家都过着美好的生活。",《选国王》
240139,3.0,4.0,4.0,5.0,3.0,5.0,3.0,4.0,3.0,5.0,3.0,3.0,2.0,4.0,1.0,4.0,1.0,4.0,3.0,3.0,3.0,4.0,3.0,3.0,3.0,3.0,2.0,4.0,3.0,3.0,3.0,3.0,3.0,3.0,2.0,4.0,2.0,4.0,2.0,4.0,2.0,5.0,2.0,5.0,3.0,4.0,3.0,4.0,3.0,3.0,2.0,3.0,2.0,3.0,2.0,3.0,3.0,4.0,2.0,3.0,2.0,4.0,3.0,5.0,3.0,4.0,3.0,4.0,2.0,4.0,"老师进班了
　　铃～铃～铃。上课了，同学们都在教室里等了一分钟，可老师还没来。这下子班里可炸开锅了。
　　有的同学下座位去聊天，有的同学去“放哨”还有的同学在自己座位旁边跳舞。突然，“放哨”的大叫：“老师来啦，快坐好！”班里瞬间安静了下来，教室里静的，连一根针掉在地上都能听见，就好似刚才什么也没发生一样。老师走进教室说：“老师刚才去拿东西了，所以晚来了。可是你们没说话，证明你们有自制力，表扬全班。”
　　老师晚进班，同学在班里发狂的事有很多，而且老师不但不会批评我们，反而会表扬我们。",《班主任进班了》
130241,3.0,3.0,4.0,4.0,3.0,3.0,3.0,4.0,2.0,3.0,2.0,3.0,2.0,3.0,2.0,3.0,2.0,3.0,3.0,2.0,3.0,3.0,3.0,3.0,3.0,2.0,3.0,3.0,3.0,2.0,2.0,3.0,3.0,3.0,2.0,3.0,2.0,2.0,2.0,3.0,3.0,3.0,3.0,4.0,2.0,3.0,3.0,3.0,3.0,3.0,2.0,2.0,2.0,3.0,2.0,2.0,3.0,3.0,3.0,4.0,2.0,2.0,3.0,4.0,3.0,4.0,3.0,4.0,2.0,3.0,"有趣的自行车
　　我都会骑自行车、滑旱冰、钓鱼。最让我记忆犹新的是骑自行车。
　　在我上一年级的时候，我和我爸爸一起到小区的广场去练自行车。刚上自行车的时候我还有一点紧张,我一直在和心里做斗争。但是，勇气战胜了恐俱。我还是坐上了自行车。但是我费了九牛二虎之力才走了三四米，霎时我感觉骑自行车很难。我爸爸向我喊加油加油……。我在这个环境下我再试了一次，比以前多了三倍！这给我巨大信心。我就这样一次一次的练，我就这样把自行车学会啦！
　　我把骑直线学会了之后，我发现还有一个技能没有学，那就是转向！但是转向比骑直线更有难度。我从上面掉下了好多次。但是我最后还是学会了转向。
　　我体会到了人想学好一样事就必须坚持不懈的练。",《有趣的自行车》
140217,3.0,3.0,3.0,4.0,4.0,3.0,3.0,3.0,4.0,3.0,4.0,3.0,4.0,3.0,3.0,3.0,4.0,3.0,4.0,3.0,3.0,3.0,3.0,3.0,4.0,3.0,4.0,2.0,4.0,3.0,3.0,3.0,4.0,3.0,4.0,3.0,4.0,2.0,4.0,4.0,4.0,4.0,4.0,4.0,4.0,3.0,4.0,3.0,4.0,3.0,3.0,3.0,3.0,3.0,3.0,3.0,3.0,4.0,3.0,3.0,3.0,3.0,4.0,4.0,5.0,4.0,5.0,4.0,5.0,3.0,"难忘的开学礼
　　在我的脑海里有许多难忘的事，他们像汽车一样在我的脑海里川流不息，但有一件事我永远也不会忘记。
　　快要新生入学礼的时候，老师和我们说谁愿意参加新入学礼背成语的活动，大家都兴高采烈地参加了。
　　第一天，开始排练了，第一次背的时候非常不齐，经过老师的再三指导我们终于背齐了。老师让我们把背的速度再快一些，有些同学就可以，但我和一些同学就不可以，就这样一遍一遍的练，一次比一次练的好。时间到了，我和很多人都精疲力尽的回家去。回家后我和一些人都不想去了，但我们还是坚持了下去。第二天，排练的时候人家都可以流利的背了。我们又练了上下台非常好，我们又连排了好几次一次比一次好。
　　入学礼开始了，新生和他们的家长都到位了。第一个节目、第二个、第三个……轮到我们了，我们个个精神抖擞，上了台之后我们开始了，时间过的飞快，我们背完了没有一丝差错我们满载而归。
　　这次活动既让我增加了成语知识，也让我增加了自信。感谢学校有这样的舞台，下次这样的活动我一定会报名。",《难忘的开学礼》
250134,3.0,3.0,4.0,3.0,3.0,3.0,3.0,4.0,4.0,5.0,3.0,3.0,4.0,4.0,3.0,3.0,3.0,4.0,5.0,4.0,5.0,3.0,5.0,4.0,5.0,5.0,5.0,4.0,4.0,3.0,4.0,4.0,4.0,3.0,4.0,4.0,4.0,4.0,4.0,4.0,4.0,3.0,3.0,3.0,3.0,4.0,3.0,3.0,3.0,4.0,3.0,3.0,3.0,3.0,3.0,3.0,4.0,3.0,3.0,3.0,4.0,4.0,4.0,3.0,4.0,4.0,4.0,4.0,4.0,5.0,"捡贝壳
　　这个假期我和爸爸来到了美丽的三亚，我们住的比较偏，但酒店后面有一片沙滩，这令我非常高兴。因为我最喜欢捡贝壳了！
　　刚把行李放下我便抱着爸爸一路小跑，想赶快确认一下这片沙滩是否有我想要的“宝物。”沙滩上人不少，有的在钓鱼，有的在晒太阳，还有的在捡贝壳。总之，每个人都在专心致志地做自己的事情。我小跑到海边，开始仔细寻找这些“宝物。”在近2分钟的仔细寻找下，我终于我到了一个不小的贝壳，正当我们要伸手去捡时，海浪毫不犹豫地推开了我的手，并用一眨眼的时间带走了刚要到手的贝壳，我懊恼极了，生怕真的捡不到。我告诉自己不要灰心，就这样反复了几次，我终于在眼睛刚看到贝壳时，准确的拿到了第一个漂亮的贝壳。此时的我毫不顾及的在沙滩上跳了起来，虽然海水溅了一身，但此时内心已经乐开花的我根本不会顾及这些。接下来我向着更远的地方“出击”，经过了一次又一次，一次又一次的试验，我不仅掌握了方法，还找到了一个“宝藏地。”正当我准备离开时，我看着了一个非常大的白色的物体。我抱着一份好奇捡了起来，没想到竟是一个如手掌大的扇贝壳！我兴奋极了，心想：“我人品或许真的不错！这个贝壳如果给妈妈看，她一定会很高兴吧！……”我把头望向天空，夕阳把海天渲染成一片淡淡的紫色，包里的“宝物”散发着它们独有的光芒。海里的贝壳被夕阳所照射，发出了零落的光，像海中的萤火虫。我回头望了望自己捡贝壳时还没有被冲走的脚印，仿佛看见了刚刚捡贝壳的我。爸爸叫了我一声，告诉我要走了。我从回忆的时光被拉了出来，带着眷恋的目光离开了。
　　仔细回想，其实我捡的不仅仅是贝壳，捡的更是快乐。这一个个看似平凡的贝壳又承载着不凡的回忆与美好。如果是买的贝壳反而失去了其中的乐趣，还看不到此时独有的“景色。”而你捡贝壳时辛苦的付出，终会换来属于你自己的属于大海的馈赠。我们的生活也像捡贝壳，你永远不知道下一秒生活会给予你什么，但是它总会给予你点什么，或许不是现在，但你要感受其中的乐趣便可以了。这样你也会捡到属于自己的珍贵的“宝物。”而在你真正的捡贝壳时更要领略这其中的趣味，如果捡不到或失手，也请继续等待。不是运气不好，只是时机未到。也不是没有，因为你在寻找的过程便是千金难抵的宝藏了。",《捡贝壳》
140937,3.0,3.0,2.0,2.0,3.0,4.0,3.0,4.0,3.0,4.0,2.0,3.0,3.0,2.0,2.0,3.0,2.0,3.0,3.0,3.0,2.0,3.0,2.0,3.0,2.0,3.0,2.0,3.0,3.0,2.0,3.0,3.0,2.0,2.0,2.0,3.0,2.0,2.0,2.0,4.0,3.0,4.0,2.0,2.0,2.0,3.0,2.0,3.0,2.0,3.0,2.0,2.0,2.0,2.0,2.0,2.0,2.0,4.0,2.0,3.0,2.0,4.0,3.0,5.0,2.0,4.0,2.0,4.0,1.0,4.0,"好书推荐
　　我看了一本书叫《皮皮鲁送你100条命》，我觉得很好看、比较幽默、还有防范危险的方法。
　　这本书的主人公是：皮皮鲁、鲁西、舒克贝塔、罗克、郑渊洁（真的在故事里面！)、袁猎猎、2星球的菌娄老大，主要场地是：2星球①一个网站，主要说的是：送给孩子100种防范危险的方法，呵护孩子健康幸福的一生。
　　这本书非常适合小孩看，先看看第1条命:警惕汽车：一、不能过没画斑马线的路；二、没车而没到绿灯不能过；三、儿童在过马路时，先走在成年人的右侧，超过马路中线后，再换到成年人的左侧；四、要系安全带；五、得锁车门；六、只能把车窗摇到头顶；七、要在离路近的地方用左手开车门下车；八、不能在汽车后面玩；九、加油最好不要带小孩。
　　我建议大家买这本书，这本书一个故事不一本也不厚，价格也很便宜，也有安全知识，这本是皮皮鲁总动员，二十一世纪出版社的一本书，想看可以上网买。",《好书推荐》
150317,4.0,3.0,4.0,4.0,5.0,3.0,4.0,3.0,4.0,3.0,3.0,3.0,4.0,3.0,4.0,3.0,3.0,3.0,4.0,3.0,4.0,4.0,3.0,4.0,4.0,3.0,3.0,3.0,3.0,4.0,3.0,3.0,4.0,3.0,4.0,3.0,4.0,3.0,4.0,3.0,5.0,4.0,3.0,4.0,4.0,3.0,3.0,3.0,4.0,4.0,3.0,3.0,3.0,3.0,3.0,3.0,3.0,4.0,2.0,3.0,4.0,3.0,5.0,4.0,5.0,4.0,5.0,4.0,4.0,3.0,"“奇怪”的同学
　　我有一个有点“奇怪”的同学，他叫袁明，他长着两弯淡淡的眉毛，下面镶着一双水汪汪的大眼眼，圆圆的鼻子，小巧的嘴巴，一张大饼脸，爱穿黑色的棉袄，深蓝色的运动鞋，而且不管什么时候他总是露出他那抹不去的微笑。
　　一个晴空万里的中午，我们在操场快乐地做游戏，我看见只有袁明在一旁，默默地走路，只见他找了一棵高高的大松树，在旁边的椅子上坐下，没人和他说话，他坐了一会。我觉得他挺孤独的，就跑过去然后坐下，问他一起玩游戏吗？他的嘴角露出一丝微笑，眉毛向上扬，眼神中充满了喜悦的眼神，连忙说了一声好哇！他立马站起身来，生怕一会我就不让他和我们一起玩似的。
　　还有一次，我们刚下操，袁明扣了一分，于是就开班会了，在班会上袁明说了怎么改后，他还露出了羞愧的笑容，嘴巴稍微往下垂了垂，如果是其他同学，他们要不就哇哇大哭要不就低下头，而袁明却与众不同。
　　这就是我的一位“怪”同学，不管是高兴，还是伤心，不管是好事，还是坏事，他总是用他的笑来表达他的心理，我希望我和他的感情能越来越好，越来越棒。",《“奇怪”的同学》
140228,3.0,3.0,4.0,4.0,4.0,4.0,3.0,4.0,4.0,4.0,2.0,3.0,3.0,4.0,2.0,3.0,3.0,3.0,2.0,3.0,4.0,3.0,3.0,3.0,3.0,3.0,2.0,4.0,2.0,4.0,3.0,4.0,3.0,3.0,4.0,3.0,2.0,2.0,3.0,3.0,3.0,4.0,4.0,4.0,3.0,4.0,3.0,4.0,4.0,4.0,3.0,2.0,3.0,3.0,3.0,2.0,3.0,3.0,2.0,2.0,4.0,3.0,4.0,4.0,5.0,4.0,5.0,4.0,5.0,4.0,"快乐时光
　　这是一个阳光明媚的一天，今天是中秋节我一大早就起床来迎接这个节日了。早上我们吃了象征团圆的月饼，接着去了亲戚家过中秋在亲戚家我和我的表弟一起玩耍了一番。啊玩儿得真开心！在那吃过午饭后，我期待已久的时候终于来了。
　　终于到了家，我在楼下院子里等待着我的朋友“李梅”和“张勇”。事情是这样的：由于学校的信息技术课这个学期让我们按现在的六个组每个组做一个动漫，所以我们三个约着今天下午在我家一起写剧本。我爸爸说这是头脑瀑布,其实是头脑风暴啦！她们来了！快开始吧！首先，我们先想了主角可爱的小狗们，接着我们又想了一个大坏蛋他想捉住狗群，但是我们又让故事继续升华让里面出现了一只猫和一只老鼠，他们和狗狗们的朋友鹦鹉一起……救出了狗群……剧本的大体写完了。接下来属于我们一起玩儿的时间到了，我们拿起蛇形板就住下冲，一溜烟就没影了。我们用健身器材健身，还发明了我们专属的游戏，玩儿的不亦乐乎，可是时间有限,我们上楼洗了手就要告别了，但是她们临走前我突发奇想，想到了一个好主意就是一边玩石头、剪刀、布，一边下楼谁输了谁就下半层，我家在5楼，所以好可以玩儿上一会儿，我们就这样玩儿下楼的，可最终还得告别，朋友们上学见！",《快乐时光》
150525,2.0,2.0,3.0,3.0,3.0,3.0,2.0,3.0,3.0,2.0,2.0,2.0,4.0,2.0,3.0,2.0,2.0,2.0,2.0,2.0,2.0,2.0,2.0,2.0,4.0,2.0,2.0,2.0,4.0,2.0,4.0,2.0,2.0,2.0,4.0,2.0,4.0,2.0,4.0,2.0,3.0,2.0,2.0,2.0,3.0,2.0,3.0,2.0,4.0,2.0,3.0,2.0,3.0,2.0,2.0,2.0,2.0,2.0,2.0,2.0,3.0,2.0,5.0,2.0,3.0,2.0,2.0,2.0,2.0,2.0,"小胖
　　我们班里有一个高高大大的小胖，他热爱学习，小小的眼睛，大大的脸上像长了两个小绿豆一样。再加上一个大大的小红辣椒，因为他每天上学时嘴都是红的，好像在家里把自己的嘴点着一样。我很喜欢他的头发，因为每次上学他的头发的秀，头发摸的时候特别的扎，他的肚子可以说是快要到极端，如果评等级的话他评一个中级虽然肚子大但是力量很大，他的小腿上都是肉，不过胖子也有胖子的好处，别人都不敢打他，他生气起来很可爱，学习也很好，他写字的时候都是按赵老师的方法写的，比如我们常说的一拳一尺和一寸，他都做到了他可真是个热爱学习的好少年呀，我们要学习他的精神。",《小胖》
250109,3.0,3.0,4.0,5.0,4.0,3.0,4.0,4.0,4.0,4.0,3.0,3.0,4.0,4.0,3.0,3.0,3.0,4.0,4.0,3.0,3.0,4.0,3.0,3.0,4.0,3.0,4.0,4.0,4.0,4.0,3.0,4.0,3.0,3.0,3.0,3.0,2.0,3.0,3.0,3.0,3.0,3.0,4.0,3.0,3.0,3.0,3.0,4.0,3.0,4.0,2.0,3.0,2.0,2.0,2.0,3.0,3.0,3.0,2.0,2.0,3.0,3.0,3.0,5.0,3.0,5.0,4.0,4.0,3.0,3.0,"假期里一件难忘的事
　　在1月31日的晚上，我和爸爸妈妈一起观赏了月亮女神上演的“月全食血月”+“超级月亮”+“蓝月”三景合一的天文奇观，真是美极了！
　　那天下午，我正写着寒假作业，这时，爸爸走了进来，故作神秘的问道：“你知道今天是什么日子吗？”我一脸茫然，心里满是疑问，但我知道，今天一定是一个特别的日子，于是我迫不及待的问：“那你说是什么日子啊？”“今天可是152年才能看到一次的‘超级蓝血月全食’啊！”“什么是超级蓝血月全食？”“实际上，‘超级蓝血月全食’是一种天文奇观，到了晚上8:00左右，月亮就会变红啦……”我期待啊！
　　就在今天晚上，正如爸爸所说的，月亮果然变红了，但并不是一开始就变红了的。
　　一开始，也就是大概在18:51分的时候，月亮的颜色就像往常一样是暗白色的，只是比以前的月高更圆更大一些，过了一会儿，月亮白色的部分便开始缩小了，一直到最后变成了小月牙儿的形状，仿佛是一只自用白纸折的小船荡yang4在深蓝色的天空中。而另一半儿早已从暗白色变成了淡淡的一片红色。我们看到这样的景色，都忍不住赞叹道：“太美了！真不愧被人们称为月亮女神！
　　又过了一个小时多，月亮的颜色又渐渐地变成了深红色，好看极了！不禁幻想：要是我可以到月亮上面，或是有一台高级的，专业的摄像机该有多好啊！这样就可以记录下这美丽的时刻了！
　　看完了“超级蓝血月全食”已是夜晚22:07分，于是我们恋恋不舍的告别了月亮……
　　这真是令人难忘的一天啊！",《假期里一件难忘的事》
160419,5.0,4.0,5.0,4.0,5.0,4.0,5.0,4.0,5.0,5.0,4.0,4.0,5.0,4.0,5.0,4.0,4.0,4.0,5.0,4.0,4.0,4.0,4.0,4.0,5.0,4.0,4.0,4.0,5.0,4.0,5.0,3.0,5.0,4.0,5.0,3.0,4.0,3.0,4.0,4.0,4.0,4.0,5.0,4.0,5.0,3.0,5.0,4.0,5.0,4.0,4.0,4.0,4.0,4.0,5.0,4.0,5.0,3.0,3.0,4.0,5.0,4.0,5.0,5.0,5.0,5.0,5.0,5.0,5.0,4.0,"我与艺术
　　艺术无处不在，我们身边处处都是艺术。如果没了艺术，世界便会变得暗淡无光。如果没了艺术，世界便会变得没有光彩。艺术是我们生活的一部分。如果没有艺术，生活便会枯燥，甚至无法生存！
　　闻名世界的卢浮宫是一个艺术的天堂。而我去的阿布扎比卢浮宫，虽然比不上法国巴黎卢浮宫，但对我来说还是一次奇幻的艺术之旅，使我对艺术有了一个新的认知。艺术真伟大！
　　这座卢浮宫外表是一个大半圆形球体，四面环水。或许水神都被这浓浓的艺术气息感染了，在水面上洒了轻纱似的薄雾。我心中自然早被这浓郁的艺术气息感染了，迫不及待的想看看那些举世闻名的艺术品，我不觉地加快了脚步。
　　好不容易进了艺术馆，我排队累的腰酸背痛。但或许是这里琳琅满目的艺术品吸引了我，我突然力气大增，仔仔细细地看起那些艺术。那些碗，壶，杯子等有的是银的，有的是铜，有的是陶瓷的，甚至还有钝金的。有的雕望虽然缺了两只臂膀，但还是能体现出它的做工的精致和细腻……
　　这里的每一件艺术品都巧夺天工，精妙绝伦。但我最喜欢的一个，却不同凡响。我最喜欢的是幅名为《拿破仑穿越阿尔卑斯山》的油画，画中的拿破仑骑着一匹雪白的战马在战场上杀敌。画家把原本矮小的拿破仑画的高大威武，英俊潇洒。虽然画中的他年龄不大，但却有一副高高在上的王者气概。他上半身穿了一个红色的披风，头上戴了一个月牙似的金色的帽子，腰间还有一把金色的短刀，这一切无不说明他就是那个让人闻风丧胆的拿破仑！他的眼神异常的坚定，手上还比了一个胜利的手势，这说明了他对胜利的渴望。这虽然只是一幅画，但当我仿佛听到了战场上的厮杀声，看到了拿破仑和他那白色的战马。
　　艺术与生活息息相关。我与艺术有很多有趣的故事，每当我看到艺术，我总能联想到很多东西。艺术家用艺术来表达自己的感想。一幅油画，一首乐曲等就能让人联想到这么多。这，或许就是艺术的魅力。",《我与艺术》
150130,4.0,3.0,5.0,3.0,5.0,3.0,5.0,3.0,5.0,3.0,3.0,3.0,5.0,3.0,3.0,3.0,5.0,4.0,4.0,3.0,4.0,3.0,4.0,3.0,4.0,3.0,5.0,4.0,5.0,3.0,3.0,3.0,5.0,3.0,3.0,4.0,3.0,3.0,3.0,4.0,5.0,4.0,5.0,4.0,3.0,3.0,3.0,3.0,3.0,3.0,2.0,2.0,4.0,3.0,3.0,2.0,5.0,3.0,2.0,2.0,5.0,3.0,5.0,4.0,5.0,4.0,5.0,4.0,4.0,3.0,"《安德的游戏》读后感
　　在这个寒假妈妈给我买了一本书，名叫《安德的游戏》，不仅因为它的作者是著名科幻小说作家奥森·斯科特·卡德，而且这本书还荣获了雨果奖和星云奖，我非常喜欢这本书。
　　故事讲述了地球在遭遇虫族的两次进攻下，为了抵挡虫族的下次进攻，人类在太空建设了一个国际舰队，于是人类培养出一帮精英的孩子们，以便于指挥舰队完成下一次和虫族的对抗。其中有一位最聪明、最突出、最具有领导力的孩子安德，被上校特别看中，然后上校让安德成为了这些孩子们的指挥官，虽然之前有人排挤他，但是他还是坚持着。最终他带领其他的孩子们消灭了虫族。
　　让我感动的是安德本以为这是一场“游戏”，他没有想到这是一次真正的战争。得知这一点的他非常伤心，不仅牺牲了舰队的很多人，还消灭了整个虫族的母星，因为他觉得这些虫族是可以沟通的，他们只是为了繁殖后代，让后代们生存在更好的星球。最终他冒着危险进入虫族殖民地的洞穴里，看见了虫族女王的蛹以及大量的雄性虫人，发现他们确实可以沟通，于是女王给了一封信，是用女王的口吻写成，描述了虫族两次前往地球的意图和它们的所作所为、失败与成功，最终女王还是原谅了人类。安德带他的姐姐和一个白色虫茧外出游荡，安德作为一个巡回宇宙的死者代言人，没有人知道它在寻找什么。
　　读了这生动的一段让我感到安德并没有为胜利感到骄傲，而是继索了解虫族的意图和想法，我觉得安德不仅是虫族的代言人，他还是一个非常善于思考并很有想法的一个人，而且他遇事沉着而冷静，追逐于自己的梦想，坚定于自己的想法。这也让我懂得要多思考，做事要认真。",《安德的游戏》读后感
160121,4.0,3.0,5.0,4.0,5.0,3.0,4.0,3.0,5.0,3.0,5.0,3.0,5.0,3.0,4.0,3.0,5.0,2.0,4.0,2.0,4.0,3.0,3.0,3.0,4.0,3.0,4.0,3.0,4.0,2.0,3.0,3.0,3.0,3.0,4.0,3.0,3.0,2.0,3.0,3.0,5.0,3.0,5.0,4.0,4.0,3.0,3.0,3.0,4.0,3.0,3.0,2.0,3.0,2.0,4.0,2.0,4.0,3.0,3.0,3.0,4.0,3.0,5.0,3.0,5.0,3.0,5.0,3.0,4.0,3.0,"暴风雨是一个筛子
　　我在书上看过一句话“暴风雨就是一个筛子，把有胆识、勇敢的人留下。反之，把胆小，思前顾后的人筛下去。”我这次差点就被“筛”下去了。
　　我在假期的一天早上，在风雨交加的早晨，我独自去上课。天灰蒙蒙的，我还要去上课。我有些犹豫：“雨这么大，会不会有人不去上课呢？要是只有我一个人，老师肯定让我回来，那我不是白跑了吗？”我在犹豫之际，妈妈突然叫我：“上课去！快走吧！”一惊之下，我跟妈妈说我不想去，并说明理由。妈妈硬是不同意，无奈之下只好收拾准备出门。我跟妈妈艰难的前进着，我的雨鞋灌满了水，伞也着了魔似的向上卷，我使出吃奶的力气才抓住伞把。我和妈妈走呀走！不知不觉中就走到了上课地点。看到全班同学几乎全来了，此时心里不再担忧，而且心里美滋滋的。
　　虽然淋了一头雨，但暴风雨教给了我人生哲理：在困难面前，要有“恒心”“毅力”。这也是“筛子”中的哲理。
　　在课间，我猛然想到，考试和学习不也一样吗？考试把平时不爱学、以逸待劳的“筛”下去。把努力和爱学习的人留下。我想不管在什么时候都不能被“筛”下去，但在这基础上一定，要保证人品，最重要！一场暴雨，别有一番收获！",《暴风雨是一个筛子》
140318,3.0,4.0,3.0,2.0,4.0,4.0,4.0,5.0,3.0,5.0,4.0,5.0,3.0,4.0,4.0,5.0,4.0,4.0,3.0,4.0,3.0,4.0,3.0,4.0,4.0,5.0,3.0,5.0,3.0,4.0,3.0,4.0,4.0,4.0,3.0,4.0,3.0,4.0,3.0,4.0,3.0,4.0,4.0,4.0,3.0,4.0,3.0,4.0,4.0,4.0,3.0,3.0,3.0,3.0,3.0,3.0,2.0,4.0,2.0,4.0,4.0,4.0,4.0,4.0,4.0,4.0,5.0,4.0,5.0,4.0,"保护环境
　　一只小狗喜欢放生小动物，有一次他要放一只牛蛙，小猫说：“不能放它，它会破坏环境。”小狗不听，硬把牛蛙放了进去。有一天，他去湖边遛弯，发现一只麻雀在吃面包，忽然一只牛蛙窜出来，趁麻雀不注意，一口把麻雀吞了下去，小狗知道了，不能在这里放生不适合的动物。有一天，小猪要放生一只巴西龟，小狗说：“巴西龟会破坏环境请不要放生啊！”小猪不听，硬把巴西龟放了进去。第二天，凶杀案就发生了，鲟鱼奶奶被杀了，鱼儿们很伤心，一条小鲤鱼说：“前两天还带我们一起去玩呢。”“是呀！”一条嘎鱼说：“昨天还带我们一家去超市呢。”一条鲫鱼说：“我们把她送到法医鲶鱼那吧。”
　　法医鲶鱼仔细验查之后发现，鲟鱼奶奶的尾巴根上有咬痕，鲶鱼说：“是乌龟咬的，有一天我看见小猪放了一只巴西龟，我想，一定是它干的。”两天之后他们捉到了巴西龟，把它给了小猪。之后，大家过上了幸福的生活。",《保护环境》
130413,4.0,3.0,4.0,4.0,4.0,3.0,4.0,3.0,4.0,3.0,3.0,3.0,4.0,3.0,4.0,3.0,4.0,3.0,3.0,2.0,3.0,3.0,4.0,3.0,3.0,3.0,4.0,2.0,4.0,2.0,4.0,2.0,4.0,3.0,4.0,2.0,4.0,2.0,4.0,3.0,5.0,3.0,5.0,3.0,5.0,2.0,4.0,3.0,5.0,3.0,4.0,2.0,3.0,2.0,4.0,2.0,4.0,3.0,3.0,3.0,4.0,3.0,4.0,3.0,4.0,3.0,4.0,3.0,5.0,3.0,"一件难忘的事
　　有一个课间，我跟我的好朋友籍晨一起在操场上玩，我们很开心。但是在这中间发生了一次意外，让我至今都难以忘怀。
　　我们围着操场转圈，一路上说说笑笑，一边走一边聊天、做游戏，还在轮胎上跳上跳下……但是就在我们赛跑的时候，我突然停下来了，籍晨因为跑的太快没停下来，一下子把我撞倒了。肩膀和手心都摔伤了，当时我说我无论如何都不会原谅她的，但是当我看到籍晨惊慌失措都要哭出来的样子时，我就想：“他可是我的好朋友呀，我怎么能对她这样呢，如果我就因为这件事不原谅她的话，我不就失去一个朋友了吗，再说了，她又不是故意的。”所以我，立刻就原谅她了。
　　通过这件事让我明白了一定要宽容大度，这样友谊才会长久，我还知道了要换位思考，如果我是籍晨的话，心里也会很害怕，也会希望我能原谅她。以后如果再发生类似的事我就会想起在操场上的这件事。",《一件难忘的事》
160303,4.0,5.0,5.0,5.0,5.0,5.0,5.0,4.0,5.0,5.0,5.0,5.0,5.0,5.0,5.0,5.0,3.0,5.0,5.0,4.0,5.0,5.0,5.0,5.0,5.0,5.0,5.0,5.0,5.0,4.0,5.0,5.0,5.0,5.0,5.0,4.0,4.0,4.0,4.0,4.0,5.0,5.0,4.0,4.0,4.0,4.0,4.0,5.0,4.0,4.0,5.0,5.0,4.0,4.0,4.0,4.0,4.0,4.0,3.0,2.0,4.0,4.0,5.0,5.0,5.0,5.0,4.0,4.0,4.0,3.0,"迈出那一步，伸出那只手，
　　“咣——咔嚓”重物落地的声音传来，陈华的那只小木船已被我摔得四分五裂。“你……”我心虚地叫嚣着：“谁 ……谁让你先摔我的船的。我……我没把你的踩成渣渣是对得起你……”他一脸不敢相信的神情，眼中慢慢铺上了一层泪光，两只拳头攥地紧紧的，指甲嵌进了肉，使劲地咬着下唇，原本红润的嘴唇被他咬得发白，他弯下腰，拾起碎片，头也不回地走了，我虚张声势地冲他越来越远的背影嚷道：“你这个人真是讨厌，当初是我看错你了！”他脚步突然一？，艰难地转身。嘴唇张了张，终是没有发出一点声音来。他垂下眼，用“行尸走肉”般的步伐走去，直到我看不见。我心中好像有什么失去了，变得空落落的，钝钝的痛……
　　一连几个月，我和陈华都像陌生人一样，哦不，陌生人之间的空气不会充满愧疚。我曾想过和他道歉，但始终迈不出那一步。他就像一个被肥皂泡裹住的人，明明一触就能攻破屏障，可我却无法伸出手。我是那么无助，那么愧疚，那么的……绝望。
　　眨眼间，到了毕业季，我们永远地分别了，或许……这就是对我的惩罚吧，惩罚我没有迈出那一步，伸出那只手……
　　回想起当时，我才发现自己有多傻，因为无法勇敢地低下头道歉而失去了一位如此要好的朋友，实在不该。其实，主动认错不丢脸，反而是一件光荣的事，你战胜了懦弱、嘲笑、恐惧，用自己的力量挽回自己的友谊，难道不光荣吗？别像我一样，失去了才懂得后悔，往往已经来不及了。
　　来吧……你可以迈出那一步，伸出那只手……",《迈出那一步，伸出那只小手》
160826,4.0,4.0,5.0,5.0,5.0,5.0,3.0,3.0,5.0,5.0,3.0,3.0,3.0,3.0,3.0,3.0,5.0,5.0,4.0,4.0,5.0,5.0,5.0,5.0,5.0,5.0,5.0,5.0,5.0,5.0,5.0,5.0,3.0,3.0,3.0,3.0,3.0,3.0,4.0,4.0,5.0,5.0,4.0,4.0,4.0,4.0,4.0,4.0,5.0,5.0,3.0,3.0,4.0,4.0,3.0,3.0,4.0,4.0,2.0,2.0,4.0,4.0,5.0,5.0,5.0,5.0,5.0,5.0,5.0,5.0,"六年小学生活——我的老师
　　六年小学生活要过去了，回忆过程，一切都那么精彩，一切都值得回味，我也心存感恩。该感谢谁呢？同学？都不是，最感谢的应该是教我们六年的班主任班老师。
　　班老师为我们的付出是无怨无悔的。那天我去学校拿水杯，到了三层，看见班门开着。我心想“：有谁会在班里？”，我走近一看，原来是班老师正在为我们扫地，摆桌椅，倒垃圾，原来每天早上那整齐的桌椅和干净的地面都是班老师做的，我以后一定学习班老师，为班级服务。有谁会为你做值日呢？
　　还有一次，我看见班老师早上来的时候老打哈欠，我很奇怪，我们和班老师都早早放学了，为什么我们不打呢？我一想，昨天留交作文，班老师肯定是因为了判我们的作文而不眠，所以早上才会这么困。看着作文上长长的评语，就可以想到班老师为我们辛苦地判作文。有谁会不眠给你判作业呢？
　　每天中午，班老师都会来给我们分饭，我之前都以为班老师是吃完饭才给我们分饭的，结果我偶然看见班老师给我们分完饭后又去了食堂，我恍然大悟，原来班老师是饿肚子来给我们分饭，有的时候班老师在外面有事还特意跑回来为我们分饭，甚至自己连饭都没吃。有谁会自己不吃饭而为你服务？
　　我那天还亲眼看到班老师为我们备课，写了又改，改了又写，PPT一做就是好几页。反复的又读又练。班老师为了教育我们，再苦再累也要为我们备课，让我们受最好的教育。有谁会为我们这么辛苦付出？
　　班老师，您陪伴我们六年，像亲生母亲一样教育我们，帮助我们，让我们的学习更上一层楼，“插柳之恩，终身难忘。”您的启蒙之恩我们永远忘不了，愿您以后能培育出更好的种子，更高的大树！",《六年小学生活——我的老师》
160310,5.0,5.0,4.0,3.0,4.0,4.0,5.0,5.0,5.0,5.0,4.0,4.0,4.0,4.0,5.0,5.0,5.0,5.0,5.0,5.0,5.0,5.0,4.0,4.0,5.0,5.0,5.0,5.0,4.0,4.0,4.0,3.0,4.0,4.0,4.0,4.0,4.0,4.0,4.0,4.0,4.0,4.0,5.0,5.0,4.0,4.0,5.0,5.0,5.0,5.0,3.0,3.0,4.0,3.0,4.0,3.0,4.0,4.0,2.0,2.0,4.0,4.0,5.0,5.0,5.0,5.0,5.0,5.0,4.0,3.0,"安全之星小牛犊
　　小牛犊生活在一个小村庄里，它在长大后，就一直帮人们于活儿。村里的人运粮耕地都靠它，每当见到它，都赞不绝口
　　有一天，它听到有人在议论它，说什么卡车运粮运得又快又多，它听到这，就心想：“我要与卡车比试一下，看看谁最好！”
　　小牛犊看见了卡车，于是走上前去，说：“哎，兄弟，听说你运粮运草运得又快又好，咱们要不比试一下？”卡车听后说：“切，就你这小身板，还跟我比？真是‘蚍蜉撼大树，可笑不自量。’小牛说：“那咱看谁‘可笑不自量’。”卡车说：“行，看我明天怎么把你甩得远远儿的”！
　　第二天，小牛犊来到了赛场，卡车已经在这等它了。俩“人”在起跑线上站好，“三……二……一……开始！”随着一声令下，小牛平稳地跑了起来，卡车像脱了缰绳的马一样，不顾一切地往前冲，很快就把小牛甩在了后面。小牛则稳稳当当地向前跑。它谨慎地四处看，看有没有障碍物，提前绕过去。而卡车不看路况，只顾往前冲，有几次差点摔倒。比赛紧张地进行着，实然“噗——轰”的一声，原来卡车开的太快，在一个陡坡上一下被石头撞飞在了河里。
　　小牛把卡车捞了上来，语重心长地对它说：“在任何情况下安全都是最重要的，没有了安全，一切都会化为乌有。所以，我们一定要时刻把安全放在心头呀！”卡车说：“我记住了，你不愧是安全之星啊！”",《安全之星小牛犊》
160423,4.0,4.0,5.0,4.0,4.0,4.0,4.0,4.0,4.0,4.0,4.0,4.0,4.0,4.0,4.0,4.0,4.0,4.0,5.0,4.0,4.0,4.0,4.0,4.0,5.0,4.0,5.0,4.0,5.0,4.0,4.0,4.0,5.0,4.0,5.0,4.0,5.0,4.0,5.0,4.0,4.0,4.0,5.0,4.0,4.0,3.0,3.0,4.0,5.0,4.0,4.0,3.0,4.0,3.0,3.0,2.0,4.0,4.0,2.0,2.0,4.0,4.0,5.0,4.0,5.0,4.0,2.0,3.0,3.0,3.0,"学钢琴的收获
　　那还是我幼儿园中班的时候，看到了一场大哥哥大姐姐的毕业典礼，听到一个大姐姐弹的钢琴曲，那曲子清脆而优美，令我陶醉，我从此爱上了钢琴。与艺术便从此结下不解之缘。
　　每次我见到钢琴，都会像敲钉子一样乱拍几下，上了小学，我终于可以满足我的愿望了，我找了一个钢琴老师，他面目和善，但又极为严厉，弹的时候要注意快慢，不能碰到旁边的琴键，不能看错升降号……（但我却不是这样的，）有一次，有一首非常长，而且复杂的曲子我就想赶紧弹完，草草了事，于是就张冠李戴地乱弹一气。他听完之后，笑了笑，拍拍我，说：“原来你这么厉害，都会自己写曲子了！”我听完之后脸胀的通红，再也不敢乱弹了。都是先唱谱子，注意各种记号，一个音一个音地唱，唱熟了才开始弹，一开始是一只手，一小节，一行，一段，练好了之后，才两只手一起弹，开始很慢，后来才越来越快，我发现这样竟事半功倍。后来我练的手出了汗，好像一按琴键就会滑开，胳膊酸的快要抬不起来了，满头的汗像下雨一样流着，父母让我休息，可我还是一个音一个音地弹。
　　我学习钢琴，不仅是学会了一门艺术，学会了一件乐器，还学会了做事不要急于求成，要把大事分成一件件小事，不要囫囵吞枣的道理。",《学刚琴的收获》
150139,5.0,5.0,3.0,4.0,4.0,4.0,4.0,5.0,5.0,4.0,5.0,3.0,5.0,5.0,5.0,4.0,5.0,4.0,5.0,4.0,4.0,4.0,4.0,3.0,4.0,3.0,5.0,5.0,4.0,4.0,4.0,3.0,4.0,4.0,4.0,5.0,4.0,4.0,4.0,5.0,3.0,4.0,5.0,3.0,4.0,5.0,3.0,4.0,3.0,3.0,3.0,4.0,5.0,5.0,4.0,5.0,4.0,4.0,4.0,5.0,5.0,4.0,5.0,5.0,5.0,5.0,5.0,5.0,4.0,3.0,"读《狼王梦》有感
　　你了解狼吗？我原来一直以为狼是一种凶猛而残忍的动物，可自从我读了沈石溪写的《狼王梦》这本书后，让我对狼有了全新的看法。一方面我想佩服狼的机智和勇敢；另一方面，令我吃惊的是，为了在恶劣的环境下求得生存，平时弱肉强食的狼群，一到冬天就群居捕食，变得相互团结。除此之外，它们还有抱负、野心和梦想。
　　这本书进述了母狼紫岚产下了四只小狼，它的心愿是将小狼们培育成狼王。当三只小狼们一只只离紫岚而去，当希望随着现实一个个破灭时，紫岚心中对狼王之位的渴望，也渐渐淡去了。但随着狼孙的出世，紫岚心中的希望又重新燃起。紫岚为了保护它的狼孙，同时也为了给它的狼儿黑仔报仇。紫岚与金雕进行殊死搏斗，最后竭尽全力，直到与金雕同归于尽。我不禁为紫岚的不幸感到伤心；同时紫岚的英雄之气，豪迈之情也给了我极大的心灵震憾。
　　自古以来，不论是诗人，文学家，教育家，或是领导人……他们的父母也被人称赞，就像孟母三迁“孟子的母亲为了他，费了几番周折，只为孟子寻求一个好的居住环境。就像“岳母刺字”岳飞的母亲在他的后背上刺了四个字“精忠报国”只为了岳飞能够报效祖国。回头看来，紫岚用自己独特的方式，给予狼儿们母爱。但目的只有一个：为了儿女。
　　狼王梦，这场梦，不只在尕玛尔大草原上的狼群中上演，也在我们的生活中发生，这场梦，让人叹为观止，在梦中，紫岚也因为儿女的意外，而流下了属于母亲的眼泪。",读《狼王梦》有感
140501,4.0,4.0,4.0,5.0,4.0,4.0,4.0,4.0,4.0,3.0,2.0,3.0,3.0,3.0,3.0,4.0,3.0,3.0,4.0,4.0,3.0,4.0,3.0,3.0,3.0,3.0,4.0,3.0,4.0,4.0,3.0,3.0,3.0,3.0,4.0,4.0,3.0,4.0,4.0,3.0,4.0,4.0,4.0,3.0,3.0,3.0,4.0,4.0,4.0,4.0,3.0,4.0,3.0,3.0,2.0,2.0,4.0,4.0,2.0,2.0,3.0,3.0,4.0,5.0,4.0,5.0,4.0,4.0,4.0,4.0,"猫
　　我的朋友家养了一只小花猫，我一到他家就跟小花猫玩。
　　这只小猫身体是黑白相间的，它的肚皮却是白色的，眼睛是浅绿色的，它的小嘴可可爱了呢！小猫的四肢非常灵活，要是有栏杆挡着它的去路它就会跳出去。
　　小猫可淘气了，我要是一秒不看它，它就会随地乱跑，抓也抓不住，可是主人一来它就听话起来，我拿毛线团逗小猫玩，我把毛线团一给小猫，小猫就玩的不亦乐乎，它跟着毛线团上窜下跳，毛线团被玩乱了，我还要整理再让它玩，这一次我把毛线团放在桌子上，小花猫竟然跳到桌子上来玩毛线团，小猫真是淘气啊！
　　小猫还是捕鼠能手呢，小猫见老鼠洞有一点响动，小猫就守在洞旁，它屏息凝视一等就是几个钟头，老鼠一出来，它就扑到老鼠身上将它逮个正着。
　　这只小猫既可爱又淘气，更是个捕鼠能手。",《猫》
141340,2.0,3.0,3.0,2.0,2.0,2.0,2.0,3.0,2.0,3.0,2.0,3.0,3.0,3.0,2.0,3.0,2.0,2.0,2.0,3.0,3.0,3.0,3.0,4.0,3.0,3.0,3.0,4.0,2.0,3.0,3.0,2.0,3.0,2.0,2.0,2.0,2.0,3.0,2.0,2.0,2.0,3.0,3.0,4.0,2.0,2.0,2.0,3.0,2.0,3.0,2.0,3.0,2.0,2.0,2.0,2.0,3.0,2.0,2.0,2.0,3.0,3.0,2.0,3.0,3.0,3.0,3.0,4.0,3.0,3.0,"观后感
　　我们班老师给我们看了一个小片子，虽说是小片子，可是它的意义非凡呀！
　　这个影片的内容：在以前的时候为了省电，所以都在用蜡烛；而这两支蜡烛很奇特，大蜡烛吹灭了小蜡烛的火但是呀，小蜡烛没有那么生气呢！大蜡烛感到很好玩，就又吹了一下小蜡烛的火苗，小蜡烛的火苗又一次的被吹灭了，小蜡烛非常的伤心，大蜡烛在后面偷偷嘲笑它呢，小蜡烛让它给它点上火苗，大蜡烛给小火苗点上火了。突然！小蜡烛打了个喷嚏，大蜡烛的火灭了，大蜡烛非常的伤心，小蜡烛不想给它火了，因为小蜡烛老是被大蜡烛吹了。后来小蜡烛还是给大蜡烛点上了火苗。
　　这个故事告诉我了：1,一定不要故意去招别人。2,不要嘲笑别人。3.一定要知错能改。",《观后感》
240120,3.0,3.0,3.0,2.0,3.0,3.0,3.0,3.0,3.0,3.0,4.0,2.0,3.0,3.0,3.0,2.0,3.0,3.0,2.0,3.0,2.0,3.0,2.0,3.0,2.0,2.0,2.0,3.0,3.0,3.0,2.0,2.0,2.0,3.0,3.0,3.0,3.0,2.0,3.0,3.0,4.0,2.0,3.0,3.0,3.0,3.0,3.0,2.0,2.0,2.0,2.0,2.0,2.0,2.0,3.0,2.0,3.0,2.0,2.0,3.0,3.0,3.0,3.0,3.0,3.0,3.0,4.0,3.0,4.0,3.0,"老师进班了
　　叮铃铃上课了，
　　老师进班了，
　　手里拿着语文书，
　　脸上挂着美丽的微笑，
　　一进班看到了我们在说话，
　　脸上的晴天变阴天，
　　我们赶快坐好，
　　老师一进门，
　　就对我们说，
　　同学要自觉，
　　老师不在要坐好，
　　同学们点点头，
　　我们齐声说知道了！",《班主任进班了》
240137,1.0,3.0,4.0,4.0,3.0,3.0,3.0,4.0,3.0,4.0,2.0,3.0,2.0,3.0,3.0,2.0,3.0,3.0,1.0,2.0,1.0,2.0,1.0,2.0,2.0,3.0,2.0,2.0,1.0,2.0,3.0,2.0,1.0,2.0,2.0,2.0,2.0,2.0,3.0,2.0,3.0,2.0,3.0,3.0,3.0,3.0,2.0,3.0,2.0,3.0,2.0,3.0,2.0,3.0,2.0,3.0,3.0,2.0,2.0,2.0,3.0,3.0,1.0,3.0,3.0,3.0,3.0,3.0,2.0,4.0,"老师进班了
　　同学正在玩，
　　老师进班了。
　　同学叫一声，
　　赶快回位子。
　　开始上课了，
　　又要下课了。
　　同学跑出去，
　　开始打篮球。
　　又到中午了，
　　老师出去了。
　　同学又在玩，
　　老师又进班。
　　同学又大叫，
　　又赶快回位。",《班主任进班了》
160122,3.0,3.0,5.0,3.0,3.0,3.0,4.0,3.0,4.0,3.0,4.0,3.0,4.0,3.0,4.0,3.0,3.0,2.0,4.0,4.0,3.0,3.0,3.0,3.0,5.0,3.0,4.0,2.0,4.0,3.0,3.0,3.0,3.0,3.0,4.0,3.0,4.0,3.0,3.0,3.0,4.0,3.0,4.0,3.0,3.0,3.0,3.0,3.0,4.0,3.0,3.0,2.0,3.0,2.0,3.0,2.0,4.0,3.0,3.0,3.0,4.0,3.0,5.0,4.0,5.0,4.0,4.0,4.0,5.0,3.0,"“黑薯”养成记
　　“黑薯”，何许物也？是黑色的薯条？或是黑色的薯片？还是——No!No!No!“黑薯”，是俺呕心沥血的巨作。虽然，是一个烤糊的红薯，但味道那可是相当的不错，连俺那一向食不厌精的老妈都拍手叫好！
　　话说今天是三月八日妇女节，也是我妈妈的节日。所以，我要给妈准备一点礼物。
　　下午，我从菜市场上买了两斤红薯。回家洗净之后，又被我挑三拣四了一番，只剩下十个。而这十个红薯还要进行筛选。于是，经过了淘汰赛、复赛、半决赛、总决赛之后，只剩下四个不可挑剔的红薯。接着，我又给它们洗了个冷水澡，之后，就把它们送上了格兰仕——微波炉。大约过了20分钟，我打开微波炉，瞄了几眼，觉得还不到火候。于是，我又把温度调到了最大继续烤。10分钟后，不幸的事情发生了……我精挑细选、百里选一，用心烹制的红薯——糊了！呜呼！我望着我的“黑薯”，独怆然而涕下……
　　“丁零零——”
　　老妈回来了。
　　说来也怪，老妈一进门便冲进厨房，好像知道我给她准备了红薯似的。我垂头丧气，肯定是闻见糊味了。“这黑黑的是什么？”老妈似笑非笑地问道。“是……是……我给您做的红薯。”我吞吞吐吐地问答道，“怪不好意思的。本想大显身手，却大‘黑’红薯。“真的？我来尝一尝！”说罢，老妈顺手掰了一半，三下五除二便吃完了，而且还连声称赞。接着，她又是一阵“风卷残云”，剩下的一半也给“下肚”了。吃完之后，她的手已成了非洲黑手，嘴也成了非洲黑嘴，脸也向非洲黑人看齐啦。",《“黑署”养成记》
141029,4.0,4.0,5.0,5.0,5.0,5.0,3.0,3.0,5.0,5.0,3.0,3.0,3.0,3.0,5.0,5.0,5.0,5.0,4.0,4.0,3.0,3.0,3.0,3.0,3.0,3.0,5.0,5.0,5.0,5.0,3.0,3.0,3.0,3.0,5.0,5.0,5.0,5.0,5.0,5.0,5.0,5.0,5.0,5.0,5.0,5.0,5.0,5.0,5.0,5.0,3.0,3.0,4.0,4.0,3.0,3.0,5.0,5.0,2.0,2.0,4.0,4.0,5.0,5.0,5.0,5.0,4.0,4.0,4.0,4.0,"生命生命
　　今天我读了作者杏林子写的《生命生命》，读完以后我感受很深。一个人的生
命只属于自己负责，好好使用生命。这让我感受到了生命的可贵。
　　作者杏林子虽然是一个残疾人，但是她却凭着自己的一点力量写出了这么好的文章。使我对生命有了新的认识，我们一定要热爱生命，哪怕它很短暂，我们也不要轻易把它浪费掉。
　　记得有一次我们去易水湖，到了晚上那里有许多的萤火虫飞来飞去，在城市里很少能见到萤火虫，我们都很兴奋，所以捉了好几只，我们把捉到的萤火虫放在瓶子里，它们在里面飞来飞去想要出来，可是我们并没有想放走它们。后来大人们对我们说：萤火虫是益虫你们还是把它放了吧，而且它们也是有生命的小虫子。”我们想了想，最后决定把它放了。爸爸告诉我，世间万物都有生命，花草树木，甚至是一滴小水珠都有生命。
　　我们一定要珍惜生命，决不让它白白流失，让自己活的更加光彩有力。",《生命生命》
130311,3.0,3.0,4.0,5.0,4.0,5.0,4.0,3.0,4.0,3.0,3.0,2.0,3.0,3.0,3.0,3.0,3.0,3.0,3.0,4.0,3.0,3.0,3.0,3.0,3.0,4.0,3.0,4.0,3.0,4.0,3.0,3.0,3.0,4.0,3.0,5.0,2.0,4.0,3.0,3.0,3.0,4.0,4.0,4.0,3.0,3.0,3.0,3.0,3.0,3.0,2.0,3.0,2.0,3.0,3.0,3.0,3.0,4.0,2.0,2.0,3.0,3.0,3.0,5.0,3.0,5.0,4.0,5.0,3.0,3.0,"父母的爱
　　父母的爱是无私的，是永远不求回报的。小时候，父母教我唱，“世上只有妈妈好”。接着，我来讲讲父母对我的爱。
　　去年12月中我在学校突然摔伤了。爸爸妈妈马上请假回来带我去了C医院。医生说，我骨折需要马上动手术，可是他们没有床位。
　　于是爸爸打了好多电话，联系了许多医院。急忙带我去了D医院。一路上妈妈一直不停的在哭，担心我的伤。第二天我手术了爸爸忙里忙外给我送东西。妈妈整夜没睡，按医生要求每隔半小时“唤醒”我一次。手术后几天里我不能动吃喝拉撒全在床上。妈妈每天喂我吃饭，伺候我大小便擦身陪我复习……探视时间，爸爸总是来看我给我带给我好多好吃的。
　　我出院了，我好开心我感受到了父母的爱我要好好学习，长大回报父母。",《父母的爱》
130242,5.0,3.0,4.0,5.0,4.0,4.0,4.0,4.0,4.0,5.0,5.0,5.0,4.0,4.0,4.0,3.0,4.0,3.0,4.0,4.0,4.0,5.0,4.0,4.0,4.0,3.0,4.0,4.0,4.0,5.0,4.0,4.0,4.0,4.0,4.0,3.0,5.0,5.0,4.0,5.0,3.0,4.0,4.0,3.0,3.0,3.0,4.0,4.0,4.0,3.0,3.0,3.0,3.0,2.0,3.0,2.0,4.0,3.0,3.0,3.0,4.0,4.0,4.0,3.0,4.0,3.0,4.0,4.0,3.0,5.0,"我的本领——弹钢琴
　　我从小就喜欢音乐，经常在钢琴上按，弹出来的响亮、清脆的声音让我快乐，所以当我六岁时爸爸就给我找了一位老师，教我弹琴。
　　我刚开始弹琴时，我还什么都不会，老师先教我认音，然后教我认谱、升降号，各种各样的音乐知识，还教我拍子和弹琴手型，让我回家练习。有一次我弹练习曲，由于我懒，所以好多音弹不实，爸爸就不让我通过，我很不高兴，为了让我弹好，爸爸要求我重复弹十遍，甚至几十遍错误的地方，我着急到哭的地步，但只能好好练，直到爸爸说下一曲时，我才松了一口气，这时我发现手已经非常酸了。听说爸爸小时候弹琴弹不好时还挨过打。练琴虽然很累，但也挺有意思。我在家里弹了一首曲子，是我自己作的曲，还把它取名叫“欢乐”，全家人都说好听，我也很自豪。
　　去年秋天，老师觉得我的能力够了，就推荐我弹《小步舞曲》去参加《第十九届香港——亚洲钢琴公开赛北京赛区》比赛。《小步舞曲》的难点在音和音之间远，还有速度快，为了在比赛中取得好成绩，我的手必须弹得又快又实，这样我就得每天多练练习曲，直到曲子能弹得很流畅了。比赛开始那天，我非常紧张，尤其是在做自我介绍时，我都憋住气了，过了一会儿才开始呼吸。弹的时候我一直在紧张，不知不觉地出了一身冷汗，直到弹完才松了一大口气，评委给我竖了大拇指，虽然有点小错，但我感觉弹得还可以。过了一会儿，公布结果了，居然是一等奖，我很兴奋，这对我是一个很大的惊喜。前几天，获奖证书发下来了，我很珍惜，因为这是对我努力的肯定。
　　弹琴是件很辛苦的事情，要取得好成绩必须要付出很多努力，但弹琴能锻炼我的毅力，既然喜欢，就一定要坚持下去。",《我的本领——弹钢琴》
240138,3.0,3.0,4.0,5.0,3.0,3.0,3.0,3.0,3.0,3.0,3.0,3.0,3.0,3.0,1.0,3.0,1.0,3.0,2.0,3.0,2.0,3.0,2.0,3.0,2.0,3.0,1.0,3.0,2.0,3.0,1.0,3.0,2.0,3.0,2.0,3.0,2.0,3.0,2.0,2.0,2.0,3.0,2.0,3.0,1.0,3.0,1.0,2.0,2.0,2.0,2.0,2.0,2.0,2.0,2.0,3.0,2.0,2.0,2.0,3.0,2.0,3.0,2.0,2.0,3.0,4.0,3.0,4.0,1.0,3.0,"老师进班了
　　老师进班了所有同学就安静了下来老师说，“今天我们要考八单元练习卷。”后来老师走了同学们立刻又开始大声说起来，钱斌大声说道“老师走了。”过了一会我觉得他们太吵了我就说道，“老师回来了。”严静立刻说；是扫地大妈吧。”
　　后来有好多人都去放哨了。又有好多人跑回来了说：“老师来了，老师来了”。杜明说：“是保洁大妈吧。”同学们开始大笑起来。",《班主任进班了》
140829,4.0,4.0,5.0,5.0,5.0,5.0,3.0,3.0,5.0,5.0,3.0,3.0,4.0,4.0,4.0,4.0,3.0,3.0,4.0,4.0,3.0,3.0,3.0,3.0,3.0,3.0,5.0,5.0,5.0,5.0,3.0,3.0,4.0,4.0,5.0,5.0,5.0,5.0,5.0,5.0,5.0,5.0,5.0,5.0,5.0,5.0,5.0,5.0,5.0,5.0,3.0,3.0,4.0,4.0,3.0,3.0,5.0,5.0,2.0,2.0,4.0,4.0,5.0,5.0,5.0,5.0,2.0,2.0,4.0,4.0,"我对我自己说的心里话
　　我有很多心里话一直藏在心里没有说,这一次我终于可以说出来了。
　　今天，我说的心里话是，我的考试成绩，我每次考试其实都很紧张，因为我考好了爸爸妈妈很高兴，我也高兴，我要是考不好我不高兴爸爸妈妈也不是很高兴，但是他们不说我还鼓励我，虽然我知道爸爸妈妈也希望我考个好成绩。每一次考试，我的好朋友都很高兴可是我不是很高兴，因为每一次考试我都怕我考得不好，所以我不喜欢考试，每到考试我都像被雨淋湿了一样非常沮丧，尤其是卷子发下来，我更紧张了，因为我每次总考80多分，其实每次考试之前我都很努力的在复习功课，听写呀，做练习呀，但是不知道为什么，还是不能上90分，我有时候在想会不会是我太笨了，可是妈妈说：“你不是笨你是还不够用心。妈妈一次次鼓励我，我怕我辜负了妈妈对我的希望。我有时总是对自己说：“王丽，你要再加把劲，再努力些，你一定行。”
　　我终于把心里话说出来了，真痛快。",《我对我自己说的心里话》
150337,3.0,3.0,4.0,5.0,3.0,4.0,3.0,4.0,3.0,4.0,2.0,3.0,3.0,3.0,1.0,2.0,1.0,2.0,3.0,3.0,3.0,3.0,3.0,4.0,2.0,3.0,2.0,2.0,2.0,2.0,2.0,3.0,2.0,3.0,3.0,3.0,3.0,2.0,3.0,2.0,4.0,4.0,3.0,3.0,3.0,4.0,4.0,3.0,3.0,2.0,3.0,2.0,2.0,2.0,2.0,3.0,2.0,2.0,2.0,3.0,3.0,3.0,3.0,4.0,3.0,4.0,1.0,3.0,1.0,4.0,"李阿姨
　　一天我背着沉重的书包爬上了楼，到了小饭桌，推开了门，坐到了“自己”的“专座”上，仔细端详了一会儿，李阿姨正在戴着眼镜看手机，她那年老的眼睛显出有些吃力，满头灰发跟头时不时向下低一下，穿着薄棉袄，棉袄的袖长到盖住了半只手，她那布满褶皱和龟裂的手紧紧的抓着手机，生怕手机掉到地上，腿上穿着一件薄棉裤，在家却还一直穿着跑步鞋。这一身衣服让她显得有些瘦弱。
　　我端详了好长时间以后，我打开书包，拿出书，开始写作业，可我刚写了一点，就没法写下去了，就在这时，一句话飞出来：“我又赢了！”响彻云霄，可这句话并没有引起轰动，因为这真是太平常不过了，但这句话却引起了李阿姨的注意，她先把手机的眼镜放到桌上，把手往桌子上一拍，大喊一声：“别说话了，好好写作业！”然后疾步走向小孩，说：“别弹了，笔是用来写作业的，好好写作业吧！”说着拿走了一些笔，便头也不回走进厨房，边走边说；“写完作业就还你，剩下几根给你写作业用的，强不了。”说着走进了厨房。忙着做起饭来。
　　又过了一会儿，我的作业都写完了，我看笔也还给他了，正好这会儿也要吃饭了，李阿姨给人一份一份的盛饭，时不时提醒一下谁谁谁少吃点儿，谁谁谁别剩饭……最后，都给我们盛完了以后，慢慢自言自语道：“我也该吃点儿了。”说着，给自己盛了一点儿饭，慢吞吞地吃起来。还时常偷看我们吃好了没有。
　　又过了好长时间，等所有人都吃完饭，我感到很无聊，很想下楼玩儿，一开始李阿姨不让，但在我的再三恳求下，李阿姨同意了，我们下楼玩了一会儿，过了一会儿，李阿姨披着一件外套下来了。直到我妈妈来了，我上楼背了书包，和李阿姨说了声：“再见！”她也回了我一声再见，我赶快追上了妈妈。
　　当我再回头时，竟看到了闪耀的金色的背影，那么和蔼，那么慈祥。",《李阿姨》
130243,3.0,3.0,4.0,4.0,3.0,3.0,3.0,4.0,3.0,3.0,2.0,3.0,3.0,3.0,2.0,2.0,2.0,3.0,3.0,2.0,3.0,2.0,3.0,3.0,3.0,2.0,3.0,3.0,3.0,2.0,3.0,3.0,3.0,3.0,2.0,2.0,2.0,3.0,3.0,3.0,3.0,4.0,3.0,2.0,2.0,2.0,3.0,3.0,3.0,3.0,2.0,3.0,2.0,3.0,2.0,2.0,3.0,3.0,3.0,4.0,3.0,4.0,4.0,4.0,4.0,4.0,4.0,5.0,3.0,3.0,"我的本领
　　每个人都有很多本领，当然我也有，比如画画，游泳，轮滑，抖空竹，其中我最喜欢抖空竹。
　　那一天我和爸爸妈妈在小花园里玩，我听见“嗡嗡嗡”的声音。就顺着声音走了过去，看见一位老爷爷拿着两个杆，杆上有一条绳，绳上面有两个连在起的碗，我问爷爷是什么，爷爷说：“这是空竹。”我觉得很有意思就学了起来，一开始这个空竹老是掉，爷爷说把线围着空竹绕一个圈，然后我想了想因为空竹有了速度，所以可以更好的保持平衡。爷爷还教了我很多招式其中一个我学的时间比较长，这个是把空竹往上抛拿绳接住它，可我老是接不住，爷爷说拿杆接，我试了试果然接住了，我想可能是因为杆大，所以好接。
　　通过这件事我知道了只要坚持和努力就没有学不会的本领。",《我的本领》
130142,4.0,3.0,4.0,4.0,4.0,5.0,3.0,3.0,4.0,3.0,4.0,3.0,3.0,3.0,3.0,4.0,3.0,3.0,3.0,4.0,3.0,4.0,2.0,3.0,3.0,3.0,2.0,2.0,3.0,2.0,3.0,3.0,3.0,3.0,4.0,4.0,4.0,3.0,4.0,4.0,4.0,3.0,3.0,3.0,2.0,3.0,4.0,3.0,3.0,3.0,3.0,3.0,3.0,2.0,3.0,3.0,4.0,3.0,3.0,3.0,4.0,3.0,4.0,5.0,4.0,5.0,3.0,4.0,3.0,5.0,"可爱的小松鼠
　　我在台北旅游的时候，在中正纪念堂的花园里发现了一只松鼠，它全身都是黑色的，只有尾尖是白色的。它满身都是毛，身上的毛是短短的，尾巴上的毛是蓬松的，而且长。小松鼠长着一双圆溜溜的黑眼睛；一张小嘴巴，上面长着翘起来的胡子，一对尖尖的小耳朵；鼻子也是尖尖的，它的每个爪子分5只脚趾，上面的趾甲是钩子形的，看起来很可怕。它整个身子大概长20多cm,尾巴和身子一样长，所以显得它的尾巴很大。
　　我是在一棵树上发现它的。那时它正在树上上窜下跳，好像在找吃的，或者是在看我们是什么新东西？我扔给它一块面包，它马上捡起来。弯下腰用前爪捧着面包快速地吃起来，我一靠近，它就扔掉面包跑了，我一走远，它就又跑回来接着吃。
　　我想给它照相，但又不能靠近，所以只能把镜头推近，照出了一张清楚的照片，我觉得松鼠很可爱。",《可爱的小松鼠》
130120,4.0,4.0,5.0,4.0,5.0,4.0,5.0,3.0,4.0,4.0,4.0,4.0,4.0,4.0,5.0,4.0,4.0,4.0,4.0,4.0,4.0,3.0,4.0,3.0,5.0,4.0,4.0,4.0,5.0,4.0,4.0,3.0,4.0,4.0,4.0,4.0,4.0,4.0,4.0,4.0,5.0,4.0,5.0,4.0,4.0,3.0,4.0,4.0,4.0,3.0,3.0,3.0,4.0,3.0,4.0,3.0,4.0,3.0,3.0,4.0,4.0,4.0,5.0,4.0,4.0,4.0,4.0,4.0,5.0,4.0,"可爱的小猫——闪电
　　今年寒假，我去牛牛哥哥家，他养了一只可爱的英国短毛猫。这只猫咪有一对三角似的耳朵，还有又尖又长的胡须，是用来探测外面的情况，所以要保持它的干净。它有一对漂亮的眼睛，妈妈说它有一只眼睛是蓝的另一只眼睛是绿的，像戴了一副彩色的镜片,真神奇呀！猫咪还有四条纤细躲的小腿，小腿下面的爪子上有一块小肉垫,和一块发达大肉垫,当走起路来，猫咪就会把小爪尖缩到肉垫里。
　　我发现猫咪特别爱干净，因为猫咪上厕所之前，在猫沙里先挖个洞，上完以后，还要用沙子盖上洞。
　　小猫还有个可爱的名字叫“闪电”，它特别活泼可爱，牛牛哥给了我一个玩具，可以用这个逗猫咪，我半信半疑的拿过玩具,一会儿在床边摇，一会儿在墙上摇，一会儿又在写字台上摇，猫咪就像风一样快地跟着玩具跳上跳下，就像它的名字一样快。
　　听牛牛哥哥说，这只猫咪还有一个绝招，能自己开门，我完全不信，于是牛牛哥哥就带我藏到屋里躲起来，让猫咪找，过了一会儿，猫咪就真的打开了门。
　　这是一只多么神奇可爱的猫咪，我好想也养一只这样的猫咪呀！",《可爱的小猫——闪电》
240109,4.0,4.0,4.0,5.0,4.0,4.0,4.0,4.0,4.0,4.0,3.0,3.0,4.0,4.0,4.0,4.0,4.0,4.0,4.0,4.0,3.0,3.0,3.0,3.0,3.0,3.0,4.0,4.0,3.0,3.0,4.0,4.0,4.0,4.0,4.0,4.0,3.0,3.0,3.0,3.0,3.0,3.0,4.0,4.0,3.0,3.0,3.0,3.0,3.0,3.0,2.0,2.0,3.0,3.0,2.0,2.0,3.0,3.0,2.0,2.0,3.0,3.0,4.0,4.0,4.0,4.0,4.0,4.0,3.0,3.0,"老师进班了
　　我们的老师留着长长的披发,和一双亮亮的眼睛。
　　我还记得，有一次考试，我们在写卷子，教室里鸦雀无声，过了一会儿老师走了；我们以为老师听不见。所以，就开始耳语了，没过多久，班里闹了起来！有的同学把桌洞里的语文书，开始抄。有的同学站起来抄。还有的像肉虫子一样在地上爬到我的座位底下抄我的答案!
　　可是万万没有想到的是老师竟过了一会儿进班了！班里顿时安静了。看语文书的同学，立刻合上了。站超来抄的同学坐下了，下座位的同学跑回座位了。
　　这就是我们班！怎么样，一定很热闹吧！",《班主任进班了》
130401,2.0,2.0,4.0,5.0,3.0,3.0,2.0,2.0,3.0,3.0,2.0,3.0,2.0,2.0,1.0,3.0,3.0,2.0,4.0,4.0,3.0,2.0,3.0,3.0,3.0,3.0,4.0,3.0,2.0,2.0,2.0,2.0,2.0,2.0,2.0,2.0,2.0,2.0,2.0,2.0,3.0,3.0,3.0,3.0,2.0,3.0,2.0,2.0,3.0,2.0,2.0,2.0,2.0,2.0,2.0,2.0,2.0,3.0,2.0,2.0,3.0,3.0,3.0,5.0,4.0,4.0,4.0,4.0,4.0,4.0,"难忘的爱——义卖
　　我一大早就起来了，我一边迅速地穿上衣服，一边说：“今天我们去爱心义卖”吃完早饭，我就急急忙忙地去学校了。
　　我一到学校，就看见了各式各样的义卖物品，今天的义卖品真丰富啊！过了一会儿，我们都下去了，我用我的钱去买各个摊点的东西，我先看上了一个手电筒，后面还有一个小型音箱，我买下了这个手电筒，我打算用它在晚上照亮。
　　我又走到另外的摊点，这里有很多书在出售，在这些书里我找到了一本我非常喜欢的书，书的名字叫《阿衰》，我一气之下买下了两本《阿衰》，然后我就津津有味地看了起来。
　　这次的爱心义卖我收获多多，还可以把这些钱捐给贫困学校，真是一次难忘的爱心义卖啊！",《难忘的爱》
140230,3.0,3.0,5.0,3.0,5.0,2.0,4.0,2.0,5.0,3.0,2.0,3.0,3.0,3.0,3.0,3.0,4.0,3.0,4.0,3.0,3.0,3.0,3.0,3.0,4.0,3.0,5.0,3.0,5.0,3.0,3.0,3.0,3.0,3.0,4.0,2.0,3.0,2.0,5.0,2.0,5.0,2.0,5.0,3.0,5.0,3.0,5.0,3.0,5.0,3.0,5.0,2.0,3.0,2.0,3.0,2.0,5.0,3.0,2.0,2.0,4.0,2.0,5.0,3.0,5.0,3.0,5.0,3.0,4.0,3.0,"一次难忘的足球之旅
　　今年暑假我参加了一个由北京市总工会组织的职工子女的足球夏令营。
　　足球夏令营，爸爸送了我一双帅气的球鞋，那是我的第一双球鞋，我非常兴奋！
　　足球夏令营开始的第一天，我的爸爸妈妈早早地来到了北京市工人体育场这就是我们夏令营的训练场地，教练发给我了许多踢球的装备，有球衣、球裤、球袜，我很快地穿好衣服，穿好球鞋然后我飞快地跑到了球场，我脚下踩的是北京国安的主场，微风吹佛着我，我仿佛变成了一只美丽的蜻蜒，我享受了一会儿，我的伙伴就陆续到齐了。训练开始了，教练让我们练习球感，告诉我们怎么接触球，我觉得很有意思，以后的几天我们开始练习了射门、防守、过人等。有一天我早早地来到了球场，我正自己练习踢球呢，然后有一个人走在我身边，他跟我聊天，还教我传球和颠球，我休息的时候我问了一下教练，教练告诉我他是北京国安以前的主教练和领队魏克兴，说完我更兴奋了。后几天我打了比赛有一场比赛我连续进了两个球我太兴奋了。
　　在这几天里我学会了许多东西，比如团结，自信，还有很多很多，而且还训练了腿部力量，还有如何进攻，防守。我感谢我的教练，教会了我怎么多的东西，还让我怎么开心，我还要感谢我的爸爸妈妈每天辛辛苦苦的送我，还感谢我的伙伴配合我让我进球，我非常感谢你们！",《话痨黑杰克》
240202,3.0,3.0,4.0,5.0,4.0,4.0,3.0,3.0,4.0,4.0,3.0,3.0,4.0,4.0,3.0,3.0,2.0,2.0,4.0,4.0,3.0,3.0,3.0,3.0,3.0,3.0,3.0,3.0,3.0,3.0,3.0,3.0,3.0,3.0,3.0,3.0,2.0,2.0,3.0,3.0,3.0,3.0,3.0,3.0,2.0,2.0,3.0,3.0,3.0,3.0,3.0,3.0,3.0,3.0,3.0,3.0,3.0,3.0,2.0,2.0,3.0,3.0,3.0,5.0,4.0,5.0,3.0,3.0,3.0,3.0,"江西泰和之旅
　　寒假，我们全家一起去江西省泰和市，泰和市位于井冈山的西边，那里是爸爸的家乡，我隔几年回去一次，但这次，我们不得不去，因为我的老舅的女儿要结婚，这原本是个开心的事，因为江西南方与北京北方的天气完全不同，冬天，江西的花草树木都还开着，甚至连桃花还开着，美丽而又吸引人的花园，而北京就完全相反了，冬天北京下着纷纷大雪，路上的行人裹着棉衣，在街道上走来走去，地上的花草树木都枯萎了，桃花就更不用提了，但是正好相反，这变成了一个不开心的事，当我听说我们只能待三天时，我的心就沉下来了，而这三天都要干什么呢？我问妈妈，妈妈说：”第一天和第二天我们整天在女方家吃早、中、晚饭，第三天我们在男方家吃早中晚三顿饭，第四天早晨5点我们再开车回北京，我说：“什么？我们要开车去，再开车回，这太不现实了吧？”妈妈说：“这是现实，咱们往返共38个小时，要是行车速度一样的话往返都是18个小时。”我咽了一口气，我问妈妈：“那我和姐姐晚上怎么睡呀？”，妈摇了摇头走了。
　　时间过的飞快，转眼间我们要走了，最后我们去了姥姥家告别，然后就踏上了旅程，在车上，我们说说笑笑，终于，我们到啦！命运转变，妈妈说我们去男方家那天，可以去爬山，又变成了一个快乐的事。
　　时间好像暂停了似的，好慢呀！终于，到了爬山，吃完中饭后，我们迫不及待的冲了出来（大叔、大婶、我妹妹丫丫、我哥哥豆豆、姑姑，姑父，妈妈，姐姐我我们踏着泥泞的山间小路，走到大山脚下，望着云层中的山顶，想：这山好高呀！我们就像一组探险家们，感到兴奋与快乐，抱着满怀好奇的心，我们走进了一片小竹林，顿时想起王维写的一首诗《竹里馆》，深林人不知，明月来相照。在竹林里太阳被竹子遮住了，竹林里一片漆黑，竹子摇来摇去成了幽灵，好像我们在坟地里似的，很快，我们到了一个山坡，我们累的筋疲力尽,准备回去时，突然打起精神，我们看见了一个木牌上面写着出口，我们mai4着沉重的脚步走了出去。
　　这次爬山真是又惊险又有趣呀！",《江西泰和之旅》
160710,4.0,4.0,5.0,5.0,4.0,4.0,5.0,5.0,5.0,5.0,5.0,5.0,5.0,5.0,5.0,5.0,4.0,4.0,5.0,5.0,4.0,4.0,4.0,4.0,5.0,5.0,5.0,5.0,5.0,5.0,5.0,5.0,5.0,5.0,4.0,4.0,4.0,4.0,4.0,4.0,5.0,5.0,5.0,5.0,5.0,5.0,4.0,4.0,4.0,4.0,4.0,4.0,5.0,5.0,4.0,4.0,4.0,4.0,2.0,2.0,4.0,4.0,4.0,5.0,5.0,5.0,5.0,5.0,4.0,3.0,"《夏洛的网》读后感
　　《夏洛的网》是二十世纪美国最杰出的随笔作家E·B·怀特（1899-1985)所作，其人格魅力与文字修养一样山高水长，写作理念是“面对复杂，保持欢喜。”而他正是靠着这种理念，用幽默风趣的笔法写出了杰出之作：《夏洛的网》，它的内容我至今记忆犹新。
　　在朱克曼家的大谷仓中，快乐的生活着一群小动物，其中落脚小猪威尔伯，与蜘蛛夏洛建立了最真挚的友情，可好景不长，一条最丑恶的消息打破了谷仓的安宁与快乐；威尔伯未来的命运竟是成为胡椒猪排——糟糕透顶的结果。作为一只猪，戚尔伯的命运似乎只能到那里了——熏肉房，与锋利的大刀。然而在这时，看似渺小的夏洛却说：“我来救你”。于是，夏洛就用自己的丝在猪栏上织出被人类看作是奇迹的网络文字，彻彻底底的逆转了威尔伯的命运让威尔伯在集市的猪比赛中赢得了一个特别奖，和一个安享天年的美好的未来。可在这时，夏洛的命运却走到了尽头，但威尔伯把卵宝宝留了下来，在冬日里，戚尔伯给它们了一个温暖的地方。到了春天，小蜘蛛们远走高飞，但有三只留了下来，做威尔伯的朋友。
　　合上书，我也依然被这样真挚的友谊所感动不已。友谊是什么？友谊是在冬日里的一些暖火，温暖着我们的心，是夏日中的一丝凉风出现在你最需要的时候，又是人人心中的一汪清泉，滋润着我们的心田，友谊是买不到的，朋友，若你想得到友谊，收获快乐，那么就用心感受，诚意待人，友谊总会来的。
　　其次，我认为互助，是每个人应该做到的一点，就像夏洛和威尔伯，夏洛在小猪最绝望，危难之时，拼了自己的全力，在网上织出了字，给了威尔伯一个美好的未来，威尔伯也帮了夏洛，帮她把卵给留了下来，最终小蜘蛛出世，又作了威尔伯的朋友。这，就是人间真情啊！期待我们也彼此珍惜，拥抱最珍最纯的那份情！",《夏洛的网》读后感
160808,5.0,3.0,5.0,4.0,4.0,3.0,4.0,3.0,5.0,4.0,4.0,4.0,4.0,4.0,4.0,3.0,5.0,4.0,5.0,3.0,5.0,4.0,4.0,4.0,5.0,3.0,5.0,4.0,5.0,3.0,5.0,4.0,4.0,4.0,4.0,2.0,4.0,4.0,4.0,3.0,4.0,4.0,5.0,4.0,5.0,4.0,5.0,3.0,5.0,3.0,4.0,4.0,4.0,3.0,4.0,3.0,5.0,4.0,3.0,2.0,3.0,3.0,5.0,5.0,5.0,5.0,5.0,5.0,4.0,3.0,"难忘的小学生活
　　我即将告别我的母校，就是告别了过去充满喜怒哀乐的日子，走向新的生活。在这个过程中我学会了坚持、努力成长，从而收获全新的体会。我真难忘我的小学生活。
　　六年时间，我很多时候都是与同学一起度过的，这里有我新的成长和收获。我记得刚到学校的时候，我一直都很不适应学校的生活，因为这里的饭比较硬，莱也很辣，所以我经常吃不惯。最后我终于习惯了这里的伙食，也渐渐地成长起来了。
　　在学校里，我学会了和人相处，我经常帮助同学。我们一起在操场上玩耍，踢毽子，丢沙包，跳长绳，甚至还玩老鹰捉小鸡的游戏。在小学里，我认识了许多的好朋友，他们关心我，爱护我，对我甭提有多好了。六年的小学生活中令我印象最深的一件事便是每年一届的运动会，那是我们记忆档案里的一张彩色的明信片，是我们为这棵绿树添上的几片最光彩的绿叶。每年的运动会我们班都是冠军。也许外人看到的都是我们获奖时的光芒，开心的笑容谁也不知道我们为这张薄薄的奖状付出了多少汗水和泪水。我们在赛场上拼搏，班老师在终点等着我们，大喊着加油助威，挥动着手臂。我们顿时充满了力量冲过了终点，响起了雷鸣般的掌声，我们笑起了由心的笑容。这让我难以忘怀。
　　学校里面，学习任务也是很繁重的，每次的考试成绩爸妈都很关心，所以我也提心吊胆生怕考试出了问题。我在这个过程中学会了自已学习和生活，也努力多了。
　　现在，我就要开始新的学习了，我想对老师说：老师，当了您6年学生，我明白了：原来阳光是这样照亮人生的，雨露是这样滋润禾苗的。我要对同学说：你给我的最珍贵的礼物——真诚的友情，我将永藏在心里。",《难忘的小学生活》
150116,5.0,5.0,5.0,4.0,5.0,5.0,5.0,4.0,5.0,4.0,5.0,5.0,5.0,5.0,5.0,4.0,4.0,4.0,4.0,5.0,4.0,4.0,4.0,5.0,4.0,4.0,4.0,5.0,4.0,5.0,4.0,5.0,4.0,5.0,4.0,4.0,5.0,5.0,3.0,4.0,5.0,5.0,5.0,4.0,4.0,5.0,3.0,5.0,4.0,5.0,3.0,5.0,3.0,5.0,4.0,5.0,3.0,4.0,3.0,5.0,4.0,5.0,5.0,5.0,5.0,5.0,5.0,5.0,5.0,5.0,"《城南旧事》读后感
　　“长亭外，古道边，芳草碧连天。晚风拂柳笛声残，夕阳山外山……”这首传唱了近百年的歌曲，用忧伤，哀怨的曲调，长亭，古道,芳草，夕阳几个场景，为我们勾勒出一副经典的离别景象。从古至今，文人墨客们低吟浅唱，一次次述说着生离死绝的离别之情。
　　《城南旧事》是由著名作家林海音写的。这本书讲述了英子在童年时发生的事。它通过英子童稚的双眼，观看大人世界的喜怒哀乐。悲欢离合，有一种说不出来的天真。
　　英子的成长是一条不断离别的路，曲折而充满诱惑，忧伤而几多幸福。在英子的童年里，开始是快乐的，无忧无虑的。那时的她还不懂事，只知道玩。但当一个个人从英子的身边离别时，她才意识这真实的世界没有想象中那么美好。而父亲离开的那一瞬间，英子长大了，经历了一次又一次离别之后，英子读懂了人生。
　　没有人的童年是完美的，它终究会有离去的那一天。谁也不能抓住童年的脚步，让它永远不会离去。在人的一生中,离别会经常发生。如果你不珍惜在一起的时光，到离别时，你会后悔莫及的，现在，我们已经快六年级了，还有一年的时间，我们就都会各奔东西了。一年的时光是多么短暂啊！转眼间，我们在小学已经过了五年了！时光过的多么快啊！在这一年里，我们一定要更加珍惜彼此在一起的时光！
　　我这时才发现，生命中出现的每一个人终究会成为过客，同学毕业会各奔东西，朋友们会纷纷离去。当你长大后，会离开自己的父母，去追求自己的人生，而父母终究也会有老去离开的那一刻。每个人都是这样，在离别中长大，在离别中读懂人生……",《城南旧事》读后感
140301,3.0,3.0,2.0,3.0,4.0,4.0,4.0,4.0,4.0,4.0,3.0,3.0,3.0,3.0,3.0,3.0,3.0,3.0,3.0,3.0,2.0,2.0,2.0,2.0,3.0,3.0,4.0,3.0,2.0,3.0,2.0,3.0,3.0,4.0,3.0,3.0,2.0,4.0,2.0,2.0,3.0,3.0,4.0,4.0,3.0,3.0,3.0,4.0,4.0,4.0,2.0,3.0,3.0,3.0,2.0,2.0,4.0,4.0,2.0,2.0,3.0,3.0,4.0,5.0,4.0,5.0,4.0,4.0,4.0,4.0,"孩子们的智慧
　　村子旁边有一片森林，孩子们经常在森林里玩，直到有一天的早上，闹了一次大洪灾，村民们纷纷逃窜，可是洪水越来越多，大人们拼命保护孩子们，有的把孩子放到树上，有的把孩子顶到屋顶，还有的用身体保护孩子。洪水越来越大越来越猛，大人们一个个被冲走，孩子们活了下来。突然有一个孩子大声说：“我们去求巨人帮忙吧”！于是孩子们去求了巨人，巨人说：“对不起，我没看到。”于是巨人与孩子们一起来到村子里，巨人双手轻轻一挥，便把水给拨走了，洪水退去，大人们一个个都躺在地上，令人惊奇的是巨人用魔法让大人们复活了！
　　村子又恢复平静，孩子们又在一起快乐地玩耍，和大人们享受美满的生活。",《孩子们的智慧》
130404,3.0,3.0,5.0,5.0,3.0,5.0,3.0,3.0,4.0,4.0,2.0,3.0,2.0,3.0,2.0,3.0,4.0,4.0,4.0,4.0,3.0,3.0,2.0,3.0,4.0,4.0,4.0,4.0,4.0,4.0,2.0,3.0,3.0,3.0,3.0,3.0,2.0,3.0,4.0,4.0,3.0,3.0,3.0,3.0,2.0,2.0,3.0,3.0,4.0,4.0,2.0,3.0,2.0,2.0,2.0,3.0,4.0,4.0,2.0,2.0,4.0,4.0,4.0,5.0,4.0,5.0,4.0,5.0,4.0,3.0,"难忘的六一义卖
　　我难忘的事有很多，其中最让我难忘的是六一义卖活动。
　　在爱心义卖活动前几天我的心情一直处在兴奋状态，早早的准备好义卖活动要义卖的物品。
　　我早早的来到了学校，看到了操场上的一排排红色的展台，还有漂亮的花儿和绿植把学校装饰的非常漂亮。
　　经过同学们和家长志愿者们的努力把展台装饰的特别引人注目，我们班的商品多的堆成了小山似的。同学们都努力的吆喝，义卖在快乐的进行中。
　　我拿着我带的50元钱和朋友吕明逛了逛其他班的展台真是琳琅满目，各式各样，应有尽有呀。然后我买了一辆乐高小车，乐高小人和一本非常好看的《以色列寻宝记》然后在操场上看了一会儿精彩的魔术表演，表演结束后引来了掌声。回到展台就帮着家长同学们卖商品，在我们的努力下卖一千多元。把所有的商品都卖完了。
　　我们把所收入的钱交给学校给山区小学建书屋。这是我最难忘的一件事，期待下一次爱心义卖！",《难忘的六一义卖》
141337,2.0,3.0,2.0,2.0,2.0,3.0,2.0,4.0,2.0,3.0,3.0,3.0,2.0,3.0,2.0,3.0,2.0,2.0,2.0,3.0,2.0,3.0,2.0,3.0,2.0,2.0,3.0,3.0,2.0,3.0,2.0,3.0,2.0,3.0,2.0,3.0,2.0,2.0,2.0,4.0,2.0,4.0,3.0,4.0,2.0,2.0,2.0,3.0,2.0,3.0,2.0,3.0,2.0,2.0,2.0,2.0,3.0,2.0,2.0,3.0,2.0,3.0,2.0,5.0,3.0,5.0,3.0,4.0,2.0,4.0,"两只蜡烛的故事
　　有一次老师给我们放了一个片儿，内容是：从前，有两个蜡烛，一个大的，一个小的。大的有点儿看不起小的，它就把小蜡烛的火吹灭了。然后就偷笑，又给小的点上了。一会大的又把小的火吹灭了，大的又开始笑而且还是大笑，小的有点伤心，大的又给小的点上了，小的不小心打了个喷嚏，把大的吹灭了，大的毫不犹豫得让小的给它点上,小的犹豫了一下没有照做，大的回去有点伤心想：“我不应该吹灭小蜡烛她两次。小蜡烛怕大的难过，就帮它点上了。它们重归于好，开心地笑了。
　　我对这个片的理解是不要觉得自己厉害就捉弄别人；同学之间要友爱互助、平等相处。例如：有一个人碰我一下，然后说对不起，然后又碰我一下，又说了声对不起，我不小碰他一下他就非让我说对不起，我最后说了，但非常不高兴。
　　我觉得大蜡烛事不过三，才两次，还是可以改的，而且它最后还反思了一会呢。大蜡烛知错能改；善莫大焉啊！小蜡烛也很好，非常包容大蜡烛，大蜡烛吹了它二次，它都没有计较，给大蜡烛点上了火，小蜡烛真是能容小人！方成君子啊！",《两只蜡烛的故事》
130331,4.0,4.0,5.0,4.0,5.0,4.0,3.0,4.0,4.0,3.0,2.0,4.0,4.0,3.0,4.0,3.0,4.0,3.0,5.0,3.0,5.0,3.0,4.0,3.0,5.0,3.0,5.0,3.0,5.0,3.0,5.0,3.0,3.0,3.0,5.0,3.0,4.0,3.0,5.0,3.0,4.0,3.0,5.0,4.0,3.0,3.0,4.0,3.0,5.0,3.0,2.0,2.0,4.0,2.0,3.0,2.0,4.0,2.0,2.0,2.0,5.0,3.0,5.0,3.0,5.0,4.0,5.0,4.0,4.0,3.0,"父母的爱
　　父母的爱是无私的、严厉的和伟大的，从小到大父母的爱就像阳光一样照耀着我们。
　　父母的爱是无私的，记得有一次我发烧了，这可把爸爸妈妈急坏了，他们连忙抱我来到医院给我打点滴，看着妈妈那着急的样子我的心里非常感动，打完点滴后，到家爸爸妈妈一直看着我，直到我退了烧，他们脸上才露出了微笑。通过这件事我觉得母爱是无私的。
　　还有一次爸爸妈妈带我去通州大运河公园去玩，爸爸鼓励我去攀岩，一开始我很害怕，后来妈妈和爸爸激励我说：“上面有奖品，如果爬不上去就没有了……。”在爸爸妈妈的鼓舞下，我爬得越来越高，最后我终于爬上了顶峰，拿到了玩具以后爸爸和妈妈都为我的勇敢而鼓掌，看着爸爸妈妈那么高兴我心里也是美滋滋的，我心里想这是什么爱呢？啊！我知道了，这就是父母爱呀，这种爱一直在鼓舞我，使我有了克服困难的决心和勇气。
　　感谢爸爸妈妈给予我无私的爱，爸爸妈妈我爱你们！",《父母的爱》
130232,3.0,3.0,5.0,4.0,5.0,3.0,4.0,4.0,4.0,3.0,2.0,3.0,5.0,3.0,4.0,3.0,3.0,3.0,3.0,3.0,4.0,3.0,3.0,3.0,5.0,3.0,5.0,3.0,5.0,3.0,4.0,3.0,5.0,3.0,5.0,3.0,5.0,2.0,3.0,2.0,4.0,3.0,5.0,3.0,3.0,2.0,3.0,3.0,4.0,3.0,2.0,2.0,2.0,2.0,3.0,2.0,5.0,3.0,2.0,2.0,4.0,2.0,5.0,3.0,5.0,3.0,4.0,4.0,3.0,3.0,"我会做菜
　　4月13日周三
　　世界这么大，谁的本领大？说我会吃饭，没人会稀罕，说我会做饭，没人相信了。但是，我真的会做饭！不信？现在我分享一下学习做饭的过程。
　　我第一次做的是“娃娃鸡块”，先开小火，再加入100毫升植物油，然后把鸡块放入锅内，等鸡块七分熟的时候，把洗净的娃娃菜放到锅里，翻炒二分钟，放入盐，在放盐的时候被油汁烫到了，我赶紧跑到水池那里用冷水洗一下手，吓死我了。我继续做菜，开始倒酱油，继续翻炒，我走了一个小神，突然有人说闻到糊味儿，我一看，天哪，有些地方已经糊了。只好忐忑的把菜端了出来，但是听了大家说的话我自己心里也好一点，他们有的说，做的不错，有的说，要不是有一点点糊，我想就更好了。
　　这是我第一次做菜，以后再认真些，努力些，就可以做出一道色香味俱全的菜。",《我会做菜》
